// Generated by tools/font_to_header.py
// File size: 115016
inline unsigned char Montserrat_Regular[] = {
	0x00, 0x01, 0x00, 0x00, 0x00, 0x0F, 0x00, 0x80, 0x00, 0x03, 0x00, 0x70, 0x47, 0x44, 0x45, 0x46,
	0x6A, 0x15, 0x78, 0xAD, 0x00, 0x00, 0xD1, 0x44, 0x00, 0x00, 0x02, 0x3C, 0x47, 0x50, 0x4F, 0x53,
	0xFE, 0xCC, 0xFC, 0xA2, 0x00, 0x00, 0xD3, 0x80, 0x00, 0x00, 0xD9, 0x10, 0x47, 0x53, 0x55, 0x42,
	0x7A, 0xBB, 0xAF, 0x54, 0x00, 0x01, 0xAC, 0x90, 0x00, 0x00, 0x14, 0x70, 0x4F, 0x53, 0x2F, 0x32,
	0x54, 0xDB, 0x03, 0x92, 0x00, 0x00, 0xCA, 0x6C, 0x00, 0x00, 0x00, 0x60, 0x53, 0x54, 0x41, 0x54,
	0xE7, 0x82, 0xCC, 0x3E, 0x00, 0x01, 0xC1, 0x00, 0x00, 0x00, 0x00, 0x48, 0x63, 0x6D, 0x61, 0x70,
	0x65, 0x53, 0x84, 0xBB, 0x00, 0x00, 0xCA, 0xCC, 0x00, 0x00, 0x04, 0x16, 0x67, 0x61, 0x73, 0x70,
	0x00, 0x00, 0x00, 0x10, 0x00, 0x00, 0xD1, 0x3C, 0x00, 0x00, 0x00, 0x08, 0x67, 0x6C, 0x79, 0x66,
	0x2F, 0x43, 0xEE, 0x77, 0x00, 0x00, 0x00, 0xFC, 0x00, 0x00, 0xB4, 0xAE, 0x68, 0x65, 0x61, 0x64,
	0x23, 0xFC, 0xD7, 0x2B, 0x00, 0x00, 0xBC, 0x90, 0x00, 0x00, 0x00, 0x36, 0x68, 0x68, 0x65, 0x61,
	0x08, 0x74, 0x09, 0x67, 0x00, 0x00, 0xCA, 0x48, 0x00, 0x00, 0x00, 0x24, 0x68, 0x6D, 0x74, 0x78,
	0x0E, 0x22, 0xCD, 0xC3, 0x00, 0x00, 0xBC, 0xC8, 0x00, 0x00, 0x0D, 0x80, 0x6C, 0x6F, 0x63, 0x61,
	0x59, 0x85, 0x2C, 0x0E, 0x00, 0x00, 0xB5, 0xCC, 0x00, 0x00, 0x06, 0xC2, 0x6D, 0x61, 0x78, 0x70,
	0x03, 0x7D, 0x00, 0xCF, 0x00, 0x00, 0xB5, 0xAC, 0x00, 0x00, 0x00, 0x20, 0x6E, 0x61, 0x6D, 0x65,
	0x38, 0xD6, 0x59, 0x07, 0x00, 0x00, 0xCE, 0xE4, 0x00, 0x00, 0x02, 0x36, 0x70, 0x6F, 0x73, 0x74,
	0xFF, 0x9F, 0x00, 0x32, 0x00, 0x00, 0xD1, 0x1C, 0x00, 0x00, 0x00, 0x20, 0x00, 0x02, 0x00, 0x02,
	0x00, 0x00, 0x02, 0xCB, 0x02, 0xBC, 0x00, 0x07, 0x00, 0x0B, 0x00, 0x00, 0x73, 0x01, 0x33, 0x01,
	0x23, 0x01, 0x33, 0x01, 0x37, 0x37, 0x21, 0x17, 0x02, 0x01, 0x40, 0x49, 0x01, 0x40, 0x4E, 0xFE,
	0xDA, 0x1E, 0xFE, 0xDA, 0x31, 0x16, 0x01, 0x97, 0x16, 0x02, 0xBC, 0xFD, 0x44, 0x02, 0x91, 0xFD,
	0x6F, 0xBB, 0x3C, 0x3C, 0xFF, 0xFF, 0x00, 0x02, 0x00, 0x00, 0x02, 0xCB, 0x03, 0x71, 0x06, 0x26,
	0x00, 0x01, 0x00, 0x00, 0x00, 0x07, 0x03, 0x49, 0x00, 0x3B, 0x00, 0x96, 0xFF, 0xFF, 0x00, 0x02,
	0x00, 0x00, 0x02, 0xCB, 0x03, 0x71, 0x06, 0x26, 0x00, 0x01, 0x00, 0x00, 0x00, 0x07, 0x03, 0x4B,
	0x00, 0x3B, 0x00, 0x96, 0xFF, 0xFF, 0x00, 0x02, 0x00, 0x00, 0x02, 0xCB, 0x03, 0x62, 0x06, 0x26,
	0x00, 0x01, 0x00, 0x00, 0x00, 0x07, 0x03, 0x46, 0x00, 0x3B, 0x00, 0x96, 0xFF, 0xFF, 0x00, 0x02,
	0x00, 0x00, 0x02, 0xCB, 0x03, 0x71, 0x06, 0x26, 0x00, 0x01, 0x00, 0x00, 0x00, 0x07, 0x03, 0x48,
	0x00, 0x3B, 0x00, 0x96, 0xFF, 0xFF, 0x00, 0x02, 0x00, 0x00, 0x02, 0xCB, 0x03, 0xB7, 0x06, 0x26,
	0x00, 0x01, 0x00, 0x00, 0x00, 0x07, 0x03, 0x4C, 0x00, 0x3B, 0x00, 0x96, 0xFF, 0xFF, 0x00, 0x02,
	0x00, 0x00, 0x02, 0xCB, 0x03, 0x70, 0x06, 0x26, 0x00, 0x01, 0x00, 0x00, 0x00, 0x06, 0x03, 0x51,
	0x3B, 0x00, 0x00, 0x04, 0x00, 0x02, 0x00, 0x00, 0x03, 0xCD, 0x02, 0xBC, 0x00, 0x06, 0x00, 0x0A,
	0x00, 0x12, 0x00, 0x16, 0x00, 0x00, 0x73, 0x01, 0x33, 0x15, 0x23, 0x37, 0x01, 0x37, 0x37, 0x21,
	0x15, 0x07, 0x11, 0x21, 0x15, 0x21, 0x11, 0x21, 0x15, 0x01, 0x35, 0x21, 0x15, 0x02, 0x01, 0xAB,
	0x49, 0x42, 0x2E, 0xFE, 0x6D, 0x5A, 0x08, 0x01, 0x45, 0x18, 0x01, 0xE0, 0xFE, 0x6A, 0x01, 0xA5,
	0xFE, 0x53, 0x01, 0x73, 0x02, 0xBC, 0x40, 0x1E, 0xFD, 0x66, 0xBB, 0x3C, 0x3C, 0xBB, 0x02, 0xBC,
	0x40, 0xFD, 0xC4, 0x40, 0x01, 0x44, 0x3F, 0x3F, 0x00, 0x02, 0x00, 0x72, 0x00, 0x00, 0x02, 0xBB,
	0x02, 0xBC, 0x00, 0x11, 0x00, 0x23, 0x00, 0x00, 0x73, 0x11, 0x21, 0x32, 0x16, 0x15, 0x14, 0x06,
	0x06, 0x23, 0x37, 0x32, 0x16, 0x16, 0x15, 0x14, 0x06, 0x23, 0x27, 0x33, 0x32, 0x36, 0x35, 0x34,
	0x26, 0x23, 0x23, 0x35, 0x33, 0x32, 0x36, 0x35, 0x34, 0x26, 0x23, 0x23, 0x72, 0x01, 0x2E, 0x75,
	0x81, 0x35, 0x5B, 0x36, 0x11, 0x43, 0x61, 0x36, 0x83, 0x84, 0xF8, 0xF7, 0x5C, 0x62, 0x62, 0x5C,
	0xFF, 0xE7, 0x54, 0x5D, 0x5D, 0x54, 0xDF, 0x02, 0xBC, 0x5E, 0x56, 0x39, 0x4E, 0x28, 0x18, 0x29,
	0x51, 0x3C, 0x59, 0x62, 0x3D, 0x3F, 0x45, 0x44, 0x3F, 0x3D, 0x40, 0x3F, 0x40, 0x3F, 0x00, 0x01,
	0x00, 0x34, 0xFF, 0xFA, 0x02, 0xA3, 0x02, 0xC2, 0x00, 0x21, 0x00, 0x00, 0x45, 0x22, 0x2E, 0x02,
	0x35, 0x34, 0x3E, 0x02, 0x33, 0x32, 0x16, 0x17, 0x07, 0x26, 0x26, 0x23, 0x22, 0x0E, 0x02, 0x15,
	0x14, 0x1E, 0x02, 0x33, 0x32, 0x36, 0x37, 0x17, 0x06, 0x06, 0x01, 0xA2, 0x4F, 0x86, 0x62, 0x37,
	0x37, 0x63, 0x86, 0x4F, 0x4C, 0x86, 0x2E, 0x2F, 0x2B, 0x68, 0x3C, 0x3F, 0x6C, 0x50, 0x2D, 0x2D,
	0x50, 0x6C, 0x3F, 0x3C, 0x68, 0x2B, 0x2F, 0x2E, 0x86, 0x06, 0x35, 0x60, 0x82, 0x4D, 0x4D, 0x82,
	0x60, 0x35, 0x33, 0x33, 0x2F, 0x2C, 0x27, 0x2B, 0x4F, 0x69, 0x3F, 0x3F, 0x69, 0x4F, 0x2B, 0x28,
	0x2C, 0x2F, 0x33, 0x34, 0xFF, 0xFF, 0x00, 0x34, 0xFF, 0x24, 0x02, 0xA3, 0x02, 0xC2, 0x06, 0x26,
	0x00, 0x0A, 0x00, 0x00, 0x00, 0x06, 0x03, 0x4F, 0x70, 0x00, 0x00, 0x02, 0x00, 0x72, 0x00, 0x00,
	0x03, 0x06, 0x02, 0xBC, 0x00, 0x0A, 0x00, 0x15, 0x00, 0x00, 0x73, 0x11, 0x21, 0x32, 0x16, 0x16,
	0x15, 0x14, 0x06, 0x06, 0x23, 0x27, 0x33, 0x32, 0x36, 0x36, 0x35, 0x34, 0x26, 0x26, 0x23, 0x23,
	0x72, 0x01, 0x1D, 0x70, 0xA9, 0x5E, 0x5E, 0xA9, 0x70, 0xD3, 0xCF, 0x5D, 0x89, 0x4C, 0x4C, 0x89,
	0x5D, 0xCF, 0x02, 0xBC, 0x59, 0x9E, 0x67, 0x67, 0x9E, 0x59, 0x40, 0x49, 0x81, 0x54, 0x55, 0x80,
	0x49, 0x00, 0xFF, 0xFF, 0x00, 0x0D, 0x00, 0x00, 0x03, 0x0B, 0x02, 0xBC, 0x06, 0x26, 0x00, 0x0C,
	0x05, 0x00, 0x00, 0x06, 0x03, 0x52, 0xA3, 0x01, 0x00, 0x02, 0x00, 0x72, 0x00, 0x00, 0x02, 0x61,
	0x02, 0xBC, 0x00, 0x07, 0x00, 0x0B, 0x00, 0x00, 0x73, 0x11, 0x21, 0x15, 0x21, 0x11, 0x21, 0x15,
	0x01, 0x35, 0x21, 0x15, 0x72, 0x01, 0xE0, 0xFE, 0x6A, 0x01, 0xA5, 0xFE, 0x53, 0x01, 0x72, 0x02,
	0xBC, 0x40, 0xFD, 0xC4, 0x40, 0x01, 0x44, 0x3F, 0x3F, 0x00, 0xFF, 0xFF, 0x00, 0x72, 0x00, 0x00,
	0x02, 0x61, 0x03, 0x71, 0x06, 0x26, 0x00, 0x0E, 0x00, 0x00, 0x00, 0x07, 0x03, 0x49, 0x00, 0x36,
	0x00, 0x96, 0xFF, 0xFF, 0x00, 0x72, 0x00, 0x00, 0x02, 0x61, 0x03, 0x71, 0x06, 0x26, 0x00, 0x0E,
	0x00, 0x00, 0x00, 0x07, 0x03, 0x4B, 0x00, 0x36, 0x00, 0x96, 0xFF, 0xFF, 0x00, 0x72, 0x00, 0x00,
	0x02, 0x61, 0x03, 0x62, 0x06, 0x26, 0x00, 0x0E, 0x00, 0x00, 0x00, 0x07, 0x03, 0x46, 0x00, 0x36,
	0x00, 0x96, 0xFF, 0xFF, 0x00, 0x72, 0x00, 0x00, 0x02, 0x61, 0x03, 0x71, 0x06, 0x26, 0x00, 0x0E,
	0x00, 0x00, 0x00, 0x07, 0x03, 0x48, 0x00, 0x36, 0x00, 0x96, 0x00, 0x02, 0x00, 0x72, 0x00, 0x00,
	0x02, 0x52, 0x02, 0xBC, 0x00, 0x05, 0x00, 0x09, 0x00, 0x00, 0x73, 0x11, 0x21, 0x15, 0x21, 0x11,
	0x03, 0x35, 0x21, 0x15, 0x72, 0x01, 0xE0, 0xFE, 0x6A, 0x08, 0x01, 0x72, 0x02, 0xBC, 0x40, 0xFD,
	0x84, 0x01, 0x29, 0x40, 0x40, 0x00, 0x00, 0x02, 0x00, 0x34, 0xFF, 0xFA, 0x02, 0xAA, 0x02, 0xC2,
	0x00, 0x21, 0x00, 0x25, 0x00, 0x00, 0x45, 0x22, 0x2E, 0x02, 0x35, 0x34, 0x3E, 0x02, 0x33, 0x32,
	0x16, 0x17, 0x07, 0x26, 0x26, 0x23, 0x22, 0x0E, 0x02, 0x15, 0x14, 0x1E, 0x02, 0x33, 0x32, 0x36,
	0x37, 0x17, 0x06, 0x06, 0x37, 0x27, 0x11, 0x33, 0x01, 0xA5, 0x50, 0x87, 0x63, 0x37, 0x37, 0x64,
	0x87, 0x50, 0x50, 0x85, 0x2F, 0x2E, 0x2C, 0x6A, 0x3D, 0x41, 0x6D, 0x51, 0x2D, 0x2D, 0x51, 0x6D,
	0x40, 0x3C, 0x6B, 0x2D, 0x2A, 0x32, 0x86, 0xB8, 0x47, 0x47, 0x06, 0x35, 0x60, 0x82, 0x4D, 0x4D,
	0x82, 0x60, 0x35, 0x32, 0x33, 0x2F, 0x2C, 0x26, 0x2B, 0x4F, 0x69, 0x3F, 0x3E, 0x6A, 0x4F, 0x2B,
	0x24, 0x2B, 0x38, 0x2C, 0x2D, 0x59, 0x09, 0x01, 0x02, 0x00, 0x00, 0x03, 0x00, 0x72, 0x00, 0x00,
	0x02, 0xBB, 0x02, 0xBC, 0x00, 0x03, 0x00, 0x07, 0x00, 0x0B, 0x00, 0x00, 0x61, 0x11, 0x33, 0x11,
	0x21, 0x11, 0x33, 0x11, 0x03, 0x35, 0x21, 0x15, 0x02, 0x72, 0x49, 0xFD, 0xB7, 0x4A, 0x08, 0x01,
	0xC5, 0x02, 0xBC, 0xFD, 0x44, 0x02, 0xBC, 0xFD, 0x44, 0x01, 0x43, 0x41, 0x41, 0x00, 0x00, 0x01,
	0x00, 0x72, 0x00, 0x00, 0x00, 0xBC, 0x02, 0xBC, 0x00, 0x03, 0x00, 0x00, 0x73, 0x11, 0x33, 0x11,
	0x72, 0x4A, 0x02, 0xBC, 0xFD, 0x44, 0x00, 0x04, 0x00, 0x62, 0xFF, 0xFB, 0x02, 0xF6, 0x03, 0x71,
	0x00, 0x10, 0x00, 0x14, 0x00, 0x18, 0x00, 0x1C, 0x00, 0x00, 0x45, 0x22, 0x26, 0x27, 0x37, 0x16,
	0x16, 0x33, 0x32, 0x36, 0x35, 0x11, 0x33, 0x11, 0x14, 0x06, 0x06, 0x01, 0x11, 0x33, 0x11, 0x03,
	0x37, 0x33, 0x07, 0x21, 0x37, 0x33, 0x07, 0x01, 0x47, 0x43, 0x76, 0x2C, 0x1E, 0x2A, 0x66, 0x35,
	0x64, 0x6F, 0x4A, 0x47, 0x7E, 0xFE, 0xCF, 0x4A, 0x4A, 0x8A, 0x53, 0xA2, 0x01, 0x72, 0x8A, 0x53,
	0xA2, 0x05, 0x28, 0x1E, 0x3A, 0x1E, 0x20, 0x76, 0x7A, 0x01, 0x8F, 0xFE, 0x73, 0x66, 0x88, 0x46,
	0x01, 0x33, 0x01, 0x8E, 0xFE, 0x72, 0x01, 0xC7, 0x7C, 0x7C, 0x7C, 0x7C, 0xFF, 0xFF, 0x00, 0x56,
	0x00, 0x00, 0x01, 0x3E, 0x03, 0x71, 0x06, 0x26, 0x00, 0x16, 0x00, 0x00, 0x00, 0x07, 0x03, 0x49,
	0xFF, 0x6B, 0x00, 0x96, 0xFF, 0xFF, 0xFF, 0xF2, 0x00, 0x00, 0x01, 0x3C, 0x03, 0x71, 0x06, 0x26,
	0x00, 0x16, 0x00, 0x00, 0x00, 0x07, 0x03, 0x4B, 0xFF, 0x6B, 0x00, 0x96, 0xFF, 0xFF, 0x00, 0x13,
	0x00, 0x00, 0x01, 0x1B, 0x03, 0x62, 0x06, 0x26, 0x00, 0x16, 0x00, 0x00, 0x00, 0x07, 0x03, 0x46,
	0xFF, 0x6B, 0x00, 0x96, 0xFF, 0xFF, 0xFF, 0xF0, 0x00, 0x00, 0x00, 0xD8, 0x03, 0x71, 0x06, 0x26,
	0x00, 0x16, 0x00, 0x00, 0x00, 0x07, 0x03, 0x48, 0xFF, 0x6B, 0x00, 0x96, 0x00, 0x01, 0xFF, 0xFC,
	0xFF, 0xFA, 0x01, 0x89, 0x02, 0xBC, 0x00, 0x10, 0x00, 0x00, 0x57, 0x22, 0x26, 0x27, 0x37, 0x16,
	0x16, 0x33, 0x32, 0x35, 0x11, 0x21, 0x35, 0x21, 0x11, 0x14, 0x06, 0xBD, 0x3B, 0x67, 0x1F, 0x2B,
	0x1D, 0x4C, 0x2E, 0x82, 0xFF, 0x00, 0x01, 0x49, 0x67, 0x06, 0x34, 0x30, 0x32, 0x2A, 0x2C, 0x9A,
	0x01, 0xA8, 0x40, 0xFE, 0x1B, 0x6F, 0x6E, 0x00, 0x00, 0x03, 0x00, 0x72, 0x00, 0x00, 0x02, 0xC1,
	0x02, 0xBC, 0x00, 0x05, 0x00, 0x09, 0x00, 0x0D, 0x00, 0x00, 0x77, 0x27, 0x01, 0x33, 0x01, 0x07,
	0x03, 0x11, 0x33, 0x11, 0x21, 0x01, 0x37, 0x01, 0xB2, 0x03, 0x01, 0xA8, 0x55, 0xFE, 0xCB, 0x2A,
	0xDB, 0x4A, 0x01, 0xAD, 0xFE, 0xD2, 0x32, 0x01, 0x54, 0xAE, 0x5A, 0x01, 0xB4, 0xFE, 0xBC, 0x2D,
	0xFE, 0xB5, 0x02, 0xBC, 0xFD, 0x44, 0x01, 0x5C, 0x36, 0xFE, 0x6E, 0x00, 0x00, 0x01, 0x00, 0x72,
	0x00, 0x00, 0x02, 0x44, 0x02, 0xBC, 0x00, 0x05, 0x00, 0x00, 0x73, 0x11, 0x33, 0x11, 0x21, 0x15,
	0x72, 0x4A, 0x01, 0x88, 0x02, 0xBC, 0xFD, 0x84, 0x40, 0x00, 0x00, 0x01, 0x00, 0x72, 0x00, 0x00,
	0x03, 0x49, 0x02, 0xBC, 0x00, 0x0F, 0x00, 0x00, 0x73, 0x11, 0x33, 0x01, 0x23, 0x01, 0x33, 0x11,
	0x23, 0x11, 0x33, 0x01, 0x23, 0x01, 0x33, 0x11, 0x72, 0x3D, 0x01, 0x40, 0x20, 0x01, 0x3D, 0x3D,
	0x47, 0x11, 0xFE, 0xDC, 0x23, 0xFE, 0xDA, 0x13, 0x02, 0xBC, 0xFD, 0xDE, 0x02, 0x22, 0xFD, 0x44,
	0x02, 0x4D, 0xFE, 0x0C, 0x01, 0xF4, 0xFD, 0xB3, 0x00, 0x01, 0x00, 0x72, 0x00, 0x00, 0x02, 0xBB,
	0x02, 0xBC, 0x00, 0x0B, 0x00, 0x00, 0x73, 0x11, 0x33, 0x01, 0x23, 0x11, 0x33, 0x11, 0x23, 0x01,
	0x33, 0x11, 0x72, 0x3D, 0x01, 0xE3, 0x20, 0x49, 0x3D, 0xFE, 0x1E, 0x20, 0x02, 0xBC, 0xFD, 0xA0,
	0x02, 0x60, 0xFD, 0x44, 0x02, 0x60, 0xFD, 0xA0, 0xFF, 0xFF, 0x00, 0x72, 0x00, 0x00, 0x02, 0xBB,
	0x03, 0x70, 0x06, 0x26, 0x00, 0x20, 0x00, 0x00, 0x00, 0x06, 0x03, 0x51, 0x6A, 0x00, 0x00, 0x02,
	0x00, 0x34, 0xFF, 0xFA, 0x03, 0x13, 0x02, 0xC2, 0x00, 0x13, 0x00, 0x27, 0x00, 0x00, 0x45, 0x22,
	0x2E, 0x02, 0x35, 0x34, 0x3E, 0x02, 0x33, 0x32, 0x1E, 0x02, 0x15, 0x14, 0x0E, 0x02, 0x27, 0x32,
	0x3E, 0x02, 0x35, 0x34, 0x2E, 0x02, 0x23, 0x22, 0x0E, 0x02, 0x15, 0x14, 0x1E, 0x02, 0x01, 0xA4,
	0x4F, 0x87, 0x63, 0x37, 0x37, 0x63, 0x86, 0x50, 0x4F, 0x86, 0x63, 0x37, 0x37, 0x63, 0x86, 0x4F,
	0x3F, 0x6B, 0x4F, 0x2C, 0x2C, 0x4F, 0x6B, 0x3F, 0x3F, 0x6C, 0x4F, 0x2D, 0x2D, 0x4F, 0x6C, 0x06,
	0x35, 0x61, 0x81, 0x4D, 0x4D, 0x81, 0x61, 0x35, 0x35, 0x60, 0x82, 0x4D, 0x4D, 0x82, 0x60, 0x35,
	0x42, 0x2B, 0x4F, 0x69, 0x3F, 0x3F, 0x69, 0x4F, 0x2B, 0x2B, 0x4F, 0x69, 0x3F, 0x3E, 0x6A, 0x4F,
	0x2B, 0x00, 0xFF, 0xFF, 0x00, 0x34, 0xFF, 0xFA, 0x03, 0x13, 0x03, 0x71, 0x06, 0x26, 0x00, 0x22,
	0x00, 0x00, 0x00, 0x07, 0x03, 0x49, 0x00, 0x78, 0x00, 0x96, 0xFF, 0xFF, 0x00, 0x34, 0xFF, 0xFA,
	0x03, 0x13, 0x03, 0x71, 0x06, 0x26, 0x00, 0x22, 0x00, 0x00, 0x00, 0x07, 0x03, 0x4B, 0x00, 0x78,
	0x00, 0x96, 0xFF, 0xFF, 0x00, 0x34, 0xFF, 0xFA, 0x03, 0x13, 0x03, 0x62, 0x06, 0x26, 0x00, 0x22,
	0x00, 0x00, 0x00, 0x07, 0x03, 0x46, 0x00, 0x78, 0x00, 0x96, 0xFF, 0xFF, 0x00, 0x34, 0xFF, 0xFA,
	0x03, 0x13, 0x03, 0x71, 0x06, 0x26, 0x00, 0x22, 0x00, 0x00, 0x00, 0x07, 0x03, 0x48, 0x00, 0x78,
	0x00, 0x96, 0xFF, 0xFF, 0x00, 0x34, 0xFF, 0xBA, 0x03, 0x13, 0x03, 0x02, 0x06, 0x26, 0x00, 0x22,
	0x00, 0x00, 0x00, 0x06, 0x03, 0x53, 0x0E, 0x00, 0xFF, 0xFF, 0x00, 0x34, 0xFF, 0xFA, 0x03, 0x13,
	0x03, 0x70, 0x06, 0x26, 0x00, 0x22, 0x00, 0x00, 0x00, 0x06, 0x03, 0x51, 0x78, 0x00, 0x00, 0x02,
	0x00, 0x72, 0x00, 0x00, 0x02, 0x96, 0x02, 0xBC, 0x00, 0x0D, 0x00, 0x18, 0x00, 0x00, 0x73, 0x11,
	0x21, 0x32, 0x16, 0x16, 0x15, 0x14, 0x06, 0x06, 0x23, 0x23, 0x37, 0x11, 0x35, 0x27, 0x33, 0x32,
	0x36, 0x35, 0x34, 0x26, 0x23, 0x23, 0x37, 0x72, 0x01, 0x06, 0x59, 0x80, 0x45, 0x45, 0x80, 0x59,
	0xDD, 0x21, 0x21, 0xDB, 0x69, 0x6D, 0x6D, 0x69, 0xDB, 0x21, 0x02, 0xBC, 0x39, 0x6B, 0x4C, 0x4A,
	0x6B, 0x3A, 0x23, 0xFF, 0x00, 0xFA, 0x24, 0x5B, 0x53, 0x54, 0x5C, 0x23, 0x00, 0x02, 0x00, 0x72,
	0x00, 0x00, 0x02, 0x96, 0x02, 0xBC, 0x00, 0x13, 0x00, 0x17, 0x00, 0x00, 0x77, 0x35, 0x33, 0x32,
	0x36, 0x35, 0x34, 0x26, 0x23, 0x23, 0x35, 0x33, 0x32, 0x16, 0x16, 0x15, 0x14, 0x06, 0x06, 0x23,
	0x05, 0x11, 0x33, 0x11, 0xA9, 0xCD, 0x69, 0x6D, 0x6D, 0x69, 0xCD, 0xCF, 0x59, 0x80, 0x45, 0x45,
	0x80, 0x59, 0xFE, 0xFA, 0x4A, 0x81, 0x41, 0x5C, 0x54, 0x53, 0x5C, 0x40, 0x3A, 0x6A, 0x4B, 0x4B,
	0x6C, 0x3A, 0x81, 0x02, 0xBC, 0xFD, 0x44, 0x00, 0x00, 0x03, 0x00, 0x34, 0xFF, 0x75, 0x03, 0x33,
	0x02, 0xC2, 0x00, 0x13, 0x00, 0x22, 0x00, 0x36, 0x00, 0x00, 0x45, 0x22, 0x2E, 0x02, 0x35, 0x34,
	0x3E, 0x02, 0x33, 0x32, 0x1E, 0x02, 0x15, 0x14, 0x0E, 0x02, 0x17, 0x22, 0x2E, 0x02, 0x27, 0x37,
	0x1E, 0x02, 0x33, 0x32, 0x37, 0x17, 0x06, 0x25, 0x32, 0x3E, 0x02, 0x35, 0x34, 0x2E, 0x02, 0x23,
	0x22, 0x0E, 0x02, 0x15, 0x14, 0x1E, 0x02, 0x01, 0xA4, 0x4F, 0x87, 0x63, 0x37, 0x37, 0x63, 0x86,
	0x50, 0x4F, 0x86, 0x63, 0x37, 0x37, 0x63, 0x86, 0x96, 0x20, 0x3C, 0x3D, 0x40, 0x26, 0x51, 0x1F,
	0x3B, 0x39, 0x1C, 0x4E, 0x37, 0x24, 0x42, 0xFE, 0xB3, 0x3F, 0x6B, 0x4F, 0x2C, 0x2C, 0x4F, 0x6B,
	0x3F, 0x3F, 0x6C, 0x4F, 0x2D, 0x2D, 0x4F, 0x6C, 0x06, 0x35, 0x61, 0x81, 0x4D, 0x4D, 0x81, 0x61,
	0x35, 0x35, 0x60, 0x82, 0x4D, 0x4D, 0x82, 0x60, 0x35, 0x85, 0x10, 0x23, 0x38, 0x28, 0x14, 0x25,
	0x30, 0x17, 0x40, 0x2B, 0x50, 0xC7, 0x2B, 0x50, 0x69, 0x3E, 0x3F, 0x69, 0x4F, 0x2B, 0x2B, 0x4F,
	0x69, 0x3F, 0x3E, 0x69, 0x50, 0x2B, 0x00, 0x03, 0x00, 0x72, 0x00, 0x00, 0x02, 0xA1, 0x02, 0xBC,
	0x00, 0x0C, 0x00, 0x10, 0x00, 0x1B, 0x00, 0x00, 0x73, 0x11, 0x21, 0x32, 0x16, 0x15, 0x14, 0x06,
	0x06, 0x23, 0x23, 0x37, 0x11, 0x21, 0x27, 0x33, 0x17, 0x25, 0x27, 0x33, 0x32, 0x36, 0x35, 0x34,
	0x26, 0x23, 0x23, 0x37, 0x72, 0x01, 0x06, 0x85, 0x99, 0x45, 0x80, 0x59, 0xDD, 0x21, 0x01, 0x94,
	0xB4, 0x50, 0xB5, 0xFE, 0x1B, 0x21, 0xDB, 0x69, 0x6D, 0x6D, 0x69, 0xDB, 0x21, 0x02, 0xBC, 0x7F,
	0x71, 0x4A, 0x6B, 0x39, 0x22, 0xFF, 0x00, 0xFE, 0xFE, 0xFA, 0x23, 0x5C, 0x53, 0x54, 0x5C, 0x23,
	0x00, 0x01, 0x00, 0x2F, 0xFF, 0xFA, 0x02, 0x38, 0x02, 0xC2, 0x00, 0x2D, 0x00, 0x00, 0x45, 0x22,
	0x26, 0x27, 0x37, 0x16, 0x16, 0x33, 0x32, 0x36, 0x36, 0x35, 0x34, 0x2E, 0x05, 0x35, 0x34, 0x36,
	0x36, 0x33, 0x32, 0x16, 0x17, 0x07, 0x26, 0x26, 0x23, 0x22, 0x06, 0x06, 0x15, 0x14, 0x1E, 0x05,
	0x15, 0x14, 0x06, 0x06, 0x01, 0x33, 0x4E, 0x8F, 0x27, 0x1D, 0x25, 0x7D, 0x45, 0x42, 0x53, 0x27,
	0x2F, 0x4C, 0x5C, 0x5C, 0x4D, 0x2F, 0x37, 0x72, 0x59, 0x3B, 0x74, 0x2A, 0x19, 0x2D, 0x65, 0x2F,
	0x3F, 0x52, 0x27, 0x2F, 0x4D, 0x5C, 0x5B, 0x4D, 0x2F, 0x38, 0x73, 0x06, 0x33, 0x28, 0x39, 0x24,
	0x31, 0x21, 0x38, 0x22, 0x29, 0x32, 0x1D, 0x16, 0x19, 0x2A, 0x45, 0x38, 0x34, 0x57, 0x35, 0x21,
	0x1D, 0x3B, 0x1E, 0x1C, 0x22, 0x39, 0x24, 0x29, 0x32, 0x1C, 0x16, 0x1A, 0x29, 0x44, 0x37, 0x33,
	0x57, 0x35, 0x00, 0x01, 0x00, 0x04, 0x00, 0x00, 0x02, 0x3A, 0x02, 0xBC, 0x00, 0x07, 0x00, 0x00,
	0x73, 0x11, 0x23, 0x35, 0x21, 0x15, 0x23, 0x11, 0xFA, 0xF6, 0x02, 0x36, 0xF6, 0x02, 0x7C, 0x40,
	0x40, 0xFD, 0x84, 0x00, 0x00, 0x01, 0x00, 0x6C, 0xFF, 0xFA, 0x02, 0xAB, 0x02, 0xBC, 0x00, 0x11,
	0x00, 0x00, 0x45, 0x22, 0x26, 0x35, 0x11, 0x33, 0x11, 0x14, 0x16, 0x33, 0x32, 0x36, 0x35, 0x11,
	0x33, 0x11, 0x14, 0x06, 0x01, 0x8C, 0x86, 0x9A, 0x4A, 0x70, 0x66, 0x67, 0x70, 0x48, 0x99, 0x06,
	0x9A, 0x97, 0x01, 0x91, 0xFE, 0x72, 0x7C, 0x76, 0x76, 0x7C, 0x01, 0x8E, 0xFE, 0x6F, 0x97, 0x9A,
	0xFF, 0xFF, 0x00, 0x6C, 0xFF, 0xFA, 0x02, 0xAB, 0x03, 0x71, 0x06, 0x26, 0x00, 0x2F, 0x00, 0x00,
	0x00, 0x07, 0x03, 0x49, 0x00, 0x60, 0x00, 0x96, 0xFF, 0xFF, 0x00, 0x6C, 0xFF, 0xFA, 0x02, 0xAB,
	0x03, 0x71, 0x06, 0x26, 0x00, 0x2F, 0x00, 0x00, 0x00, 0x07, 0x03, 0x4B, 0x00, 0x60, 0x00, 0x96,
	0xFF, 0xFF, 0x00, 0x6C, 0xFF, 0xFA, 0x02, 0xAB, 0x03, 0x62, 0x06, 0x26, 0x00, 0x2F, 0x00, 0x00,
	0x00, 0x07, 0x03, 0x46, 0x00, 0x60, 0x00, 0x96, 0xFF, 0xFF, 0x00, 0x6C, 0xFF, 0xFA, 0x02, 0xAB,
	0x03, 0x71, 0x06, 0x26, 0x00, 0x2F, 0x00, 0x00, 0x00, 0x07, 0x03, 0x48, 0x00, 0x60, 0x00, 0x96,
	0x00, 0x01, 0x00, 0x03, 0x00, 0x00, 0x02, 0xB8, 0x02, 0xBC, 0x00, 0x07, 0x00, 0x00, 0x61, 0x01,
	0x33, 0x01, 0x23, 0x01, 0x33, 0x01, 0x01, 0x39, 0xFE, 0xCA, 0x50, 0x01, 0x22, 0x2C, 0x01, 0x24,
	0x4B, 0xFE, 0xCA, 0x02, 0xBC, 0xFD, 0x6D, 0x02, 0x93, 0xFD, 0x44, 0x00, 0x00, 0x01, 0x00, 0x25,
	0x00, 0x00, 0x04, 0x33, 0x02, 0xBC, 0x00, 0x0F, 0x00, 0x00, 0x61, 0x03, 0x33, 0x13, 0x23, 0x13,
	0x33, 0x13, 0x23, 0x13, 0x33, 0x03, 0x23, 0x03, 0x33, 0x03, 0x01, 0x11, 0xEC, 0x4C, 0xDD, 0x26,
	0xE4, 0x44, 0xE1, 0x24, 0xDF, 0x47, 0xEC, 0x4E, 0xD7, 0x14, 0xD8, 0x02, 0xBC, 0xFD, 0x6D, 0x02,
	0x93, 0xFD, 0x6D, 0x02, 0x93, 0xFD, 0x44, 0x02, 0x71, 0xFD, 0x8F, 0x00, 0x00, 0x01, 0x00, 0x11,
	0x00, 0x00, 0x02, 0x7F, 0x02, 0xBC, 0x00, 0x0F, 0x00, 0x00, 0x73, 0x01, 0x15, 0x01, 0x33, 0x13,
	0x07, 0x13, 0x33, 0x01, 0x35, 0x01, 0x23, 0x03, 0x33, 0x03, 0x11, 0x01, 0x1F, 0xFE, 0xF2, 0x55,
	0xE3, 0x21, 0xE3, 0x50, 0xFE, 0xF5, 0x01, 0x1E, 0x56, 0xF2, 0x1F, 0xF0, 0x01, 0x84, 0x39, 0x01,
	0x71, 0xFE, 0xCC, 0x01, 0x01, 0x35, 0xFE, 0x94, 0x34, 0xFE, 0x7C, 0x01, 0x49, 0xFE, 0xB7, 0x00,
	0x00, 0x01, 0x00, 0x01, 0x00, 0x00, 0x02, 0x7A, 0x02, 0xBC, 0x00, 0x0B, 0x00, 0x00, 0x61, 0x11,
	0x17, 0x01, 0x33, 0x01, 0x23, 0x01, 0x33, 0x01, 0x37, 0x11, 0x01, 0x19, 0x11, 0xFE, 0xD7, 0x4F,
	0x01, 0x05, 0x2A, 0x01, 0x05, 0x4A, 0xFE, 0xD7, 0x11, 0x01, 0x04, 0x2E, 0x01, 0xE6, 0xFE, 0x55,
	0x01, 0xAB, 0xFE, 0x1A, 0x2E, 0xFE, 0xFC, 0x00, 0xFF, 0xFF, 0x00, 0x01, 0x00, 0x00, 0x02, 0x7A,
	0x03, 0x71, 0x06, 0x26, 0x00, 0x37, 0x00, 0x00, 0x00, 0x07, 0x03, 0x49, 0x00, 0x11, 0x00, 0x96,
	0x00, 0x01, 0x00, 0x2D, 0x00, 0x00, 0x02, 0x6B, 0x02, 0xBC, 0x00, 0x0B, 0x00, 0x00, 0x73, 0x35,
	0x01, 0x17, 0x21, 0x35, 0x21, 0x15, 0x01, 0x27, 0x21, 0x15, 0x2D, 0x01, 0xE6, 0x08, 0xFE, 0x19,
	0x02, 0x2B, 0xFE, 0x1B, 0x09, 0x01, 0xFA, 0x33, 0x02, 0x65, 0x1C, 0x40, 0x33, 0xFD, 0x9B, 0x1C,
	0x40, 0x00, 0x00, 0x02, 0x00, 0x6C, 0x00, 0x00, 0x02, 0xB5, 0x02, 0xC2, 0x00, 0x13, 0x00, 0x17,
	0x00, 0x00, 0x73, 0x11, 0x34, 0x36, 0x36, 0x33, 0x32, 0x16, 0x16, 0x15, 0x11, 0x23, 0x11, 0x34,
	0x26, 0x23, 0x22, 0x06, 0x15, 0x11, 0x27, 0x35, 0x21, 0x15, 0x6C, 0x49, 0x84, 0x57, 0x59, 0x83,
	0x49, 0x49, 0x76, 0x66, 0x65, 0x77, 0x19, 0x01, 0xEC, 0x01, 0x8D, 0x67, 0x89, 0x45, 0x45, 0x89,
	0x67, 0xFE, 0x73, 0x01, 0x94, 0x77, 0x75, 0x75, 0x77, 0xFE, 0x6C, 0xCE, 0x40, 0x40, 0xFF, 0xFF,
	0x00, 0x6C, 0x00, 0x00, 0x02, 0xB5, 0x03, 0x71, 0x06, 0x26, 0x00, 0x3A, 0x00, 0x00, 0x00, 0x07,
	0x03, 0x49, 0x00, 0x64, 0x00, 0x96, 0xFF, 0xFF, 0x00, 0x6C, 0x00, 0x00, 0x02, 0xB5, 0x03, 0x71,
	0x06, 0x26, 0x00, 0x3A, 0x00, 0x00, 0x00, 0x07, 0x03, 0x4B, 0x00, 0x64, 0x00, 0x96, 0xFF, 0xFF,
	0x00, 0x6C, 0x00, 0x00, 0x02, 0xB5, 0x03, 0x62, 0x06, 0x26, 0x00, 0x3A, 0x00, 0x00, 0x00, 0x07,
	0x03, 0x46, 0x00, 0x64, 0x00, 0x96, 0xFF, 0xFF, 0x00, 0x6C, 0x00, 0x00, 0x02, 0xB5, 0x03, 0x71,
	0x06, 0x26, 0x00, 0x3A, 0x00, 0x00, 0x00, 0x07, 0x03, 0x48, 0x00, 0x64, 0x00, 0x96, 0xFF, 0xFF,
	0x00, 0x6C, 0x00, 0x00, 0x02, 0xB5, 0x03, 0xB7, 0x06, 0x26, 0x00, 0x3A, 0x00, 0x00, 0x00, 0x07,
	0x03, 0x4C, 0x00, 0x64, 0x00, 0x96, 0xFF, 0xFF, 0x00, 0x6C, 0x00, 0x00, 0x02, 0xB5, 0x03, 0x70,
	0x06, 0x26, 0x00, 0x3A, 0x00, 0x00, 0x00, 0x06, 0x03, 0x51, 0x64, 0x00, 0x00, 0x03, 0x00, 0x62,
	0x00, 0x00, 0x04, 0x05, 0x02, 0xBC, 0x00, 0x0B, 0x00, 0x0F, 0x00, 0x1B, 0x00, 0x00, 0x61, 0x11,
	0x21, 0x15, 0x21, 0x15, 0x21, 0x15, 0x21, 0x11, 0x21, 0x15, 0x25, 0x35, 0x21, 0x15, 0x05, 0x11,
	0x34, 0x36, 0x33, 0x33, 0x15, 0x23, 0x22, 0x06, 0x15, 0x11, 0x02, 0x16, 0x01, 0xE0, 0xFE, 0x69,
	0x01, 0x6C, 0xFE, 0x94, 0x01, 0xA6, 0xFC, 0x8C, 0x01, 0xAA, 0xFE, 0x27, 0x94, 0x88, 0xBD, 0xB8,
	0x69, 0x6E, 0x02, 0xBC, 0x3F, 0xFB, 0x3D, 0xFE, 0xFA, 0x3F, 0xD8, 0x3E, 0x3E, 0xD8, 0x01, 0x8D,
	0x91, 0x9E, 0x43, 0x79, 0x75, 0xFE, 0x75, 0x00, 0x00, 0x01, 0x00, 0x37, 0xFF, 0xFA, 0x02, 0x66,
	0x02, 0xC2, 0x00, 0x2E, 0x00, 0x00, 0x45, 0x22, 0x26, 0x26, 0x35, 0x34, 0x36, 0x36, 0x33, 0x17,
	0x22, 0x26, 0x26, 0x35, 0x34, 0x36, 0x36, 0x33, 0x32, 0x16, 0x17, 0x07, 0x26, 0x26, 0x23, 0x22,
	0x06, 0x15, 0x14, 0x16, 0x33, 0x33, 0x15, 0x23, 0x22, 0x06, 0x06, 0x15, 0x14, 0x16, 0x33, 0x32,
	0x36, 0x37, 0x17, 0x06, 0x06, 0x01, 0x55, 0x5F, 0x7E, 0x41, 0x3A, 0x60, 0x3A, 0x04, 0x38, 0x54,
	0x2E, 0x3C, 0x79, 0x5A, 0x40, 0x78, 0x2C, 0x17, 0x2E, 0x65, 0x37, 0x64, 0x64, 0x53, 0x4C, 0xAE,
	0xB1, 0x37, 0x54, 0x2F, 0x6A, 0x6D, 0x4A, 0x80, 0x28, 0x1C, 0x2B, 0x90, 0x06, 0x32, 0x59, 0x38,
	0x39, 0x4F, 0x2A, 0x18, 0x2C, 0x4E, 0x32, 0x34, 0x57, 0x34, 0x1D, 0x1B, 0x3B, 0x1B, 0x19, 0x4C,
	0x39, 0x3B, 0x40, 0x40, 0x1C, 0x39, 0x2C, 0x3D, 0x4C, 0x2A, 0x25, 0x38, 0x29, 0x2D, 0xFF, 0xFF,
	0x00, 0x37, 0xFF, 0xFA, 0x02, 0x66, 0x03, 0x71, 0x06, 0x26, 0x00, 0x42, 0x00, 0x00, 0x00, 0x07,
	0x03, 0x49, 0x00, 0x2E, 0x00, 0x96, 0xFF, 0xFF, 0x00, 0x37, 0xFF, 0xFA, 0x02, 0x66, 0x03, 0x71,
	0x06, 0x26, 0x00, 0x42, 0x00, 0x00, 0x00, 0x07, 0x03, 0x4B, 0x00, 0x2E, 0x00, 0x96, 0xFF, 0xFF,
	0x00, 0x37, 0xFF, 0xFA, 0x02, 0x66, 0x03, 0x62, 0x06, 0x26, 0x00, 0x42, 0x00, 0x00, 0x00, 0x07,
	0x03, 0x46, 0x00, 0x2E, 0x00, 0x96, 0xFF, 0xFF, 0x00, 0x37, 0xFF, 0xFA, 0x02, 0x66, 0x03, 0x71,
	0x06, 0x26, 0x00, 0x42, 0x00, 0x00, 0x00, 0x07, 0x03, 0x48, 0x00, 0x2E, 0x00, 0x96, 0x00, 0x01,
	0x00, 0x04, 0xFF, 0xFA, 0x02, 0x33, 0x02, 0xC1, 0x00, 0x31, 0x00, 0x00, 0x45, 0x22, 0x26, 0x27,
	0x37, 0x16, 0x16, 0x33, 0x32, 0x36, 0x35, 0x34, 0x26, 0x26, 0x23, 0x23, 0x35, 0x33, 0x32, 0x36,
	0x35, 0x34, 0x26, 0x26, 0x23, 0x22, 0x06, 0x06, 0x07, 0x27, 0x36, 0x36, 0x33, 0x32, 0x1E, 0x02,
	0x15, 0x14, 0x06, 0x06, 0x23, 0x37, 0x32, 0x16, 0x16, 0x15, 0x14, 0x06, 0x06, 0x01, 0x14, 0x56,
	0x8E, 0x2C, 0x1C, 0x29, 0x7E, 0x4E, 0x6C, 0x68, 0x2F, 0x53, 0x38, 0x9F, 0x9C, 0x4B, 0x54, 0x33,
	0x53, 0x31, 0x25, 0x4D, 0x47, 0x1E, 0x17, 0x34, 0x7C, 0x3E, 0x33, 0x5C, 0x48, 0x2A, 0x2D, 0x54,
	0x39, 0x05, 0x3A, 0x60, 0x39, 0x42, 0x7F, 0x06, 0x2D, 0x29, 0x38, 0x25, 0x2A, 0x4D, 0x41, 0x2D,
	0x3C, 0x1D, 0x3C, 0x3C, 0x3A, 0x2D, 0x3A, 0x1B, 0x0E, 0x1A, 0x12, 0x3B, 0x1F, 0x20, 0x16, 0x2E,
	0x46, 0x2F, 0x31, 0x4C, 0x2C, 0x17, 0x2A, 0x50, 0x3A, 0x3A, 0x5B, 0x33, 0x00, 0x01, 0x00, 0x4C,
	0xFF, 0xFA, 0x02, 0xFD, 0x02, 0xC2, 0x00, 0x28, 0x00, 0x00, 0x45, 0x22, 0x26, 0x26, 0x27, 0x25,
	0x17, 0x05, 0x37, 0x16, 0x16, 0x33, 0x32, 0x3E, 0x02, 0x35, 0x35, 0x34, 0x2E, 0x02, 0x23, 0x22,
	0x06, 0x06, 0x07, 0x27, 0x3E, 0x02, 0x33, 0x32, 0x1E, 0x02, 0x15, 0x14, 0x0E, 0x02, 0x01, 0x99,
	0x4E, 0x83, 0x61, 0x1B, 0x02, 0x61, 0x11, 0xFD, 0xC7, 0x15, 0x1E, 0x85, 0x5C, 0x3C, 0x67, 0x4D,
	0x2A, 0x2C, 0x4F, 0x6A, 0x3D, 0x2A, 0x50, 0x47, 0x1F, 0x2C, 0x21, 0x53, 0x63, 0x35, 0x4F, 0x85,
	0x62, 0x36, 0x36, 0x61, 0x82, 0x06, 0x37, 0x64, 0x45, 0xFA, 0x3C, 0xEB, 0x33, 0x4C, 0x5A, 0x2A,
	0x4E, 0x6A, 0x3E, 0x07, 0x3E, 0x68, 0x4E, 0x2B, 0x11, 0x24, 0x1C, 0x33, 0x1F, 0x2B, 0x16, 0x35,
	0x60, 0x82, 0x4C, 0x4C, 0x82, 0x61, 0x36, 0x00, 0x00, 0x02, 0x00, 0x6C, 0x00, 0x00, 0x02, 0x4B,
	0x02, 0xC2, 0x00, 0x0F, 0x00, 0x13, 0x00, 0x00, 0x73, 0x11, 0x34, 0x36, 0x33, 0x32, 0x16, 0x17,
	0x07, 0x26, 0x26, 0x23, 0x22, 0x06, 0x15, 0x11, 0x03, 0x35, 0x21, 0x15, 0x6C, 0x8E, 0x85, 0x3C,
	0x68, 0x28, 0x1B, 0x24, 0x59, 0x31, 0x68, 0x64, 0x1A, 0x01, 0x68, 0x01, 0xCC, 0x71, 0x85, 0x1B,
	0x1D, 0x3C, 0x1B, 0x17, 0x5E, 0x57, 0xFE, 0x35, 0x01, 0x29, 0x40, 0x40, 0x00, 0x02, 0x00, 0x34,
	0xFF, 0xFA, 0x02, 0xAA, 0x02, 0xC2, 0x00, 0x21, 0x00, 0x27, 0x00, 0x00, 0x45, 0x22, 0x2E, 0x02,
	0x35, 0x34, 0x3E, 0x02, 0x33, 0x32, 0x16, 0x17, 0x07, 0x26, 0x26, 0x23, 0x22, 0x0E, 0x02, 0x15,
	0x14, 0x1E, 0x02, 0x33, 0x32, 0x36, 0x37, 0x17, 0x06, 0x06, 0x37, 0x35, 0x27, 0x35, 0x33, 0x11,
	0x01, 0x95, 0x45, 0x7E, 0x64, 0x3A, 0x37, 0x64, 0x87, 0x50, 0x50, 0x85, 0x2F, 0x2E, 0x2C, 0x6A,
	0x3D, 0x41, 0x6D, 0x51, 0x2D, 0x30, 0x50, 0x66, 0x37, 0x3C, 0x74, 0x2A, 0x1F, 0x29, 0x87, 0x82,
	0x06, 0x47, 0x06, 0x2E, 0x5A, 0x84, 0x56, 0x4E, 0x82, 0x61, 0x35, 0x32, 0x33, 0x2F, 0x2C, 0x26,
	0x2B, 0x4F, 0x6B, 0x3F, 0x46, 0x6B, 0x4A, 0x27, 0x30, 0x32, 0x31, 0x39, 0x38, 0x06, 0x5E, 0x0A,
	0xF6, 0xFE, 0xA2, 0x00, 0x00, 0x03, 0x00, 0x2C, 0x00, 0x00, 0x01, 0x90, 0x02, 0xBC, 0x00, 0x03,
	0x00, 0x07, 0x00, 0x0B, 0x00, 0x00, 0x77, 0x11, 0x33, 0x11, 0x07, 0x35, 0x21, 0x15, 0x01, 0x35,
	0x21, 0x15, 0xBA, 0x49, 0xD7, 0x01, 0x64, 0xFE, 0x9C, 0x01, 0x64, 0x0D, 0x02, 0xA3, 0xFD, 0x5D,
	0x0D, 0x3F, 0x3F, 0x02, 0x7D, 0x3F, 0x3F, 0x00, 0xFF, 0xFF, 0x00, 0x2C, 0x00, 0x00, 0x01, 0x90,
	0x03, 0x71, 0x06, 0x26, 0x00, 0x4B, 0x00, 0x00, 0x00, 0x07, 0x03, 0x49, 0xFF, 0xB3, 0x00, 0x96,
	0xFF, 0xFF, 0x00, 0x2C, 0x00, 0x00, 0x01, 0x90, 0x03, 0x71, 0x06, 0x26, 0x00, 0x4B, 0x00, 0x00,
	0x00, 0x07, 0x03, 0x4B, 0xFF, 0xB3, 0x00, 0x96, 0xFF, 0xFF, 0x00, 0x2C, 0x00, 0x00, 0x01, 0x90,
	0x03, 0x62, 0x06, 0x26, 0x00, 0x4B, 0x00, 0x00, 0x00, 0x07, 0x03, 0x46, 0xFF, 0xB3, 0x00, 0x96,
	0xFF, 0xFF, 0x00, 0x2C, 0x00, 0x00, 0x01, 0x90, 0x03, 0x71, 0x06, 0x26, 0x00, 0x4B, 0x00, 0x00,
	0x00, 0x07, 0x03, 0x48, 0xFF, 0xB3, 0x00, 0x96, 0x00, 0x01, 0xFF, 0xFC, 0xFF, 0x96, 0x01, 0x87,
	0x02, 0xBC, 0x00, 0x10, 0x00, 0x00, 0x57, 0x22, 0x26, 0x27, 0x37, 0x16, 0x16, 0x33, 0x32, 0x35,
	0x11, 0x21, 0x35, 0x21, 0x11, 0x14, 0x06, 0xBC, 0x3C, 0x65, 0x1F, 0x29, 0x1D, 0x4C, 0x2D, 0x83,
	0xFF, 0x00, 0x01, 0x49, 0x67, 0x6A, 0x34, 0x30, 0x32, 0x2A, 0x2C, 0x9A, 0x02, 0x0C, 0x40, 0xFD,
	0xB7, 0x6F, 0x6E, 0x00, 0x00, 0x01, 0x00, 0x72, 0x00, 0x00, 0x04, 0x5D, 0x02, 0xC2, 0x00, 0x25,
	0x00, 0x00, 0x73, 0x11, 0x33, 0x15, 0x27, 0x36, 0x36, 0x33, 0x32, 0x16, 0x17, 0x27, 0x36, 0x36,
	0x33, 0x32, 0x16, 0x15, 0x11, 0x23, 0x11, 0x34, 0x26, 0x23, 0x22, 0x06, 0x15, 0x11, 0x23, 0x11,
	0x34, 0x26, 0x23, 0x22, 0x06, 0x06, 0x15, 0x11, 0x72, 0x47, 0x09, 0x1B, 0x77, 0x54, 0x5B, 0x7B,
	0x14, 0x14, 0x1B, 0x81, 0x57, 0x76, 0x88, 0x49, 0x69, 0x57, 0x5A, 0x6E, 0x49, 0x66, 0x57, 0x3C,
	0x5C, 0x32, 0x02, 0xBC, 0x92, 0x0A, 0x46, 0x48, 0x53, 0x4C, 0x01, 0x4E, 0x50, 0x87, 0x86, 0xFE,
	0x4B, 0x01, 0xB3, 0x69, 0x64, 0x69, 0x74, 0xFE, 0x5D, 0x01, 0xB3, 0x69, 0x64, 0x2E, 0x61, 0x4E,
	0xFE, 0x5D, 0x00, 0x01, 0x00, 0x72, 0x00, 0x00, 0x02, 0xB3, 0x02, 0xC2, 0x00, 0x14, 0x00, 0x00,
	0x73, 0x11, 0x33, 0x15, 0x27, 0x36, 0x36, 0x33, 0x32, 0x16, 0x15, 0x11, 0x23, 0x11, 0x34, 0x26,
	0x23, 0x22, 0x06, 0x15, 0x11, 0x72, 0x47, 0x13, 0x1E, 0x85, 0x5D, 0x7D, 0x90, 0x4A, 0x6F, 0x62,
	0x65, 0x77, 0x02, 0xBC, 0xAD, 0x0C, 0x57, 0x50, 0x94, 0x8D, 0xFE, 0x5F, 0x01, 0x9F, 0x70, 0x71,
	0x76, 0x7C, 0xFE, 0x72, 0xFF, 0xFF, 0x00, 0x72, 0x00, 0x00, 0x02, 0xB3, 0x03, 0x70, 0x06, 0x26,
	0x00, 0x52, 0x00, 0x00, 0x00, 0x06, 0x03, 0x51, 0x66, 0x00, 0x00, 0x03, 0x00, 0x34, 0xFF, 0x79,
	0x03, 0x13, 0x02, 0xC2, 0x00, 0x13, 0x00, 0x1B, 0x00, 0x2F, 0x00, 0x00, 0x45, 0x22, 0x2E, 0x02,
	0x35, 0x34, 0x3E, 0x02, 0x33, 0x32, 0x1E, 0x02, 0x15, 0x14, 0x0E, 0x02, 0x07, 0x35, 0x37, 0x35,
	0x33, 0x15, 0x17, 0x15, 0x27, 0x32, 0x3E, 0x02, 0x35, 0x34, 0x2E, 0x02, 0x23, 0x22, 0x0E, 0x02,
	0x15, 0x14, 0x1E, 0x02, 0x01, 0xA4, 0x4F, 0x87, 0x63, 0x37, 0x37, 0x63, 0x86, 0x50, 0x4F, 0x86,
	0x63, 0x37, 0x37, 0x63, 0x86, 0x74, 0x02, 0x44, 0x03, 0x24, 0x3F, 0x6B, 0x4F, 0x2C, 0x2C, 0x4F,
	0x6B, 0x3F, 0x3F, 0x6C, 0x4F, 0x2D, 0x2D, 0x4F, 0x6C, 0x06, 0x35, 0x61, 0x81, 0x4D, 0x4D, 0x81,
	0x61, 0x35, 0x35, 0x60, 0x82, 0x4D, 0x4D, 0x82, 0x60, 0x35, 0x81, 0x8F, 0x19, 0xCA, 0xCA, 0x19,
	0x8F, 0xC3, 0x2B, 0x50, 0x69, 0x3E, 0x3F, 0x69, 0x4F, 0x2B, 0x2B, 0x4F, 0x69, 0x3F, 0x3E, 0x69,
	0x50, 0x2B, 0x00, 0x02, 0xFF, 0xFE, 0x00, 0x00, 0x02, 0x47, 0x02, 0xC2, 0x00, 0x0D, 0x00, 0x11,
	0x00, 0x00, 0x53, 0x27, 0x36, 0x36, 0x33, 0x32, 0x16, 0x17, 0x07, 0x26, 0x26, 0x23, 0x22, 0x06,
	0x13, 0x11, 0x33, 0x11, 0x19, 0x1B, 0x45, 0x94, 0x4B, 0x4B, 0x96, 0x44, 0x1B, 0x3D, 0x88, 0x45,
	0x45, 0x85, 0xA6, 0x4A, 0x02, 0x3B, 0x3A, 0x28, 0x25, 0x25, 0x28, 0x3A, 0x24, 0x22, 0x22, 0xFD,
	0xA1, 0x02, 0x9B, 0xFD, 0x65, 0x00, 0x00, 0x01, 0x00, 0x6C, 0xFF, 0xFA, 0x02, 0xA9, 0x02, 0xBC,
	0x00, 0x14, 0x00, 0x00, 0x45, 0x22, 0x26, 0x35, 0x11, 0x33, 0x11, 0x14, 0x16, 0x33, 0x32, 0x36,
	0x35, 0x11, 0x33, 0x11, 0x23, 0x35, 0x17, 0x06, 0x06, 0x01, 0x77, 0x7B, 0x90, 0x4A, 0x6F, 0x60,
	0x64, 0x76, 0x4A, 0x47, 0x13, 0x1E, 0x84, 0x06, 0x94, 0x8D, 0x01, 0xA1, 0xFE, 0x61, 0x70, 0x71,
	0x76, 0x7C, 0x01, 0x8E, 0xFD, 0x44, 0xAD, 0x0C, 0x56, 0x51, 0xFF, 0xFF, 0x00, 0x6C, 0xFF, 0xFA,
	0x02, 0xA9, 0x03, 0x71, 0x06, 0x26, 0x00, 0x56, 0x00, 0x00, 0x00, 0x07, 0x03, 0x49, 0x00, 0x5C,
	0x00, 0x96, 0xFF, 0xFF, 0x00, 0x6C, 0xFF, 0xFA, 0x02, 0xA9, 0x03, 0x71, 0x06, 0x26, 0x00, 0x56,
	0x00, 0x00, 0x00, 0x07, 0x03, 0x4B, 0x00, 0x5C, 0x00, 0x96, 0xFF, 0xFF, 0x00, 0x6C, 0xFF, 0xFA,
	0x02, 0xA9, 0x03, 0x62, 0x06, 0x26, 0x00, 0x56, 0x00, 0x00, 0x00, 0x07, 0x03, 0x46, 0x00, 0x5C,
	0x00, 0x96, 0xFF, 0xFF, 0x00, 0x6C, 0xFF, 0xFA, 0x02, 0xA9, 0x03, 0x71, 0x06, 0x26, 0x00, 0x56,
	0x00, 0x00, 0x00, 0x07, 0x03, 0x48, 0x00, 0x5C, 0x00, 0x96, 0x00, 0x01, 0x00, 0x6C, 0xFF, 0xFA,
	0x04, 0x40, 0x02, 0xBC, 0x00, 0x21, 0x00, 0x00, 0x45, 0x22, 0x26, 0x35, 0x11, 0x33, 0x11, 0x14,
	0x16, 0x33, 0x32, 0x36, 0x35, 0x11, 0x33, 0x11, 0x14, 0x16, 0x33, 0x32, 0x36, 0x35, 0x11, 0x33,
	0x11, 0x14, 0x06, 0x23, 0x22, 0x26, 0x27, 0x33, 0x06, 0x06, 0x01, 0x73, 0x7B, 0x8C, 0x4A, 0x64,
	0x59, 0x58, 0x67, 0x49, 0x66, 0x59, 0x58, 0x65, 0x49, 0x8B, 0x7B, 0x5D, 0x7C, 0x17, 0x17, 0x16,
	0x7B, 0x06, 0x8C, 0x8D, 0x01, 0xA9, 0xFE, 0x5A, 0x73, 0x67, 0x67, 0x73, 0x01, 0xA6, 0xFE, 0x5A,
	0x73, 0x67, 0x67, 0x73, 0x01, 0xA6, 0xFE, 0x57, 0x8D, 0x8C, 0x50, 0x49, 0x49, 0x50, 0x00, 0x01,
	0x00, 0x67, 0xFF, 0x97, 0x02, 0xA8, 0x02, 0xBC, 0x00, 0x21, 0x00, 0x00, 0x45, 0x22, 0x26, 0x27,
	0x37, 0x16, 0x16, 0x33, 0x32, 0x36, 0x35, 0x35, 0x17, 0x06, 0x06, 0x23, 0x22, 0x26, 0x35, 0x35,
	0x33, 0x15, 0x14, 0x16, 0x33, 0x32, 0x36, 0x35, 0x35, 0x33, 0x11, 0x14, 0x06, 0x06, 0x01, 0x82,
	0x59, 0x8A, 0x2E, 0x26, 0x2D, 0x75, 0x49, 0x6B, 0x71, 0x16, 0x1E, 0x82, 0x59, 0x81, 0x93, 0x4A,
	0x6F, 0x62, 0x65, 0x77, 0x4A, 0x48, 0x83, 0x69, 0x3B, 0x34, 0x35, 0x31, 0x31, 0x76, 0x7A, 0x95,
	0x07, 0x56, 0x51, 0x94, 0x8D, 0xEB, 0xE8, 0x71, 0x71, 0x77, 0x7B, 0xD8, 0xFE, 0x0F, 0x66, 0x88,
	0x46, 0x00, 0xFF, 0xFF, 0x00, 0x67, 0xFF, 0x97, 0x02, 0xA8, 0x03, 0x71, 0x06, 0x26, 0x00, 0x5C,
	0x00, 0x00, 0x00, 0x07, 0x03, 0x49, 0x00, 0x5B, 0x00, 0x96, 0x00, 0x02, 0x00, 0x32, 0x00, 0x00,
	0x02, 0x70, 0x02, 0xBC, 0x00, 0x0B, 0x00, 0x13, 0x00, 0x00, 0x73, 0x35, 0x01, 0x17, 0x21, 0x35,
	0x21, 0x15, 0x01, 0x27, 0x21, 0x15, 0x01, 0x27, 0x23, 0x35, 0x33, 0x17, 0x33, 0x15, 0x32, 0x01,
	0xE3, 0x08, 0xFE, 0x18, 0x02, 0x2C, 0xFE, 0x1E, 0x09, 0x01, 0xFA, 0xFE, 0xD7, 0x15, 0xC1, 0xE7,
	0x14, 0xB5, 0x2F, 0x02, 0x69, 0x1C, 0x40, 0x2E, 0xFD, 0x96, 0x1C, 0x40, 0x01, 0x44, 0x01, 0x3E,
	0x01, 0x3E, 0x00, 0x02, 0x00, 0x04, 0x00, 0x00, 0x04, 0x42, 0x02, 0xBC, 0x00, 0x07, 0x00, 0x1E,
	0x00, 0x00, 0x73, 0x11, 0x23, 0x35, 0x21, 0x15, 0x21, 0x11, 0x21, 0x11, 0x33, 0x11, 0x27, 0x36,
	0x36, 0x33, 0x32, 0x16, 0x16, 0x15, 0x11, 0x23, 0x11, 0x34, 0x26, 0x23, 0x22, 0x06, 0x06, 0x15,
	0x11, 0xFA, 0xF6, 0x02, 0x63, 0xFE, 0xDD, 0x01, 0x1A, 0x47, 0x0E, 0x1A, 0x6D, 0x4C, 0x40, 0x61,
	0x37, 0x47, 0x53, 0x4B, 0x38, 0x53, 0x2D, 0x02, 0x7C, 0x40, 0x40, 0xFD, 0x84, 0x02, 0xBC, 0xFE,
	0xC1, 0x1B, 0x39, 0x41, 0x31, 0x64, 0x4C, 0xFE, 0xCF, 0x01, 0x2A, 0x53, 0x55, 0x2D, 0x55, 0x3C,
	0xFE, 0xEC, 0x00, 0x04, 0x00, 0x62, 0xFF, 0x97, 0x02, 0xF6, 0x03, 0x71, 0x00, 0x10, 0x00, 0x14,
	0x00, 0x18, 0x00, 0x1C, 0x00, 0x00, 0x45, 0x22, 0x26, 0x27, 0x37, 0x16, 0x16, 0x33, 0x32, 0x36,
	0x35, 0x11, 0x33, 0x11, 0x14, 0x06, 0x06, 0x01, 0x11, 0x33, 0x11, 0x03, 0x37, 0x33, 0x07, 0x21,
	0x37, 0x33, 0x07, 0x01, 0x47, 0x43, 0x76, 0x2C, 0x1E, 0x2A, 0x66, 0x35, 0x64, 0x6F, 0x4A, 0x47,
	0x7E, 0xFE, 0xCF, 0x4A, 0x4A, 0x8A, 0x53, 0xA2, 0x01, 0x72, 0x8A, 0x53, 0xA2, 0x69, 0x28, 0x1E,
	0x3A, 0x1E, 0x20, 0x76, 0x7A, 0x01, 0xF3, 0xFE, 0x0F, 0x66, 0x88, 0x46, 0x01, 0x33, 0x01, 0xF2,
	0xFE, 0x0E, 0x02, 0x2B, 0x7C, 0x7C, 0x7C, 0x7C, 0x00, 0x02, 0x00, 0x37, 0xFF, 0xFB, 0x01, 0xF0,
	0x02, 0x12, 0x00, 0x11, 0x00, 0x29, 0x00, 0x00, 0x61, 0x35, 0x27, 0x35, 0x34, 0x26, 0x23, 0x22,
	0x06, 0x07, 0x27, 0x36, 0x36, 0x33, 0x32, 0x16, 0x15, 0x11, 0x07, 0x22, 0x26, 0x26, 0x35, 0x34,
	0x36, 0x36, 0x33, 0x33, 0x15, 0x23, 0x22, 0x06, 0x15, 0x14, 0x16, 0x33, 0x32, 0x36, 0x37, 0x17,
	0x06, 0x06, 0x01, 0xAC, 0x03, 0x4B, 0x4A, 0x33, 0x5C, 0x20, 0x20, 0x28, 0x70, 0x3E, 0x66, 0x6F,
	0xF9, 0x3B, 0x57, 0x2E, 0x27, 0x59, 0x4B, 0xB5, 0xB3, 0x4C, 0x3B, 0x46, 0x3F, 0x3C, 0x57, 0x14,
	0x10, 0x14, 0x63, 0x74, 0x13, 0xC2, 0x43, 0x48, 0x22, 0x1C, 0x35, 0x22, 0x25, 0x65, 0x67, 0xFE,
	0xBA, 0x05, 0x27, 0x45, 0x2D, 0x29, 0x43, 0x29, 0x35, 0x36, 0x28, 0x2D, 0x36, 0x37, 0x34, 0x31,
	0x34, 0x3E, 0xFF, 0xFF, 0x00, 0x37, 0xFF, 0xFB, 0x01, 0xF0, 0x02, 0xDB, 0x06, 0x26, 0x00, 0x61,
	0x00, 0x00, 0x00, 0x06, 0x03, 0x49, 0xF1, 0x00, 0xFF, 0xFF, 0x00, 0x37, 0xFF, 0xFB, 0x01, 0xF0,
	0x02, 0xDB, 0x06, 0x26, 0x00, 0x61, 0x00, 0x00, 0x00, 0x06, 0x03, 0x4B, 0xF1, 0x00, 0xFF, 0xFF,
	0x00, 0x37, 0xFF, 0xFB, 0x01, 0xF0, 0x02, 0xCC, 0x06, 0x26, 0x00, 0x61, 0x00, 0x00, 0x00, 0x06,
	0x03, 0x46, 0xF1, 0x00, 0xFF, 0xFF, 0x00, 0x37, 0xFF, 0xFB, 0x01, 0xF0, 0x02, 0xDB, 0x06, 0x26,
	0x00, 0x61, 0x00, 0x00, 0x00, 0x06, 0x03, 0x48, 0xF1, 0x00, 0xFF, 0xFF, 0x00, 0x37, 0xFF, 0xFB,
	0x01, 0xF0, 0x03, 0x22, 0x06, 0x26, 0x00, 0x61, 0x00, 0x00, 0x00, 0x06, 0x03, 0x4C, 0xF1, 0x00,
	0xFF, 0xFF, 0x00, 0x37, 0xFF, 0xFB, 0x01, 0xF0, 0x02, 0xD7, 0x06, 0x26, 0x00, 0x61, 0x00, 0x00,
	0x00, 0x06, 0x03, 0x4D, 0xF1, 0x00, 0x00, 0x01, 0x00, 0x37, 0xFF, 0xFB, 0x03, 0xAC, 0x02, 0x12,
	0x00, 0x4D, 0x00, 0x00, 0x57, 0x22, 0x26, 0x35, 0x34, 0x36, 0x36, 0x33, 0x33, 0x15, 0x23, 0x22,
	0x06, 0x15, 0x14, 0x16, 0x33, 0x32, 0x36, 0x35, 0x35, 0x34, 0x26, 0x23, 0x22, 0x06, 0x07, 0x27,
	0x36, 0x36, 0x33, 0x32, 0x16, 0x17, 0x27, 0x36, 0x36, 0x33, 0x32, 0x1E, 0x02, 0x15, 0x14, 0x06,
	0x07, 0x21, 0x35, 0x21, 0x07, 0x34, 0x26, 0x26, 0x23, 0x22, 0x06, 0x06, 0x15, 0x15, 0x14, 0x16,
	0x16, 0x33, 0x32, 0x36, 0x37, 0x17, 0x06, 0x06, 0x23, 0x22, 0x26, 0x26, 0x27, 0x17, 0x0E, 0x02,
	0xFE, 0x5E, 0x69, 0x27, 0x59, 0x4B, 0xB3, 0xB1, 0x4C, 0x3B, 0x47, 0x3F, 0x4C, 0x5A, 0x4B, 0x4A,
	0x33, 0x5C, 0x20, 0x20, 0x28, 0x70, 0x3D, 0x5A, 0x67, 0x0C, 0x20, 0x1E, 0x78, 0x4F, 0x37, 0x5D,
	0x45, 0x27, 0x01, 0x01, 0xFE, 0x38, 0x01, 0xA2, 0x1D, 0x33, 0x56, 0x33, 0x32, 0x56, 0x33, 0x35,
	0x5D, 0x3E, 0x31, 0x51, 0x1F, 0x28, 0x23, 0x69, 0x3F, 0x3C, 0x69, 0x4E, 0x15, 0x2E, 0x0A, 0x45,
	0x62, 0x05, 0x56, 0x45, 0x27, 0x42, 0x29, 0x35, 0x35, 0x27, 0x2E, 0x36, 0x50, 0x46, 0x80, 0x43,
	0x48, 0x22, 0x1C, 0x35, 0x22, 0x25, 0x4C, 0x4C, 0x06, 0x43, 0x4F, 0x27, 0x46, 0x60, 0x3A, 0x07,
	0x0B, 0x06, 0x35, 0x17, 0x3D, 0x57, 0x30, 0x30, 0x58, 0x3E, 0x0B, 0x3C, 0x5B, 0x33, 0x22, 0x23,
	0x2E, 0x2B, 0x2B, 0x28, 0x52, 0x3E, 0x01, 0x44, 0x50, 0x23, 0x00, 0x03, 0x00, 0x63, 0xFF, 0xFB,
	0x02, 0x78, 0x02, 0xE6, 0x00, 0x0F, 0x00, 0x16, 0x00, 0x26, 0x00, 0x00, 0x45, 0x22, 0x26, 0x26,
	0x35, 0x34, 0x36, 0x36, 0x33, 0x32, 0x16, 0x16, 0x15, 0x14, 0x06, 0x06, 0x25, 0x11, 0x33, 0x11,
	0x07, 0x17, 0x15, 0x37, 0x32, 0x36, 0x36, 0x35, 0x34, 0x26, 0x26, 0x23, 0x22, 0x06, 0x06, 0x15,
	0x14, 0x16, 0x16, 0x01, 0x72, 0x45, 0x6E, 0x40, 0x41, 0x6E, 0x44, 0x4B, 0x77, 0x44, 0x44, 0x77,
	0xFE, 0xA6, 0x47, 0x0A, 0x07, 0xC6, 0x38, 0x58, 0x34, 0x34, 0x58, 0x38, 0x38, 0x59, 0x33, 0x33,
	0x59, 0x05, 0x3F, 0x78, 0x55, 0x56, 0x77, 0x3E, 0x43, 0x78, 0x50, 0x4F, 0x79, 0x44, 0x05, 0x02,
	0xE6, 0xFE, 0x8C, 0x6A, 0x6A, 0x9E, 0x3A, 0x33, 0x5D, 0x3D, 0x3E, 0x5C, 0x33, 0x33, 0x5C, 0x3E,
	0x3D, 0x5D, 0x33, 0x00, 0x00, 0x01, 0x00, 0x2E, 0xFF, 0xFB, 0x02, 0x0B, 0x02, 0x12, 0x00, 0x1D,
	0x00, 0x00, 0x45, 0x22, 0x26, 0x26, 0x35, 0x34, 0x36, 0x36, 0x33, 0x32, 0x16, 0x17, 0x07, 0x26,
	0x26, 0x23, 0x22, 0x06, 0x06, 0x15, 0x14, 0x16, 0x16, 0x33, 0x32, 0x36, 0x37, 0x17, 0x06, 0x06,
	0x01, 0x3D, 0x4E, 0x7B, 0x46, 0x46, 0x7B, 0x4E, 0x43, 0x6C, 0x1F, 0x35, 0x1B, 0x50, 0x2F, 0x38,
	0x5A, 0x34, 0x34, 0x5A, 0x38, 0x2F, 0x50, 0x1B, 0x35, 0x1F, 0x6C, 0x05, 0x45, 0x79, 0x4E, 0x4F,
	0x78, 0x44, 0x34, 0x34, 0x24, 0x28, 0x26, 0x33, 0x5C, 0x3E, 0x3E, 0x5C, 0x33, 0x26, 0x27, 0x24,
	0x33, 0x35, 0xFF, 0xFF, 0x00, 0x2E, 0xFF, 0x24, 0x02, 0x0B, 0x02, 0x12, 0x06, 0x26, 0x00, 0x6A,
	0x00, 0x00, 0x00, 0x06, 0x03, 0x4F, 0x03, 0x00, 0x00, 0x03, 0x00, 0x2E, 0xFF, 0xFB, 0x02, 0x43,
	0x02, 0xE6, 0x00, 0x0F, 0x00, 0x1F, 0x00, 0x26, 0x00, 0x00, 0x45, 0x22, 0x26, 0x26, 0x35, 0x34,
	0x36, 0x36, 0x33, 0x32, 0x16, 0x16, 0x15, 0x14, 0x06, 0x06, 0x27, 0x32, 0x36, 0x36, 0x35, 0x34,
	0x26, 0x26, 0x23, 0x22, 0x06, 0x06, 0x15, 0x14, 0x16, 0x16, 0x17, 0x35, 0x37, 0x27, 0x11, 0x33,
	0x11, 0x01, 0x34, 0x4B, 0x77, 0x44, 0x44, 0x77, 0x4B, 0x45, 0x6D, 0x41, 0x40, 0x6D, 0x41, 0x38,
	0x59, 0x33, 0x33, 0x59, 0x38, 0x37, 0x58, 0x34, 0x34, 0x58, 0xFD, 0x07, 0x0A, 0x47, 0x05, 0x44,
	0x79, 0x4F, 0x50, 0x78, 0x43, 0x3E, 0x77, 0x56, 0x55, 0x78, 0x3F, 0x3F, 0x33, 0x5D, 0x3D, 0x3E,
	0x5C, 0x33, 0x33, 0x5C, 0x3E, 0x3D, 0x5D, 0x33, 0x3A, 0x9E, 0x6A, 0x6A, 0x01, 0x74, 0xFD, 0x1A,
	0x00, 0x03, 0x00, 0x2E, 0xFF, 0xFD, 0x02, 0x1B, 0x02, 0xE9, 0x00, 0x17, 0x00, 0x23, 0x00, 0x27,
	0x00, 0x00, 0x45, 0x22, 0x26, 0x26, 0x35, 0x34, 0x36, 0x36, 0x33, 0x32, 0x16, 0x17, 0x2E, 0x02,
	0x27, 0x37, 0x1E, 0x02, 0x15, 0x14, 0x06, 0x06, 0x27, 0x32, 0x36, 0x35, 0x34, 0x26, 0x23, 0x22,
	0x06, 0x15, 0x14, 0x16, 0x03, 0x27, 0x25, 0x17, 0x01, 0x1A, 0x47, 0x6A, 0x3B, 0x38, 0x66, 0x45,
	0x3F, 0x68, 0x18, 0x10, 0x5D, 0x89, 0x51, 0x31, 0x6B, 0x9F, 0x57, 0x40, 0x73, 0x48, 0x4F, 0x5E,
	0x5E, 0x4F, 0x4D, 0x5E, 0x5E, 0x47, 0x13, 0x01, 0x5E, 0x14, 0x03, 0x38, 0x66, 0x44, 0x43, 0x61,
	0x36, 0x37, 0x2F, 0x49, 0x8A, 0x76, 0x28, 0x25, 0x37, 0xA0, 0xBB, 0x60, 0x4C, 0x70, 0x3E, 0x3C,
	0x58, 0x49, 0x4B, 0x5B, 0x56, 0x4A, 0x4C, 0x5B, 0x01, 0xBF, 0x2A, 0xA1, 0x29, 0x00, 0x00, 0x01,
	0x00, 0x2E, 0xFF, 0xFB, 0x02, 0x2E, 0x02, 0x12, 0x00, 0x26, 0x00, 0x00, 0x45, 0x22, 0x26, 0x26,
	0x35, 0x34, 0x36, 0x36, 0x33, 0x32, 0x16, 0x16, 0x15, 0x14, 0x06, 0x15, 0x21, 0x35, 0x21, 0x07,
	0x34, 0x26, 0x26, 0x23, 0x22, 0x06, 0x06, 0x15, 0x15, 0x14, 0x16, 0x16, 0x33, 0x32, 0x36, 0x37,
	0x17, 0x06, 0x06, 0x01, 0x42, 0x52, 0x7C, 0x46, 0x43, 0x75, 0x49, 0x4A, 0x73, 0x42, 0x01, 0xFE,
	0x37, 0x01, 0xA3, 0x1C, 0x31, 0x54, 0x37, 0x36, 0x56, 0x30, 0x35, 0x5F, 0x3D, 0x30, 0x53, 0x1E,
	0x28, 0x23, 0x69, 0x05, 0x45, 0x79, 0x4E, 0x4E, 0x78, 0x45, 0x43, 0x79, 0x4F, 0x05, 0x0B, 0x06,
	0x35, 0x15, 0x39, 0x59, 0x32, 0x32, 0x5A, 0x3A, 0x0B, 0x3C, 0x5B, 0x33, 0x22, 0x23, 0x2E, 0x2A,
	0x2C, 0x00, 0xFF, 0xFF, 0x00, 0x2E, 0xFF, 0xFB, 0x02, 0x2E, 0x02, 0xDB, 0x06, 0x26, 0x00, 0x6E,
	0x00, 0x00, 0x00, 0x06, 0x03, 0x49, 0x02, 0x00, 0xFF, 0xFF, 0x00, 0x2E, 0xFF, 0xFB, 0x02, 0x2E,
	0x02, 0xDB, 0x06, 0x26, 0x00, 0x6E, 0x00, 0x00, 0x00, 0x06, 0x03, 0x4B, 0x02, 0x00, 0xFF, 0xFF,
	0x00, 0x2E, 0xFF, 0xFB, 0x02, 0x2E, 0x02, 0xCC, 0x06, 0x26, 0x00, 0x6E, 0x00, 0x00, 0x00, 0x06,
	0x03, 0x46, 0x02, 0x00, 0xFF, 0xFF, 0x00, 0x2E, 0xFF, 0xFB, 0x02, 0x2E, 0x02, 0xDB, 0x06, 0x26,
	0x00, 0x6E, 0x00, 0x00, 0x00, 0x06, 0x03, 0x48, 0x02, 0x00, 0x00, 0x02, 0x00, 0x11, 0x00, 0x00,
	0x01, 0x77, 0x02, 0xEB, 0x00, 0x11, 0x00, 0x15, 0x00, 0x00, 0x73, 0x11, 0x34, 0x36, 0x33, 0x32,
	0x16, 0x17, 0x07, 0x26, 0x26, 0x23, 0x22, 0x06, 0x15, 0x15, 0x17, 0x11, 0x03, 0x35, 0x21, 0x15,
	0x6F, 0x52, 0x4D, 0x1E, 0x38, 0x13, 0x18, 0x0F, 0x28, 0x17, 0x2D, 0x30, 0x02, 0xA5, 0x01, 0x45,
	0x02, 0x4F, 0x46, 0x56, 0x10, 0x11, 0x35, 0x0D, 0x0D, 0x32, 0x31, 0x50, 0x21, 0xFE, 0x25, 0x01,
	0xD2, 0x3B, 0x3B, 0x00, 0x00, 0x03, 0x00, 0x2E, 0xFF, 0x39, 0x02, 0x4A, 0x02, 0x12, 0x00, 0x12,
	0x00, 0x22, 0x00, 0x32, 0x00, 0x00, 0x45, 0x22, 0x26, 0x27, 0x37, 0x16, 0x16, 0x33, 0x32, 0x36,
	0x35, 0x35, 0x37, 0x27, 0x35, 0x33, 0x11, 0x14, 0x06, 0x27, 0x22, 0x26, 0x26, 0x35, 0x34, 0x36,
	0x36, 0x33, 0x32, 0x16, 0x16, 0x15, 0x14, 0x06, 0x06, 0x27, 0x32, 0x36, 0x36, 0x35, 0x34, 0x26,
	0x26, 0x23, 0x22, 0x06, 0x06, 0x15, 0x14, 0x16, 0x16, 0x01, 0x43, 0x48, 0x84, 0x29, 0x24, 0x25,
	0x6D, 0x3D, 0x64, 0x5E, 0x0A, 0x07, 0x44, 0x85, 0x8F, 0x4B, 0x78, 0x45, 0x45, 0x78, 0x4B, 0x46,
	0x70, 0x42, 0x42, 0x70, 0x3F, 0x3A, 0x5A, 0x34, 0x34, 0x5A, 0x3A, 0x39, 0x5B, 0x33, 0x33, 0x5B,
	0xC7, 0x2A, 0x27, 0x36, 0x21, 0x27, 0x5D, 0x62, 0x83, 0x5A, 0x5A, 0x9F, 0xFE, 0x33, 0x88, 0x7F,
	0xDB, 0x41, 0x74, 0x4B, 0x4B, 0x73, 0x40, 0x3A, 0x72, 0x52, 0x52, 0x72, 0x3C, 0x3F, 0x31, 0x57,
	0x39, 0x39, 0x56, 0x31, 0x31, 0x56, 0x39, 0x39, 0x57, 0x31, 0x00, 0x01, 0x00, 0x63, 0x00, 0x00,
	0x02, 0x47, 0x02, 0xE6, 0x00, 0x16, 0x00, 0x00, 0x73, 0x11, 0x33, 0x11, 0x27, 0x36, 0x36, 0x33,
	0x32, 0x16, 0x16, 0x15, 0x11, 0x23, 0x11, 0x34, 0x26, 0x23, 0x22, 0x06, 0x06, 0x15, 0x11, 0x63,
	0x47, 0x0E, 0x19, 0x6E, 0x4C, 0x40, 0x61, 0x37, 0x47, 0x53, 0x4B, 0x38, 0x53, 0x2D, 0x02, 0xE6,
	0xFE, 0x97, 0x1B, 0x39, 0x41, 0x31, 0x64, 0x4C, 0xFE, 0xCF, 0x01, 0x2A, 0x53, 0x55, 0x2D, 0x55,
	0x3C, 0xFE, 0xEC, 0x00, 0xFF, 0xFF, 0x00, 0x53, 0x00, 0x00, 0x00, 0xBB, 0x02, 0xE6, 0x06, 0x26,
	0x00, 0x77, 0x00, 0x00, 0x00, 0x07, 0x03, 0x54, 0xFF, 0x5B, 0x00, 0x00, 0x00, 0x01, 0x00, 0x63,
	0x00, 0x00, 0x00, 0xAA, 0x02, 0x0D, 0x00, 0x03, 0x00, 0x00, 0x73, 0x11, 0x33, 0x11, 0x63, 0x47,
	0x02, 0x0D, 0xFD, 0xF3, 0xFF, 0xFF, 0x00, 0x45, 0x00, 0x00, 0x01, 0x2E, 0x02, 0xDB, 0x06, 0x26,
	0x00, 0x77, 0x00, 0x00, 0x00, 0x07, 0x03, 0x49, 0xFF, 0x5B, 0x00, 0x00, 0xFF, 0xFF, 0xFF, 0xFA,
	0x00, 0x00, 0x01, 0x13, 0x02, 0xDB, 0x06, 0x26, 0x00, 0x77, 0x00, 0x00, 0x00, 0x07, 0x03, 0x56,
	0xFF, 0x5B, 0x00, 0x00, 0xFF, 0xFF, 0x00, 0x1B, 0x00, 0x00, 0x00, 0xF2, 0x02, 0xCB, 0x06, 0x26,
	0x00, 0x77, 0x00, 0x00, 0x00, 0x07, 0x03, 0x55, 0xFF, 0x5B, 0x00, 0x00, 0xFF, 0xFF, 0x00, 0x57,
	0x00, 0x00, 0x00, 0xB7, 0x02, 0xD6, 0x06, 0x26, 0x00, 0x77, 0x00, 0x00, 0x00, 0x07, 0x03, 0x47,
	0xFF, 0x5B, 0x00, 0x00, 0xFF, 0xFF, 0xFF, 0xDF, 0x00, 0x00, 0x00, 0xC8, 0x02, 0xDB, 0x06, 0x26,
	0x00, 0x77, 0x00, 0x00, 0x00, 0x07, 0x03, 0x48, 0xFF, 0x5B, 0x00, 0x00, 0x00, 0x04, 0x00, 0x4A,
	0xFF, 0x39, 0x02, 0x3A, 0x02, 0xDB, 0x00, 0x0E, 0x00, 0x12, 0x00, 0x16, 0x00, 0x1A, 0x00, 0x00,
	0x45, 0x22, 0x26, 0x27, 0x37, 0x16, 0x33, 0x32, 0x36, 0x35, 0x11, 0x33, 0x11, 0x14, 0x06, 0x25,
	0x11, 0x33, 0x11, 0x03, 0x37, 0x33, 0x07, 0x33, 0x37, 0x33, 0x07, 0x01, 0x25, 0x20, 0x3C, 0x15,
	0x18, 0x1F, 0x31, 0x2B, 0x2E, 0x47, 0x4E, 0xFE, 0xF5, 0x47, 0x60, 0x8B, 0x53, 0xA2, 0xD7, 0x8A,
	0x53, 0xA2, 0xC7, 0x11, 0x11, 0x36, 0x1B, 0x32, 0x31, 0x02, 0x34, 0xFD, 0xC8, 0x46, 0x56, 0xC7,
	0x02, 0x0D, 0xFD, 0xF3, 0x02, 0x5F, 0x7C, 0x7C, 0x7C, 0x7C, 0xFF, 0xFF, 0xFF, 0xA6, 0xFF, 0x39,
	0x00, 0xC0, 0x02, 0xE6, 0x06, 0x26, 0x00, 0x7F, 0x00, 0x00, 0x00, 0x07, 0x03, 0x54, 0xFF, 0x60,
	0x00, 0x00, 0x00, 0x01, 0xFF, 0xA6, 0xFF, 0x39, 0x00, 0xAF, 0x02, 0x0D, 0x00, 0x0E, 0x00, 0x00,
	0x57, 0x22, 0x26, 0x27, 0x37, 0x16, 0x33, 0x32, 0x36, 0x35, 0x11, 0x33, 0x11, 0x14, 0x06, 0x15,
	0x20, 0x3B, 0x14, 0x19, 0x20, 0x32, 0x2A, 0x2D, 0x47, 0x4F, 0xC7, 0x11, 0x11, 0x36, 0x1B, 0x32,
	0x31, 0x02, 0x34, 0xFD, 0xCC, 0x49, 0x57, 0x00, 0x00, 0x03, 0x00, 0x63, 0x00, 0x00, 0x02, 0x51,
	0x02, 0xE6, 0x00, 0x05, 0x00, 0x09, 0x00, 0x0D, 0x00, 0x00, 0x77, 0x37, 0x01, 0x33, 0x07, 0x07,
	0x03, 0x11, 0x33, 0x11, 0x21, 0x03, 0x37, 0x01, 0x9B, 0x02, 0x01, 0x47, 0x57, 0xE7, 0x28, 0xC9,
	0x47, 0x01, 0x50, 0xDB, 0x2E, 0x01, 0x04, 0x88, 0x5B, 0x01, 0x2A, 0xDD, 0x22, 0xFE, 0xF2, 0x02,
	0xE6, 0xFD, 0x1A, 0x01, 0x11, 0x37, 0xFE, 0xB8, 0x00, 0x01, 0x00, 0x63, 0x00, 0x00, 0x00, 0xAA,
	0x02, 0xE6, 0x00, 0x03, 0x00, 0x00, 0x73, 0x11, 0x33, 0x11, 0x63, 0x47, 0x02, 0xE6, 0xFD, 0x1A,
	0x00, 0x01, 0x00, 0x63, 0x00, 0x00, 0x03, 0xC7, 0x02, 0x12, 0x00, 0x27, 0x00, 0x00, 0x73, 0x11,
	0x33, 0x15, 0x27, 0x36, 0x36, 0x33, 0x32, 0x16, 0x17, 0x27, 0x36, 0x36, 0x33, 0x32, 0x16, 0x16,
	0x15, 0x11, 0x23, 0x11, 0x34, 0x26, 0x23, 0x22, 0x06, 0x06, 0x15, 0x11, 0x23, 0x11, 0x34, 0x26,
	0x23, 0x22, 0x06, 0x06, 0x15, 0x11, 0x63, 0x44, 0x0B, 0x18, 0x6B, 0x49, 0x4D, 0x6C, 0x10, 0x1C,
	0x17, 0x75, 0x52, 0x40, 0x5F, 0x35, 0x47, 0x4F, 0x48, 0x36, 0x4F, 0x2B, 0x47, 0x50, 0x48, 0x35,
	0x50, 0x2B, 0x02, 0x0D, 0x8E, 0x19, 0x39, 0x41, 0x4D, 0x4D, 0x0B, 0x40, 0x4F, 0x31, 0x64, 0x4C,
	0xFE, 0xCF, 0x01, 0x2A, 0x53, 0x55, 0x2D, 0x55, 0x3C, 0xFE, 0xEC, 0x01, 0x2A, 0x53, 0x55, 0x2D,
	0x55, 0x3C, 0xFE, 0xEC, 0x00, 0x01, 0x00, 0x63, 0x00, 0x00, 0x02, 0x47, 0x02, 0x12, 0x00, 0x16,
	0x00, 0x00, 0x73, 0x11, 0x33, 0x15, 0x27, 0x36, 0x36, 0x33, 0x32, 0x16, 0x16, 0x15, 0x11, 0x23,
	0x11, 0x34, 0x26, 0x23, 0x22, 0x06, 0x06, 0x15, 0x11, 0x63, 0x44, 0x0B, 0x19, 0x6E, 0x4C, 0x40,
	0x61, 0x37, 0x47, 0x53, 0x4B, 0x38, 0x53, 0x2D, 0x02, 0x0D, 0x90, 0x1B, 0x39, 0x41, 0x31, 0x64,
	0x4C, 0xFE, 0xCF, 0x01, 0x2A, 0x53, 0x55, 0x2D, 0x55, 0x3C, 0xFE, 0xEC, 0xFF, 0xFF, 0x00, 0x63,
	0x00, 0x00, 0x02, 0x47, 0x02, 0xD7, 0x06, 0x26, 0x00, 0x83, 0x00, 0x00, 0x00, 0x06, 0x03, 0x4D,
	0x28, 0x00, 0x00, 0x02, 0x00, 0x2E, 0xFF, 0xFB, 0x02, 0x45, 0x02, 0x12, 0x00, 0x0F, 0x00, 0x1F,
	0x00, 0x00, 0x45, 0x22, 0x26, 0x26, 0x35, 0x34, 0x36, 0x36, 0x33, 0x32, 0x16, 0x16, 0x15, 0x14,
	0x06, 0x06, 0x27, 0x32, 0x36, 0x36, 0x35, 0x34, 0x26, 0x26, 0x23, 0x22, 0x06, 0x06, 0x15, 0x14,
	0x16, 0x16, 0x01, 0x39, 0x4C, 0x79, 0x46, 0x46, 0x78, 0x4D, 0x4E, 0x79, 0x45, 0x45, 0x7A, 0x4D,
	0x39, 0x58, 0x33, 0x33, 0x58, 0x38, 0x38, 0x58, 0x34, 0x34, 0x58, 0x05, 0x45, 0x79, 0x4E, 0x4F,
	0x78, 0x44, 0x44, 0x78, 0x4F, 0x4E, 0x79, 0x45, 0x3F, 0x33, 0x5D, 0x3D, 0x3E, 0x5C, 0x33, 0x33,
	0x5C, 0x3E, 0x3D, 0x5D, 0x33, 0x00, 0xFF, 0xFF, 0x00, 0x2E, 0xFF, 0xFB, 0x02, 0x45, 0x02, 0xDB,
	0x06, 0x26, 0x00, 0x85, 0x00, 0x00, 0x00, 0x06, 0x03, 0x49, 0x0D, 0x00, 0xFF, 0xFF, 0x00, 0x2E,
	0xFF, 0xFB, 0x02, 0x45, 0x02, 0xDB, 0x06, 0x26, 0x00, 0x85, 0x00, 0x00, 0x00, 0x06, 0x03, 0x4B,
	0x0D, 0x00, 0xFF, 0xFF, 0x00, 0x2E, 0xFF, 0xFB, 0x02, 0x45, 0x02, 0xCC, 0x06, 0x26, 0x00, 0x85,
	0x00, 0x00, 0x00, 0x06, 0x03, 0x46, 0x0D, 0x00, 0xFF, 0xFF, 0x00, 0x2E, 0xFF, 0xFB, 0x02, 0x45,
	0x02, 0xDB, 0x06, 0x26, 0x00, 0x85, 0x00, 0x00, 0x00, 0x06, 0x03, 0x48, 0x0D, 0x00, 0xFF, 0xFF,
	0x00, 0x2E, 0xFF, 0xB1, 0x02, 0x45, 0x02, 0x50, 0x06, 0x26, 0x00, 0x85, 0x00, 0x00, 0x00, 0x06,
	0x03, 0x50, 0x00, 0x00, 0xFF, 0xFF, 0x00, 0x2E, 0xFF, 0xFB, 0x02, 0x45, 0x02, 0xD7, 0x06, 0x26,
	0x00, 0x85, 0x00, 0x00, 0x00, 0x06, 0x03, 0x4D, 0x0D, 0x00, 0x00, 0x03, 0x00, 0x63, 0xFF, 0x3E,
	0x02, 0x78, 0x02, 0x12, 0x00, 0x0F, 0x00, 0x16, 0x00, 0x26, 0x00, 0x00, 0x45, 0x22, 0x26, 0x26,
	0x35, 0x34, 0x36, 0x36, 0x33, 0x32, 0x16, 0x16, 0x15, 0x14, 0x06, 0x06, 0x05, 0x11, 0x33, 0x15,
	0x07, 0x17, 0x11, 0x37, 0x32, 0x36, 0x36, 0x35, 0x34, 0x26, 0x26, 0x23, 0x22, 0x06, 0x06, 0x15,
	0x14, 0x16, 0x16, 0x01, 0x72, 0x44, 0x6E, 0x41, 0x40, 0x6E, 0x45, 0x4B, 0x77, 0x44, 0x44, 0x77,
	0xFE, 0xA6, 0x44, 0x07, 0x0A, 0xC3, 0x38, 0x58, 0x34, 0x34, 0x58, 0x38, 0x38, 0x59, 0x33, 0x33,
	0x59, 0x05, 0x3F, 0x77, 0x56, 0x56, 0x77, 0x3E, 0x43, 0x79, 0x4F, 0x50, 0x78, 0x44, 0xBD, 0x02,
	0xCF, 0x9E, 0x69, 0x6A, 0xFE, 0xA2, 0xFC, 0x33, 0x5D, 0x3D, 0x3D, 0x5C, 0x34, 0x34, 0x5C, 0x3D,
	0x3D, 0x5D, 0x33, 0x00, 0x00, 0x03, 0x00, 0x63, 0xFF, 0x3E, 0x02, 0x78, 0x02, 0xE6, 0x00, 0x0F,
	0x00, 0x16, 0x00, 0x26, 0x00, 0x00, 0x45, 0x22, 0x26, 0x26, 0x35, 0x34, 0x36, 0x36, 0x33, 0x32,
	0x16, 0x16, 0x15, 0x14, 0x06, 0x06, 0x05, 0x11, 0x33, 0x11, 0x07, 0x17, 0x11, 0x37, 0x32, 0x36,
	0x36, 0x35, 0x34, 0x26, 0x26, 0x23, 0x22, 0x06, 0x06, 0x15, 0x14, 0x16, 0x16, 0x01, 0x72, 0x44,
	0x6E, 0x41, 0x40, 0x6E, 0x45, 0x4B, 0x77, 0x44, 0x44, 0x77, 0xFE, 0xA6, 0x47, 0x0A, 0x0A, 0xC3,
	0x38, 0x58, 0x34, 0x34, 0x58, 0x38, 0x38, 0x59, 0x33, 0x33, 0x59, 0x05, 0x3F, 0x77, 0x56, 0x56,
	0x77, 0x3E, 0x43, 0x79, 0x4F, 0x50, 0x78, 0x44, 0xBD, 0x03, 0xA8, 0xFE, 0x89, 0x69, 0x6A, 0xFE,
	0xA2, 0xFC, 0x33, 0x5D, 0x3D, 0x3D, 0x5C, 0x34, 0x34, 0x5C, 0x3D, 0x3D, 0x5D, 0x33, 0x00, 0x03,
	0x00, 0x2E, 0xFF, 0x3E, 0x02, 0x43, 0x02, 0x12, 0x00, 0x0F, 0x00, 0x1F, 0x00, 0x26, 0x00, 0x00,
	0x45, 0x22, 0x26, 0x26, 0x35, 0x34, 0x36, 0x36, 0x33, 0x32, 0x16, 0x16, 0x15, 0x14, 0x06, 0x06,
	0x27, 0x32, 0x36, 0x36, 0x35, 0x34, 0x26, 0x26, 0x23, 0x22, 0x06, 0x06, 0x15, 0x14, 0x16, 0x16,
	0x17, 0x11, 0x37, 0x27, 0x35, 0x33, 0x11, 0x01, 0x34, 0x4B, 0x77, 0x44, 0x44, 0x77, 0x4B, 0x46,
	0x6D, 0x40, 0x41, 0x6D, 0x40, 0x38, 0x59, 0x33, 0x33, 0x59, 0x38, 0x37, 0x58, 0x34, 0x34, 0x58,
	0xFA, 0x0A, 0x07, 0x44, 0x05, 0x44, 0x78, 0x50, 0x4F, 0x79, 0x43, 0x3E, 0x77, 0x56, 0x56, 0x77,
	0x3F, 0x3F, 0x33, 0x5D, 0x3D, 0x3D, 0x5C, 0x34, 0x34, 0x5C, 0x3D, 0x3D, 0x5D, 0x33, 0xFC, 0x01,
	0x5E, 0x6A, 0x69, 0x9E, 0xFD, 0x31, 0x00, 0x01, 0x00, 0x63, 0x00, 0x00, 0x01, 0x6B, 0x02, 0x12,
	0x00, 0x0F, 0x00, 0x00, 0x73, 0x11, 0x33, 0x15, 0x27, 0x36, 0x36, 0x33, 0x15, 0x22, 0x26, 0x23,
	0x22, 0x06, 0x15, 0x11, 0x63, 0x44, 0x07, 0x16, 0x68, 0x4D, 0x04, 0x08, 0x04, 0x53, 0x5E, 0x02,
	0x0D, 0x8F, 0x19, 0x3C, 0x3F, 0x45, 0x01, 0x65, 0x5D, 0xFE, 0xF4, 0x00, 0x00, 0x01, 0x00, 0x1A,
	0xFF, 0xFB, 0x01, 0xC9, 0x02, 0x12, 0x00, 0x2B, 0x00, 0x00, 0x57, 0x22, 0x26, 0x27, 0x37, 0x16,
	0x16, 0x33, 0x32, 0x36, 0x35, 0x34, 0x2E, 0x05, 0x35, 0x34, 0x36, 0x36, 0x33, 0x32, 0x16, 0x17,
	0x07, 0x26, 0x26, 0x23, 0x22, 0x06, 0x15, 0x14, 0x1E, 0x05, 0x15, 0x14, 0x06, 0x06, 0xF0, 0x41,
	0x74, 0x21, 0x20, 0x20, 0x64, 0x37, 0x4B, 0x42, 0x25, 0x3C, 0x4A, 0x49, 0x3C, 0x25, 0x30, 0x5D,
	0x43, 0x33, 0x66, 0x21, 0x1F, 0x23, 0x50, 0x28, 0x47, 0x43, 0x25, 0x3D, 0x49, 0x49, 0x3D, 0x25,
	0x33, 0x61, 0x05, 0x25, 0x1C, 0x38, 0x18, 0x23, 0x2F, 0x27, 0x1D, 0x21, 0x11, 0x0C, 0x10, 0x1F,
	0x36, 0x2D, 0x2B, 0x44, 0x27, 0x1B, 0x16, 0x39, 0x18, 0x15, 0x31, 0x26, 0x1E, 0x22, 0x13, 0x0C,
	0x11, 0x1D, 0x35, 0x2B, 0x2E, 0x43, 0x25, 0x00, 0x00, 0x01, 0x00, 0x63, 0xFF, 0xFB, 0x02, 0x6E,
	0x02, 0xEB, 0x00, 0x31, 0x00, 0x00, 0x45, 0x22, 0x26, 0x27, 0x37, 0x16, 0x16, 0x33, 0x32, 0x36,
	0x36, 0x35, 0x34, 0x26, 0x23, 0x23, 0x35, 0x36, 0x36, 0x35, 0x34, 0x26, 0x23, 0x22, 0x06, 0x15,
	0x11, 0x23, 0x11, 0x34, 0x36, 0x36, 0x33, 0x32, 0x16, 0x16, 0x15, 0x14, 0x0E, 0x02, 0x23, 0x37,
	0x32, 0x16, 0x16, 0x15, 0x14, 0x06, 0x06, 0x01, 0x81, 0x1D, 0x3C, 0x18, 0x0D, 0x15, 0x2E, 0x1E,
	0x32, 0x4B, 0x2B, 0x61, 0x4E, 0x3A, 0x53, 0x5E, 0x51, 0x49, 0x4E, 0x5C, 0x47, 0x3E, 0x6D, 0x46,
	0x45, 0x64, 0x36, 0x22, 0x38, 0x45, 0x22, 0x1C, 0x40, 0x65, 0x3B, 0x3E, 0x6B, 0x05, 0x08, 0x08,
	0x3C, 0x07, 0x07, 0x22, 0x41, 0x2D, 0x44, 0x4A, 0x3D, 0x01, 0x50, 0x44, 0x3B, 0x49, 0x5B, 0x5A,
	0xFE, 0x08, 0x01, 0xF2, 0x53, 0x6E, 0x38, 0x32, 0x56, 0x37, 0x2D, 0x47, 0x31, 0x1A, 0x1E, 0x2E,
	0x57, 0x3F, 0x40, 0x5B, 0x31, 0x00, 0x00, 0x02, 0x00, 0x11, 0xFF, 0xFB, 0x01, 0x78, 0x02, 0x81,
	0x00, 0x0E, 0x00, 0x12, 0x00, 0x00, 0x45, 0x22, 0x26, 0x35, 0x11, 0x33, 0x11, 0x14, 0x16, 0x33,
	0x32, 0x37, 0x17, 0x06, 0x06, 0x01, 0x35, 0x21, 0x15, 0x01, 0x09, 0x4A, 0x50, 0x47, 0x2F, 0x2C,
	0x2F, 0x1F, 0x19, 0x15, 0x3B, 0xFE, 0xE9, 0x01, 0x45, 0x05, 0x50, 0x49, 0x01, 0xED, 0xFE, 0x17,
	0x2E, 0x32, 0x1B, 0x33, 0x13, 0x12, 0x01, 0xD7, 0x3B, 0x3B, 0x00, 0x01, 0x00, 0x5E, 0xFF, 0xFB,
	0x02, 0x3D, 0x02, 0x0D, 0x00, 0x16, 0x00, 0x00, 0x45, 0x22, 0x26, 0x26, 0x35, 0x11, 0x33, 0x11,
	0x14, 0x16, 0x33, 0x32, 0x36, 0x36, 0x35, 0x11, 0x33, 0x11, 0x23, 0x35, 0x17, 0x06, 0x06, 0x01,
	0x3C, 0x43, 0x64, 0x37, 0x47, 0x53, 0x4B, 0x37, 0x51, 0x2B, 0x47, 0x44, 0x0B, 0x19, 0x69, 0x05,
	0x32, 0x64, 0x4B, 0x01, 0x31, 0xFE, 0xD7, 0x54, 0x55, 0x2D, 0x56, 0x3C, 0x01, 0x13, 0xFD, 0xF3,
	0x90, 0x1A, 0x3A, 0x41, 0xFF, 0xFF, 0x00, 0x5E, 0xFF, 0xFB, 0x02, 0x3D, 0x02, 0xDB, 0x06, 0x26,
	0x00, 0x93, 0x00, 0x00, 0x00, 0x06, 0x03, 0x49, 0x22, 0x00, 0xFF, 0xFF, 0x00, 0x5E, 0xFF, 0xFB,
	0x02, 0x3D, 0x02, 0xDB, 0x06, 0x26, 0x00, 0x93, 0x00, 0x00, 0x00, 0x06, 0x03, 0x4B, 0x22, 0x00,
	0xFF, 0xFF, 0x00, 0x5E, 0xFF, 0xFB, 0x02, 0x3D, 0x02, 0xCC, 0x06, 0x26, 0x00, 0x93, 0x00, 0x00,
	0x00, 0x06, 0x03, 0x46, 0x22, 0x00, 0xFF, 0xFF, 0x00, 0x5E, 0xFF, 0xFB, 0x02, 0x3D, 0x02, 0xDB,
	0x06, 0x26, 0x00, 0x93, 0x00, 0x00, 0x00, 0x06, 0x03, 0x48, 0x22, 0x00, 0x00, 0x01, 0x00, 0x01,
	0x00, 0x00, 0x02, 0x1D, 0x02, 0x0D, 0x00, 0x07, 0x00, 0x00, 0x73, 0x03, 0x33, 0x13, 0x23, 0x13,
	0x33, 0x03, 0xEA, 0xE9, 0x4A, 0xD6, 0x23, 0xD9, 0x46, 0xEA, 0x02, 0x0D, 0xFE, 0x19, 0x01, 0xE7,
	0xFD, 0xF3, 0x00, 0x01, 0x00, 0x08, 0x00, 0x00, 0x03, 0x67, 0x02, 0x0D, 0x00, 0x0F, 0x00, 0x00,
	0x73, 0x03, 0x33, 0x13, 0x23, 0x13, 0x33, 0x13, 0x23, 0x13, 0x33, 0x03, 0x23, 0x03, 0x33, 0x03,
	0xCE, 0xC6, 0x44, 0xB4, 0x1F, 0xB9, 0x3D, 0xB7, 0x1F, 0xB7, 0x41, 0xC7, 0x43, 0xB0, 0x15, 0xB1,
	0x02, 0x0D, 0xFE, 0x19, 0x01, 0xE7, 0xFE, 0x19, 0x01, 0xE7, 0xFD, 0xF3, 0x01, 0xCA, 0xFE, 0x36,
	0x00, 0x01, 0x00, 0x13, 0x00, 0x00, 0x02, 0x03, 0x02, 0x0D, 0x00, 0x0F, 0x00, 0x00, 0x73, 0x13,
	0x07, 0x03, 0x33, 0x17, 0x27, 0x37, 0x33, 0x03, 0x37, 0x13, 0x23, 0x27, 0x17, 0x07, 0x13, 0xDE,
	0x01, 0xD3, 0x50, 0xAD, 0x1E, 0xAD, 0x4E, 0xD5, 0x01, 0xE0, 0x51, 0xB7, 0x1C, 0xB4, 0x01, 0x20,
	0x23, 0x01, 0x10, 0xE1, 0x01, 0xE0, 0xFE, 0xED, 0x26, 0xFE, 0xE0, 0xF0, 0x04, 0xEC, 0x00, 0x02,
	0xFF, 0xE7, 0xFF, 0x39, 0x02, 0x1D, 0x02, 0x0D, 0x00, 0x12, 0x00, 0x16, 0x00, 0x00, 0x57, 0x22,
	0x26, 0x27, 0x37, 0x16, 0x16, 0x33, 0x32, 0x36, 0x3F, 0x02, 0x13, 0x33, 0x01, 0x0E, 0x02, 0x37,
	0x03, 0x33, 0x13, 0x67, 0x25, 0x43, 0x18, 0x21, 0x14, 0x2F, 0x1D, 0x23, 0x33, 0x17, 0x22, 0x08,
	0xD8, 0x46, 0xFE, 0xF9, 0x16, 0x35, 0x3E, 0x66, 0xF2, 0x4A, 0xD6, 0xC7, 0x18, 0x18, 0x35, 0x13,
	0x15, 0x27, 0x31, 0x4D, 0x0B, 0x01, 0xE7, 0xFD, 0xB4, 0x33, 0x3C, 0x19, 0xB8, 0x02, 0x1C, 0xFE,
	0x1E, 0x00, 0xFF, 0xFF, 0xFF, 0xE7, 0xFF, 0x39, 0x02, 0x1D, 0x02, 0xDB, 0x06, 0x26, 0x00, 0x9B,
	0x00, 0x00, 0x00, 0x06, 0x03, 0x49, 0xD5, 0x00, 0xFF, 0xFF, 0xFF, 0xE7, 0xFF, 0x39, 0x02, 0x1D,
	0x02, 0xCC, 0x06, 0x26, 0x00, 0x9B, 0x00, 0x00, 0x00, 0x06, 0x03, 0x46, 0xD5, 0x00, 0x00, 0x01,
	0x00, 0x2A, 0x00, 0x00, 0x01, 0xD6, 0x02, 0x0D, 0x00, 0x0B, 0x00, 0x00, 0x73, 0x35, 0x01, 0x17,
	0x21, 0x35, 0x21, 0x15, 0x01, 0x27, 0x21, 0x15, 0x2A, 0x01, 0x5E, 0x0F, 0xFE, 0x99, 0x01, 0x9F,
	0xFE, 0xA3, 0x12, 0x01, 0x76, 0x2F, 0x01, 0xBB, 0x18, 0x3B, 0x2E, 0xFE, 0x44, 0x18, 0x3B, 0x00,
	0x00, 0x03, 0x00, 0x2E, 0xFF, 0xFB, 0x02, 0x43, 0x02, 0x12, 0x00, 0x0F, 0x00, 0x1F, 0x00, 0x26,
	0x00, 0x00, 0x45, 0x22, 0x26, 0x26, 0x35, 0x34, 0x36, 0x36, 0x33, 0x32, 0x16, 0x16, 0x15, 0x14,
	0x06, 0x06, 0x27, 0x32, 0x36, 0x36, 0x35, 0x34, 0x26, 0x26, 0x23, 0x22, 0x06, 0x06, 0x15, 0x14,
	0x16, 0x16, 0x17, 0x35, 0x37, 0x27, 0x35, 0x33, 0x11, 0x01, 0x34, 0x4B, 0x77, 0x44, 0x44, 0x77,
	0x4B, 0x45, 0x6D, 0x41, 0x40, 0x6D, 0x41, 0x38, 0x59, 0x33, 0x33, 0x59, 0x38, 0x37, 0x58, 0x34,
	0x34, 0x58, 0xFD, 0x07, 0x0A, 0x47, 0x05, 0x44, 0x79, 0x4F, 0x50, 0x78, 0x43, 0x3E, 0x77, 0x56,
	0x55, 0x78, 0x3F, 0x3F, 0x33, 0x5D, 0x3D, 0x3E, 0x5C, 0x33, 0x33, 0x5C, 0x3E, 0x3D, 0x5D, 0x33,
	0x3A, 0x9E, 0x6A, 0x6A, 0x9B, 0xFD, 0xF3, 0x00, 0xFF, 0xFF, 0x00, 0x2E, 0xFF, 0xFB, 0x02, 0x43,
	0x02, 0xDB, 0x06, 0x26, 0x00, 0x9F, 0x00, 0x00, 0x00, 0x06, 0x03, 0x49, 0x1D, 0x00, 0xFF, 0xFF,
	0x00, 0x2E, 0xFF, 0xFB, 0x02, 0x43, 0x02, 0xDB, 0x06, 0x26, 0x00, 0x9F, 0x00, 0x00, 0x00, 0x06,
	0x03, 0x4B, 0x1D, 0x00, 0xFF, 0xFF, 0x00, 0x2E, 0xFF, 0xFB, 0x02, 0x43, 0x02, 0xCC, 0x06, 0x26,
	0x00, 0x9F, 0x00, 0x00, 0x00, 0x06, 0x03, 0x46, 0x1D, 0x00, 0xFF, 0xFF, 0x00, 0x2E, 0xFF, 0xFB,
	0x02, 0x43, 0x02, 0xDB, 0x06, 0x26, 0x00, 0x9F, 0x00, 0x00, 0x00, 0x06, 0x03, 0x48, 0x1D, 0x00,
	0xFF, 0xFF, 0x00, 0x2E, 0xFF, 0xFB, 0x02, 0x43, 0x03, 0x22, 0x06, 0x26, 0x00, 0x9F, 0x00, 0x00,
	0x00, 0x06, 0x03, 0x4C, 0x1D, 0x00, 0xFF, 0xFF, 0x00, 0x2E, 0xFF, 0xFB, 0x02, 0x43, 0x02, 0xD7,
	0x06, 0x26, 0x00, 0x9F, 0x00, 0x00, 0x00, 0x06, 0x03, 0x4D, 0x1D, 0x00, 0x00, 0x01, 0x00, 0x37,
	0xFF, 0xFB, 0x03, 0xAC, 0x02, 0x12, 0x00, 0x48, 0x00, 0x00, 0x57, 0x22, 0x26, 0x35, 0x34, 0x36,
	0x36, 0x33, 0x33, 0x15, 0x23, 0x22, 0x06, 0x15, 0x14, 0x16, 0x33, 0x32, 0x36, 0x35, 0x35, 0x34,
	0x26, 0x23, 0x22, 0x06, 0x07, 0x27, 0x36, 0x36, 0x33, 0x32, 0x16, 0x17, 0x27, 0x36, 0x36, 0x33,
	0x32, 0x16, 0x16, 0x17, 0x05, 0x27, 0x25, 0x07, 0x2E, 0x02, 0x23, 0x22, 0x06, 0x06, 0x15, 0x15,
	0x14, 0x16, 0x16, 0x33, 0x32, 0x36, 0x37, 0x17, 0x06, 0x23, 0x22, 0x26, 0x26, 0x27, 0x17, 0x0E,
	0x02, 0xFE, 0x5E, 0x69, 0x27, 0x59, 0x4B, 0xB3, 0xB1, 0x4C, 0x3B, 0x47, 0x3F, 0x4C, 0x5A, 0x4B,
	0x4A, 0x33, 0x5C, 0x20, 0x20, 0x28, 0x70, 0x3D, 0x5A, 0x67, 0x0C, 0x20, 0x1E, 0x7D, 0x50, 0x47,
	0x6F, 0x42, 0x02, 0xFE, 0x3B, 0x05, 0x01, 0xA0, 0x1A, 0x01, 0x2E, 0x51, 0x36, 0x39, 0x57, 0x32,
	0x37, 0x60, 0x3D, 0x31, 0x4F, 0x1F, 0x28, 0x49, 0x7F, 0x3C, 0x6A, 0x51, 0x15, 0x2D, 0x0A, 0x45,
	0x62, 0x05, 0x56, 0x45, 0x27, 0x42, 0x29, 0x35, 0x35, 0x27, 0x2E, 0x36, 0x50, 0x46, 0x80, 0x43,
	0x48, 0x22, 0x1C, 0x35, 0x22, 0x25, 0x4C, 0x4C, 0x06, 0x43, 0x4F, 0x3F, 0x72, 0x4B, 0x58, 0x35,
	0x51, 0x26, 0x32, 0x53, 0x32, 0x32, 0x5A, 0x3A, 0x0B, 0x3C, 0x5B, 0x33, 0x22, 0x23, 0x2E, 0x56,
	0x28, 0x52, 0x3E, 0x01, 0x44, 0x50, 0x23, 0x00, 0x00, 0x01, 0x00, 0x2E, 0xFF, 0xFB, 0x02, 0x2E,
	0x02, 0x12, 0x00, 0x22, 0x00, 0x00, 0x45, 0x22, 0x26, 0x26, 0x35, 0x34, 0x36, 0x36, 0x33, 0x32,
	0x16, 0x16, 0x17, 0x05, 0x27, 0x25, 0x07, 0x2E, 0x02, 0x23, 0x22, 0x06, 0x06, 0x15, 0x14, 0x16,
	0x16, 0x33, 0x32, 0x36, 0x37, 0x17, 0x06, 0x06, 0x01, 0x43, 0x52, 0x7D, 0x46, 0x43, 0x75, 0x4C,
	0x47, 0x6F, 0x43, 0x03, 0xFE, 0x3C, 0x04, 0x01, 0x9F, 0x1B, 0x01, 0x2F, 0x52, 0x36, 0x38, 0x57,
	0x30, 0x35, 0x5E, 0x3E, 0x31, 0x53, 0x1D, 0x28, 0x23, 0x69, 0x05, 0x45, 0x79, 0x4E, 0x4E, 0x78,
	0x45, 0x3F, 0x71, 0x4B, 0x58, 0x34, 0x51, 0x26, 0x32, 0x53, 0x32, 0x32, 0x5B, 0x3C, 0x40, 0x5E,
	0x34, 0x22, 0x23, 0x2E, 0x2A, 0x2C, 0xFF, 0xFF, 0x00, 0x2E, 0xFF, 0xFB, 0x02, 0x2E, 0x02, 0xDB,
	0x06, 0x26, 0x00, 0xA7, 0x00, 0x00, 0x00, 0x06, 0x03, 0x49, 0x00, 0x00, 0xFF, 0xFF, 0x00, 0x2E,
	0xFF, 0xFB, 0x02, 0x2E, 0x02, 0xDB, 0x06, 0x26, 0x00, 0xA7, 0x00, 0x00, 0x00, 0x06, 0x03, 0x4B,
	0x00, 0x00, 0xFF, 0xFF, 0x00, 0x2E, 0xFF, 0xFB, 0x02, 0x2E, 0x02, 0xCC, 0x06, 0x26, 0x00, 0xA7,
	0x00, 0x00, 0x00, 0x06, 0x03, 0x46, 0x00, 0x00, 0xFF, 0xFF, 0x00, 0x2E, 0xFF, 0xFB, 0x02, 0x2E,
	0x02, 0xDB, 0x06, 0x26, 0x00, 0xA7, 0x00, 0x00, 0x00, 0x06, 0x03, 0x48, 0x00, 0x00, 0x00, 0x02,
	0x00, 0x63, 0x00, 0x00, 0x01, 0x6B, 0x02, 0xEB, 0x00, 0x11, 0x00, 0x15, 0x00, 0x00, 0x73, 0x11,
	0x34, 0x36, 0x33, 0x32, 0x16, 0x17, 0x07, 0x26, 0x26, 0x23, 0x22, 0x06, 0x15, 0x15, 0x17, 0x11,
	0x03, 0x35, 0x33, 0x15, 0x63, 0x52, 0x4D, 0x1E, 0x38, 0x13, 0x18, 0x0F, 0x28, 0x17, 0x2D, 0x30,
	0x02, 0x20, 0xC0, 0x02, 0x4F, 0x46, 0x56, 0x10, 0x11, 0x35, 0x0D, 0x0D, 0x32, 0x31, 0x50, 0x21,
	0xFE, 0x25, 0x01, 0xD2, 0x3B, 0x3B, 0x00, 0x01, 0x00, 0x63, 0xFF, 0xFB, 0x01, 0x37, 0x02, 0xE6,
	0x00, 0x0F, 0x00, 0x00, 0x57, 0x22, 0x26, 0x35, 0x11, 0x33, 0x11, 0x14, 0x16, 0x33, 0x32, 0x36,
	0x37, 0x17, 0x06, 0x06, 0xF7, 0x48, 0x4C, 0x47, 0x2B, 0x2D, 0x0F, 0x19, 0x08, 0x05, 0x0F, 0x21,
	0x05, 0x50, 0x47, 0x02, 0x54, 0xFD, 0xB2, 0x2E, 0x32, 0x05, 0x04, 0x3B, 0x05, 0x06, 0x00, 0x02,
	0x00, 0x5E, 0xFF, 0xFB, 0x01, 0x66, 0x02, 0x81, 0x00, 0x0E, 0x00, 0x12, 0x00, 0x00, 0x57, 0x22,
	0x26, 0x35, 0x11, 0x33, 0x11, 0x14, 0x16, 0x33, 0x32, 0x37, 0x17, 0x06, 0x06, 0x03, 0x35, 0x33,
	0x15, 0xF8, 0x4A, 0x50, 0x47, 0x2E, 0x2C, 0x2F, 0x1F, 0x19, 0x14, 0x3C, 0x91, 0xBF, 0x05, 0x50,
	0x49, 0x01, 0xED, 0xFE, 0x17, 0x2E, 0x32, 0x1B, 0x33, 0x13, 0x12, 0x01, 0xD7, 0x3B, 0x3B, 0x00,
	0x00, 0x01, 0x00, 0x5E, 0xFF, 0xFB, 0x03, 0x8E, 0x02, 0x0D, 0x00, 0x21, 0x00, 0x00, 0x45, 0x22,
	0x26, 0x35, 0x11, 0x33, 0x11, 0x14, 0x16, 0x33, 0x32, 0x36, 0x35, 0x11, 0x33, 0x11, 0x14, 0x16,
	0x33, 0x32, 0x36, 0x35, 0x11, 0x33, 0x11, 0x14, 0x06, 0x23, 0x22, 0x26, 0x27, 0x33, 0x06, 0x06,
	0x01, 0x3B, 0x6D, 0x70, 0x47, 0x48, 0x4E, 0x4D, 0x4B, 0x47, 0x4A, 0x4E, 0x4C, 0x49, 0x47, 0x70,
	0x6D, 0x4B, 0x66, 0x16, 0x19, 0x15, 0x63, 0x05, 0x7B, 0x75, 0x01, 0x22, 0xFE, 0xE4, 0x5D, 0x59,
	0x5A, 0x5E, 0x01, 0x1A, 0xFE, 0xE6, 0x5E, 0x5A, 0x59, 0x5D, 0x01, 0x1C, 0xFE, 0xDE, 0x75, 0x7B,
	0x44, 0x4E, 0x4C, 0x46, 0x00, 0x01, 0x00, 0x5E, 0xFF, 0x39, 0x02, 0x3D, 0x02, 0x0D, 0x00, 0x22,
	0x00, 0x00, 0x45, 0x22, 0x26, 0x27, 0x37, 0x16, 0x16, 0x33, 0x32, 0x36, 0x35, 0x35, 0x17, 0x06,
	0x06, 0x23, 0x22, 0x26, 0x26, 0x35, 0x11, 0x33, 0x11, 0x14, 0x16, 0x33, 0x32, 0x36, 0x36, 0x35,
	0x35, 0x33, 0x11, 0x14, 0x06, 0x01, 0x48, 0x44, 0x7B, 0x27, 0x24, 0x22, 0x64, 0x39, 0x5B, 0x56,
	0x0E, 0x19, 0x69, 0x46, 0x43, 0x64, 0x37, 0x47, 0x53, 0x4B, 0x37, 0x51, 0x2B, 0x47, 0x7C, 0xC7,
	0x2A, 0x27, 0x36, 0x21, 0x27, 0x5D, 0x62, 0x6D, 0x15, 0x3A, 0x41, 0x32, 0x64, 0x4C, 0x01, 0x17,
	0xFE, 0xF0, 0x54, 0x55, 0x2E, 0x55, 0x3C, 0xFA, 0xFE, 0x33, 0x88, 0x7F, 0xFF, 0xFF, 0x00, 0x5E,
	0xFF, 0x39, 0x02, 0x3D, 0x02, 0xDB, 0x06, 0x26, 0x00, 0xB0, 0x00, 0x00, 0x00, 0x06, 0x03, 0x49,
	0x22, 0x00, 0xFF, 0xFF, 0x00, 0x5E, 0xFF, 0x39, 0x02, 0x3D, 0x02, 0xCC, 0x06, 0x26, 0x00, 0xB0,
	0x00, 0x00, 0x00, 0x06, 0x03, 0x46, 0x22, 0x00, 0x00, 0x02, 0x00, 0x2F, 0x00, 0x00, 0x01, 0xDB,
	0x02, 0x0D, 0x00, 0x0B, 0x00, 0x13, 0x00, 0x00, 0x73, 0x35, 0x01, 0x17, 0x21, 0x35, 0x21, 0x15,
	0x01, 0x27, 0x21, 0x15, 0x27, 0x27, 0x23, 0x35, 0x33, 0x17, 0x33, 0x15, 0x2F, 0x01, 0x5E, 0x0F,
	0xFE, 0x99, 0x01, 0x9F, 0xFE, 0xA3, 0x12, 0x01, 0x76, 0xD5, 0x14, 0x9A, 0xB2, 0x13, 0x95, 0x2F,
	0x01, 0xBB, 0x18, 0x3B, 0x2E, 0xFE, 0x44, 0x18, 0x3B, 0xEC, 0x01, 0x39, 0x01, 0x39, 0xFF, 0xFF,
	0x00, 0x11, 0x00, 0x00, 0x02, 0x0E, 0x02, 0xEB, 0x04, 0x26, 0x00, 0x73, 0x00, 0x00, 0x00, 0x27,
	0x00, 0x77, 0x01, 0x53, 0x00, 0x00, 0x00, 0x07, 0x03, 0x54, 0x00, 0xAE, 0x00, 0x00, 0xFF, 0xFF,
	0x00, 0x11, 0x00, 0x00, 0x01, 0xFD, 0x02, 0xEB, 0x04, 0x26, 0x00, 0x73, 0x00, 0x00, 0x00, 0x07,
	0x00, 0x81, 0x01, 0x53, 0x00, 0x00, 0xFF, 0xFF, 0x00, 0x63, 0x00, 0x00, 0x02, 0x02, 0x02, 0xEB,
	0x04, 0x26, 0x00, 0xAC, 0x00, 0x00, 0x00, 0x27, 0x00, 0x77, 0x01, 0x47, 0x00, 0x00, 0x00, 0x07,
	0x03, 0x54, 0x00, 0xA2, 0x00, 0x00, 0x00, 0x02, 0x00, 0x11, 0xFF, 0x97, 0x02, 0x71, 0x02, 0xEB,
	0x00, 0x1F, 0x00, 0x23, 0x00, 0x00, 0x45, 0x22, 0x26, 0x35, 0x11, 0x34, 0x26, 0x23, 0x22, 0x06,
	0x15, 0x11, 0x23, 0x11, 0x34, 0x36, 0x36, 0x33, 0x32, 0x16, 0x16, 0x15, 0x11, 0x14, 0x16, 0x33,
	0x32, 0x36, 0x37, 0x17, 0x06, 0x06, 0x01, 0x35, 0x21, 0x15, 0x02, 0x31, 0x47, 0x4D, 0x3D, 0x36,
	0x37, 0x3D, 0x47, 0x2E, 0x54, 0x39, 0x3C, 0x53, 0x2B, 0x2C, 0x2C, 0x0F, 0x19, 0x08, 0x05, 0x0F,
	0x20, 0xFD, 0xCF, 0x01, 0x45, 0x69, 0x50, 0x46, 0x01, 0xFE, 0x43, 0x40, 0x40, 0x43, 0xFD, 0xD5,
	0x02, 0x23, 0x41, 0x5A, 0x2D, 0x2D, 0x5A, 0x41, 0xFE, 0x11, 0x2F, 0x31, 0x05, 0x04, 0x3B, 0x05,
	0x06, 0x02, 0x3B, 0x3B, 0x3B, 0x00, 0x00, 0x04, 0x00, 0x4B, 0xFF, 0xFB, 0x02, 0x87, 0x03, 0x03,
	0x00, 0x0F, 0x00, 0x13, 0x00, 0x17, 0x00, 0x1B, 0x00, 0x00, 0x45, 0x22, 0x26, 0x27, 0x37, 0x16,
	0x16, 0x33, 0x32, 0x36, 0x35, 0x11, 0x33, 0x11, 0x14, 0x06, 0x25, 0x11, 0x33, 0x11, 0x03, 0x37,
	0x33, 0x07, 0x21, 0x37, 0x33, 0x07, 0x01, 0x0A, 0x3A, 0x60, 0x25, 0x1D, 0x21, 0x52, 0x2C, 0x4F,
	0x5A, 0x48, 0x81, 0xFE, 0xDD, 0x48, 0x4F, 0x8A, 0x53, 0xA1, 0x01, 0x21, 0x89, 0x54, 0xA2, 0x05,
	0x20, 0x1A, 0x38, 0x18, 0x1B, 0x5A, 0x5F, 0x01, 0x42, 0xFE, 0xC2, 0x7D, 0x7F, 0xFC, 0x01, 0x3E,
	0xFE, 0xC2, 0x01, 0x90, 0x7C, 0x7C, 0x7C, 0x7C, 0x00, 0x04, 0x00, 0x4B, 0xFF, 0xFB, 0x02, 0x87,
	0x03, 0x03, 0x00, 0x0F, 0x00, 0x13, 0x00, 0x17, 0x00, 0x1B, 0x00, 0x00, 0x45, 0x22, 0x26, 0x27,
	0x37, 0x16, 0x16, 0x33, 0x32, 0x36, 0x35, 0x11, 0x33, 0x11, 0x14, 0x06, 0x25, 0x11, 0x33, 0x11,
	0x03, 0x37, 0x33, 0x07, 0x21, 0x37, 0x33, 0x07, 0x01, 0x0A, 0x3A, 0x60, 0x25, 0x1D, 0x21, 0x52,
	0x2C, 0x4F, 0x5A, 0x48, 0x81, 0xFE, 0xDD, 0x48, 0x4F, 0x8A, 0x53, 0xA1, 0x01, 0x21, 0x89, 0x54,
	0xA2, 0x05, 0x20, 0x1A, 0x38, 0x18, 0x1B, 0x5A, 0x5F, 0x01, 0x42, 0xFE, 0xC2, 0x7D, 0x7F, 0xFC,
	0x01, 0x3E, 0xFE, 0xC2, 0x01, 0x90, 0x7C, 0x7C, 0x7C, 0x7C, 0x00, 0x02, 0x00, 0x02, 0x00, 0x00,
	0x02, 0x53, 0x02, 0x35, 0x00, 0x07, 0x00, 0x0B, 0x00, 0x00, 0x73, 0x01, 0x33, 0x01, 0x23, 0x03,
	0x33, 0x03, 0x37, 0x37, 0x21, 0x17, 0x02, 0x01, 0x05, 0x47, 0x01, 0x05, 0x48, 0xED, 0x19, 0xEE,
	0x27, 0x15, 0x01, 0x42, 0x15, 0x02, 0x35, 0xFD, 0xCB, 0x02, 0x0E, 0xFD, 0xF2, 0x92, 0x3A, 0x3A,
	0xFF, 0xFF, 0x00, 0x02, 0x00, 0x00, 0x02, 0x53, 0x03, 0x02, 0x06, 0x26, 0x00, 0xBA, 0x00, 0x00,
	0x00, 0x06, 0x03, 0x49, 0xFF, 0x28, 0xFF, 0xFF, 0x00, 0x02, 0x00, 0x00, 0x02, 0x53, 0x03, 0x02,
	0x06, 0x26, 0x00, 0xBA, 0x00, 0x00, 0x00, 0x06, 0x03, 0x4B, 0xFF, 0x28, 0xFF, 0xFF, 0x00, 0x02,
	0x00, 0x00, 0x02, 0x53, 0x02, 0xF3, 0x06, 0x26, 0x00, 0xBA, 0x00, 0x00, 0x00, 0x06, 0x03, 0x46,
	0xFF, 0x28, 0xFF, 0xFF, 0x00, 0x02, 0x00, 0x00, 0x02, 0x53, 0x03, 0x02, 0x06, 0x26, 0x00, 0xBA,
	0x00, 0x00, 0x00, 0x06, 0x03, 0x48, 0xFF, 0x28, 0xFF, 0xFF, 0x00, 0x02, 0x00, 0x00, 0x02, 0x53,
	0x03, 0x49, 0x06, 0x26, 0x00, 0xBA, 0x00, 0x00, 0x00, 0x06, 0x03, 0x4C, 0xFF, 0x28, 0xFF, 0xFF,
	0x00, 0x02, 0x00, 0x00, 0x02, 0x53, 0x02, 0xFF, 0x06, 0x26, 0x00, 0xBA, 0x00, 0x00, 0x00, 0x06,
	0x03, 0x4D, 0xFF, 0x28, 0x00, 0x04, 0x00, 0x02, 0x00, 0x00, 0x03, 0x27, 0x02, 0x35, 0x00, 0x06,
	0x00, 0x0A, 0x00, 0x12, 0x00, 0x16, 0x00, 0x00, 0x73, 0x01, 0x33, 0x15, 0x23, 0x37, 0x01, 0x37,
	0x37, 0x21, 0x15, 0x07, 0x11, 0x21, 0x15, 0x21, 0x11, 0x21, 0x15, 0x01, 0x35, 0x21, 0x15, 0x02,
	0x01, 0x58, 0x49, 0x40, 0x2D, 0xFE, 0xBD, 0x46, 0x06, 0x01, 0x0A, 0x17, 0x01, 0x8F, 0xFE, 0xB9,
	0x01, 0x53, 0xFE, 0xA1, 0x01, 0x2F, 0x02, 0x35, 0x3C, 0x1D, 0xFD, 0xEA, 0x92, 0x3A, 0x3A, 0x92,
	0x02, 0x35, 0x3C, 0xFE, 0x43, 0x3C, 0x01, 0x01, 0x3B, 0x3B, 0x00, 0x02, 0x00, 0x69, 0x00, 0x00,
	0x02, 0x50, 0x02, 0x35, 0x00, 0x0F, 0x00, 0x21, 0x00, 0x00, 0x73, 0x11, 0x33, 0x32, 0x16, 0x15,
	0x14, 0x06, 0x23, 0x37, 0x32, 0x16, 0x15, 0x14, 0x06, 0x23, 0x27, 0x33, 0x32, 0x36, 0x35, 0x34,
	0x26, 0x23, 0x23, 0x35, 0x33, 0x32, 0x36, 0x35, 0x34, 0x26, 0x23, 0x23, 0x69, 0xFB, 0x62, 0x6B,
	0x5E, 0x4B, 0x0E, 0x59, 0x61, 0x6E, 0x6E, 0xC3, 0xC1, 0x49, 0x4C, 0x4C, 0x49, 0xCD, 0xBA, 0x42,
	0x49, 0x49, 0x42, 0xAE, 0x02, 0x35, 0x4C, 0x45, 0x45, 0x4A, 0x17, 0x4B, 0x49, 0x48, 0x50, 0x38,
	0x31, 0x34, 0x35, 0x30, 0x38, 0x32, 0x30, 0x30, 0x31, 0x00, 0x00, 0x01, 0x00, 0x30, 0xFF, 0xFA,
	0x02, 0x35, 0x02, 0x3C, 0x00, 0x1D, 0x00, 0x00, 0x45, 0x22, 0x26, 0x26, 0x35, 0x34, 0x36, 0x36,
	0x33, 0x32, 0x16, 0x17, 0x07, 0x26, 0x26, 0x23, 0x22, 0x06, 0x06, 0x15, 0x14, 0x16, 0x16, 0x33,
	0x32, 0x36, 0x37, 0x17, 0x06, 0x06, 0x01, 0x5E, 0x56, 0x89, 0x4F, 0x4F, 0x89, 0x56, 0x44, 0x6C,
	0x27, 0x2E, 0x22, 0x54, 0x31, 0x42, 0x6A, 0x3C, 0x3C, 0x6A, 0x42, 0x31, 0x54, 0x22, 0x2E, 0x27,
	0x6D, 0x06, 0x4B, 0x83, 0x53, 0x53, 0x82, 0x4C, 0x2A, 0x2A, 0x2F, 0x23, 0x21, 0x3B, 0x66, 0x41,
	0x41, 0x67, 0x3A, 0x20, 0x24, 0x2F, 0x2A, 0x2A, 0xFF, 0xFF, 0x00, 0x30, 0xFF, 0x24, 0x02, 0x35,
	0x02, 0x3C, 0x06, 0x26, 0x00, 0xC3, 0x00, 0x00, 0x00, 0x06, 0x03, 0x4F, 0x25, 0x00, 0x00, 0x02,
	0x00, 0x69, 0x00, 0x00, 0x02, 0x8B, 0x02, 0x35, 0x00, 0x0A, 0x00, 0x15, 0x00, 0x00, 0x73, 0x11,
	0x33, 0x32, 0x16, 0x16, 0x15, 0x14, 0x06, 0x06, 0x23, 0x27, 0x33, 0x32, 0x36, 0x36, 0x35, 0x34,
	0x26, 0x26, 0x23, 0x23, 0x69, 0xED, 0x60, 0x8A, 0x4B, 0x4B, 0x8A, 0x60, 0xA5, 0xA2, 0x4C, 0x6C,
	0x38, 0x38, 0x6C, 0x4C, 0xA2, 0x02, 0x35, 0x47, 0x7F, 0x54, 0x55, 0x7F, 0x47, 0x3C, 0x38, 0x64,
	0x43, 0x43, 0x64, 0x37, 0xFF, 0xFF, 0x00, 0x27, 0x00, 0x00, 0x02, 0x9F, 0x02, 0x35, 0x04, 0x26,
	0x00, 0xC5, 0x14, 0x00, 0x00, 0x06, 0x03, 0x57, 0xD3, 0xFE, 0x00, 0x02, 0x00, 0x69, 0x00, 0x00,
	0x02, 0x04, 0x02, 0x35, 0x00, 0x07, 0x00, 0x0B, 0x00, 0x00, 0x73, 0x11, 0x21, 0x15, 0x21, 0x11,
	0x21, 0x15, 0x01, 0x35, 0x21, 0x15, 0x69, 0x01, 0x8F, 0xFE, 0xB9, 0x01, 0x53, 0xFE, 0xA1, 0x01,
	0x30, 0x02, 0x35, 0x3C, 0xFE, 0x43, 0x3C, 0x01, 0x01, 0x3B, 0x3B, 0x00, 0xFF, 0xFF, 0x00, 0x69,
	0x00, 0x00, 0x02, 0x04, 0x03, 0x02, 0x06, 0x26, 0x00, 0xC7, 0x00, 0x00, 0x00, 0x06, 0x03, 0x49,
	0x05, 0x28, 0xFF, 0xFF, 0x00, 0x69, 0x00, 0x00, 0x02, 0x04, 0x03, 0x02, 0x06, 0x26, 0x00, 0xC7,
	0x00, 0x00, 0x00, 0x06, 0x03, 0x4B, 0x05, 0x28, 0xFF, 0xFF, 0x00, 0x69, 0x00, 0x00, 0x02, 0x04,
	0x02, 0xF3, 0x06, 0x26, 0x00, 0xC7, 0x00, 0x00, 0x00, 0x06, 0x03, 0x46, 0x05, 0x28, 0xFF, 0xFF,
	0x00, 0x69, 0x00, 0x00, 0x02, 0x04, 0x03, 0x02, 0x06, 0x26, 0x00, 0xC7, 0x00, 0x00, 0x00, 0x06,
	0x03, 0x48, 0x05, 0x28, 0x00, 0x02, 0x00, 0x69, 0x00, 0x00, 0x01, 0xF8, 0x02, 0x35, 0x00, 0x05,
	0x00, 0x09, 0x00, 0x00, 0x73, 0x11, 0x21, 0x15, 0x21, 0x11, 0x27, 0x35, 0x21, 0x15, 0x69, 0x01,
	0x8F, 0xFE, 0xB9, 0x0C, 0x01, 0x30, 0x02, 0x35, 0x3C, 0xFE, 0x07, 0xEA, 0x3D, 0x3D, 0x00, 0x02,
	0x00, 0x30, 0xFF, 0xFA, 0x02, 0x3A, 0x02, 0x3C, 0x00, 0x1E, 0x00, 0x22, 0x00, 0x00, 0x45, 0x22,
	0x26, 0x26, 0x35, 0x34, 0x36, 0x36, 0x33, 0x32, 0x16, 0x17, 0x07, 0x26, 0x26, 0x23, 0x22, 0x06,
	0x06, 0x15, 0x14, 0x16, 0x16, 0x33, 0x32, 0x36, 0x37, 0x17, 0x0E, 0x02, 0x37, 0x35, 0x33, 0x15,
	0x01, 0x63, 0x58, 0x8B, 0x50, 0x4F, 0x8A, 0x57, 0x45, 0x6F, 0x26, 0x2E, 0x23, 0x55, 0x33, 0x42,
	0x6A, 0x3D, 0x3D, 0x6B, 0x44, 0x31, 0x55, 0x23, 0x29, 0x1A, 0x44, 0x4D, 0x66, 0x45, 0x06, 0x4B,
	0x83, 0x53, 0x53, 0x82, 0x4C, 0x2A, 0x2A, 0x2F, 0x23, 0x21, 0x3B, 0x66, 0x41, 0x41, 0x67, 0x3A,
	0x1E, 0x20, 0x35, 0x17, 0x21, 0x10, 0x48, 0xD9, 0xD9, 0x00, 0x00, 0x01, 0x00, 0x69, 0x00, 0x00,
	0x02, 0x50, 0x02, 0x35, 0x00, 0x0B, 0x00, 0x00, 0x73, 0x11, 0x33, 0x15, 0x21, 0x35, 0x33, 0x11,
	0x23, 0x11, 0x21, 0x11, 0x69, 0x48, 0x01, 0x57, 0x48, 0x48, 0xFE, 0xA9, 0x02, 0x35, 0xF8, 0xF8,
	0xFD, 0xCB, 0x01, 0x00, 0xFF, 0x00, 0x00, 0x01, 0x00, 0x69, 0x00, 0x00, 0x00, 0xB1, 0x02, 0x35,
	0x00, 0x03, 0x00, 0x00, 0x73, 0x11, 0x33, 0x11, 0x69, 0x48, 0x02, 0x35, 0xFD, 0xCB, 0xFF, 0xFF,
	0x00, 0x4B, 0x00, 0x00, 0x01, 0x34, 0x03, 0x02, 0x06, 0x26, 0x00, 0xCF, 0x00, 0x00, 0x00, 0x07,
	0x03, 0x49, 0xFF, 0x60, 0x00, 0x28, 0xFF, 0xFF, 0x00, 0x00, 0x00, 0x00, 0x01, 0x19, 0x03, 0x02,
	0x06, 0x26, 0x00, 0xCF, 0x00, 0x00, 0x00, 0x07, 0x03, 0x56, 0xFF, 0x60, 0x00, 0x28, 0xFF, 0xFF,
	0x00, 0x21, 0x00, 0x00, 0x00, 0xF8, 0x02, 0xF3, 0x06, 0x26, 0x00, 0xCF, 0x00, 0x00, 0x00, 0x07,
	0x03, 0x55, 0xFF, 0x60, 0x00, 0x28, 0xFF, 0xFF, 0x00, 0x5C, 0x00, 0x00, 0x00, 0xBD, 0x02, 0xFE,
	0x06, 0x26, 0x00, 0xCF, 0x00, 0x00, 0x00, 0x07, 0x03, 0x47, 0xFF, 0x60, 0x00, 0x28, 0xFF, 0xFF,
	0xFF, 0xE5, 0x00, 0x00, 0x00, 0xCE, 0x03, 0x02, 0x06, 0x26, 0x00, 0xCF, 0x00, 0x00, 0x00, 0x07,
	0x03, 0x48, 0xFF, 0x60, 0x00, 0x28, 0x00, 0x01, 0x00, 0x01, 0xFF, 0xFA, 0x01, 0x51, 0x02, 0x35,
	0x00, 0x10, 0x00, 0x00, 0x57, 0x22, 0x26, 0x27, 0x37, 0x16, 0x16, 0x33, 0x32, 0x35, 0x11, 0x23,
	0x35, 0x21, 0x11, 0x14, 0x06, 0xA5, 0x34, 0x56, 0x1A, 0x2D, 0x15, 0x3D, 0x24, 0x66, 0xD0, 0x01,
	0x17, 0x58, 0x06, 0x2B, 0x27, 0x2D, 0x1E, 0x23, 0x78, 0x01, 0x49, 0x3C, 0xFE, 0x80, 0x5E, 0x5D,
	0x00, 0x03, 0x00, 0x69, 0x00, 0x00, 0x02, 0x57, 0x02, 0x35, 0x00, 0x05, 0x00, 0x09, 0x00, 0x0D,
	0x00, 0x00, 0x77, 0x27, 0x01, 0x33, 0x03, 0x07, 0x03, 0x11, 0x33, 0x11, 0x21, 0x03, 0x37, 0x01,
	0xA8, 0x03, 0x01, 0x50, 0x51, 0xFC, 0x28, 0xB9, 0x48, 0x01, 0x50, 0xF0, 0x2F, 0x01, 0x17, 0x8B,
	0x56, 0x01, 0x54, 0xFE, 0xFA, 0x2A, 0xFE, 0xFB, 0x02, 0x35, 0xFD, 0xCB, 0x01, 0x13, 0x35, 0xFE,
	0xB8, 0x00, 0x00, 0x01, 0x00, 0x69, 0x00, 0x00, 0x01, 0xEC, 0x02, 0x35, 0x00, 0x05, 0x00, 0x00,
	0x73, 0x11, 0x33, 0x11, 0x21, 0x15, 0x69, 0x48, 0x01, 0x3B, 0x02, 0x35, 0xFE, 0x07, 0x3C, 0x00,
	0x00, 0x01, 0x00, 0x69, 0x00, 0x00, 0x02, 0xC4, 0x02, 0x35, 0x00, 0x0F, 0x00, 0x00, 0x73, 0x11,
	0x33, 0x13, 0x23, 0x13, 0x33, 0x11, 0x23, 0x11, 0x33, 0x03, 0x23, 0x03, 0x33, 0x11, 0x69, 0x3E,
	0xFF, 0x1D, 0xFD, 0x3E, 0x45, 0x0C, 0xE4, 0x21, 0xE8, 0x10, 0x02, 0x35, 0xFE, 0x53, 0x01, 0xAD,
	0xFD, 0xCB, 0x01, 0xC7, 0xFE, 0x80, 0x01, 0x80, 0xFE, 0x39, 0x00, 0x01, 0x00, 0x69, 0x00, 0x00,
	0x02, 0x50, 0x02, 0x35, 0x00, 0x0B, 0x00, 0x00, 0x73, 0x11, 0x33, 0x01, 0x23, 0x11, 0x33, 0x11,
	0x23, 0x01, 0x33, 0x11, 0x69, 0x3B, 0x01, 0x80, 0x1C, 0x48, 0x3C, 0xFE, 0x80, 0x1D, 0x02, 0x35,
	0xFE, 0x24, 0x01, 0xDC, 0xFD, 0xCB, 0x01, 0xDD, 0xFE, 0x23, 0xFF, 0xFF, 0x00, 0x69, 0x00, 0x00,
	0x02, 0x50, 0x02, 0xFF, 0x06, 0x26, 0x00, 0xD9, 0x00, 0x00, 0x00, 0x06, 0x03, 0x4D, 0x30, 0x28,
	0x00, 0x02, 0x00, 0x30, 0xFF, 0xFA, 0x02, 0x8E, 0x02, 0x3C, 0x00, 0x0F, 0x00, 0x1F, 0x00, 0x00,
	0x45, 0x22, 0x26, 0x26, 0x35, 0x34, 0x36, 0x36, 0x33, 0x32, 0x16, 0x16, 0x15, 0x14, 0x06, 0x06,
	0x27, 0x32, 0x36, 0x36, 0x35, 0x34, 0x26, 0x26, 0x23, 0x22, 0x06, 0x06, 0x15, 0x14, 0x16, 0x16,
	0x01, 0x5F, 0x56, 0x8A, 0x4F, 0x4F, 0x8A, 0x56, 0x57, 0x89, 0x4F, 0x4F, 0x89, 0x57, 0x43, 0x68,
	0x3C, 0x3D, 0x67, 0x43, 0x42, 0x69, 0x3C, 0x3C, 0x69, 0x06, 0x4B, 0x83, 0x53, 0x53, 0x82, 0x4C,
	0x4C, 0x82, 0x53, 0x53, 0x83, 0x4B, 0x3E, 0x3B, 0x67, 0x41, 0x41, 0x66, 0x3B, 0x3B, 0x66, 0x41,
	0x41, 0x67, 0x3B, 0x00, 0xFF, 0xFF, 0x00, 0x30, 0xFF, 0xFA, 0x02, 0x8E, 0x03, 0x02, 0x06, 0x26,
	0x00, 0xDB, 0x00, 0x00, 0x00, 0x06, 0x03, 0x49, 0x33, 0x28, 0xFF, 0xFF, 0x00, 0x30, 0xFF, 0xFA,
	0x02, 0x8E, 0x03, 0x02, 0x06, 0x26, 0x00, 0xDB, 0x00, 0x00, 0x00, 0x06, 0x03, 0x4B, 0x33, 0x28,
	0xFF, 0xFF, 0x00, 0x30, 0xFF, 0xFA, 0x02, 0x8E, 0x02, 0xF3, 0x06, 0x26, 0x00, 0xDB, 0x00, 0x00,
	0x00, 0x06, 0x03, 0x46, 0x33, 0x28, 0xFF, 0xFF, 0x00, 0x30, 0xFF, 0xFA, 0x02, 0x8E, 0x03, 0x02,
	0x06, 0x26, 0x00, 0xDB, 0x00, 0x00, 0x00, 0x06, 0x03, 0x48, 0x33, 0x28, 0xFF, 0xFF, 0x00, 0x30,
	0xFF, 0xC7, 0x02, 0x8E, 0x02, 0x6E, 0x06, 0x26, 0x00, 0xDB, 0x00, 0x00, 0x00, 0x06, 0x03, 0x58,
	0x13, 0x00, 0xFF, 0xFF, 0x00, 0x30, 0xFF, 0xFA, 0x02, 0x8E, 0x02, 0xFF, 0x06, 0x26, 0x00, 0xDB,
	0x00, 0x00, 0x00, 0x06, 0x03, 0x4D, 0x33, 0x28, 0x00, 0x02, 0x00, 0x69, 0x00, 0x00, 0x02, 0x31,
	0x02, 0x35, 0x00, 0x0D, 0x00, 0x18, 0x00, 0x00, 0x73, 0x11, 0x33, 0x32, 0x16, 0x16, 0x15, 0x14,
	0x06, 0x06, 0x23, 0x23, 0x37, 0x15, 0x35, 0x27, 0x33, 0x32, 0x36, 0x35, 0x34, 0x26, 0x23, 0x23,
	0x37, 0x69, 0xDB, 0x4A, 0x69, 0x3A, 0x3A, 0x69, 0x4A, 0xB3, 0x20, 0x1C, 0xAC, 0x52, 0x56, 0x56,
	0x52, 0xAC, 0x1C, 0x02, 0x35, 0x2E, 0x57, 0x3E, 0x3D, 0x58, 0x2E, 0x21, 0xD0, 0xC9, 0x22, 0x47,
	0x40, 0x41, 0x46, 0x22, 0x00, 0x02, 0x00, 0x69, 0x00, 0x00, 0x02, 0x31, 0x02, 0x36, 0x00, 0x13,
	0x00, 0x17, 0x00, 0x00, 0x77, 0x35, 0x33, 0x32, 0x36, 0x35, 0x34, 0x26, 0x23, 0x23, 0x35, 0x33,
	0x32, 0x16, 0x16, 0x15, 0x14, 0x06, 0x06, 0x23, 0x07, 0x11, 0x33, 0x11, 0x9F, 0xA2, 0x52, 0x56,
	0x56, 0x52, 0xA2, 0xA5, 0x4A, 0x69, 0x3A, 0x3A, 0x69, 0x4A, 0xDB, 0x48, 0x67, 0x3C, 0x47, 0x40,
	0x41, 0x46, 0x3C, 0x2F, 0x57, 0x3D, 0x3E, 0x57, 0x2E, 0x67, 0x02, 0x36, 0xFD, 0xCA, 0x00, 0x03,
	0x00, 0x30, 0xFF, 0x8D, 0x02, 0xAA, 0x02, 0x3C, 0x00, 0x0F, 0x00, 0x1E, 0x00, 0x2E, 0x00, 0x00,
	0x45, 0x22, 0x26, 0x26, 0x35, 0x34, 0x36, 0x36, 0x33, 0x32, 0x16, 0x16, 0x15, 0x14, 0x06, 0x06,
	0x17, 0x22, 0x26, 0x26, 0x27, 0x37, 0x1E, 0x02, 0x33, 0x32, 0x37, 0x17, 0x06, 0x06, 0x27, 0x32,
	0x36, 0x36, 0x35, 0x34, 0x26, 0x26, 0x23, 0x22, 0x06, 0x06, 0x15, 0x14, 0x16, 0x16, 0x01, 0x5F,
	0x56, 0x8A, 0x4F, 0x4F, 0x8A, 0x56, 0x57, 0x89, 0x4F, 0x4F, 0x89, 0x67, 0x25, 0x44, 0x47, 0x2A,
	0x50, 0x18, 0x2E, 0x2D, 0x18, 0x3D, 0x2C, 0x23, 0x1A, 0x48, 0xE9, 0x43, 0x68, 0x3C, 0x3D, 0x67,
	0x43, 0x42, 0x69, 0x3C, 0x3C, 0x69, 0x06, 0x4B, 0x83, 0x53, 0x53, 0x82, 0x4C, 0x4C, 0x82, 0x53,
	0x53, 0x83, 0x4B, 0x6D, 0x19, 0x35, 0x2D, 0x13, 0x1E, 0x26, 0x11, 0x30, 0x2A, 0x20, 0x1F, 0xAB,
	0x3B, 0x67, 0x41, 0x41, 0x66, 0x3B, 0x3B, 0x66, 0x41, 0x41, 0x67, 0x3B, 0x00, 0x03, 0x00, 0x69,
	0x00, 0x00, 0x02, 0x3A, 0x02, 0x35, 0x00, 0x0C, 0x00, 0x10, 0x00, 0x1B, 0x00, 0x00, 0x73, 0x11,
	0x33, 0x32, 0x16, 0x15, 0x14, 0x06, 0x06, 0x23, 0x23, 0x37, 0x15, 0x21, 0x27, 0x33, 0x17, 0x25,
	0x27, 0x33, 0x32, 0x36, 0x35, 0x34, 0x26, 0x23, 0x23, 0x37, 0x69, 0xDB, 0x6E, 0x7F, 0x3A, 0x69,
	0x4A, 0xB3, 0x20, 0x01, 0x3B, 0x94, 0x4F, 0x93, 0xFE, 0x77, 0x1C, 0xAC, 0x52, 0x56, 0x56, 0x52,
	0xAC, 0x1C, 0x02, 0x35, 0x66, 0x5D, 0x3C, 0x58, 0x2E, 0x20, 0xD0, 0xCD, 0xCD, 0xC9, 0x22, 0x47,
	0x40, 0x41, 0x46, 0x22, 0x00, 0x01, 0x00, 0x2B, 0xFF, 0xFA, 0x01, 0xE0, 0x02, 0x3C, 0x00, 0x2B,
	0x00, 0x00, 0x45, 0x22, 0x26, 0x27, 0x37, 0x16, 0x16, 0x33, 0x32, 0x36, 0x35, 0x34, 0x2E, 0x05,
	0x35, 0x34, 0x36, 0x36, 0x33, 0x32, 0x16, 0x17, 0x07, 0x26, 0x26, 0x23, 0x22, 0x06, 0x15, 0x14,
	0x1E, 0x05, 0x15, 0x14, 0x06, 0x06, 0x01, 0x05, 0x41, 0x77, 0x22, 0x1E, 0x1F, 0x67, 0x38, 0x4E,
	0x43, 0x26, 0x3E, 0x4A, 0x4A, 0x3F, 0x25, 0x32, 0x60, 0x46, 0x32, 0x61, 0x23, 0x1A, 0x24, 0x52,
	0x28, 0x4A, 0x45, 0x26, 0x3E, 0x4B, 0x4A, 0x3E, 0x26, 0x33, 0x61, 0x06, 0x28, 0x1F, 0x38, 0x1D,
	0x25, 0x37, 0x26, 0x20, 0x25, 0x17, 0x10, 0x14, 0x22, 0x38, 0x2E, 0x2E, 0x48, 0x2A, 0x19, 0x19,
	0x3A, 0x19, 0x15, 0x37, 0x28, 0x20, 0x25, 0x17, 0x10, 0x14, 0x21, 0x38, 0x2C, 0x2F, 0x48, 0x29,
	0x00, 0x01, 0x00, 0x63, 0xFF, 0xFA, 0x02, 0x51, 0x02, 0x39, 0x00, 0x2F, 0x00, 0x00, 0x45, 0x22,
	0x26, 0x27, 0x37, 0x16, 0x16, 0x33, 0x32, 0x36, 0x35, 0x34, 0x26, 0x23, 0x22, 0x06, 0x07, 0x27,
	0x37, 0x17, 0x26, 0x26, 0x23, 0x22, 0x06, 0x15, 0x11, 0x23, 0x11, 0x34, 0x36, 0x33, 0x32, 0x16,
	0x16, 0x17, 0x15, 0x07, 0x27, 0x36, 0x36, 0x33, 0x32, 0x16, 0x16, 0x15, 0x14, 0x06, 0x01, 0x8D,
	0x21, 0x3B, 0x1B, 0x10, 0x14, 0x32, 0x20, 0x38, 0x45, 0x46, 0x3D, 0x12, 0x25, 0x0F, 0x0E, 0xC3,
	0x08, 0x20, 0x4E, 0x2E, 0x58, 0x5E, 0x48, 0x86, 0x75, 0x23, 0x45, 0x3E, 0x18, 0xAF, 0x1C, 0x11,
	0x21, 0x14, 0x36, 0x54, 0x30, 0x6B, 0x06, 0x0A, 0x0C, 0x3C, 0x09, 0x0C, 0x38, 0x35, 0x35, 0x37,
	0x05, 0x05, 0x25, 0xD2, 0x30, 0x19, 0x16, 0x5F, 0x59, 0xFE, 0xBC, 0x01, 0x47, 0x71, 0x81, 0x0B,
	0x18, 0x11, 0x31, 0xBC, 0x25, 0x06, 0x04, 0x26, 0x49, 0x36, 0x4F, 0x59, 0x00, 0x01, 0x00, 0x04,
	0x00, 0x00, 0x01, 0xDA, 0x02, 0x35, 0x00, 0x07, 0x00, 0x00, 0x73, 0x11, 0x23, 0x35, 0x21, 0x15,
	0x23, 0x11, 0xCB, 0xC7, 0x01, 0xD6, 0xC7, 0x01, 0xF9, 0x3C, 0x3C, 0xFE, 0x07, 0x00, 0x00, 0x01,
	0x00, 0x63, 0xFF, 0xFA, 0x02, 0x42, 0x02, 0x35, 0x00, 0x13, 0x00, 0x00, 0x45, 0x22, 0x26, 0x26,
	0x35, 0x11, 0x33, 0x11, 0x14, 0x16, 0x33, 0x32, 0x36, 0x35, 0x11, 0x33, 0x11, 0x14, 0x06, 0x06,
	0x01, 0x53, 0x4B, 0x6B, 0x3A, 0x48, 0x58, 0x50, 0x51, 0x58, 0x46, 0x39, 0x6B, 0x06, 0x39, 0x6E,
	0x4F, 0x01, 0x45, 0xFE, 0xBD, 0x5D, 0x5D, 0x5D, 0x5D, 0x01, 0x43, 0xFE, 0xBB, 0x4F, 0x6E, 0x39,
	0xFF, 0xFF, 0x00, 0x63, 0xFF, 0xFA, 0x02, 0x42, 0x03, 0x02, 0x06, 0x26, 0x00, 0xE9, 0x00, 0x00,
	0x00, 0x06, 0x03, 0x49, 0x27, 0x28, 0xFF, 0xFF, 0x00, 0x63, 0xFF, 0xFA, 0x02, 0x42, 0x03, 0x02,
	0x06, 0x26, 0x00, 0xE9, 0x00, 0x00, 0x00, 0x06, 0x03, 0x4B, 0x27, 0x28, 0xFF, 0xFF, 0x00, 0x63,
	0xFF, 0xFA, 0x02, 0x42, 0x02, 0xF3, 0x06, 0x26, 0x00, 0xE9, 0x00, 0x00, 0x00, 0x06, 0x03, 0x46,
	0x27, 0x28, 0xFF, 0xFF, 0x00, 0x63, 0xFF, 0xFA, 0x02, 0x42, 0x03, 0x02, 0x06, 0x26, 0x00, 0xE9,
	0x00, 0x00, 0x00, 0x06, 0x03, 0x48, 0x27, 0x28, 0x00, 0x01, 0x00, 0x0D, 0x00, 0x00, 0x02, 0x4E,
	0x02, 0x35, 0x00, 0x07, 0x00, 0x00, 0x61, 0x03, 0x33, 0x13, 0x23, 0x13, 0x33, 0x03, 0x01, 0x0A,
	0xFD, 0x4D, 0xEA, 0x2B, 0xEC, 0x49, 0xFD, 0x02, 0x35, 0xFD, 0xF0, 0x02, 0x10, 0xFD, 0xCB, 0x00,
	0x00, 0x01, 0x00, 0x27, 0x00, 0x00, 0x03, 0x85, 0x02, 0x35, 0x00, 0x0F, 0x00, 0x00, 0x73, 0x03,
	0x33, 0x13, 0x23, 0x13, 0x33, 0x13, 0x23, 0x13, 0x33, 0x03, 0x23, 0x03, 0x33, 0x03, 0xE8, 0xC1,
	0x4B, 0xB2, 0x26, 0xB8, 0x44, 0xB5, 0x24, 0xB4, 0x46, 0xC1, 0x4B, 0xAC, 0x13, 0xAB, 0x02, 0x35,
	0xFD, 0xF1, 0x02, 0x0F, 0xFD, 0xF1, 0x02, 0x0F, 0xFD, 0xCB, 0x01, 0xEF, 0xFE, 0x11, 0x00, 0x01,
	0x00, 0x11, 0x00, 0x00, 0x02, 0x18, 0x02, 0x35, 0x00, 0x0F, 0x00, 0x00, 0x73, 0x13, 0x15, 0x03,
	0x33, 0x17, 0x23, 0x37, 0x33, 0x03, 0x35, 0x13, 0x23, 0x03, 0x33, 0x03, 0x11, 0xEF, 0xE2, 0x51,
	0xB6, 0x20, 0xB6, 0x50, 0xDF, 0xEC, 0x52, 0xC1, 0x1F, 0xC2, 0x01, 0x3C, 0x33, 0x01, 0x2C, 0xF3,
	0xF3, 0xFE, 0xD8, 0x2C, 0xFE, 0xC7, 0x01, 0x03, 0xFE, 0xFD, 0x00, 0x01, 0x00, 0x08, 0x00, 0x00,
	0x02, 0x23, 0x02, 0x35, 0x00, 0x0B, 0x00, 0x00, 0x73, 0x35, 0x17, 0x03, 0x33, 0x13, 0x23, 0x13,
	0x33, 0x03, 0x37, 0x15, 0xF2, 0x0E, 0xF8, 0x4D, 0xD5, 0x26, 0xD5, 0x4A, 0xF7, 0x0D, 0xD3, 0x30,
	0x01, 0x92, 0xFE, 0xA9, 0x01, 0x57, 0xFE, 0x6E, 0x30, 0xD3, 0xFF, 0xFF, 0x00, 0x08, 0x00, 0x00,
	0x02, 0x23, 0x03, 0x02, 0x06, 0x26, 0x00, 0xF1, 0x00, 0x00, 0x00, 0x06, 0x03, 0x49, 0xEA, 0x28,
	0xFF, 0xFF, 0x00, 0x08, 0x00, 0x00, 0x02, 0x23, 0x02, 0xF3, 0x06, 0x26, 0x00, 0xF1, 0x00, 0x00,
	0x00, 0x06, 0x03, 0x46, 0xEA, 0x28, 0x00, 0x01, 0x00, 0x2B, 0x00, 0x00, 0x02, 0x06, 0x02, 0x35,
	0x00, 0x0B, 0x00, 0x00, 0x73, 0x35, 0x01, 0x17, 0x21, 0x35, 0x21, 0x15, 0x01, 0x27, 0x21, 0x15,
	0x2B, 0x01, 0x88, 0x06, 0xFE, 0x78, 0x01, 0xCB, 0xFE, 0x79, 0x08, 0x01, 0x99, 0x30, 0x01, 0xE3,
	0x1A, 0x3C, 0x30, 0xFE, 0x1E, 0x19, 0x3C, 0x00, 0x00, 0x02, 0x00, 0x63, 0x00, 0x00, 0x02, 0x4A,
	0x02, 0x3C, 0x00, 0x13, 0x00, 0x17, 0x00, 0x00, 0x73, 0x11, 0x34, 0x36, 0x36, 0x33, 0x32, 0x16,
	0x16, 0x15, 0x11, 0x23, 0x11, 0x34, 0x26, 0x23, 0x22, 0x06, 0x15, 0x11, 0x27, 0x35, 0x21, 0x15,
	0x63, 0x3D, 0x6E, 0x49, 0x48, 0x6E, 0x3D, 0x48, 0x5C, 0x50, 0x50, 0x5B, 0x1A, 0x01, 0x8B, 0x01,
	0x3F, 0x53, 0x70, 0x3A, 0x3A, 0x70, 0x53, 0xFE, 0xC1, 0x01, 0x48, 0x5B, 0x5A, 0x5A, 0x5B, 0xFE,
	0xB8, 0xA0, 0x3D, 0x3D, 0xFF, 0xFF, 0x00, 0x63, 0x00, 0x00, 0x02, 0x4A, 0x03, 0x02, 0x06, 0x26,
	0x00, 0xF5, 0x00, 0x00, 0x00, 0x06, 0x03, 0x49, 0x2A, 0x28, 0xFF, 0xFF, 0x00, 0x63, 0x00, 0x00,
	0x02, 0x4A, 0x03, 0x02, 0x06, 0x26, 0x00, 0xF5, 0x00, 0x00, 0x00, 0x06, 0x03, 0x4B, 0x2A, 0x28,
	0xFF, 0xFF, 0x00, 0x63, 0x00, 0x00, 0x02, 0x4A, 0x02, 0xF3, 0x06, 0x26, 0x00, 0xF5, 0x00, 0x00,
	0x00, 0x06, 0x03, 0x46, 0x2A, 0x28, 0xFF, 0xFF, 0x00, 0x63, 0x00, 0x00, 0x02, 0x4A, 0x03, 0x02,
	0x06, 0x26, 0x00, 0xF5, 0x00, 0x00, 0x00, 0x06, 0x03, 0x48, 0x2A, 0x28, 0xFF, 0xFF, 0x00, 0x63,
	0x00, 0x00, 0x02, 0x4A, 0x03, 0x49, 0x06, 0x26, 0x00, 0xF5, 0x00, 0x00, 0x00, 0x06, 0x03, 0x4C,
	0x2A, 0x28, 0xFF, 0xFF, 0x00, 0x63, 0x00, 0x00, 0x02, 0x4A, 0x02, 0xFF, 0x06, 0x26, 0x00, 0xF5,
	0x00, 0x00, 0x00, 0x06, 0x03, 0x4D, 0x2A, 0x28, 0x00, 0x03, 0x00, 0x5D, 0x00, 0x00, 0x03, 0x60,
	0x02, 0x35, 0x00, 0x0B, 0x00, 0x0F, 0x00, 0x1B, 0x00, 0x00, 0x61, 0x11, 0x21, 0x15, 0x21, 0x15,
	0x21, 0x15, 0x21, 0x15, 0x21, 0x15, 0x25, 0x35, 0x21, 0x15, 0x05, 0x11, 0x34, 0x36, 0x33, 0x33,
	0x15, 0x23, 0x22, 0x06, 0x15, 0x11, 0x01, 0xC3, 0x01, 0x91, 0xFE, 0xB6, 0x01, 0x25, 0xFE, 0xDB,
	0x01, 0x56, 0xFD, 0x29, 0x01, 0x5D, 0xFE, 0x77, 0x7B, 0x71, 0x9D, 0x98, 0x54, 0x58, 0x02, 0x35,
	0x3B, 0xBE, 0x39, 0xC8, 0x3B, 0xA8, 0x3C, 0x3C, 0xA8, 0x01, 0x40, 0x75, 0x80, 0x3E, 0x5F, 0x5A,
	0xFE, 0xC2, 0x00, 0x01, 0x00, 0x33, 0xFF, 0xFA, 0x02, 0x04, 0x02, 0x3C, 0x00, 0x2D, 0x00, 0x00,
	0x45, 0x22, 0x26, 0x35, 0x34, 0x36, 0x36, 0x33, 0x17, 0x22, 0x26, 0x26, 0x35, 0x34, 0x36, 0x36,
	0x33, 0x32, 0x16, 0x17, 0x07, 0x26, 0x26, 0x23, 0x22, 0x06, 0x15, 0x14, 0x16, 0x33, 0x33, 0x15,
	0x23, 0x22, 0x06, 0x15, 0x14, 0x16, 0x33, 0x32, 0x36, 0x36, 0x37, 0x17, 0x06, 0x06, 0x01, 0x22,
	0x77, 0x78, 0x2D, 0x4F, 0x32, 0x03, 0x2F, 0x45, 0x25, 0x33, 0x64, 0x4C, 0x36, 0x64, 0x24, 0x16,
	0x25, 0x53, 0x2D, 0x50, 0x4E, 0x3F, 0x3A, 0x94, 0x98, 0x40, 0x4D, 0x52, 0x58, 0x28, 0x49, 0x3E,
	0x16, 0x1A, 0x25, 0x76, 0x06, 0x5C, 0x45, 0x2C, 0x41, 0x22, 0x15, 0x22, 0x3D, 0x29, 0x2B, 0x48,
	0x2C, 0x18, 0x16, 0x38, 0x15, 0x14, 0x3A, 0x2D, 0x2C, 0x30, 0x3B, 0x30, 0x32, 0x2E, 0x3B, 0x0F,
	0x1C, 0x13, 0x37, 0x1F, 0x24, 0x00, 0xFF, 0xFF, 0x00, 0x33, 0xFF, 0xFA, 0x02, 0x04, 0x03, 0x02,
	0x06, 0x26, 0x00, 0xFD, 0x00, 0x00, 0x00, 0x06, 0x03, 0x49, 0xF9, 0x28, 0xFF, 0xFF, 0x00, 0x33,
	0xFF, 0xFA, 0x02, 0x04, 0x03, 0x02, 0x06, 0x26, 0x00, 0xFD, 0x00, 0x00, 0x00, 0x06, 0x03, 0x4B,
	0xF9, 0x28, 0xFF, 0xFF, 0x00, 0x33, 0xFF, 0xFA, 0x02, 0x04, 0x02, 0xF3, 0x06, 0x26, 0x00, 0xFD,
	0x00, 0x00, 0x00, 0x06, 0x03, 0x46, 0xF9, 0x28, 0xFF, 0xFF, 0x00, 0x33, 0xFF, 0xFA, 0x02, 0x04,
	0x03, 0x02, 0x06, 0x26, 0x00, 0xFD, 0x00, 0x00, 0x00, 0x06, 0x03, 0x48, 0xF9, 0x28, 0x00, 0x02,
	0x00, 0x63, 0x00, 0x00, 0x01, 0xF1, 0x02, 0x3C, 0x00, 0x0F, 0x00, 0x13, 0x00, 0x00, 0x73, 0x11,
	0x34, 0x36, 0x33, 0x32, 0x16, 0x17, 0x07, 0x26, 0x26, 0x23, 0x22, 0x06, 0x15, 0x11, 0x27, 0x35,
	0x21, 0x15, 0x63, 0x75, 0x71, 0x31, 0x58, 0x1F, 0x18, 0x1E, 0x48, 0x29, 0x50, 0x4F, 0x19, 0x01,
	0x25, 0x01, 0x6E, 0x5F, 0x6F, 0x16, 0x16, 0x3B, 0x15, 0x13, 0x4A, 0x44, 0xFE, 0x91, 0xEA, 0x3D,
	0x3D, 0x00, 0x00, 0x02, 0x00, 0x30, 0xFF, 0xFA, 0x02, 0x3A, 0x02, 0x3C, 0x00, 0x1E, 0x00, 0x24,
	0x00, 0x00, 0x45, 0x22, 0x2E, 0x02, 0x35, 0x34, 0x36, 0x36, 0x33, 0x32, 0x16, 0x17, 0x07, 0x26,
	0x26, 0x23, 0x22, 0x06, 0x06, 0x15, 0x14, 0x16, 0x16, 0x33, 0x32, 0x36, 0x37, 0x17, 0x06, 0x06,
	0x37, 0x35, 0x27, 0x35, 0x33, 0x11, 0x01, 0x58, 0x3C, 0x6A, 0x53, 0x2F, 0x4F, 0x8A, 0x57, 0x45,
	0x6F, 0x26, 0x2E, 0x23, 0x55, 0x33, 0x42, 0x6A, 0x3D, 0x3E, 0x67, 0x3F, 0x2E, 0x5A, 0x21, 0x1E,
	0x23, 0x6A, 0x6B, 0x10, 0x45, 0x06, 0x29, 0x4C, 0x6A, 0x41, 0x54, 0x82, 0x4C, 0x2A, 0x2A, 0x2F,
	0x23, 0x21, 0x3B, 0x66, 0x42, 0x43, 0x67, 0x38, 0x26, 0x28, 0x31, 0x2F, 0x2C, 0x06, 0x4C, 0x09,
	0xC6, 0xFE, 0xE5, 0x00, 0x00, 0x03, 0x00, 0x37, 0x00, 0x00, 0x01, 0x60, 0x02, 0x35, 0x00, 0x03,
	0x00, 0x07, 0x00, 0x0B, 0x00, 0x00, 0x77, 0x11, 0x33, 0x11, 0x07, 0x35, 0x21, 0x15, 0x01, 0x35,
	0x21, 0x15, 0xA8, 0x47, 0xB8, 0x01, 0x29, 0xFE, 0xD7, 0x01, 0x29, 0x0B, 0x02, 0x20, 0xFD, 0xE0,
	0x0B, 0x3C, 0x3C, 0x01, 0xF9, 0x3C, 0x3C, 0x00, 0xFF, 0xFF, 0x00, 0x37, 0x00, 0x00, 0x01, 0x73,
	0x03, 0x02, 0x06, 0x26, 0x01, 0x04, 0x00, 0x00, 0x00, 0x06, 0x03, 0x49, 0xA0, 0x28, 0xFF, 0xFF,
	0x00, 0x37, 0x00, 0x00, 0x01, 0x60, 0x03, 0x02, 0x06, 0x26, 0x01, 0x04, 0x00, 0x00, 0x00, 0x06,
	0x03, 0x56, 0xA0, 0x28, 0xFF, 0xFF, 0x00, 0x37, 0x00, 0x00, 0x01, 0x60, 0x02, 0xF3, 0x06, 0x26,
	0x01, 0x04, 0x00, 0x00, 0x00, 0x06, 0x03, 0x55, 0xA0, 0x28, 0xFF, 0xFF, 0x00, 0x25, 0x00, 0x00,
	0x01, 0x60, 0x03, 0x02, 0x06, 0x26, 0x01, 0x04, 0x00, 0x00, 0x00, 0x06, 0x03, 0x48, 0xA0, 0x28,
	0x00, 0x01, 0x00, 0x01, 0xFF, 0xA9, 0x01, 0x51, 0x02, 0x35, 0x00, 0x10, 0x00, 0x00, 0x57, 0x22,
	0x26, 0x27, 0x37, 0x16, 0x16, 0x33, 0x32, 0x35, 0x11, 0x23, 0x35, 0x21, 0x11, 0x14, 0x06, 0xA5,
	0x34, 0x56, 0x1A, 0x2D, 0x15, 0x3D, 0x24, 0x66, 0xD0, 0x01, 0x17, 0x58, 0x57, 0x2C, 0x27, 0x2D,
	0x1F, 0x22, 0x78, 0x01, 0x99, 0x3C, 0xFE, 0x2F, 0x5E, 0x5D, 0xFF, 0xFF, 0x00, 0x69, 0x00, 0x00,
	0x01, 0xEC, 0x02, 0x35, 0x06, 0x06, 0x00, 0xD7, 0x00, 0x00, 0x00, 0x01, 0x00, 0x69, 0x00, 0x00,
	0x03, 0xA5, 0x02, 0x3C, 0x00, 0x24, 0x00, 0x00, 0x73, 0x11, 0x33, 0x15, 0x27, 0x36, 0x36, 0x33,
	0x32, 0x16, 0x17, 0x27, 0x36, 0x36, 0x33, 0x32, 0x16, 0x15, 0x11, 0x23, 0x11, 0x34, 0x26, 0x23,
	0x22, 0x06, 0x15, 0x11, 0x23, 0x11, 0x34, 0x26, 0x23, 0x22, 0x06, 0x15, 0x11, 0x69, 0x46, 0x11,
	0x18, 0x66, 0x45, 0x49, 0x66, 0x13, 0x1B, 0x18, 0x6C, 0x4A, 0x60, 0x6F, 0x48, 0x51, 0x47, 0x45,
	0x55, 0x48, 0x50, 0x46, 0x45, 0x57, 0x02, 0x35, 0x7C, 0x0C, 0x3C, 0x3B, 0x44, 0x43, 0x05, 0x41,
	0x41, 0x6D, 0x6C, 0xFE, 0x9D, 0x01, 0x5E, 0x53, 0x4C, 0x50, 0x56, 0xFE, 0xA9, 0x01, 0x5E, 0x53,
	0x4C, 0x50, 0x56, 0xFE, 0xA9, 0x00, 0x00, 0x01, 0x00, 0x69, 0x00, 0x00, 0x02, 0x49, 0x02, 0x3C,
	0x00, 0x14, 0x00, 0x00, 0x73, 0x11, 0x33, 0x15, 0x27, 0x36, 0x36, 0x33, 0x32, 0x16, 0x15, 0x11,
	0x23, 0x11, 0x34, 0x26, 0x23, 0x22, 0x06, 0x15, 0x11, 0x69, 0x45, 0x13, 0x19, 0x6A, 0x4D, 0x68,
	0x76, 0x48, 0x56, 0x4E, 0x50, 0x5C, 0x02, 0x35, 0x88, 0x0D, 0x41, 0x41, 0x7A, 0x6F, 0xFE, 0xAD,
	0x01, 0x50, 0x54, 0x59, 0x5E, 0x59, 0xFE, 0xBA, 0xFF, 0xFF, 0x00, 0x69, 0x00, 0x00, 0x02, 0x49,
	0x02, 0xFF, 0x06, 0x26, 0x01, 0x0C, 0x00, 0x00, 0x00, 0x06, 0x03, 0x4D, 0x2D, 0x28, 0x00, 0x03,
	0x00, 0x30, 0xFF, 0x93, 0x02, 0x8E, 0x02, 0x3C, 0x00, 0x0F, 0x00, 0x17, 0x00, 0x27, 0x00, 0x00,
	0x45, 0x22, 0x26, 0x26, 0x35, 0x34, 0x36, 0x36, 0x33, 0x32, 0x16, 0x16, 0x15, 0x14, 0x06, 0x06,
	0x07, 0x35, 0x37, 0x35, 0x33, 0x15, 0x17, 0x15, 0x27, 0x32, 0x36, 0x36, 0x35, 0x34, 0x26, 0x26,
	0x23, 0x22, 0x06, 0x06, 0x15, 0x14, 0x16, 0x16, 0x01, 0x5F, 0x56, 0x8A, 0x4F, 0x4F, 0x8A, 0x56,
	0x57, 0x89, 0x4F, 0x4F, 0x89, 0x7B, 0x02, 0x44, 0x02, 0x24, 0x43, 0x68, 0x3C, 0x3D, 0x67, 0x43,
	0x42, 0x69, 0x3C, 0x3C, 0x69, 0x06, 0x4B, 0x83, 0x53, 0x53, 0x82, 0x4C, 0x4C, 0x82, 0x53, 0x53,
	0x83, 0x4B, 0x67, 0x74, 0x18, 0xA5, 0xA5, 0x18, 0x74, 0xA6, 0x3A, 0x67, 0x41, 0x41, 0x66, 0x3B,
	0x3B, 0x66, 0x41, 0x41, 0x67, 0x3A, 0x00, 0x02, 0xFF, 0xFE, 0x00, 0x00, 0x01, 0xE6, 0x02, 0x3C,
	0x00, 0x0D, 0x00, 0x11, 0x00, 0x00, 0x53, 0x27, 0x36, 0x36, 0x33, 0x32, 0x16, 0x17, 0x07, 0x26,
	0x26, 0x23, 0x22, 0x06, 0x13, 0x11, 0x33, 0x11, 0x18, 0x1A, 0x39, 0x7C, 0x3F, 0x40, 0x7D, 0x37,
	0x19, 0x33, 0x6F, 0x39, 0x39, 0x6E, 0x84, 0x47, 0x01, 0xC4, 0x37, 0x22, 0x1F, 0x1F, 0x22, 0x37,
	0x1D, 0x1C, 0x1C, 0xFE, 0x1F, 0x02, 0x16, 0xFD, 0xEA, 0x00, 0x00, 0x01, 0x00, 0x63, 0xFF, 0xFA,
	0x02, 0x43, 0x02, 0x35, 0x00, 0x14, 0x00, 0x00, 0x45, 0x22, 0x26, 0x35, 0x11, 0x33, 0x11, 0x14,
	0x16, 0x33, 0x32, 0x36, 0x35, 0x11, 0x33, 0x11, 0x23, 0x35, 0x17, 0x06, 0x06, 0x01, 0x41, 0x68,
	0x76, 0x48, 0x55, 0x4E, 0x52, 0x5B, 0x48, 0x45, 0x13, 0x19, 0x6A, 0x06, 0x7A, 0x6F, 0x01, 0x52,
	0xFE, 0xB0, 0x54, 0x59, 0x5E, 0x59, 0x01, 0x46, 0xFD, 0xCB, 0x88, 0x0D, 0x40, 0x41, 0xFF, 0xFF,
	0x00, 0x63, 0xFF, 0xFA, 0x02, 0x43, 0x03, 0x02, 0x06, 0x26, 0x01, 0x10, 0x00, 0x00, 0x00, 0x06,
	0x03, 0x49, 0x27, 0x28, 0xFF, 0xFF, 0x00, 0x63, 0xFF, 0xFA, 0x02, 0x43, 0x03, 0x02, 0x06, 0x26,
	0x01, 0x10, 0x00, 0x00, 0x00, 0x06, 0x03, 0x4B, 0x27, 0x28, 0xFF, 0xFF, 0x00, 0x63, 0xFF, 0xFA,
	0x02, 0x43, 0x02, 0xF3, 0x06, 0x26, 0x01, 0x10, 0x00, 0x00, 0x00, 0x06, 0x03, 0x46, 0x27, 0x28,
	0xFF, 0xFF, 0x00, 0x63, 0xFF, 0xFA, 0x02, 0x43, 0x03, 0x02, 0x06, 0x26, 0x01, 0x10, 0x00, 0x00,
	0x00, 0x06, 0x03, 0x48, 0x27, 0x28, 0x00, 0x01, 0x00, 0x63, 0xFF, 0xFA, 0x03, 0xA2, 0x02, 0x35,
	0x00, 0x22, 0x00, 0x00, 0x45, 0x22, 0x26, 0x26, 0x35, 0x11, 0x33, 0x11, 0x14, 0x16, 0x33, 0x32,
	0x36, 0x35, 0x11, 0x33, 0x11, 0x14, 0x16, 0x33, 0x32, 0x36, 0x35, 0x11, 0x33, 0x11, 0x14, 0x06,
	0x23, 0x22, 0x26, 0x27, 0x33, 0x06, 0x06, 0x01, 0x46, 0x46, 0x66, 0x37, 0x49, 0x52, 0x49, 0x48,
	0x50, 0x48, 0x50, 0x49, 0x48, 0x52, 0x48, 0x78, 0x6A, 0x4B, 0x69, 0x15, 0x17, 0x14, 0x68, 0x06,
	0x33, 0x66, 0x4A, 0x01, 0x58, 0xFE, 0xA9, 0x54, 0x51, 0x51, 0x54, 0x01, 0x57, 0xFE, 0xA9, 0x54,
	0x51, 0x51, 0x54, 0x01, 0x57, 0xFE, 0xA8, 0x6F, 0x74, 0x3E, 0x3D, 0x3D, 0x3E, 0x00, 0x00, 0x01,
	0x00, 0x5E, 0xFF, 0xA9, 0x02, 0x3E, 0x02, 0x35, 0x00, 0x21, 0x00, 0x00, 0x45, 0x22, 0x26, 0x27,
	0x37, 0x16, 0x16, 0x33, 0x32, 0x36, 0x35, 0x35, 0x17, 0x06, 0x06, 0x23, 0x22, 0x26, 0x35, 0x35,
	0x33, 0x15, 0x14, 0x16, 0x33, 0x32, 0x36, 0x35, 0x35, 0x33, 0x11, 0x14, 0x06, 0x06, 0x01, 0x49,
	0x48, 0x71, 0x27, 0x21, 0x24, 0x61, 0x39, 0x56, 0x58, 0x16, 0x19, 0x68, 0x4D, 0x67, 0x79, 0x48,
	0x55, 0x4E, 0x52, 0x5B, 0x48, 0x3C, 0x6D, 0x57, 0x2D, 0x28, 0x36, 0x26, 0x26, 0x5B, 0x5E, 0x77,
	0x0A, 0x40, 0x41, 0x79, 0x70, 0xBF, 0xBD, 0x54, 0x59, 0x5E, 0x59, 0xB3, 0xFE, 0x70, 0x53, 0x71,
	0x38, 0x00, 0xFF, 0xFF, 0x00, 0x5E, 0xFF, 0xA9, 0x02, 0x3E, 0x03, 0x02, 0x06, 0x26, 0x01, 0x16,
	0x00, 0x00, 0x00, 0x06, 0x03, 0x49, 0x22, 0x28, 0xFF, 0xFF, 0x00, 0x5E, 0xFF, 0xA9, 0x02, 0x3E,
	0x02, 0xF3, 0x06, 0x26, 0x01, 0x16, 0x00, 0x00, 0x00, 0x06, 0x03, 0x46, 0x22, 0x28, 0x00, 0x02,
	0x00, 0x2B, 0x00, 0x00, 0x02, 0x06, 0x02, 0x35, 0x00, 0x0B, 0x00, 0x13, 0x00, 0x00, 0x73, 0x35,
	0x01, 0x17, 0x21, 0x35, 0x21, 0x15, 0x01, 0x27, 0x21, 0x15, 0x03, 0x27, 0x23, 0x35, 0x33, 0x17,
	0x33, 0x15, 0x2B, 0x01, 0x86, 0x07, 0xFE, 0x77, 0x01, 0xCB, 0xFE, 0x7B, 0x08, 0x01, 0x99, 0xF2,
	0x13, 0xB3, 0xCA, 0x14, 0xBA, 0x30, 0x01, 0xE3, 0x1A, 0x3C, 0x30, 0xFE, 0x1E, 0x19, 0x3C, 0x01,
	0x00, 0x01, 0x3B, 0x01, 0x3B, 0x00, 0xFF, 0xFF, 0x00, 0x69, 0x00, 0x00, 0x02, 0xCC, 0x02, 0x35,
	0x04, 0x26, 0x00, 0xCC, 0x00, 0x00, 0x00, 0x07, 0x00, 0xCF, 0x02, 0x1B, 0x00, 0x00, 0xFF, 0xFF,
	0x00, 0x69, 0x00, 0x00, 0x04, 0x08, 0x02, 0x35, 0x04, 0x26, 0x00, 0xCC, 0x00, 0x00, 0x00, 0x07,
	0x00, 0xD7, 0x02, 0x1B, 0x00, 0x00, 0xFF, 0xFF, 0x00, 0x63, 0x00, 0x00, 0x03, 0x62, 0x02, 0x3C,
	0x04, 0x26, 0x01, 0x02, 0x00, 0x00, 0x00, 0x07, 0x01, 0x04, 0x02, 0x02, 0x00, 0x00, 0xFF, 0xFF,
	0x00, 0x63, 0x00, 0x00, 0x03, 0xEE, 0x02, 0x3C, 0x04, 0x26, 0x01, 0x02, 0x00, 0x00, 0x00, 0x07,
	0x00, 0xD7, 0x02, 0x02, 0x00, 0x00, 0x00, 0x02, 0x00, 0x29, 0x01, 0xAB, 0x01, 0x4A, 0x02, 0xEA,
	0x00, 0x11, 0x00, 0x27, 0x00, 0x00, 0x41, 0x35, 0x27, 0x35, 0x34, 0x26, 0x23, 0x22, 0x06, 0x07,
	0x27, 0x36, 0x36, 0x33, 0x32, 0x16, 0x15, 0x15, 0x07, 0x22, 0x26, 0x35, 0x34, 0x36, 0x33, 0x33,
	0x15, 0x23, 0x22, 0x06, 0x15, 0x14, 0x16, 0x33, 0x32, 0x36, 0x37, 0x17, 0x06, 0x06, 0x01, 0x19,
	0x04, 0x2E, 0x2E, 0x21, 0x3B, 0x15, 0x15, 0x19, 0x4B, 0x27, 0x44, 0x48, 0xA6, 0x3C, 0x3F, 0x3C,
	0x47, 0x73, 0x6D, 0x2F, 0x28, 0x2C, 0x28, 0x27, 0x32, 0x0D, 0x0A, 0x0B, 0x3F, 0x01, 0xAE, 0x44,
	0x0B, 0x73, 0x29, 0x27, 0x13, 0x12, 0x23, 0x14, 0x18, 0x3D, 0x3F, 0xC0, 0x03, 0x34, 0x27, 0x26,
	0x34, 0x23, 0x1D, 0x17, 0x1B, 0x1E, 0x1E, 0x1C, 0x20, 0x1C, 0x23, 0x00, 0x00, 0x02, 0x00, 0x22,
	0x01, 0xAB, 0x01, 0x7C, 0x02, 0xEA, 0x00, 0x0F, 0x00, 0x1B, 0x00, 0x00, 0x53, 0x22, 0x26, 0x26,
	0x35, 0x34, 0x36, 0x36, 0x33, 0x32, 0x16, 0x16, 0x15, 0x14, 0x06, 0x06, 0x27, 0x32, 0x36, 0x35,
	0x34, 0x26, 0x23, 0x22, 0x06, 0x15, 0x14, 0x16, 0xCF, 0x32, 0x4E, 0x2D, 0x2D, 0x4E, 0x32, 0x32,
	0x4E, 0x2D, 0x2D, 0x4E, 0x32, 0x35, 0x44, 0x44, 0x35, 0x35, 0x44, 0x44, 0x01, 0xAB, 0x29, 0x49,
	0x2E, 0x2F, 0x47, 0x29, 0x29, 0x47, 0x2F, 0x2E, 0x49, 0x29, 0x2D, 0x40, 0x33, 0x34, 0x3F, 0x40,
	0x33, 0x33, 0x40, 0x00, 0xFF, 0xFF, 0x00, 0x10, 0x00, 0x00, 0x02, 0xD9, 0x02, 0xBC, 0x04, 0x06,
	0x00, 0x01, 0x0D, 0x00, 0x00, 0x02, 0x00, 0x76, 0x00, 0x00, 0x02, 0xA1, 0x02, 0xBC, 0x00, 0x0C,
	0x00, 0x14, 0x00, 0x00, 0x73, 0x11, 0x21, 0x15, 0x21, 0x15, 0x33, 0x32, 0x16, 0x15, 0x14, 0x06,
	0x23, 0x27, 0x33, 0x32, 0x36, 0x35, 0x34, 0x23, 0x23, 0x76, 0x02, 0x00, 0xFE, 0x49, 0xE5, 0x7C,
	0x81, 0x8B, 0x82, 0xD5, 0xD4, 0x61, 0x63, 0xC4, 0xD4, 0x02, 0xBC, 0x3F, 0xE5, 0x65, 0x62, 0x65,
	0x6C, 0x3B, 0x4B, 0x48, 0x8F, 0x00, 0x00, 0x03, 0x00, 0x76, 0x00, 0x00, 0x02, 0xAA, 0x02, 0xBC,
	0x00, 0x0F, 0x00, 0x18, 0x00, 0x21, 0x00, 0x00, 0x73, 0x11, 0x21, 0x32, 0x16, 0x15, 0x14, 0x06,
	0x23, 0x37, 0x32, 0x16, 0x15, 0x14, 0x06, 0x23, 0x27, 0x33, 0x32, 0x36, 0x35, 0x34, 0x26, 0x23,
	0x23, 0x35, 0x33, 0x32, 0x36, 0x35, 0x34, 0x26, 0x23, 0x23, 0x76, 0x01, 0x23, 0x6F, 0x7F, 0x7A,
	0x63, 0x11, 0x75, 0x7A, 0x7F, 0x7F, 0xED, 0xED, 0x59, 0x5C, 0x5C, 0x59, 0xED, 0xD6, 0x51, 0x57,
	0x57, 0x51, 0xD6, 0x02, 0xBC, 0x5B, 0x58, 0x57, 0x59, 0x19, 0x5C, 0x59, 0x5A, 0x63, 0x3B, 0x42,
	0x45, 0x44, 0x40, 0x39, 0x41, 0x40, 0x40, 0x41, 0x00, 0x01, 0x00, 0x76, 0x00, 0x00, 0x02, 0x33,
	0x02, 0xBC, 0x00, 0x06, 0x00, 0x00, 0x73, 0x11, 0x21, 0x15, 0x21, 0x37, 0x13, 0x76, 0x01, 0xBD,
	0xFE, 0x78, 0x13, 0x01, 0x02, 0xBC, 0x40, 0x13, 0xFD, 0x71, 0xFF, 0xFF, 0x00, 0x76, 0x00, 0x00,
	0x02, 0x33, 0x03, 0x71, 0x06, 0x26, 0x01, 0x23, 0x00, 0x00, 0x00, 0x07, 0x03, 0x49, 0x00, 0x21,
	0x00, 0x96, 0x00, 0x01, 0x00, 0x76, 0x00, 0x00, 0x02, 0x33, 0x03, 0x4C, 0x00, 0x07, 0x00, 0x00,
	0x73, 0x11, 0x21, 0x35, 0x33, 0x15, 0x21, 0x11, 0x76, 0x01, 0x78, 0x45, 0xFE, 0x8C, 0x02, 0xBC,
	0x90, 0xD0, 0xFD, 0x84, 0xFF, 0xFF, 0x00, 0x76, 0xFF, 0x63, 0x02, 0x33, 0x02, 0xBC, 0x06, 0x26,
	0x01, 0x23, 0x00, 0x00, 0x00, 0x06, 0x03, 0x43, 0x48, 0x00, 0x00, 0x02, 0x00, 0x23, 0x00, 0x00,
	0x02, 0x4B, 0x02, 0xBC, 0x00, 0x03, 0x00, 0x0A, 0x00, 0x00, 0x53, 0x35, 0x21, 0x15, 0x01, 0x11,
	0x21, 0x15, 0x21, 0x37, 0x11, 0x23, 0x01, 0xE1, 0xFE, 0x8A, 0x01, 0xBD, 0xFE, 0x78, 0x14, 0x01,
	0x29, 0x38, 0x38, 0xFE, 0xD7, 0x02, 0xBC, 0x40, 0x13, 0xFD, 0x71, 0x00, 0x00, 0x02, 0x00, 0x76,
	0xFF, 0x6D, 0x02, 0x88, 0x02, 0xBC, 0x00, 0x06, 0x00, 0x1D, 0x00, 0x00, 0x73, 0x11, 0x21, 0x15,
	0x21, 0x37, 0x11, 0x17, 0x37, 0x16, 0x36, 0x36, 0x35, 0x34, 0x2E, 0x02, 0x06, 0x07, 0x27, 0x36,
	0x36, 0x1E, 0x02, 0x15, 0x14, 0x0E, 0x02, 0x76, 0x01, 0xD1, 0xFE, 0x65, 0x13, 0x82, 0x0D, 0x44,
	0x6D, 0x41, 0x2E, 0x4F, 0x64, 0x70, 0x37, 0x07, 0x45, 0x88, 0x78, 0x5D, 0x35, 0x32, 0x5A, 0x76,
	0x02, 0xBC, 0x40, 0x14, 0xFD, 0x70, 0x85, 0x3E, 0x0E, 0x2E, 0x68, 0x48, 0x3B, 0x55, 0x32, 0x0A,
	0x20, 0x27, 0x3F, 0x2A, 0x1D, 0x14, 0x41, 0x6B, 0x46, 0x47, 0x72, 0x4C, 0x1C, 0x00, 0x00, 0x02,
	0x00, 0x0B, 0xFF, 0x63, 0x02, 0xF9, 0x02, 0xBC, 0x00, 0x11, 0x00, 0x19, 0x00, 0x00, 0x77, 0x27,
	0x16, 0x3E, 0x02, 0x37, 0x37, 0x21, 0x11, 0x23, 0x11, 0x21, 0x07, 0x0E, 0x03, 0x07, 0x37, 0x21,
	0x15, 0x23, 0x35, 0x21, 0x07, 0x76, 0x51, 0x28, 0x35, 0x1D, 0x0E, 0x03, 0x08, 0x01, 0xD8, 0x49,
	0xFE, 0xB1, 0x06, 0x03, 0x0D, 0x1B, 0x2D, 0x8F, 0x01, 0x02, 0xED, 0x45, 0xFD, 0x9D, 0x01, 0x31,
	0x0F, 0x02, 0x3E, 0x70, 0x96, 0x57, 0xE3, 0xFD, 0x67, 0x02, 0x59, 0xAA, 0x4F, 0x91, 0x73, 0x48,
	0xD4, 0xDD, 0xDD, 0x9D, 0x9D, 0x00, 0xFF, 0xFF, 0x00, 0x76, 0x00, 0x00, 0x02, 0x65, 0x02, 0xBC,
	0x04, 0x06, 0x00, 0x0E, 0x04, 0x00, 0xFF, 0xFF, 0x00, 0x76, 0x00, 0x00, 0x02, 0x65, 0x03, 0x71,
	0x04, 0x26, 0x00, 0x0E, 0x04, 0x00, 0x00, 0x07, 0x03, 0x48, 0x00, 0x3A, 0x00, 0x96, 0xFF, 0xFF,
	0x00, 0x76, 0x00, 0x00, 0x02, 0x65, 0x03, 0x62, 0x04, 0x26, 0x00, 0x0E, 0x04, 0x00, 0x00, 0x07,
	0x03, 0x46, 0x00, 0x3A, 0x00, 0x96, 0x00, 0x07, 0x00, 0x18, 0x00, 0x00, 0x03, 0xDB, 0x02, 0xBC,
	0x00, 0x03, 0x00, 0x07, 0x00, 0x0B, 0x00, 0x0F, 0x00, 0x13, 0x00, 0x17, 0x00, 0x1B, 0x00, 0x00,
	0x61, 0x03, 0x37, 0x01, 0x21, 0x01, 0x17, 0x03, 0x13, 0x03, 0x33, 0x13, 0x07, 0x35, 0x33, 0x15,
	0x03, 0x11, 0x33, 0x11, 0x03, 0x35, 0x33, 0x15, 0x37, 0x27, 0x13, 0x33, 0x03, 0x85, 0xE9, 0x3F,
	0x01, 0x00, 0xFC, 0x3D, 0x01, 0x00, 0x3F, 0xE9, 0xA7, 0xEB, 0x50, 0xDE, 0x34, 0xC8, 0x16, 0x48,
	0x17, 0xC8, 0x0F, 0x44, 0xDF, 0x50, 0x01, 0x5D, 0x24, 0xFE, 0x7F, 0x01, 0x81, 0x24, 0xFE, 0xA3,
	0x01, 0x56, 0x01, 0x66, 0xFE, 0xA6, 0x21, 0x41, 0x41, 0xFE, 0xBF, 0x02, 0xBC, 0xFD, 0x44, 0x01,
	0x41, 0x41, 0x41, 0x15, 0x0C, 0x01, 0x5A, 0x00, 0xFF, 0xFF, 0x00, 0x04, 0xFF, 0xFA, 0x02, 0x33,
	0x02, 0xC1, 0x06, 0x06, 0x00, 0x47, 0x00, 0x00, 0x00, 0x01, 0x00, 0x76, 0x00, 0x00, 0x02, 0xC2,
	0x02, 0xBC, 0x00, 0x09, 0x00, 0x00, 0x73, 0x11, 0x33, 0x11, 0x01, 0x33, 0x11, 0x23, 0x11, 0x01,
	0x76, 0x49, 0x01, 0xC0, 0x43, 0x49, 0xFE, 0x40, 0x02, 0xBC, 0xFD, 0xBC, 0x02, 0x44, 0xFD, 0x44,
	0x02, 0x43, 0xFD, 0xBD, 0xFF, 0xFF, 0x00, 0x76, 0x00, 0x00, 0x02, 0xC2, 0x03, 0x70, 0x06, 0x26,
	0x01, 0x2F, 0x00, 0x00, 0x00, 0x07, 0x03, 0x41, 0x00, 0xB1, 0x00, 0x00, 0xFF, 0xFF, 0x00, 0x76,
	0x00, 0x00, 0x02, 0xC2, 0x03, 0x71, 0x06, 0x26, 0x01, 0x2F, 0x00, 0x00, 0x00, 0x07, 0x03, 0x48,
	0x00, 0x6E, 0x00, 0x96, 0x00, 0x03, 0x00, 0x76, 0xFF, 0x63, 0x03, 0x26, 0x03, 0x70, 0x00, 0x06,
	0x00, 0x10, 0x00, 0x1E, 0x00, 0x00, 0x45, 0x37, 0x17, 0x23, 0x35, 0x33, 0x07, 0x25, 0x11, 0x33,
	0x11, 0x01, 0x33, 0x11, 0x23, 0x11, 0x01, 0x13, 0x22, 0x26, 0x27, 0x33, 0x16, 0x16, 0x33, 0x32,
	0x36, 0x37, 0x33, 0x06, 0x06, 0x02, 0xA7, 0x2F, 0x1E, 0x7B, 0xAD, 0x44, 0xFD, 0x94, 0x49, 0x01,
	0xC0, 0x43, 0x49, 0xFE, 0x40, 0xE1, 0x4B, 0x57, 0x01, 0x37, 0x01, 0x3B, 0x30, 0x2F, 0x3C, 0x01,
	0x37, 0x01, 0x58, 0x9D, 0xB1, 0x14, 0x40, 0xDD, 0x9D, 0x02, 0xBC, 0xFD, 0xBC, 0x02, 0x44, 0xFD,
	0x44, 0x02, 0x43, 0xFD, 0xBD, 0x02, 0xEF, 0x44, 0x3D, 0x28, 0x2E, 0x2E, 0x28, 0x3D, 0x44, 0x00,
	0x00, 0x04, 0x00, 0x76, 0x00, 0x00, 0x02, 0xAA, 0x02, 0xBC, 0x00, 0x03, 0x00, 0x07, 0x00, 0x0B,
	0x00, 0x0F, 0x00, 0x00, 0x61, 0x01, 0x37, 0x01, 0x21, 0x11, 0x33, 0x11, 0x03, 0x35, 0x33, 0x15,
	0x37, 0x27, 0x01, 0x33, 0x02, 0x55, 0xFE, 0xF3, 0x3C, 0x01, 0x26, 0xFD, 0xCC, 0x48, 0x16, 0xDB,
	0x07, 0x44, 0x01, 0x05, 0x50, 0x01, 0x5D, 0x24, 0xFE, 0x7F, 0x02, 0xBC, 0xFD, 0x44, 0x01, 0x41,
	0x41, 0x41, 0x15, 0x0C, 0x01, 0x5A, 0xFF, 0xFF, 0x00, 0x76, 0x00, 0x00, 0x02, 0xAA, 0x03, 0x71,
	0x06, 0x26, 0x01, 0x33, 0x00, 0x00, 0x00, 0x07, 0x03, 0x49, 0x00, 0x34, 0x00, 0x96, 0x00, 0x01,
	0x00, 0x0B, 0xFF, 0xFA, 0x02, 0x9B, 0x02, 0xBC, 0x00, 0x17, 0x00, 0x00, 0x57, 0x22, 0x26, 0x27,
	0x37, 0x16, 0x33, 0x32, 0x36, 0x36, 0x37, 0x13, 0x21, 0x11, 0x23, 0x11, 0x17, 0x21, 0x37, 0x07,
	0x0E, 0x03, 0x43, 0x0E, 0x1A, 0x10, 0x06, 0x11, 0x10, 0x2D, 0x37, 0x1C, 0x04, 0x0A, 0x01, 0xDB,
	0x49, 0x13, 0xFE, 0x8A, 0x12, 0x09, 0x04, 0x16, 0x2A, 0x42, 0x06, 0x03, 0x04, 0x42, 0x04, 0x47,
	0x95, 0x75, 0x01, 0x2C, 0xFD, 0x44, 0x02, 0x90, 0x14, 0x15, 0xFF, 0x69, 0x99, 0x65, 0x31, 0x00,
	0x00, 0x01, 0x00, 0x76, 0x00, 0x00, 0x03, 0x4D, 0x02, 0xBC, 0x00, 0x0F, 0x00, 0x00, 0x73, 0x11,
	0x33, 0x01, 0x23, 0x01, 0x33, 0x11, 0x23, 0x11, 0x33, 0x01, 0x23, 0x01, 0x33, 0x11, 0x76, 0x3D,
	0x01, 0x40, 0x20, 0x01, 0x3D, 0x3D, 0x47, 0x11, 0xFE, 0xDC, 0x23, 0xFE, 0xDA, 0x13, 0x02, 0xBC,
	0xFD, 0xDE, 0x02, 0x22, 0xFD, 0x44, 0x02, 0x4D, 0xFE, 0x0C, 0x01, 0xF4, 0xFD, 0xB3, 0xFF, 0xFF,
	0x00, 0x76, 0x00, 0x00, 0x02, 0xBF, 0x02, 0xBC, 0x04, 0x06, 0x00, 0x15, 0x04, 0x00, 0xFF, 0xFF,
	0x00, 0x39, 0xFF, 0xFA, 0x03, 0x19, 0x02, 0xC2, 0x04, 0x06, 0x00, 0x22, 0x05, 0x00, 0x00, 0x01,
	0x00, 0x76, 0x00, 0x00, 0x02, 0xC3, 0x02, 0xBC, 0x00, 0x09, 0x00, 0x00, 0x73, 0x11, 0x21, 0x11,
	0x23, 0x11, 0x17, 0x21, 0x37, 0x11, 0x76, 0x02, 0x4D, 0x49, 0x13, 0xFE, 0x1F, 0x13, 0x02, 0xBC,
	0xFD, 0x44, 0x02, 0x90, 0x14, 0x14, 0xFD, 0x70, 0xFF, 0xFF, 0x00, 0x76, 0x00, 0x00, 0x02, 0x9A,
	0x02, 0xBC, 0x04, 0x06, 0x00, 0x29, 0x04, 0x00, 0xFF, 0xFF, 0x00, 0x3A, 0xFF, 0xFA, 0x02, 0xA9,
	0x02, 0xC2, 0x04, 0x06, 0x00, 0x0A, 0x06, 0x00, 0x00, 0x01, 0x00, 0x0B, 0x00, 0x00, 0x02, 0x40,
	0x02, 0xBC, 0x00, 0x09, 0x00, 0x00, 0x61, 0x11, 0x17, 0x21, 0x35, 0x21, 0x15, 0x21, 0x37, 0x11,
	0x01, 0x01, 0x14, 0xFE, 0xF6, 0x02, 0x35, 0xFE, 0xF7, 0x13, 0x02, 0x90, 0x14, 0x40, 0x40, 0x14,
	0xFD, 0x70, 0x00, 0x02, 0x00, 0x15, 0xFF, 0xF5, 0x02, 0x9C, 0x02, 0xBC, 0x00, 0x0C, 0x00, 0x10,
	0x00, 0x00, 0x77, 0x37, 0x16, 0x36, 0x3F, 0x02, 0x01, 0x33, 0x01, 0x0E, 0x02, 0x37, 0x01, 0x33,
	0x01, 0x55, 0x15, 0x33, 0x5A, 0x26, 0x22, 0x07, 0x01, 0x0C, 0x4A, 0xFE, 0xC2, 0x20, 0x57, 0x61,
	0xBE, 0xFE, 0xD1, 0x4F, 0x01, 0x08, 0x09, 0x3C, 0x14, 0x15, 0x3C, 0x36, 0x09, 0x01, 0xFB, 0xFD,
	0xB6, 0x3D, 0x3C, 0x04, 0x89, 0x02, 0x3E, 0xFD, 0xFF, 0x00, 0xFF, 0xFF, 0x00, 0x15, 0xFF, 0xF5,
	0x02, 0x9C, 0x03, 0x70, 0x06, 0x26, 0x01, 0x3D, 0x00, 0x00, 0x00, 0x06, 0x03, 0x41, 0x64, 0x00,
	0x00, 0x03, 0x00, 0x32, 0xFF, 0xE8, 0x03, 0x63, 0x02, 0xD4, 0x00, 0x17, 0x00, 0x2D, 0x00, 0x31,
	0x00, 0x00, 0x65, 0x22, 0x26, 0x26, 0x35, 0x34, 0x36, 0x36, 0x33, 0x3A, 0x02, 0x33, 0x32, 0x16,
	0x16, 0x15, 0x14, 0x06, 0x06, 0x23, 0x2A, 0x02, 0x37, 0x32, 0x32, 0x33, 0x3E, 0x02, 0x35, 0x34,
	0x26, 0x26, 0x23, 0x22, 0x22, 0x23, 0x22, 0x06, 0x06, 0x15, 0x14, 0x16, 0x16, 0x17, 0x11, 0x33,
	0x11, 0x01, 0xC1, 0x7D, 0xB2, 0x60, 0x60, 0xB2, 0x7D, 0x01, 0x08, 0x08, 0x01, 0x7E, 0xB2, 0x60,
	0x5F, 0xB2, 0x7C, 0x02, 0x09, 0x09, 0x07, 0x02, 0x04, 0x01, 0x69, 0x95, 0x4E, 0x4F, 0x93, 0x68,
	0x01, 0x06, 0x02, 0x6A, 0x96, 0x50, 0x51, 0x97, 0x47, 0x45, 0x30, 0x47, 0x88, 0x60, 0x60, 0x87,
	0x48, 0x48, 0x87, 0x60, 0x60, 0x88, 0x47, 0x3A, 0x01, 0x39, 0x6D, 0x4E, 0x4F, 0x6C, 0x39, 0x38,
	0x6D, 0x4F, 0x50, 0x6D, 0x38, 0x82, 0x02, 0xEC, 0xFD, 0x14, 0x00, 0x01, 0x00, 0x16, 0x00, 0x00,
	0x02, 0x74, 0x02, 0xBC, 0x00, 0x0B, 0x00, 0x00, 0x73, 0x01, 0x03, 0x33, 0x13, 0x13, 0x33, 0x03,
	0x01, 0x23, 0x03, 0x03, 0x16, 0x01, 0x01, 0xEF, 0x55, 0xC7, 0xC6, 0x57, 0xEF, 0x01, 0x02, 0x57,
	0xD9, 0xD9, 0x01, 0x69, 0x01, 0x53, 0xFE, 0xEB, 0x01, 0x15, 0xFE, 0xB0, 0xFE, 0x94, 0x01, 0x2D,
	0xFE, 0xD3, 0x00, 0x02, 0x00, 0x2C, 0x00, 0x00, 0x02, 0x55, 0x02, 0xBC, 0x00, 0x0F, 0x00, 0x13,
	0x00, 0x00, 0x65, 0x22, 0x26, 0x35, 0x35, 0x33, 0x15, 0x14, 0x16, 0x33, 0x32, 0x36, 0x37, 0x15,
	0x06, 0x06, 0x17, 0x11, 0x33, 0x11, 0x01, 0x30, 0x7B, 0x89, 0x48, 0x67, 0x5C, 0x36, 0x73, 0x3A,
	0x3D, 0x77, 0xA6, 0x49, 0xF1, 0x77, 0x6D, 0xE7, 0xDF, 0x51, 0x5A, 0x1D, 0x1B, 0x42, 0x1B, 0x1C,
	0xF1, 0x02, 0xBC, 0xFD, 0x44, 0x00, 0x00, 0x02, 0x00, 0x76, 0xFF, 0x5C, 0x03, 0x1E, 0x02, 0xBC,
	0x00, 0x07, 0x00, 0x0E, 0x00, 0x00, 0x73, 0x11, 0x33, 0x11, 0x21, 0x11, 0x33, 0x11, 0x17, 0x35,
	0x17, 0x23, 0x35, 0x33, 0x15, 0x76, 0x49, 0x01, 0xA7, 0x49, 0x2A, 0x13, 0x86, 0xB8, 0x02, 0xBC,
	0xFD, 0x84, 0x02, 0x7C, 0xFD, 0x44, 0xA4, 0xB8, 0x14, 0x40, 0xE4, 0x00, 0x00, 0x01, 0x00, 0x76,
	0x00, 0x00, 0x03, 0xD0, 0x02, 0xBC, 0x00, 0x0F, 0x00, 0x00, 0x73, 0x11, 0x33, 0x11, 0x27, 0x21,
	0x07, 0x11, 0x33, 0x11, 0x27, 0x21, 0x07, 0x11, 0x33, 0x11, 0x76, 0x49, 0x13, 0x01, 0x65, 0x12,
	0x49, 0x14, 0x01, 0x67, 0x14, 0x49, 0x02, 0xBC, 0xFD, 0x70, 0x14, 0x14, 0x02, 0x90, 0xFD, 0x70,
	0x14, 0x14, 0x02, 0x90, 0xFD, 0x44, 0xFF, 0xFF, 0x00, 0x76, 0xFF, 0x63, 0x04, 0x3D, 0x02, 0xBC,
	0x04, 0x26, 0x01, 0x43, 0x00, 0x00, 0x00, 0x07, 0x03, 0x43, 0x03, 0x58, 0x00, 0x00, 0x00, 0x01,
	0x00, 0x76, 0xFF, 0x5C, 0x02, 0xAF, 0x02, 0xBC, 0x00, 0x0B, 0x00, 0x00, 0x45, 0x35, 0x23, 0x11,
	0x33, 0x11, 0x21, 0x11, 0x33, 0x11, 0x23, 0x15, 0x01, 0x70, 0xFA, 0x49, 0x01, 0xA7, 0x49, 0xFA,
	0xA4, 0xA4, 0x02, 0xBC, 0xFD, 0x84, 0x02, 0x7C, 0xFD, 0x44, 0xA4, 0x00, 0x00, 0x02, 0x00, 0x76,
	0x00, 0x00, 0x02, 0x9A, 0x02, 0xBC, 0x00, 0x0A, 0x00, 0x13, 0x00, 0x00, 0x73, 0x11, 0x33, 0x15,
	0x33, 0x32, 0x16, 0x15, 0x14, 0x06, 0x23, 0x27, 0x33, 0x32, 0x36, 0x35, 0x34, 0x26, 0x23, 0x23,
	0x76, 0x49, 0xDC, 0x7C, 0x83, 0x8C, 0x82, 0xCD, 0xCB, 0x61, 0x65, 0x64, 0x62, 0xCB, 0x02, 0xBC,
	0xFA, 0x6F, 0x6D, 0x71, 0x75, 0x3B, 0x56, 0x53, 0x53, 0x4F, 0xFF, 0xFF, 0x00, 0x76, 0x00, 0x00,
	0x03, 0x5C, 0x02, 0xBC, 0x04, 0x26, 0x01, 0x46, 0x00, 0x00, 0x00, 0x07, 0x01, 0x4E, 0x02, 0x9D,
	0x00, 0x00, 0x00, 0x02, 0x00, 0x0B, 0x00, 0x00, 0x03, 0x08, 0x02, 0xBC, 0x00, 0x0C, 0x00, 0x15,
	0x00, 0x00, 0x73, 0x11, 0x23, 0x35, 0x21, 0x15, 0x33, 0x32, 0x16, 0x15, 0x14, 0x06, 0x23, 0x27,
	0x33, 0x32, 0x36, 0x35, 0x34, 0x26, 0x23, 0x23, 0xE5, 0xDA, 0x01, 0x23, 0xDC, 0x7B, 0x83, 0x8C,
	0x82, 0xCC, 0xCB, 0x61, 0x65, 0x64, 0x62, 0xCB, 0x02, 0x7C, 0x40, 0xFA, 0x6F, 0x6D, 0x71, 0x75,
	0x3B, 0x56, 0x53, 0x53, 0x4F, 0x00, 0xFF, 0xFF, 0x00, 0x0B, 0xFF, 0xFA, 0x04, 0x76, 0x02, 0xBC,
	0x04, 0x26, 0x01, 0x35, 0x00, 0x00, 0x00, 0x07, 0x01, 0x46, 0x01, 0xDC, 0x00, 0x00, 0x00, 0x03,
	0x00, 0x76, 0x00, 0x00, 0x04, 0x78, 0x02, 0xBC, 0x00, 0x0B, 0x00, 0x16, 0x00, 0x22, 0x00, 0x00,
	0x73, 0x11, 0x33, 0x11, 0x21, 0x11, 0x33, 0x11, 0x23, 0x11, 0x21, 0x11, 0x25, 0x27, 0x33, 0x32,
	0x36, 0x35, 0x34, 0x26, 0x23, 0x23, 0x37, 0x03, 0x11, 0x33, 0x11, 0x27, 0x33, 0x32, 0x16, 0x15,
	0x14, 0x06, 0x23, 0x76, 0x49, 0x01, 0xA7, 0x49, 0x49, 0xFE, 0x59, 0x01, 0xF0, 0x13, 0xDB, 0x57,
	0x60, 0x5F, 0x58, 0xDB, 0x13, 0x49, 0x49, 0x13, 0xED, 0x71, 0x7E, 0x86, 0x77, 0x02, 0xBC, 0xFE,
	0xE0, 0x01, 0x20, 0xFD, 0x44, 0x01, 0x5C, 0xFE, 0xA4, 0x27, 0x14, 0x50, 0x46, 0x47, 0x4B, 0x15,
	0xFE, 0x88, 0x02, 0xBC, 0xFE, 0xCC, 0x17, 0x6A, 0x60, 0x64, 0x71, 0x00, 0xFF, 0xFF, 0x00, 0x36,
	0xFF, 0xFA, 0x02, 0x3F, 0x02, 0xC2, 0x04, 0x06, 0x00, 0x2D, 0x07, 0x00, 0x00, 0x02, 0x00, 0x3B,
	0xFF, 0xFA, 0x02, 0xA0, 0x02, 0xC2, 0x00, 0x21, 0x00, 0x25, 0x00, 0x00, 0x45, 0x22, 0x2E, 0x02,
	0x35, 0x34, 0x3E, 0x02, 0x33, 0x32, 0x16, 0x17, 0x07, 0x26, 0x26, 0x23, 0x22, 0x0E, 0x02, 0x15,
	0x14, 0x1E, 0x02, 0x33, 0x32, 0x36, 0x37, 0x17, 0x06, 0x06, 0x01, 0x35, 0x21, 0x15, 0x01, 0x97,
	0x4A, 0x7F, 0x5F, 0x34, 0x34, 0x5F, 0x7F, 0x4A, 0x51, 0x89, 0x2F, 0x2E, 0x2C, 0x6D, 0x3E, 0x3C,
	0x65, 0x4B, 0x2A, 0x2A, 0x4B, 0x65, 0x3C, 0x3E, 0x6D, 0x2C, 0x2E, 0x2F, 0x89, 0xFE, 0x84, 0x01,
	0x83, 0x06, 0x35, 0x60, 0x82, 0x4D, 0x4D, 0x82, 0x60, 0x35, 0x34, 0x33, 0x2F, 0x2D, 0x27, 0x2C,
	0x4E, 0x69, 0x3F, 0x3F, 0x69, 0x4E, 0x2C, 0x28, 0x2C, 0x2F, 0x33, 0x34, 0x01, 0x3F, 0x3D, 0x3D,
	0x00, 0x02, 0x00, 0x23, 0xFF, 0xFA, 0x02, 0x87, 0x02, 0xC2, 0x00, 0x21, 0x00, 0x25, 0x00, 0x00,
	0x45, 0x22, 0x26, 0x27, 0x37, 0x16, 0x16, 0x33, 0x32, 0x3E, 0x02, 0x35, 0x34, 0x2E, 0x02, 0x23,
	0x22, 0x06, 0x07, 0x27, 0x36, 0x36, 0x33, 0x32, 0x1E, 0x02, 0x15, 0x14, 0x0E, 0x02, 0x03, 0x35,
	0x21, 0x15, 0x01, 0x2B, 0x50, 0x8A, 0x2E, 0x2E, 0x2C, 0x6C, 0x3F, 0x3B, 0x65, 0x4B, 0x2A, 0x2A,
	0x4B, 0x65, 0x3B, 0x3F, 0x6C, 0x2C, 0x2E, 0x2E, 0x8A, 0x50, 0x4B, 0x7E, 0x5F, 0x34, 0x34, 0x5F,
	0x7E, 0xA3, 0x01, 0x83, 0x06, 0x34, 0x33, 0x2F, 0x2D, 0x27, 0x2C, 0x4E, 0x69, 0x3F, 0x3F, 0x69,
	0x4E, 0x2C, 0x28, 0x2C, 0x2F, 0x33, 0x34, 0x35, 0x60, 0x82, 0x4D, 0x4D, 0x82, 0x60, 0x35, 0x01,
	0x4C, 0x3D, 0x3D, 0x00, 0x00, 0x01, 0x00, 0x76, 0x00, 0x00, 0x00, 0xBF, 0x02, 0xBC, 0x00, 0x03,
	0x00, 0x00, 0x73, 0x11, 0x33, 0x11, 0x76, 0x49, 0x02, 0xBC, 0xFD, 0x44, 0x00, 0x03, 0x00, 0x13,
	0x00, 0x00, 0x01, 0x1B, 0x03, 0x62, 0x00, 0x03, 0x00, 0x0F, 0x00, 0x1B, 0x00, 0x00, 0x73, 0x11,
	0x33, 0x11, 0x03, 0x22, 0x26, 0x35, 0x34, 0x36, 0x33, 0x32, 0x16, 0x15, 0x14, 0x06, 0x33, 0x22,
	0x26, 0x35, 0x34, 0x36, 0x33, 0x32, 0x16, 0x15, 0x14, 0x06, 0x72, 0x4A, 0x7E, 0x12, 0x19, 0x19,
	0x12, 0x11, 0x1A, 0x1A, 0xA1, 0x11, 0x1A, 0x1A, 0x11, 0x12, 0x19, 0x19, 0x02, 0xBC, 0xFD, 0x44,
	0x03, 0x0C, 0x18, 0x13, 0x13, 0x18, 0x18, 0x13, 0x13, 0x18, 0x18, 0x13, 0x13, 0x18, 0x18, 0x13,
	0x13, 0x18, 0xFF, 0xFF, 0x00, 0x15, 0xFF, 0xFA, 0x01, 0xA3, 0x02, 0xBC, 0x04, 0x06, 0x00, 0x1C,
	0x1A, 0x00, 0x00, 0x02, 0x00, 0x09, 0x00, 0x00, 0x03, 0x0B, 0x02, 0xBC, 0x00, 0x09, 0x00, 0x18,
	0x00, 0x00, 0x73, 0x11, 0x17, 0x21, 0x35, 0x21, 0x15, 0x21, 0x37, 0x11, 0x21, 0x35, 0x34, 0x26,
	0x23, 0x22, 0x07, 0x27, 0x36, 0x36, 0x33, 0x32, 0x16, 0x15, 0x15, 0xFF, 0x13, 0xFE, 0xF7, 0x02,
	0x47, 0xFE, 0xE4, 0x13, 0x01, 0x7C, 0x62, 0x54, 0x5C, 0x78, 0x01, 0x3F, 0x70, 0x34, 0x6D, 0x83,
	0x02, 0x90, 0x14, 0x40, 0x40, 0x14, 0xFD, 0x70, 0xBB, 0x52, 0x55, 0x38, 0x45, 0x1B, 0x1A, 0x6F,
	0x72, 0xC3, 0x00, 0x03, 0x00, 0x76, 0xFF, 0xFA, 0x04, 0x09, 0x02, 0xC2, 0x00, 0x13, 0x00, 0x1B,
	0x00, 0x2F, 0x00, 0x00, 0x45, 0x22, 0x2E, 0x02, 0x35, 0x34, 0x3E, 0x02, 0x33, 0x32, 0x1E, 0x02,
	0x15, 0x14, 0x0E, 0x02, 0x25, 0x11, 0x33, 0x11, 0x33, 0x15, 0x23, 0x11, 0x25, 0x32, 0x3E, 0x02,
	0x35, 0x34, 0x2E, 0x02, 0x23, 0x22, 0x0E, 0x02, 0x15, 0x14, 0x1E, 0x02, 0x02, 0xAB, 0x4B, 0x7F,
	0x5F, 0x34, 0x34, 0x5F, 0x7F, 0x4B, 0x4B, 0x80, 0x5E, 0x35, 0x35, 0x5E, 0x80, 0xFD, 0x80, 0x49,
	0xB5, 0xB5, 0x01, 0xEC, 0x3B, 0x65, 0x4A, 0x2A, 0x2A, 0x4A, 0x65, 0x3B, 0x3A, 0x65, 0x4A, 0x2A,
	0x2A, 0x4A, 0x65, 0x06, 0x35, 0x60, 0x82, 0x4D, 0x4D, 0x82, 0x60, 0x35, 0x35, 0x60, 0x82, 0x4D,
	0x4D, 0x82, 0x60, 0x35, 0x06, 0x02, 0xBC, 0xFE, 0xC9, 0x43, 0xFE, 0xBE, 0x3C, 0x2B, 0x4E, 0x69,
	0x40, 0x40, 0x69, 0x4E, 0x2B, 0x2B, 0x4E, 0x69, 0x40, 0x40, 0x69, 0x4E, 0x2B, 0x00, 0x00, 0x03,
	0x00, 0x42, 0x00, 0x00, 0x02, 0x66, 0x02, 0xBC, 0x00, 0x0D, 0x00, 0x11, 0x00, 0x1C, 0x00, 0x00,
	0x61, 0x35, 0x17, 0x23, 0x22, 0x26, 0x26, 0x35, 0x34, 0x36, 0x36, 0x33, 0x21, 0x11, 0x21, 0x37,
	0x33, 0x07, 0x25, 0x11, 0x17, 0x23, 0x22, 0x06, 0x15, 0x14, 0x16, 0x33, 0x33, 0x02, 0x1D, 0x14,
	0xE5, 0x54, 0x77, 0x3F, 0x44, 0x7D, 0x53, 0x01, 0x10, 0xFD, 0xDC, 0xAC, 0x4C, 0xA9, 0x01, 0x8C,
	0x14, 0xD8, 0x62, 0x6B, 0x64, 0x62, 0xDF, 0xE8, 0x14, 0x3A, 0x6B, 0x4B, 0x50, 0x6F, 0x39, 0xFD,
	0x44, 0xF6, 0xF6, 0xFD, 0x01, 0x94, 0x15, 0x5D, 0x59, 0x56, 0x5D, 0x00, 0x00, 0x02, 0x00, 0x0C,
	0xFF, 0xF8, 0x03, 0x0F, 0x02, 0xBC, 0x00, 0x09, 0x00, 0x1F, 0x00, 0x00, 0x61, 0x11, 0x17, 0x21,
	0x35, 0x21, 0x15, 0x21, 0x37, 0x11, 0x37, 0x37, 0x16, 0x3E, 0x02, 0x35, 0x34, 0x26, 0x26, 0x06,
	0x07, 0x37, 0x36, 0x36, 0x16, 0x16, 0x15, 0x14, 0x0E, 0x02, 0x01, 0x03, 0x13, 0xFE, 0xF6, 0x02,
	0x4A, 0xFE, 0xE2, 0x13, 0x8B, 0x0A, 0x29, 0x51, 0x44, 0x28, 0x42, 0x70, 0x8D, 0x4B, 0x01, 0x5D,
	0xA9, 0x82, 0x4A, 0x35, 0x5A, 0x6F, 0x02, 0x90, 0x14, 0x40, 0x40, 0x14, 0xFD, 0x70, 0x05, 0x3E,
	0x0A, 0x04, 0x22, 0x3F, 0x31, 0x3F, 0x48, 0x17, 0x19, 0x23, 0x43, 0x26, 0x12, 0x29, 0x63, 0x4F,
	0x44, 0x5B, 0x30, 0x0A, 0x00, 0x03, 0x00, 0x13, 0x00, 0x00, 0x02, 0xF6, 0x02, 0xE6, 0x00, 0x0A,
	0x00, 0x12, 0x00, 0x16, 0x00, 0x00, 0x73, 0x11, 0x33, 0x11, 0x33, 0x32, 0x16, 0x15, 0x14, 0x06,
	0x23, 0x27, 0x33, 0x32, 0x36, 0x35, 0x34, 0x23, 0x23, 0x25, 0x35, 0x21, 0x15, 0xD1, 0x49, 0xDF,
	0x7C, 0x81, 0x8A, 0x83, 0xCF, 0xCE, 0x61, 0x62, 0xC3, 0xCE, 0xFE, 0xF9, 0x01, 0xE2, 0x02, 0xE6,
	0xFE, 0xD9, 0x6F, 0x6C, 0x6F, 0x75, 0x3B, 0x54, 0x52, 0xA3, 0xAF, 0x38, 0x38, 0x00, 0x00, 0x03,
	0x00, 0x16, 0x00, 0x00, 0x03, 0x5E, 0x02, 0xBC, 0x00, 0x19, 0x00, 0x1C, 0x00, 0x22, 0x00, 0x00,
	0x73, 0x37, 0x3E, 0x02, 0x33, 0x33, 0x32, 0x16, 0x16, 0x17, 0x17, 0x23, 0x27, 0x26, 0x26, 0x23,
	0x23, 0x11, 0x23, 0x11, 0x23, 0x22, 0x06, 0x07, 0x07, 0x01, 0x01, 0x21, 0x13, 0x01, 0x35, 0x21,
	0x15, 0x01, 0x16, 0x4A, 0x1E, 0x4E, 0x5F, 0x38, 0xAF, 0x38, 0x5F, 0x4E, 0x1E, 0x49, 0x4D, 0x3F,
	0x24, 0x69, 0x42, 0x26, 0x45, 0x25, 0x44, 0x6A, 0x23, 0x3F, 0x01, 0x57, 0x01, 0x01, 0xFD, 0xFE,
	0xC0, 0xFE, 0xEC, 0x02, 0xAA, 0xFE, 0xEB, 0xA3, 0x47, 0x5B, 0x2C, 0x2C, 0x5B, 0x47, 0xA3, 0x90,
	0x57, 0x52, 0xFE, 0xC7, 0x01, 0x39, 0x52, 0x57, 0x90, 0x01, 0x71, 0x01, 0x11, 0xFE, 0xE2, 0x01,
	0x25, 0x33, 0x30, 0xFE, 0xD8, 0x00, 0xFF, 0xFF, 0x00, 0x39, 0xFF, 0xFA, 0x03, 0x19, 0x02, 0xC2,
	0x06, 0x06, 0x01, 0x82, 0x00, 0x00, 0x00, 0x01, 0x00, 0x13, 0x00, 0x00, 0x02, 0xE1, 0x02, 0xD0,
	0x00, 0x0C, 0x00, 0x00, 0x61, 0x01, 0x33, 0x13, 0x13, 0x36, 0x36, 0x17, 0x07, 0x26, 0x06, 0x07,
	0x03, 0x01, 0x33, 0xFE, 0xE0, 0x50, 0xF5, 0xA0, 0x25, 0x6A, 0x5A, 0x09, 0x3F, 0x49, 0x1D, 0xB7,
	0x02, 0xBC, 0xFD, 0xAE, 0x01, 0xB9, 0x63, 0x4A, 0x16, 0x48, 0x0F, 0x38, 0x51, 0xFE, 0x08, 0x00,
	0xFF, 0xFF, 0x00, 0x18, 0xFF, 0x63, 0x04, 0x0E, 0x02, 0xBC, 0x04, 0x26, 0x01, 0x2D, 0x00, 0x00,
	0x00, 0x07, 0x03, 0x45, 0x03, 0x48, 0x00, 0x00, 0xFF, 0xFF, 0x00, 0x04, 0xFF, 0x63, 0x02, 0x33,
	0x02, 0xC1, 0x06, 0x26, 0x00, 0x47, 0x00, 0x00, 0x00, 0x06, 0x03, 0x5F, 0x79, 0x00, 0xFF, 0xFF,
	0x00, 0x76, 0xFF, 0x63, 0x02, 0xDF, 0x02, 0xBC, 0x04, 0x26, 0x01, 0x33, 0x00, 0x00, 0x00, 0x07,
	0x03, 0x45, 0x02, 0x18, 0x00, 0x00, 0x00, 0x05, 0x00, 0x76, 0x00, 0x00, 0x02, 0xC1, 0x02, 0xBC,
	0x00, 0x03, 0x00, 0x07, 0x00, 0x0B, 0x00, 0x0F, 0x00, 0x13, 0x00, 0x00, 0x61, 0x03, 0x37, 0x01,
	0x21, 0x11, 0x33, 0x11, 0x03, 0x35, 0x33, 0x15, 0x07, 0x11, 0x33, 0x11, 0x37, 0x27, 0x13, 0x33,
	0x02, 0x6B, 0xF7, 0x3C, 0x01, 0x11, 0xFD, 0xB5, 0x48, 0x16, 0xFD, 0x91, 0x39, 0x69, 0x44, 0xEC,
	0x50, 0x01, 0x5D, 0x24, 0xFE, 0x7F, 0x02, 0xBC, 0xFD, 0x44, 0x01, 0x41, 0x41, 0x41, 0x96, 0x01,
	0x6F, 0xFE, 0x91, 0xAB, 0x0C, 0x01, 0x5A, 0x00, 0x00, 0x05, 0x00, 0x25, 0x00, 0x00, 0x02, 0xC0,
	0x02, 0xBC, 0x00, 0x03, 0x00, 0x07, 0x00, 0x0B, 0x00, 0x0F, 0x00, 0x13, 0x00, 0x00, 0x53, 0x35,
	0x21, 0x15, 0x13, 0x01, 0x37, 0x01, 0x21, 0x11, 0x33, 0x11, 0x03, 0x35, 0x33, 0x15, 0x37, 0x27,
	0x01, 0x33, 0x25, 0x01, 0x66, 0xE0, 0xFE, 0xF3, 0x3C, 0x01, 0x26, 0xFD, 0xCC, 0x48, 0x16, 0xDB,
	0x07, 0x44, 0x01, 0x05, 0x50, 0x02, 0x28, 0x36, 0x36, 0xFD, 0xD8, 0x01, 0x5D, 0x24, 0xFE, 0x7F,
	0x02, 0xBC, 0xFD, 0x44, 0x01, 0x41, 0x41, 0x41, 0x15, 0x0C, 0x01, 0x5A, 0x00, 0x04, 0x00, 0x0B,
	0x00, 0x00, 0x03, 0x19, 0x02, 0xBC, 0x00, 0x03, 0x00, 0x09, 0x00, 0x0D, 0x00, 0x11, 0x00, 0x00,
	0x61, 0x01, 0x37, 0x01, 0x21, 0x11, 0x23, 0x35, 0x21, 0x11, 0x03, 0x35, 0x33, 0x15, 0x37, 0x27,
	0x01, 0x33, 0x02, 0xC5, 0xFE, 0xF2, 0x3C, 0x01, 0x26, 0xFD, 0xCD, 0xDB, 0x01, 0x23, 0x17, 0xDB,
	0x07, 0x43, 0x01, 0x04, 0x50, 0x01, 0x5D, 0x24, 0xFE, 0x7F, 0x02, 0x7C, 0x40, 0xFD, 0x44, 0x01,
	0x41, 0x41, 0x41, 0x15, 0x0C, 0x01, 0x5A, 0x00, 0xFF, 0xFF, 0x00, 0x76, 0xFF, 0x63, 0x03, 0x2F,
	0x02, 0xBC, 0x04, 0x26, 0x00, 0x15, 0x04, 0x00, 0x00, 0x07, 0x03, 0x43, 0x02, 0x4A, 0x00, 0x00,
	0xFF, 0xFF, 0x00, 0x76, 0x00, 0x00, 0x04, 0x35, 0x02, 0xBC, 0x04, 0x26, 0x00, 0x15, 0x04, 0x00,
	0x00, 0x07, 0x01, 0x23, 0x02, 0x02, 0x00, 0x00, 0x00, 0x02, 0x00, 0x76, 0xFF, 0x6D, 0x04, 0x89,
	0x02, 0xBC, 0x00, 0x09, 0x00, 0x21, 0x00, 0x00, 0x73, 0x11, 0x21, 0x11, 0x23, 0x11, 0x17, 0x21,
	0x37, 0x11, 0x05, 0x37, 0x16, 0x3E, 0x02, 0x35, 0x34, 0x2E, 0x02, 0x06, 0x07, 0x27, 0x36, 0x36,
	0x1E, 0x02, 0x15, 0x14, 0x0E, 0x02, 0x76, 0x02, 0x4D, 0x49, 0x13, 0xFE, 0x1F, 0x13, 0x02, 0x82,
	0x0D, 0x32, 0x57, 0x43, 0x26, 0x2D, 0x4E, 0x64, 0x70, 0x38, 0x02, 0x44, 0x87, 0x77, 0x5C, 0x34,
	0x34, 0x5B, 0x76, 0x02, 0xBC, 0xFD, 0x44, 0x02, 0x90, 0x14, 0x14, 0xFD, 0x70, 0x84, 0x3D, 0x0B,
	0x14, 0x3A, 0x57, 0x36, 0x3A, 0x55, 0x32, 0x0B, 0x1F, 0x28, 0x43, 0x28, 0x1B, 0x15, 0x42, 0x69,
	0x46, 0x47, 0x73, 0x4C, 0x1B, 0x00, 0x00, 0x01, 0x00, 0x3F, 0xFF, 0xF4, 0x03, 0x81, 0x02, 0xC2,
	0x00, 0x36, 0x00, 0x00, 0x45, 0x22, 0x2E, 0x02, 0x35, 0x34, 0x36, 0x37, 0x17, 0x06, 0x06, 0x15,
	0x14, 0x16, 0x16, 0x33, 0x32, 0x3E, 0x02, 0x35, 0x34, 0x26, 0x26, 0x23, 0x22, 0x06, 0x06, 0x15,
	0x14, 0x1E, 0x02, 0x37, 0x17, 0x06, 0x2E, 0x03, 0x35, 0x34, 0x36, 0x36, 0x33, 0x32, 0x16, 0x16,
	0x15, 0x14, 0x0E, 0x03, 0x01, 0xBE, 0x55, 0x8C, 0x67, 0x37, 0x61, 0x57, 0x37, 0x4E, 0x58, 0x52,
	0x91, 0x60, 0x4E, 0x82, 0x5E, 0x34, 0x30, 0x56, 0x3A, 0x3B, 0x58, 0x32, 0x4A, 0x80, 0xA8, 0x5E,
	0x09, 0x57, 0xA1, 0x8A, 0x67, 0x3A, 0x45, 0x7A, 0x51, 0x4F, 0x78, 0x42, 0x2B, 0x51, 0x6D, 0x85,
	0x06, 0x36, 0x64, 0x89, 0x51, 0x6B, 0xB1, 0x36, 0x24, 0x32, 0x9F, 0x5F, 0x5D, 0x8E, 0x4F, 0x35,
	0x60, 0x81, 0x4C, 0x47, 0x6A, 0x3B, 0x3D, 0x6D, 0x48, 0x5E, 0x92, 0x5B, 0x1A, 0x1A, 0x38, 0x17,
	0x0D, 0x3F, 0x6B, 0x8E, 0x55, 0x5A, 0x8B, 0x4F, 0x4B, 0x85, 0x56, 0x45, 0x7E, 0x69, 0x4C, 0x2A,
	0xFF, 0xFF, 0x00, 0x3A, 0xFF, 0x63, 0x02, 0xA9, 0x02, 0xC2, 0x04, 0x26, 0x00, 0x0A, 0x06, 0x00,
	0x00, 0x07, 0x03, 0x5F, 0x01, 0x18, 0x00, 0x00, 0xFF, 0xFF, 0x00, 0x0B, 0xFF, 0x63, 0x02, 0x40,
	0x02, 0xBC, 0x06, 0x26, 0x01, 0x3C, 0x00, 0x00, 0x00, 0x07, 0x03, 0x43, 0x00, 0xD3, 0x00, 0x00,
	0x00, 0x01, 0x00, 0x09, 0x00, 0x00, 0x02, 0x82, 0x02, 0xBC, 0x00, 0x0B, 0x00, 0x00, 0x61, 0x11,
	0x17, 0x01, 0x33, 0x01, 0x23, 0x01, 0x33, 0x01, 0x37, 0x11, 0x01, 0x21, 0x11, 0xFE, 0xD7, 0x4F,
	0x01, 0x05, 0x2A, 0x01, 0x05, 0x4A, 0xFE, 0xD8, 0x10, 0x01, 0x04, 0x2E, 0x01, 0xE6, 0xFE, 0x55,
	0x01, 0xAB, 0xFE, 0x1A, 0x2E, 0xFE, 0xFC, 0x00, 0x00, 0x02, 0x00, 0x09, 0x00, 0x00, 0x02, 0x82,
	0x02, 0xBC, 0x00, 0x0B, 0x00, 0x0F, 0x00, 0x00, 0x61, 0x11, 0x17, 0x01, 0x33, 0x01, 0x23, 0x01,
	0x33, 0x01, 0x37, 0x11, 0x27, 0x35, 0x21, 0x15, 0x01, 0x21, 0x11, 0xFE, 0xD7, 0x4F, 0x01, 0x05,
	0x2A, 0x01, 0x05, 0x4A, 0xFE, 0xD8, 0x10, 0xF9, 0x01, 0xA6, 0x01, 0x04, 0x2E, 0x01, 0xE6, 0xFE,
	0x55, 0x01, 0xAB, 0xFE, 0x1A, 0x2E, 0xFE, 0xFC, 0xDD, 0x34, 0x34, 0x00, 0xFF, 0xFF, 0x00, 0x16,
	0xFF, 0x63, 0x02, 0xA6, 0x02, 0xBC, 0x04, 0x26, 0x01, 0x40, 0x00, 0x00, 0x00, 0x07, 0x03, 0x45,
	0x01, 0xDF, 0x00, 0x00, 0x00, 0x02, 0x00, 0x0C, 0xFF, 0x5B, 0x03, 0xAA, 0x02, 0xBC, 0x00, 0x0D,
	0x00, 0x14, 0x00, 0x00, 0x41, 0x17, 0x21, 0x35, 0x21, 0x15, 0x23, 0x37, 0x11, 0x21, 0x11, 0x33,
	0x11, 0x21, 0x05, 0x35, 0x17, 0x23, 0x35, 0x33, 0x15, 0x01, 0x02, 0x14, 0xFE, 0xF6, 0x02, 0x1F,
	0xF4, 0x14, 0x01, 0xA7, 0x49, 0xFD, 0xC7, 0x02, 0x64, 0x12, 0x86, 0xB8, 0x02, 0x90, 0x14, 0x40,
	0x40, 0x14, 0xFD, 0xB0, 0x02, 0x7B, 0xFD, 0x44, 0xA4, 0xB9, 0x15, 0x41, 0xE5, 0x00, 0xFF, 0xFF,
	0x00, 0x2C, 0xFF, 0x63, 0x02, 0xC3, 0x02, 0xBC, 0x04, 0x26, 0x01, 0x41, 0x00, 0x00, 0x00, 0x07,
	0x03, 0x43, 0x01, 0xDE, 0x00, 0x00, 0x00, 0x03, 0x00, 0x2B, 0x00, 0x00, 0x02, 0x54, 0x02, 0xBC,
	0x00, 0x03, 0x00, 0x13, 0x00, 0x17, 0x00, 0x00, 0x65, 0x11, 0x33, 0x11, 0x27, 0x22, 0x26, 0x35,
	0x35, 0x33, 0x15, 0x14, 0x16, 0x33, 0x32, 0x36, 0x37, 0x15, 0x06, 0x06, 0x17, 0x11, 0x33, 0x11,
	0x01, 0x27, 0x39, 0x31, 0x7B, 0x89, 0x49, 0x66, 0x5C, 0x36, 0x73, 0x3A, 0x3D, 0x77, 0xA7, 0x48,
	0x5C, 0x01, 0x6E, 0xFE, 0x92, 0x95, 0x77, 0x6D, 0xE7, 0xDF, 0x51, 0x5A, 0x1D, 0x1B, 0x42, 0x1B,
	0x1C, 0xF1, 0x02, 0xBC, 0xFD, 0x44, 0x00, 0x02, 0x00, 0x76, 0x00, 0x00, 0x02, 0xA0, 0x02, 0xBC,
	0x00, 0x0F, 0x00, 0x13, 0x00, 0x00, 0x61, 0x35, 0x34, 0x26, 0x23, 0x22, 0x06, 0x07, 0x27, 0x36,
	0x36, 0x33, 0x32, 0x16, 0x15, 0x15, 0x21, 0x11, 0x33, 0x11, 0x02, 0x57, 0x66, 0x5D, 0x34, 0x75,
	0x39, 0x01, 0x3D, 0x78, 0x35, 0x7C, 0x89, 0xFD, 0xD6, 0x49, 0xDF, 0x52, 0x59, 0x1D, 0x1B, 0x42,
	0x1C, 0x1B, 0x77, 0x6D, 0xE7, 0x02, 0xBC, 0xFD, 0x44, 0x00, 0x00, 0x01, 0x00, 0x1F, 0xFF, 0xFA,
	0x03, 0xA3, 0x02, 0xC2, 0x00, 0x35, 0x00, 0x00, 0x45, 0x22, 0x2E, 0x02, 0x35, 0x34, 0x3E, 0x02,
	0x33, 0x32, 0x1E, 0x02, 0x15, 0x14, 0x06, 0x07, 0x21, 0x22, 0x26, 0x26, 0x36, 0x37, 0x17, 0x06,
	0x06, 0x16, 0x16, 0x33, 0x21, 0x07, 0x36, 0x2E, 0x02, 0x23, 0x22, 0x0E, 0x02, 0x15, 0x14, 0x1E,
	0x02, 0x33, 0x32, 0x36, 0x37, 0x17, 0x06, 0x06, 0x02, 0x46, 0x47, 0x82, 0x65, 0x3A, 0x38, 0x63,
	0x81, 0x48, 0x49, 0x80, 0x61, 0x37, 0x02, 0x01, 0xFD, 0x24, 0x38, 0x4A, 0x23, 0x07, 0x1A, 0x44,
	0x14, 0x0C, 0x13, 0x30, 0x25, 0x02, 0x9F, 0x13, 0x01, 0x2B, 0x4C, 0x65, 0x3B, 0x3B, 0x66, 0x4E,
	0x2B, 0x2E, 0x51, 0x66, 0x3A, 0x38, 0x74, 0x33, 0x35, 0x3E, 0x90, 0x06, 0x30, 0x5B, 0x84, 0x53,
	0x51, 0x84, 0x5E, 0x33, 0x32, 0x5F, 0x81, 0x50, 0x09, 0x16, 0x09, 0x2D, 0x4B, 0x5B, 0x2E, 0x0F,
	0x1F, 0x3F, 0x35, 0x20, 0x19, 0x41, 0x6A, 0x4E, 0x2A, 0x2B, 0x4E, 0x6B, 0x40, 0x42, 0x6C, 0x4B,
	0x28, 0x2A, 0x2D, 0x30, 0x36, 0x33, 0xFF, 0xFF, 0x00, 0x1F, 0xFF, 0x63, 0x03, 0xA3, 0x02, 0xC2,
	0x06, 0x26, 0x01, 0x6C, 0x00, 0x00, 0x00, 0x07, 0x03, 0x5F, 0x01, 0xBD, 0x00, 0x00, 0x00, 0x01,
	0x00, 0x76, 0x00, 0x00, 0x00, 0xC0, 0x02, 0xBC, 0x00, 0x03, 0x00, 0x00, 0x73, 0x11, 0x33, 0x11,
	0x76, 0x4A, 0x02, 0xBC, 0xFD, 0x44, 0xFF, 0xFF, 0x00, 0x18, 0x00, 0x00, 0x03, 0xDB, 0x03, 0x70,
	0x06, 0x26, 0x01, 0x2D, 0x00, 0x00, 0x00, 0x07, 0x03, 0x41, 0x01, 0x12, 0x00, 0x00, 0x00, 0x04,
	0x00, 0x76, 0xFF, 0x38, 0x02, 0xA1, 0x02, 0xBC, 0x00, 0x14, 0x00, 0x18, 0x00, 0x1C, 0x00, 0x20,
	0x00, 0x00, 0x45, 0x22, 0x27, 0x37, 0x16, 0x33, 0x32, 0x36, 0x35, 0x34, 0x2E, 0x02, 0x27, 0x37,
	0x1E, 0x02, 0x15, 0x14, 0x06, 0x25, 0x11, 0x33, 0x11, 0x03, 0x35, 0x33, 0x15, 0x37, 0x27, 0x01,
	0x33, 0x02, 0x09, 0x39, 0x37, 0x15, 0x2A, 0x23, 0x28, 0x2F, 0x27, 0x48, 0x61, 0x38, 0x39, 0x56,
	0x81, 0x47, 0x53, 0xFE, 0x28, 0x48, 0x16, 0xD2, 0x14, 0x47, 0x01, 0x03, 0x50, 0xC8, 0x1D, 0x39,
	0x16, 0x31, 0x2D, 0x24, 0x5C, 0x65, 0x67, 0x2F, 0x29, 0x4D, 0x96, 0x8A, 0x39, 0x49, 0x53, 0xC8,
	0x02, 0xBC, 0xFD, 0x44, 0x01, 0x41, 0x41, 0x41, 0x1B, 0x06, 0x01, 0x5A, 0x00, 0x02, 0x00, 0x0B,
	0xFF, 0x63, 0x02, 0xFF, 0x02, 0xBC, 0x00, 0x06, 0x00, 0x1E, 0x00, 0x00, 0x45, 0x37, 0x17, 0x23,
	0x35, 0x33, 0x07, 0x25, 0x22, 0x26, 0x27, 0x37, 0x16, 0x33, 0x32, 0x36, 0x36, 0x37, 0x13, 0x21,
	0x11, 0x23, 0x11, 0x17, 0x21, 0x37, 0x07, 0x0E, 0x03, 0x02, 0x80, 0x2F, 0x1E, 0x7B, 0xAD, 0x44,
	0xFD, 0x88, 0x0E, 0x1A, 0x10, 0x06, 0x11, 0x10, 0x2D, 0x37, 0x1C, 0x04, 0x0A, 0x01, 0xDB, 0x49,
	0x13, 0xFE, 0x8A, 0x12, 0x09, 0x04, 0x16, 0x2A, 0x42, 0x9D, 0xB1, 0x14, 0x40, 0xDD, 0x97, 0x03,
	0x04, 0x42, 0x04, 0x47, 0x95, 0x75, 0x01, 0x2C, 0xFD, 0x44, 0x02, 0x90, 0x14, 0x15, 0xFF, 0x69,
	0x99, 0x65, 0x31, 0x00, 0x00, 0x03, 0x00, 0x76, 0xFF, 0x35, 0x02, 0xBC, 0x02, 0xBC, 0x00, 0x0D,
	0x00, 0x11, 0x00, 0x15, 0x00, 0x00, 0x45, 0x37, 0x16, 0x16, 0x36, 0x36, 0x35, 0x11, 0x33, 0x11,
	0x14, 0x06, 0x06, 0x26, 0x25, 0x11, 0x33, 0x11, 0x03, 0x35, 0x21, 0x15, 0x01, 0xB3, 0x17, 0x1B,
	0x3A, 0x33, 0x21, 0x49, 0x35, 0x52, 0x5B, 0xFE, 0x9C, 0x4A, 0x0A, 0x01, 0xC8, 0xA5, 0x36, 0x13,
	0x0A, 0x10, 0x2A, 0x23, 0x02, 0xEB, 0xFD, 0x10, 0x37, 0x45, 0x1B, 0x0C, 0xBF, 0x02, 0xBC, 0xFD,
	0x44, 0x01, 0x42, 0x41, 0x41, 0x00, 0x00, 0x04, 0x00, 0x76, 0xFF, 0x63, 0x03, 0x24, 0x02, 0xBC,
	0x00, 0x06, 0x00, 0x0A, 0x00, 0x0E, 0x00, 0x12, 0x00, 0x00, 0x45, 0x37, 0x17, 0x23, 0x35, 0x33,
	0x07, 0x27, 0x11, 0x33, 0x11, 0x21, 0x11, 0x33, 0x11, 0x03, 0x35, 0x21, 0x15, 0x02, 0xA6, 0x2E,
	0x1F, 0x7B, 0xAC, 0x43, 0x6B, 0x49, 0xFD, 0xB7, 0x4A, 0x08, 0x01, 0xC5, 0x9D, 0xB1, 0x14, 0x40,
	0xDD, 0x9D, 0x02, 0xBC, 0xFD, 0x44, 0x02, 0xBC, 0xFD, 0x44, 0x01, 0x43, 0x41, 0x41, 0x00, 0x03,
	0x00, 0x3A, 0xFF, 0x63, 0x02, 0x62, 0x02, 0xBC, 0x00, 0x0F, 0x00, 0x16, 0x00, 0x1A, 0x00, 0x00,
	0x65, 0x22, 0x26, 0x35, 0x35, 0x33, 0x15, 0x14, 0x16, 0x33, 0x32, 0x36, 0x37, 0x15, 0x06, 0x06,
	0x13, 0x35, 0x33, 0x15, 0x23, 0x37, 0x15, 0x37, 0x11, 0x33, 0x11, 0x01, 0x3E, 0x7C, 0x88, 0x48,
	0x67, 0x5B, 0x36, 0x73, 0x3A, 0x3C, 0x77, 0x2D, 0xC1, 0x86, 0x0A, 0x33, 0x49, 0xFE, 0x75, 0x6A,
	0xDF, 0xD7, 0x4F, 0x57, 0x1D, 0x1B, 0x42, 0x1B, 0x1C, 0xFE, 0x65, 0xDD, 0x40, 0x14, 0xB1, 0x9D,
	0x02, 0xBC, 0xFD, 0x44, 0x00, 0x02, 0x00, 0x76, 0xFF, 0x63, 0x03, 0xB7, 0x02, 0xBC, 0x00, 0x06,
	0x00, 0x16, 0x00, 0x00, 0x45, 0x37, 0x17, 0x23, 0x35, 0x33, 0x07, 0x25, 0x11, 0x33, 0x01, 0x23,
	0x01, 0x33, 0x11, 0x23, 0x11, 0x33, 0x01, 0x23, 0x01, 0x33, 0x11, 0x03, 0x38, 0x2F, 0x1F, 0x7B,
	0xAC, 0x43, 0xFD, 0x02, 0x3D, 0x01, 0x40, 0x20, 0x01, 0x3D, 0x3D, 0x47, 0x11, 0xFE, 0xDC, 0x23,
	0xFE, 0xDA, 0x13, 0x9D, 0xB1, 0x14, 0x40, 0xDD, 0x9D, 0x02, 0xBC, 0xFD, 0xDE, 0x02, 0x22, 0xFD,
	0x44, 0x02, 0x4D, 0xFE, 0x0C, 0x01, 0xF4, 0xFD, 0xB3, 0x00, 0xFF, 0xFF, 0x00, 0x10, 0x00, 0x00,
	0x02, 0xD9, 0x03, 0x70, 0x04, 0x26, 0x00, 0x01, 0x0D, 0x00, 0x00, 0x07, 0x03, 0x41, 0x00, 0x8B,
	0x00, 0x00, 0xFF, 0xFF, 0x00, 0x10, 0x00, 0x00, 0x02, 0xD9, 0x03, 0x62, 0x04, 0x26, 0x00, 0x01,
	0x0D, 0x00, 0x00, 0x07, 0x03, 0x46, 0x00, 0x48, 0x00, 0x96, 0xFF, 0xFF, 0x00, 0x09, 0x00, 0x00,
	0x03, 0xD4, 0x02, 0xBC, 0x04, 0x06, 0x00, 0x08, 0x07, 0x00, 0xFF, 0xFF, 0x00, 0x76, 0x00, 0x00,
	0x02, 0x65, 0x03, 0x70, 0x04, 0x26, 0x00, 0x0E, 0x04, 0x00, 0x00, 0x07, 0x03, 0x41, 0x00, 0x7D,
	0x00, 0x00, 0x00, 0x01, 0x00, 0x2B, 0xFF, 0xFA, 0x02, 0xFE, 0x02, 0xC2, 0x00, 0x2B, 0x00, 0x00,
	0x45, 0x22, 0x2E, 0x02, 0x35, 0x34, 0x36, 0x37, 0x21, 0x15, 0x21, 0x37, 0x14, 0x1E, 0x02, 0x33,
	0x32, 0x3E, 0x02, 0x35, 0x34, 0x2E, 0x02, 0x23, 0x22, 0x06, 0x07, 0x27, 0x36, 0x36, 0x33, 0x32,
	0x1E, 0x02, 0x15, 0x14, 0x0E, 0x02, 0x01, 0x92, 0x4A, 0x82, 0x63, 0x38, 0x01, 0x02, 0x02, 0xB7,
	0xFD, 0x7D, 0x13, 0x2B, 0x4E, 0x68, 0x3C, 0x3C, 0x6A, 0x50, 0x2C, 0x2F, 0x53, 0x6A, 0x3B, 0x39,
	0x76, 0x35, 0x35, 0x40, 0x92, 0x49, 0x49, 0x84, 0x67, 0x3B, 0x39, 0x65, 0x83, 0x06, 0x32, 0x5F,
	0x82, 0x4F, 0x09, 0x12, 0x09, 0x37, 0x15, 0x40, 0x6A, 0x4E, 0x2B, 0x2B, 0x4E, 0x6B, 0x40, 0x42,
	0x6C, 0x4B, 0x28, 0x2A, 0x2D, 0x30, 0x36, 0x33, 0x30, 0x5B, 0x84, 0x53, 0x51, 0x84, 0x5E, 0x33,
	0xFF, 0xFF, 0x00, 0x2B, 0xFF, 0xFA, 0x02, 0xFE, 0x03, 0x62, 0x06, 0x26, 0x01, 0x7A, 0x00, 0x00,
	0x00, 0x07, 0x03, 0x46, 0x00, 0x71, 0x00, 0x96, 0xFF, 0xFF, 0x00, 0x18, 0x00, 0x00, 0x03, 0xDB,
	0x03, 0x62, 0x06, 0x26, 0x01, 0x2D, 0x00, 0x00, 0x00, 0x07, 0x03, 0x46, 0x00, 0xCF, 0x00, 0x96,
	0xFF, 0xFF, 0x00, 0x04, 0xFF, 0xFA, 0x02, 0x33, 0x03, 0x62, 0x06, 0x26, 0x00, 0x47, 0x00, 0x00,
	0x00, 0x07, 0x03, 0x46, 0xFF, 0xD8, 0x00, 0x96, 0x00, 0x01, 0x00, 0x20, 0xFF, 0xFA, 0x02, 0x31,
	0x02, 0xBC, 0x00, 0x1F, 0x00, 0x00, 0x45, 0x22, 0x26, 0x27, 0x37, 0x16, 0x16, 0x33, 0x32, 0x36,
	0x35, 0x34, 0x26, 0x23, 0x23, 0x35, 0x13, 0x17, 0x21, 0x35, 0x21, 0x15, 0x03, 0x27, 0x33, 0x32,
	0x16, 0x16, 0x15, 0x14, 0x06, 0x06, 0x01, 0x27, 0x53, 0x8C, 0x28, 0x1D, 0x24, 0x7A, 0x4A, 0x60,
	0x64, 0x63, 0x6A, 0x34, 0xEA, 0x07, 0xFE, 0x61, 0x01, 0xD9, 0xEA, 0x1D, 0x1B, 0x5A, 0x76, 0x3A,
	0x3A, 0x77, 0x06, 0x31, 0x27, 0x3A, 0x23, 0x2F, 0x4D, 0x42, 0x40, 0x4C, 0x37, 0x01, 0x10, 0x20,
	0x40, 0x34, 0xFE, 0xF1, 0x17, 0x32, 0x5A, 0x3B, 0x3B, 0x5E, 0x36, 0x00, 0xFF, 0xFF, 0x00, 0x76,
	0x00, 0x00, 0x02, 0xC2, 0x03, 0x4A, 0x06, 0x26, 0x01, 0x2F, 0x00, 0x00, 0x00, 0x07, 0x03, 0x4E,
	0x00, 0x6E, 0x00, 0x96, 0xFF, 0xFF, 0x00, 0x76, 0x00, 0x00, 0x02, 0xC2, 0x03, 0x62, 0x06, 0x26,
	0x01, 0x2F, 0x00, 0x00, 0x00, 0x07, 0x03, 0x46, 0x00, 0x6E, 0x00, 0x96, 0xFF, 0xFF, 0x00, 0x39,
	0xFF, 0xFA, 0x03, 0x19, 0x03, 0x62, 0x04, 0x26, 0x00, 0x22, 0x05, 0x00, 0x00, 0x07, 0x03, 0x46,
	0x00, 0x7D, 0x00, 0x96, 0x00, 0x03, 0x00, 0x39, 0xFF, 0xFA, 0x03, 0x19, 0x02, 0xC2, 0x00, 0x13,
	0x00, 0x1E, 0x00, 0x29, 0x00, 0x00, 0x45, 0x22, 0x2E, 0x02, 0x35, 0x34, 0x3E, 0x02, 0x33, 0x32,
	0x1E, 0x02, 0x15, 0x14, 0x0E, 0x02, 0x27, 0x32, 0x3E, 0x02, 0x37, 0x21, 0x1E, 0x03, 0x03, 0x21,
	0x2E, 0x03, 0x23, 0x22, 0x0E, 0x02, 0x01, 0xA9, 0x4F, 0x86, 0x64, 0x37, 0x37, 0x64, 0x86, 0x4F,
	0x4F, 0x86, 0x64, 0x37, 0x37, 0x64, 0x86, 0x4F, 0x3C, 0x65, 0x4F, 0x2F, 0x06, 0xFD, 0xB6, 0x05,
	0x30, 0x4E, 0x66, 0xE7, 0x02, 0x45, 0x04, 0x2F, 0x4F, 0x65, 0x3B, 0x3A, 0x67, 0x4E, 0x2F, 0x06,
	0x35, 0x61, 0x81, 0x4D, 0x4D, 0x81, 0x61, 0x35, 0x35, 0x60, 0x82, 0x4D, 0x4D, 0x82, 0x60, 0x35,
	0x42, 0x26, 0x48, 0x62, 0x3B, 0x3B, 0x62, 0x48, 0x26, 0x01, 0x47, 0x36, 0x5D, 0x44, 0x26, 0x26,
	0x44, 0x5D, 0xFF, 0xFF, 0x00, 0x39, 0xFF, 0xFA, 0x03, 0x19, 0x03, 0x62, 0x06, 0x26, 0x01, 0x82,
	0x00, 0x00, 0x00, 0x07, 0x03, 0x46, 0x00, 0x7D, 0x00, 0x96, 0xFF, 0xFF, 0x00, 0x23, 0xFF, 0xFA,
	0x02, 0x87, 0x03, 0x62, 0x06, 0x26, 0x01, 0x4D, 0x00, 0x00, 0x00, 0x07, 0x03, 0x46, 0x00, 0x11,
	0x00, 0x96, 0xFF, 0xFF, 0x00, 0x15, 0xFF, 0xF5, 0x02, 0x9C, 0x03, 0x4A, 0x06, 0x26, 0x01, 0x3D,
	0x00, 0x00, 0x00, 0x07, 0x03, 0x4E, 0x00, 0x21, 0x00, 0x96, 0xFF, 0xFF, 0x00, 0x15, 0xFF, 0xF5,
	0x02, 0x9C, 0x03, 0x62, 0x06, 0x26, 0x01, 0x3D, 0x00, 0x00, 0x00, 0x07, 0x03, 0x46, 0x00, 0x21,
	0x00, 0x96, 0xFF, 0xFF, 0x00, 0x15, 0xFF, 0xF5, 0x02, 0x9C, 0x03, 0x71, 0x06, 0x26, 0x01, 0x3D,
	0x00, 0x00, 0x00, 0x07, 0x03, 0x4A, 0x00, 0x21, 0x00, 0x96, 0xFF, 0xFF, 0x00, 0x2C, 0x00, 0x00,
	0x02, 0x55, 0x03, 0x62, 0x06, 0x26, 0x01, 0x41, 0x00, 0x00, 0x00, 0x07, 0x03, 0x46, 0x00, 0x15,
	0x00, 0x96, 0xFF, 0xFF, 0x00, 0x76, 0x00, 0x00, 0x03, 0x5C, 0x03, 0x62, 0x04, 0x26, 0x01, 0x46,
	0x00, 0x00, 0x00, 0x27, 0x01, 0x4E, 0x02, 0x9D, 0x00, 0x00, 0x00, 0x07, 0x03, 0x46, 0x00, 0xBE,
	0x00, 0x96, 0x00, 0x03, 0x00, 0x23, 0xFF, 0x39, 0x02, 0x4C, 0x02, 0xBC, 0x00, 0x05, 0x00, 0x18,
	0x00, 0x1C, 0x00, 0x00, 0x73, 0x11, 0x21, 0x15, 0x21, 0x11, 0x07, 0x22, 0x26, 0x27, 0x37, 0x16,
	0x33, 0x32, 0x36, 0x35, 0x35, 0x17, 0x23, 0x35, 0x33, 0x15, 0x14, 0x06, 0x06, 0x03, 0x35, 0x21,
	0x15, 0x8E, 0x01, 0xBE, 0xFE, 0x8B, 0x2D, 0x1E, 0x3C, 0x19, 0x18, 0x23, 0x2D, 0x28, 0x32, 0x16,
	0x81, 0xB2, 0x27, 0x43, 0xB3, 0x01, 0xE1, 0x02, 0xBC, 0x40, 0xFD, 0x84, 0xC7, 0x11, 0x12, 0x34,
	0x1A, 0x31, 0x31, 0x38, 0x10, 0x40, 0x72, 0x2F, 0x43, 0x23, 0x01, 0xF0, 0x38, 0x38, 0x00, 0x02,
	0x00, 0x14, 0xFF, 0x38, 0x02, 0x6C, 0x02, 0xBC, 0x00, 0x09, 0x00, 0x21, 0x00, 0x00, 0x73, 0x01,
	0x03, 0x33, 0x13, 0x13, 0x33, 0x03, 0x07, 0x03, 0x05, 0x22, 0x26, 0x27, 0x37, 0x16, 0x33, 0x32,
	0x36, 0x35, 0x34, 0x2E, 0x02, 0x27, 0x37, 0x1E, 0x03, 0x15, 0x14, 0x06, 0x06, 0x14, 0x01, 0x06,
	0xF5, 0x55, 0xCE, 0xCD, 0x51, 0xF5, 0x25, 0xE2, 0x01, 0x6A, 0x1C, 0x38, 0x1B, 0x14, 0x28, 0x25,
	0x28, 0x2F, 0x27, 0x42, 0x51, 0x2A, 0x2F, 0x32, 0x5D, 0x4A, 0x2B, 0x28, 0x44, 0x01, 0x68, 0x01,
	0x54, 0xFE, 0xE3, 0x01, 0x1D, 0xFE, 0xAD, 0x2D, 0xFE, 0xC4, 0xC8, 0x0F, 0x0E, 0x35, 0x16, 0x31,
	0x2D, 0x22, 0x56, 0x5F, 0x66, 0x34, 0x34, 0x3F, 0x75, 0x6A, 0x60, 0x2A, 0x30, 0x43, 0x24, 0x00,
	0x00, 0x02, 0x00, 0x20, 0x00, 0x00, 0x02, 0x7E, 0x02, 0xBC, 0x00, 0x0B, 0x00, 0x0F, 0x00, 0x00,
	0x73, 0x01, 0x03, 0x33, 0x13, 0x13, 0x33, 0x03, 0x01, 0x23, 0x0B, 0x02, 0x35, 0x21, 0x15, 0x20,
	0x01, 0x02, 0xF0, 0x55, 0xC7, 0xC7, 0x56, 0xEF, 0x01, 0x02, 0x57, 0xD9, 0xD8, 0x14, 0x01, 0xD0,
	0x01, 0x69, 0x01, 0x53, 0xFE, 0xEB, 0x01, 0x15, 0xFE, 0xB0, 0xFE, 0x94, 0x01, 0x2D, 0xFE, 0xD3,
	0x01, 0x4B, 0x38, 0x38, 0x00, 0x03, 0x00, 0x21, 0x00, 0x00, 0x02, 0xB3, 0x02, 0xE6, 0x00, 0x0A,
	0x00, 0x12, 0x00, 0x16, 0x00, 0x00, 0x73, 0x11, 0x33, 0x11, 0x33, 0x32, 0x16, 0x15, 0x14, 0x06,
	0x23, 0x27, 0x33, 0x32, 0x36, 0x35, 0x34, 0x23, 0x23, 0x27, 0x35, 0x21, 0x15, 0x8F, 0x49, 0xDE,
	0x7C, 0x81, 0x8A, 0x83, 0xCE, 0xCE, 0x61, 0x62, 0xC3, 0xCE, 0xB7, 0x01, 0x96, 0x02, 0xE6, 0xFE,
	0xD9, 0x6F, 0x6C, 0x6F, 0x75, 0x3B, 0x54, 0x52, 0xA3, 0xAF, 0x38, 0x38, 0x00, 0x03, 0x00, 0x76,
	0x00, 0x00, 0x02, 0x9A, 0x02, 0xBC, 0x00, 0x0D, 0x00, 0x11, 0x00, 0x1C, 0x00, 0x00, 0x73, 0x11,
	0x21, 0x32, 0x16, 0x16, 0x15, 0x14, 0x06, 0x06, 0x23, 0x23, 0x37, 0x15, 0x25, 0x01, 0x37, 0x01,
	0x25, 0x27, 0x33, 0x32, 0x36, 0x35, 0x34, 0x26, 0x23, 0x23, 0x37, 0x76, 0x01, 0x06, 0x59, 0x80,
	0x45, 0x45, 0x80, 0x59, 0xD0, 0x14, 0x01, 0xA4, 0xFE, 0xF9, 0x29, 0x01, 0x08, 0xFE, 0x32, 0x14,
	0xCE, 0x69, 0x6D, 0x6D, 0x69, 0xCE, 0x14, 0x02, 0xBC, 0x3A, 0x6B, 0x4D, 0x4C, 0x6D, 0x39, 0x15,
	0xED, 0x5E, 0x01, 0x58, 0x22, 0xFE, 0xA8, 0x82, 0x16, 0x5D, 0x55, 0x56, 0x5C, 0x15, 0x00, 0x02,
	0x00, 0x0D, 0xFF, 0x63, 0x02, 0xF9, 0x02, 0xBC, 0x00, 0x07, 0x00, 0x0F, 0x00, 0x00, 0x77, 0x01,
	0x33, 0x01, 0x23, 0x01, 0x33, 0x01, 0x07, 0x35, 0x21, 0x15, 0x23, 0x35, 0x21, 0x15, 0x45, 0x01,
	0x1A, 0x48, 0x01, 0x17, 0x50, 0xFE, 0xFF, 0x28, 0xFE, 0xFB, 0x83, 0x02, 0xEC, 0x45, 0xFD, 0x9E,
	0x13, 0x02, 0xA9, 0xFD, 0x57, 0x02, 0x89, 0xFD, 0x77, 0xB0, 0xDD, 0xDD, 0x9D, 0x9D, 0x00, 0x01,
	0x00, 0x11, 0x00, 0x00, 0x02, 0xC6, 0x02, 0xBC, 0x00, 0x07, 0x00, 0x00, 0x73, 0x01, 0x33, 0x01,
	0x23, 0x01, 0x33, 0x01, 0x11, 0x01, 0x36, 0x49, 0x01, 0x36, 0x51, 0xFE, 0xDE, 0x2D, 0xFE, 0xDC,
	0x02, 0xBC, 0xFD, 0x44, 0x02, 0x93, 0xFD, 0x6D, 0x00, 0x03, 0x00, 0x38, 0xFF, 0xD1, 0x03, 0x5A,
	0x02, 0xEB, 0x00, 0x13, 0x00, 0x27, 0x00, 0x2B, 0x00, 0x00, 0x45, 0x22, 0x2E, 0x02, 0x35, 0x34,
	0x3E, 0x02, 0x33, 0x32, 0x1E, 0x02, 0x15, 0x14, 0x0E, 0x02, 0x27, 0x32, 0x3E, 0x02, 0x35, 0x34,
	0x2E, 0x02, 0x23, 0x22, 0x0E, 0x02, 0x15, 0x14, 0x1E, 0x02, 0x17, 0x11, 0x33, 0x11, 0x01, 0xC8,
	0x59, 0x93, 0x6B, 0x39, 0x39, 0x6B, 0x93, 0x59, 0x5A, 0x93, 0x6B, 0x3A, 0x3A, 0x6B, 0x93, 0x5A,
	0x4A, 0x7A, 0x58, 0x2F, 0x2F, 0x58, 0x7A, 0x4A, 0x4A, 0x79, 0x58, 0x2E, 0x2E, 0x58, 0x79, 0x28,
	0x45, 0x02, 0x35, 0x60, 0x80, 0x4C, 0x4C, 0x80, 0x60, 0x35, 0x35, 0x60, 0x80, 0x4C, 0x4C, 0x80,
	0x60, 0x35, 0x3F, 0x2C, 0x4D, 0x6A, 0x3F, 0x3F, 0x69, 0x4E, 0x2B, 0x2B, 0x4E, 0x69, 0x3F, 0x3F,
	0x6A, 0x4D, 0x2C, 0x6C, 0x03, 0x1A, 0xFC, 0xE6, 0x00, 0x02, 0x00, 0x76, 0x00, 0x00, 0x02, 0x33,
	0x02, 0xBC, 0x00, 0x03, 0x00, 0x0A, 0x00, 0x00, 0x53, 0x35, 0x21, 0x15, 0x01, 0x11, 0x21, 0x15,
	0x21, 0x37, 0x13, 0x99, 0x01, 0x53, 0xFE, 0x8A, 0x01, 0xBD, 0xFE, 0x78, 0x13, 0x01, 0x01, 0x29,
	0x38, 0x38, 0xFE, 0xD7, 0x02, 0xBC, 0x40, 0x13, 0xFD, 0x71, 0xFF, 0xFF, 0x00, 0x04, 0xFF, 0x63,
	0x02, 0x33, 0x02, 0xC1, 0x06, 0x26, 0x00, 0x47, 0x00, 0x00, 0x00, 0x06, 0x03, 0x5F, 0x79, 0x00,
	0xFF, 0xFF, 0x00, 0x3A, 0xFF, 0x63, 0x02, 0xA9, 0x02, 0xC2, 0x04, 0x26, 0x00, 0x0A, 0x06, 0x00,
	0x00, 0x07, 0x03, 0x5F, 0x01, 0x18, 0x00, 0x00, 0xFF, 0xFF, 0x00, 0x3A, 0xFF, 0x24, 0x02, 0xA9,
	0x02, 0xC2, 0x04, 0x26, 0x00, 0x0A, 0x06, 0x00, 0x00, 0x06, 0x03, 0x4F, 0x76, 0x00, 0xFF, 0xFF,
	0x00, 0x6C, 0x00, 0x00, 0x02, 0xB5, 0x02, 0xC2, 0x06, 0x06, 0x00, 0x3A, 0x00, 0x00, 0x00, 0x02,
	0x00, 0x22, 0xFF, 0x63, 0x03, 0x1B, 0x02, 0xC2, 0x00, 0x13, 0x00, 0x1B, 0x00, 0x00, 0x73, 0x11,
	0x34, 0x36, 0x36, 0x33, 0x32, 0x16, 0x16, 0x15, 0x11, 0x23, 0x11, 0x34, 0x26, 0x23, 0x22, 0x06,
	0x15, 0x11, 0x07, 0x37, 0x21, 0x15, 0x23, 0x35, 0x21, 0x07, 0x7B, 0x48, 0x84, 0x58, 0x58, 0x84,
	0x48, 0x4A, 0x74, 0x66, 0x66, 0x75, 0xA2, 0x01, 0x02, 0xF8, 0x45, 0xFD, 0x92, 0x01, 0x01, 0x95,
	0x63, 0x86, 0x44, 0x44, 0x86, 0x63, 0xFE, 0x6B, 0x01, 0x9C, 0x73, 0x71, 0x71, 0x73, 0xFE, 0x64,
	0x9D, 0xDD, 0xDD, 0x9D, 0x9D, 0x00, 0xFF, 0xFF, 0x00, 0x37, 0xFF, 0xFA, 0x02, 0x66, 0x02, 0xC2,
	0x06, 0x06, 0x00, 0x42, 0x00, 0x00, 0xFF, 0xFF, 0x00, 0x37, 0xFF, 0xFA, 0x02, 0x66, 0x03, 0x71,
	0x06, 0x26, 0x00, 0x42, 0x00, 0x00, 0x00, 0x07, 0x03, 0x48, 0x00, 0x2E, 0x00, 0x96, 0xFF, 0xFF,
	0x00, 0x37, 0xFF, 0xFA, 0x02, 0x66, 0x03, 0x62, 0x06, 0x26, 0x00, 0x42, 0x00, 0x00, 0x00, 0x07,
	0x03, 0x46, 0x00, 0x2E, 0x00, 0x96, 0xFF, 0xFF, 0x00, 0x6C, 0xFF, 0xFA, 0x02, 0xA9, 0x02, 0xBC,
	0x06, 0x06, 0x00, 0x56, 0x00, 0x00, 0xFF, 0xFF, 0x00, 0x6C, 0xFF, 0xFA, 0x02, 0xA9, 0x03, 0x70,
	0x06, 0x26, 0x00, 0x56, 0x00, 0x00, 0x00, 0x07, 0x03, 0x41, 0x00, 0xA6, 0x00, 0x00, 0x00, 0x03,
	0x00, 0x6C, 0xFF, 0x63, 0x03, 0x11, 0x03, 0x70, 0x00, 0x06, 0x00, 0x1B, 0x00, 0x29, 0x00, 0x00,
	0x45, 0x37, 0x17, 0x23, 0x35, 0x33, 0x07, 0x25, 0x22, 0x26, 0x35, 0x11, 0x33, 0x11, 0x14, 0x16,
	0x33, 0x32, 0x36, 0x35, 0x11, 0x33, 0x11, 0x23, 0x35, 0x17, 0x06, 0x06, 0x03, 0x22, 0x26, 0x27,
	0x33, 0x16, 0x16, 0x33, 0x32, 0x36, 0x37, 0x33, 0x06, 0x06, 0x02, 0x92, 0x2F, 0x1E, 0x7B, 0xAD,
	0x44, 0xFE, 0xAA, 0x7B, 0x90, 0x4A, 0x6F, 0x60, 0x64, 0x76, 0x4A, 0x47, 0x13, 0x1E, 0x84, 0x44,
	0x4A, 0x57, 0x02, 0x37, 0x02, 0x3A, 0x30, 0x30, 0x3C, 0x01, 0x36, 0x01, 0x57, 0x9D, 0xB1, 0x14,
	0x40, 0xDD, 0x97, 0x94, 0x8D, 0x01, 0xA1, 0xFE, 0x61, 0x70, 0x71, 0x76, 0x7C, 0x01, 0x8E, 0xFD,
	0x44, 0xAD, 0x0C, 0x56, 0x51, 0x02, 0xF5, 0x44, 0x3D, 0x28, 0x2E, 0x2E, 0x28, 0x3D, 0x44, 0x00,
	0xFF, 0xFF, 0x00, 0x6C, 0xFF, 0xFA, 0x02, 0xA9, 0x03, 0x71, 0x06, 0x26, 0x00, 0x56, 0x00, 0x00,
	0x00, 0x07, 0x03, 0x48, 0x00, 0x63, 0x00, 0x96, 0x00, 0x02, 0x00, 0x25, 0x00, 0x00, 0x02, 0xB1,
	0x02, 0xC2, 0x00, 0x13, 0x00, 0x17, 0x00, 0x00, 0x73, 0x11, 0x34, 0x36, 0x36, 0x33, 0x32, 0x16,
	0x16, 0x15, 0x11, 0x23, 0x11, 0x34, 0x26, 0x23, 0x22, 0x06, 0x15, 0x11, 0x23, 0x35, 0x33, 0x15,
	0x79, 0x47, 0x80, 0x56, 0x55, 0x7F, 0x47, 0x4A, 0x70, 0x61, 0x62, 0x71, 0x9E, 0x78, 0x01, 0x95,
	0x63, 0x86, 0x44, 0x44, 0x86, 0x63, 0xFE, 0x6B, 0x01, 0x9C, 0x73, 0x71, 0x71, 0x73, 0xFE, 0x64,
	0x40, 0x40, 0x00, 0x01, 0x00, 0x64, 0x00, 0x00, 0x02, 0x99, 0x02, 0xC1, 0x00, 0x1C, 0x00, 0x00,
	0x73, 0x11, 0x34, 0x36, 0x33, 0x32, 0x16, 0x16, 0x15, 0x14, 0x06, 0x23, 0x22, 0x26, 0x27, 0x37,
	0x16, 0x16, 0x33, 0x32, 0x36, 0x35, 0x34, 0x26, 0x23, 0x22, 0x06, 0x15, 0x11, 0x64, 0x93, 0x85,
	0x59, 0x7F, 0x45, 0x8D, 0x7D, 0x43, 0x77, 0x3D, 0x0D, 0x2D, 0x71, 0x41, 0x60, 0x6B, 0x70, 0x61,
	0x63, 0x6E, 0x01, 0xAF, 0x82, 0x90, 0x3F, 0x76, 0x52, 0x77, 0x89, 0x2A, 0x2B, 0x40, 0x2B, 0x2D,
	0x66, 0x5C, 0x5D, 0x68, 0x6D, 0x62, 0xFE, 0x51, 0xFF, 0xFF, 0x00, 0x0D, 0x00, 0x00, 0x02, 0x56,
	0x02, 0xC2, 0x04, 0x06, 0x00, 0x55, 0x0F, 0x00, 0xFF, 0xFF, 0x00, 0x67, 0xFF, 0x97, 0x02, 0xA8,
	0x02, 0xBC, 0x06, 0x06, 0x00, 0x5C, 0x00, 0x00, 0xFF, 0xFF, 0x00, 0x67, 0xFF, 0x97, 0x02, 0xA8,
	0x03, 0x70, 0x06, 0x26, 0x00, 0x5C, 0x00, 0x00, 0x00, 0x07, 0x03, 0x41, 0x00, 0xA1, 0x00, 0x00,
	0x00, 0x03, 0x00, 0x38, 0xFF, 0xFA, 0x03, 0x5B, 0x02, 0xC2, 0x00, 0x13, 0x00, 0x27, 0x00, 0x2B,
	0x00, 0x00, 0x45, 0x22, 0x2E, 0x02, 0x35, 0x34, 0x3E, 0x02, 0x33, 0x32, 0x1E, 0x02, 0x15, 0x14,
	0x0E, 0x02, 0x27, 0x32, 0x3E, 0x02, 0x35, 0x34, 0x2E, 0x02, 0x23, 0x22, 0x0E, 0x02, 0x15, 0x14,
	0x1E, 0x02, 0x17, 0x11, 0x33, 0x11, 0x01, 0xCA, 0x5A, 0x93, 0x6B, 0x3A, 0x3A, 0x6B, 0x93, 0x5A,
	0x59, 0x94, 0x6A, 0x3A, 0x3A, 0x6A, 0x94, 0x59, 0x4A, 0x79, 0x57, 0x2E, 0x2E, 0x57, 0x79, 0x4A,
	0x4A, 0x79, 0x57, 0x2F, 0x2F, 0x57, 0x79, 0x27, 0x45, 0x06, 0x36, 0x60, 0x81, 0x4D, 0x4D, 0x81,
	0x60, 0x36, 0x36, 0x60, 0x81, 0x4D, 0x4D, 0x81, 0x60, 0x36, 0x42, 0x2B, 0x4E, 0x6A, 0x3F, 0x3F,
	0x6A, 0x4E, 0x2B, 0x2B, 0x4E, 0x6A, 0x3F, 0x3F, 0x6A, 0x4E, 0x2B, 0x26, 0x02, 0x8D, 0xFD, 0x73,
	0x00, 0x01, 0x00, 0x67, 0xFF, 0xFA, 0x02, 0x9B, 0x02, 0xBC, 0x00, 0x1D, 0x00, 0x00, 0x45, 0x22,
	0x26, 0x35, 0x11, 0x33, 0x11, 0x14, 0x16, 0x33, 0x32, 0x36, 0x35, 0x34, 0x26, 0x26, 0x23, 0x22,
	0x06, 0x07, 0x27, 0x36, 0x36, 0x33, 0x32, 0x16, 0x16, 0x15, 0x14, 0x06, 0x01, 0x7F, 0x86, 0x92,
	0x48, 0x6F, 0x63, 0x62, 0x6E, 0x34, 0x5B, 0x3C, 0x3D, 0x72, 0x2F, 0x0E, 0x3B, 0x80, 0x43, 0x4E,
	0x74, 0x41, 0x96, 0x06, 0x82, 0x77, 0x01, 0xC9, 0xFE, 0x38, 0x57, 0x65, 0x60, 0x51, 0x3B, 0x50,
	0x2A, 0x2E, 0x2E, 0x3F, 0x2E, 0x2D, 0x39, 0x6B, 0x4D, 0x70, 0x81, 0x00, 0x00, 0x02, 0x00, 0x67,
	0xFF, 0xFA, 0x03, 0x5C, 0x02, 0xBC, 0x00, 0x1D, 0x00, 0x21, 0x00, 0x00, 0x45, 0x22, 0x26, 0x35,
	0x11, 0x33, 0x11, 0x14, 0x16, 0x33, 0x32, 0x36, 0x35, 0x34, 0x26, 0x26, 0x23, 0x22, 0x06, 0x07,
	0x27, 0x36, 0x36, 0x33, 0x32, 0x16, 0x16, 0x15, 0x14, 0x06, 0x25, 0x11, 0x33, 0x11, 0x01, 0x7F,
	0x86, 0x92, 0x48, 0x6F, 0x63, 0x62, 0x6E, 0x34, 0x5B, 0x3C, 0x3D, 0x72, 0x2F, 0x0E, 0x3B, 0x80,
	0x43, 0x4E, 0x74, 0x41, 0x96, 0x01, 0x0E, 0x49, 0x06, 0x82, 0x77, 0x01, 0xC9, 0xFE, 0x38, 0x57,
	0x65, 0x60, 0x51, 0x3B, 0x50, 0x2A, 0x2E, 0x2E, 0x3F, 0x2E, 0x2D, 0x39, 0x6B, 0x4D, 0x70, 0x81,
	0x06, 0x02, 0xBC, 0xFD, 0x44, 0x00, 0x00, 0x02, 0x00, 0x0C, 0xFF, 0xFA, 0x03, 0x36, 0x02, 0xBC,
	0x00, 0x1D, 0x00, 0x21, 0x00, 0x00, 0x45, 0x22, 0x26, 0x35, 0x11, 0x33, 0x11, 0x14, 0x16, 0x33,
	0x32, 0x36, 0x35, 0x34, 0x26, 0x26, 0x23, 0x22, 0x06, 0x07, 0x27, 0x36, 0x36, 0x33, 0x32, 0x16,
	0x16, 0x15, 0x14, 0x06, 0x01, 0x35, 0x21, 0x07, 0x02, 0x19, 0x85, 0x93, 0x49, 0x6F, 0x63, 0x62,
	0x6E, 0x34, 0x5B, 0x3C, 0x3D, 0x72, 0x30, 0x0D, 0x3B, 0x80, 0x43, 0x4E, 0x74, 0x41, 0x96, 0xFD,
	0x6C, 0x01, 0x3E, 0x49, 0x06, 0x82, 0x77, 0x01, 0xC9, 0xFE, 0x38, 0x57, 0x65, 0x60, 0x51, 0x3B,
	0x50, 0x2A, 0x2E, 0x2E, 0x3F, 0x2E, 0x2D, 0x39, 0x6B, 0x4D, 0x70, 0x81, 0x02, 0x82, 0x40, 0x40,
	0x00, 0x02, 0x00, 0x0B, 0xFF, 0xFA, 0x04, 0x73, 0x02, 0xBC, 0x00, 0x17, 0x00, 0x35, 0x00, 0x00,
	0x57, 0x22, 0x26, 0x27, 0x37, 0x16, 0x33, 0x32, 0x3E, 0x03, 0x37, 0x13, 0x21, 0x07, 0x21, 0x37,
	0x07, 0x0E, 0x04, 0x21, 0x22, 0x26, 0x35, 0x11, 0x33, 0x11, 0x14, 0x16, 0x33, 0x32, 0x36, 0x35,
	0x34, 0x26, 0x26, 0x23, 0x22, 0x06, 0x07, 0x27, 0x36, 0x36, 0x33, 0x32, 0x16, 0x16, 0x15, 0x14,
	0x06, 0x41, 0x0C, 0x1A, 0x10, 0x06, 0x11, 0x0F, 0x20, 0x2C, 0x1D, 0x11, 0x09, 0x02, 0x0A, 0x01,
	0xC7, 0x36, 0xFE, 0x9E, 0x12, 0x09, 0x03, 0x0B, 0x18, 0x28, 0x3D, 0x02, 0xE9, 0x85, 0x93, 0x49,
	0x6E, 0x64, 0x62, 0x6E, 0x34, 0x5B, 0x3C, 0x3D, 0x72, 0x30, 0x0D, 0x3B, 0x80, 0x43, 0x4D, 0x75,
	0x41, 0x97, 0x06, 0x03, 0x04, 0x42, 0x04, 0x23, 0x3F, 0x55, 0x64, 0x36, 0x01, 0x2C, 0x40, 0x15,
	0xFF, 0x42, 0x7A, 0x67, 0x4C, 0x29, 0x82, 0x77, 0x01, 0xC9, 0xFE, 0x38, 0x57, 0x65, 0x60, 0x51,
	0x3B, 0x50, 0x2A, 0x2E, 0x2E, 0x3F, 0x2E, 0x2D, 0x39, 0x6B, 0x4D, 0x70, 0x81, 0x00, 0x00, 0x02,
	0x00, 0x76, 0xFF, 0xFA, 0x04, 0x69, 0x02, 0xBC, 0x00, 0x16, 0x00, 0x23, 0x00, 0x00, 0x45, 0x22,
	0x26, 0x26, 0x35, 0x35, 0x21, 0x11, 0x23, 0x11, 0x33, 0x11, 0x21, 0x11, 0x33, 0x11, 0x33, 0x32,
	0x16, 0x15, 0x14, 0x06, 0x06, 0x27, 0x32, 0x36, 0x36, 0x35, 0x34, 0x26, 0x23, 0x23, 0x15, 0x14,
	0x16, 0x16, 0x03, 0x5D, 0x53, 0x77, 0x41, 0xFE, 0x6D, 0x49, 0x49, 0x01, 0x93, 0x49, 0xDA, 0x73,
	0x81, 0x41, 0x77, 0x54, 0x3B, 0x58, 0x2F, 0x63, 0x59, 0xC8, 0x2F, 0x58, 0x06, 0x35, 0x62, 0x44,
	0x88, 0xFE, 0xA3, 0x02, 0xBC, 0xFE, 0xE1, 0x01, 0x1F, 0xFE, 0xE1, 0x6B, 0x5E, 0x43, 0x62, 0x35,
	0x3E, 0x26, 0x45, 0x2E, 0x46, 0x49, 0x8D, 0x2F, 0x46, 0x26, 0xFF, 0xFF, 0xFF, 0xFC, 0xFF, 0x96,
	0x01, 0x87, 0x02, 0xBC, 0x06, 0x06, 0x00, 0x50, 0x00, 0x00, 0x00, 0x02, 0x00, 0x13, 0xFF, 0xFA,
	0x03, 0x06, 0x02, 0xE6, 0x00, 0x1D, 0x00, 0x21, 0x00, 0x00, 0x45, 0x22, 0x26, 0x35, 0x11, 0x33,
	0x11, 0x14, 0x16, 0x33, 0x32, 0x36, 0x35, 0x34, 0x26, 0x26, 0x23, 0x22, 0x06, 0x07, 0x27, 0x36,
	0x36, 0x33, 0x32, 0x16, 0x16, 0x15, 0x14, 0x06, 0x01, 0x35, 0x21, 0x15, 0x01, 0xE9, 0x85, 0x93,
	0x49, 0x6F, 0x63, 0x62, 0x6E, 0x34, 0x5B, 0x3C, 0x3D, 0x72, 0x30, 0x0D, 0x3B, 0x80, 0x43, 0x4E,
	0x74, 0x41, 0x96, 0xFD, 0xA3, 0x01, 0xE2, 0x06, 0x82, 0x77, 0x01, 0xF3, 0xFE, 0x0E, 0x57, 0x65,
	0x60, 0x51, 0x3B, 0x50, 0x2A, 0x2E, 0x2E, 0x3F, 0x2E, 0x2D, 0x39, 0x6B, 0x4D, 0x70, 0x81, 0x02,
	0x3C, 0x38, 0x38, 0x00, 0xFF, 0xFF, 0x00, 0x0D, 0xFF, 0x63, 0x02, 0x56, 0x02, 0xC2, 0x04, 0x26,
	0x00, 0x55, 0x0F, 0x00, 0x00, 0x07, 0x03, 0x43, 0x00, 0xDF, 0x00, 0x00, 0x00, 0x03, 0x00, 0x25,
	0xFF, 0x63, 0x03, 0x14, 0x02, 0xC2, 0x00, 0x06, 0x00, 0x1A, 0x00, 0x1E, 0x00, 0x00, 0x45, 0x37,
	0x17, 0x23, 0x35, 0x33, 0x07, 0x25, 0x11, 0x34, 0x36, 0x36, 0x33, 0x32, 0x16, 0x16, 0x15, 0x11,
	0x23, 0x11, 0x34, 0x26, 0x23, 0x22, 0x06, 0x15, 0x11, 0x23, 0x35, 0x33, 0x15, 0x02, 0x95, 0x2F,
	0x1E, 0x7B, 0xAD, 0x44, 0xFD, 0xA9, 0x47, 0x80, 0x56, 0x55, 0x7F, 0x47, 0x4A, 0x70, 0x61, 0x62,
	0x71, 0x9E, 0x78, 0x9D, 0xB1, 0x14, 0x40, 0xDD, 0x9D, 0x01, 0x95, 0x63, 0x86, 0x44, 0x44, 0x86,
	0x63, 0xFE, 0x6B, 0x01, 0x9C, 0x73, 0x71, 0x71, 0x73, 0xFE, 0x64, 0x40, 0x40, 0x00, 0xFF, 0xFF,
	0x00, 0x6C, 0x00, 0x00, 0x02, 0xB5, 0x03, 0x70, 0x06, 0x26, 0x00, 0x3A, 0x00, 0x00, 0x00, 0x07,
	0x03, 0x41, 0x00, 0xA7, 0x00, 0x00, 0xFF, 0xFF, 0x00, 0x6C, 0x00, 0x00, 0x02, 0xB5, 0x03, 0x62,
	0x06, 0x26, 0x00, 0x3A, 0x00, 0x00, 0x00, 0x07, 0x03, 0x46, 0x00, 0x64, 0x00, 0x96, 0xFF, 0xFF,
	0x00, 0x62, 0x00, 0x00, 0x04, 0x05, 0x02, 0xBC, 0x06, 0x06, 0x00, 0x41, 0x00, 0x00, 0xFF, 0xFF,
	0x00, 0x37, 0xFF, 0xFA, 0x02, 0x66, 0x03, 0x70, 0x06, 0x26, 0x00, 0x42, 0x00, 0x00, 0x00, 0x06,
	0x03, 0x41, 0x71, 0x00, 0xFF, 0xFF, 0x00, 0x4C, 0xFF, 0xFA, 0x02, 0xFD, 0x02, 0xC2, 0x06, 0x06,
	0x00, 0x48, 0x00, 0x00, 0xFF, 0xFF, 0x00, 0x4C, 0xFF, 0xFA, 0x02, 0xFD, 0x03, 0x62, 0x06, 0x26,
	0x00, 0x48, 0x00, 0x00, 0x00, 0x07, 0x03, 0x46, 0x00, 0x6C, 0x00, 0x96, 0xFF, 0xFF, 0x00, 0x6C,
	0xFF, 0xFA, 0x02, 0xA9, 0x03, 0x4A, 0x06, 0x26, 0x00, 0x56, 0x00, 0x00, 0x00, 0x07, 0x03, 0x4E,
	0x00, 0x63, 0x00, 0x96, 0xFF, 0xFF, 0x00, 0x6C, 0xFF, 0xFA, 0x02, 0xA9, 0x03, 0x62, 0x06, 0x26,
	0x00, 0x56, 0x00, 0x00, 0x00, 0x07, 0x03, 0x46, 0x00, 0x63, 0x00, 0x96, 0xFF, 0xFF, 0x00, 0x67,
	0xFF, 0x97, 0x02, 0xA8, 0x03, 0x4A, 0x06, 0x26, 0x00, 0x5C, 0x00, 0x00, 0x00, 0x07, 0x03, 0x4E,
	0x00, 0x5E, 0x00, 0x96, 0xFF, 0xFF, 0x00, 0x67, 0xFF, 0x97, 0x02, 0xA8, 0x03, 0x62, 0x06, 0x26,
	0x00, 0x5C, 0x00, 0x00, 0x00, 0x07, 0x03, 0x46, 0x00, 0x5E, 0x00, 0x96, 0xFF, 0xFF, 0x00, 0x67,
	0xFF, 0x97, 0x02, 0xA8, 0x03, 0x71, 0x06, 0x26, 0x00, 0x5C, 0x00, 0x00, 0x00, 0x07, 0x03, 0x4A,
	0x00, 0x5E, 0x00, 0x96, 0xFF, 0xFF, 0x00, 0x67, 0xFF, 0xFA, 0x03, 0x5C, 0x03, 0x62, 0x06, 0x26,
	0x01, 0xA6, 0x00, 0x00, 0x00, 0x07, 0x03, 0x46, 0x00, 0xBD, 0x00, 0x96, 0x00, 0x02, 0x00, 0x1B,
	0xFF, 0xFA, 0x02, 0xBF, 0x02, 0xE6, 0x00, 0x1D, 0x00, 0x21, 0x00, 0x00, 0x45, 0x22, 0x26, 0x35,
	0x03, 0x33, 0x13, 0x14, 0x16, 0x33, 0x32, 0x36, 0x35, 0x34, 0x26, 0x26, 0x23, 0x22, 0x06, 0x07,
	0x27, 0x36, 0x36, 0x33, 0x32, 0x16, 0x16, 0x15, 0x14, 0x06, 0x01, 0x35, 0x21, 0x15, 0x01, 0xA2,
	0x85, 0x93, 0x01, 0x49, 0x01, 0x6E, 0x63, 0x63, 0x6D, 0x33, 0x5B, 0x3C, 0x3D, 0x72, 0x30, 0x0D,
	0x3B, 0x80, 0x43, 0x4D, 0x74, 0x42, 0x97, 0xFD, 0xF3, 0x01, 0x96, 0x06, 0x82, 0x77, 0x01, 0xF3,
	0xFE, 0x0E, 0x57, 0x65, 0x60, 0x51, 0x3B, 0x50, 0x2A, 0x2E, 0x2E, 0x3F, 0x2E, 0x2D, 0x39, 0x6B,
	0x4D, 0x70, 0x81, 0x02, 0x3C, 0x38, 0x38, 0x00, 0xFF, 0xFF, 0x00, 0x36, 0xFF, 0xFB, 0x01, 0xEF,
	0x02, 0x12, 0x04, 0x06, 0x00, 0x61, 0xFF, 0x00, 0x00, 0x02, 0x00, 0x44, 0xFF, 0xFA, 0x02, 0x60,
	0x02, 0xF7, 0x00, 0x24, 0x00, 0x34, 0x00, 0x00, 0x45, 0x22, 0x2E, 0x02, 0x35, 0x34, 0x3E, 0x03,
	0x37, 0x37, 0x17, 0x07, 0x0E, 0x04, 0x15, 0x14, 0x16, 0x16, 0x17, 0x27, 0x3E, 0x02, 0x33, 0x32,
	0x16, 0x16, 0x15, 0x14, 0x06, 0x06, 0x27, 0x32, 0x36, 0x36, 0x35, 0x34, 0x26, 0x26, 0x23, 0x22,
	0x06, 0x06, 0x15, 0x14, 0x16, 0x16, 0x01, 0x51, 0x40, 0x63, 0x46, 0x24, 0x1C, 0x32, 0x43, 0x4F,
	0x2A, 0xEC, 0x0C, 0xDE, 0x15, 0x3B, 0x3D, 0x34, 0x1F, 0x02, 0x03, 0x01, 0x1F, 0x0B, 0x44, 0x67,
	0x3F, 0x49, 0x72, 0x41, 0x43, 0x7A, 0x4A, 0x38, 0x56, 0x31, 0x31, 0x56, 0x39, 0x38, 0x56, 0x31,
	0x31, 0x57, 0x06, 0x2A, 0x56, 0x7F, 0x54, 0x4B, 0x71, 0x52, 0x39, 0x23, 0x09, 0x37, 0x42, 0x32,
	0x05, 0x12, 0x24, 0x40, 0x65, 0x4B, 0x10, 0x13, 0x15, 0x14, 0x1A, 0x3D, 0x5B, 0x33, 0x3F, 0x70,
	0x4A, 0x49, 0x74, 0x41, 0x3B, 0x33, 0x58, 0x37, 0x36, 0x54, 0x31, 0x2F, 0x54, 0x37, 0x37, 0x58,
	0x34, 0x00, 0x00, 0x03, 0x00, 0x65, 0x00, 0x00, 0x02, 0x1F, 0x02, 0x0D, 0x00, 0x0F, 0x00, 0x18,
	0x00, 0x21, 0x00, 0x00, 0x73, 0x11, 0x33, 0x32, 0x16, 0x15, 0x14, 0x06, 0x23, 0x37, 0x32, 0x16,
	0x15, 0x14, 0x06, 0x23, 0x27, 0x33, 0x32, 0x36, 0x35, 0x34, 0x26, 0x23, 0x23, 0x35, 0x33, 0x32,
	0x36, 0x35, 0x34, 0x26, 0x23, 0x23, 0x65, 0xE8, 0x59, 0x67, 0x62, 0x50, 0x0E, 0x5E, 0x58, 0x63,
	0x68, 0xAA, 0xA7, 0x43, 0x45, 0x3E, 0x43, 0xAE, 0x9E, 0x3D, 0x41, 0x41, 0x3D, 0x9E, 0x02, 0x0D,
	0x44, 0x42, 0x40, 0x45, 0x15, 0x46, 0x42, 0x44, 0x4B, 0x38, 0x2B, 0x30, 0x30, 0x2C, 0x35, 0x2E,
	0x2C, 0x2C, 0x2C, 0x00, 0x00, 0x01, 0x00, 0x65, 0x00, 0x00, 0x01, 0xD9, 0x02, 0x0D, 0x00, 0x06,
	0x00, 0x00, 0x73, 0x11, 0x21, 0x15, 0x21, 0x37, 0x11, 0x65, 0x01, 0x74, 0xFE, 0xC1, 0x12, 0x02,
	0x0D, 0x3E, 0x12, 0xFE, 0x1F, 0x00, 0xFF, 0xFF, 0x00, 0x65, 0x00, 0x00, 0x01, 0xD9, 0x02, 0xDB,
	0x06, 0x26, 0x01, 0xBE, 0x00, 0x00, 0x00, 0x06, 0x03, 0x49, 0xF6, 0x00, 0x00, 0x01, 0x00, 0x65,
	0x00, 0x00, 0x01, 0xBE, 0x02, 0x7A, 0x00, 0x07, 0x00, 0x00, 0x73, 0x11, 0x21, 0x35, 0x33, 0x15,
	0x21, 0x11, 0x65, 0x01, 0x17, 0x42, 0xFE, 0xEE, 0x02, 0x0D, 0x6D, 0xAB, 0xFE, 0x31, 0xFF, 0xFF,
	0x00, 0x65, 0xFF, 0x8D, 0x01, 0xD9, 0x02, 0x0D, 0x06, 0x26, 0x01, 0xBE, 0x00, 0x00, 0x00, 0x06,
	0x03, 0x42, 0x29, 0x00, 0x00, 0x02, 0x00, 0x2E, 0x00, 0x00, 0x01, 0xE8, 0x02, 0x0D, 0x00, 0x03,
	0x00, 0x0A, 0x00, 0x00, 0x77, 0x35, 0x21, 0x15, 0x05, 0x11, 0x21, 0x15, 0x21, 0x37, 0x11, 0x2E,
	0x01, 0x73, 0xFE, 0xD3, 0x01, 0x74, 0xFE, 0xC1, 0x12, 0xCF, 0x34, 0x34, 0xCF, 0x02, 0x0D, 0x3E,
	0x12, 0xFE, 0x1F, 0x00, 0x00, 0x02, 0x00, 0x65, 0xFF, 0x33, 0x02, 0x34, 0x02, 0x0D, 0x00, 0x06,
	0x00, 0x1D, 0x00, 0x00, 0x73, 0x11, 0x21, 0x15, 0x21, 0x37, 0x11, 0x17, 0x37, 0x16, 0x36, 0x36,
	0x35, 0x34, 0x2E, 0x02, 0x06, 0x07, 0x27, 0x36, 0x36, 0x1E, 0x02, 0x15, 0x14, 0x0E, 0x02, 0x65,
	0x01, 0x67, 0xFE, 0xCE, 0x12, 0x49, 0x10, 0x46, 0x68, 0x39, 0x2B, 0x48, 0x58, 0x5A, 0x28, 0x02,
	0x39, 0x75, 0x69, 0x51, 0x2F, 0x2F, 0x55, 0x75, 0x02, 0x0D, 0x3E, 0x13, 0xFE, 0x1E, 0xC0, 0x3E,
	0x0C, 0x24, 0x59, 0x3F, 0x3A, 0x4B, 0x27, 0x04, 0x1C, 0x1D, 0x41, 0x21, 0x17, 0x12, 0x3A, 0x5F,
	0x42, 0x40, 0x65, 0x42, 0x17, 0x00, 0x00, 0x02, 0x00, 0x09, 0xFF, 0x81, 0x02, 0x66, 0x02, 0x0D,
	0x00, 0x11, 0x00, 0x19, 0x00, 0x00, 0x77, 0x27, 0x16, 0x3E, 0x02, 0x37, 0x37, 0x21, 0x11, 0x23,
	0x11, 0x23, 0x07, 0x0E, 0x03, 0x07, 0x35, 0x21, 0x15, 0x23, 0x35, 0x21, 0x15, 0x66, 0x47, 0x1F,
	0x28, 0x16, 0x0A, 0x03, 0x07, 0x01, 0x84, 0x47, 0xFD, 0x06, 0x02, 0x09, 0x15, 0x26, 0x7B, 0x02,
	0x5D, 0x43, 0xFE, 0x29, 0x31, 0x0D, 0x01, 0x2F, 0x52, 0x69, 0x37, 0xAF, 0xFE, 0x15, 0x01, 0xAD,
	0x75, 0x35, 0x66, 0x55, 0x35, 0xB4, 0xBD, 0xBD, 0x7F, 0x7F, 0xFF, 0xFF, 0x00, 0x33, 0xFF, 0xFB,
	0x02, 0x32, 0x02, 0x12, 0x04, 0x06, 0x00, 0x6E, 0x04, 0x00, 0xFF, 0xFF, 0x00, 0x33, 0xFF, 0xFB,
	0x02, 0x32, 0x02, 0xDB, 0x04, 0x26, 0x00, 0x6E, 0x04, 0x00, 0x00, 0x06, 0x03, 0x48, 0x06, 0x00,
	0xFF, 0xFF, 0x00, 0x33, 0xFF, 0xFB, 0x02, 0x32, 0x02, 0xCC, 0x04, 0x26, 0x00, 0x6E, 0x04, 0x00,
	0x00, 0x06, 0x03, 0x46, 0x07, 0x00, 0x00, 0x07, 0x00, 0x11, 0x00, 0x00, 0x03, 0x29, 0x02, 0x0D,
	0x00, 0x03, 0x00, 0x07, 0x00, 0x0B, 0x00, 0x0F, 0x00, 0x13, 0x00, 0x17, 0x00, 0x1B, 0x00, 0x00,
	0x61, 0x03, 0x37, 0x13, 0x21, 0x13, 0x17, 0x03, 0x37, 0x03, 0x33, 0x13, 0x07, 0x35, 0x33, 0x15,
	0x07, 0x11, 0x33, 0x11, 0x27, 0x35, 0x33, 0x15, 0x37, 0x27, 0x13, 0x33, 0x02, 0xD4, 0xB4, 0x3B,
	0xCE, 0xFC, 0xE8, 0xCE, 0x3A, 0xB3, 0x73, 0xB9, 0x4D, 0xAE, 0x31, 0xA5, 0x16, 0x47, 0x16, 0xA6,
	0x12, 0x44, 0xAF, 0x4D, 0x01, 0x04, 0x23, 0xFE, 0xD9, 0x01, 0x27, 0x23, 0xFE, 0xFC, 0xFF, 0x01,
	0x0E, 0xFE, 0xFC, 0x1F, 0x3D, 0x3D, 0xEA, 0x02, 0x0D, 0xFD, 0xF3, 0xEA, 0x3D, 0x3D, 0x15, 0x0A,
	0x01, 0x04, 0x00, 0x01, 0x00, 0x1E, 0xFF, 0xFA, 0x01, 0xDA, 0x02, 0x15, 0x00, 0x2F, 0x00, 0x00,
	0x57, 0x22, 0x26, 0x27, 0x37, 0x16, 0x16, 0x33, 0x3E, 0x02, 0x35, 0x34, 0x26, 0x23, 0x23, 0x35,
	0x33, 0x32, 0x36, 0x36, 0x35, 0x34, 0x26, 0x26, 0x23, 0x06, 0x06, 0x07, 0x27, 0x36, 0x36, 0x33,
	0x36, 0x16, 0x16, 0x15, 0x14, 0x06, 0x06, 0x23, 0x37, 0x32, 0x16, 0x15, 0x14, 0x06, 0x06, 0xF2,
	0x39, 0x70, 0x2B, 0x17, 0x26, 0x64, 0x31, 0x31, 0x48, 0x28, 0x4C, 0x42, 0x69, 0x64, 0x27, 0x3C,
	0x21, 0x27, 0x44, 0x2B, 0x27, 0x54, 0x29, 0x14, 0x2E, 0x5B, 0x2E, 0x3F, 0x65, 0x3C, 0x30, 0x50,
	0x33, 0x03, 0x5A, 0x65, 0x3E, 0x69, 0x06, 0x20, 0x21, 0x35, 0x1C, 0x1D, 0x01, 0x1A, 0x2E, 0x1D,
	0x2A, 0x2F, 0x34, 0x14, 0x26, 0x1A, 0x1C, 0x28, 0x14, 0x01, 0x15, 0x15, 0x37, 0x18, 0x19, 0x02,
	0x22, 0x3F, 0x2C, 0x27, 0x3A, 0x20, 0x13, 0x46, 0x3C, 0x2F, 0x47, 0x28, 0x00, 0x01, 0x00, 0x65,
	0x00, 0x00, 0x02, 0x4A, 0x02, 0x0D, 0x00, 0x09, 0x00, 0x00, 0x73, 0x11, 0x33, 0x11, 0x01, 0x33,
	0x11, 0x23, 0x11, 0x01, 0x65, 0x47, 0x01, 0x5F, 0x3F, 0x47, 0xFE, 0xA2, 0x02, 0x0D, 0xFE, 0x5F,
	0x01, 0xA1, 0xFD, 0xF3, 0x01, 0xA2, 0xFE, 0x5E, 0xFF, 0xFF, 0x00, 0x65, 0x00, 0x00, 0x02, 0x4A,
	0x02, 0xDB, 0x06, 0x26, 0x01, 0xCA, 0x00, 0x00, 0x00, 0x06, 0x03, 0x40, 0x77, 0x00, 0xFF, 0xFF,
	0x00, 0x65, 0x00, 0x00, 0x02, 0x4A, 0x02, 0xDB, 0x06, 0x26, 0x01, 0xCA, 0x00, 0x00, 0x00, 0x06,
	0x03, 0x48, 0x28, 0x00, 0x00, 0x03, 0x00, 0x65, 0xFF, 0x8D, 0x02, 0xA0, 0x02, 0xDB, 0x00, 0x06,
	0x00, 0x10, 0x00, 0x1E, 0x00, 0x00, 0x45, 0x37, 0x17, 0x23, 0x35, 0x33, 0x07, 0x25, 0x11, 0x33,
	0x11, 0x01, 0x33, 0x11, 0x23, 0x11, 0x01, 0x13, 0x22, 0x26, 0x27, 0x33, 0x16, 0x16, 0x33, 0x32,
	0x36, 0x37, 0x33, 0x06, 0x06, 0x02, 0x30, 0x25, 0x2B, 0x7D, 0x9D, 0x37, 0xFD, 0xFC, 0x47, 0x01,
	0x5F, 0x3F, 0x47, 0xFE, 0xA2, 0xAF, 0x3F, 0x57, 0x03, 0x33, 0x02, 0x3A, 0x2A, 0x2A, 0x3B, 0x01,
	0x32, 0x02, 0x57, 0x73, 0x86, 0x13, 0x3E, 0xB1, 0x73, 0x02, 0x0D, 0xFE, 0x5F, 0x01, 0xA1, 0xFD,
	0xF3, 0x01, 0xA2, 0xFE, 0x5E, 0x02, 0x5A, 0x45, 0x3C, 0x27, 0x2E, 0x2E, 0x27, 0x3C, 0x45, 0x00,
	0x00, 0x04, 0x00, 0x65, 0x00, 0x00, 0x02, 0x3A, 0x02, 0x0D, 0x00, 0x03, 0x00, 0x07, 0x00, 0x0B,
	0x00, 0x0F, 0x00, 0x00, 0x61, 0x03, 0x37, 0x13, 0x21, 0x11, 0x33, 0x11, 0x27, 0x35, 0x33, 0x15,
	0x37, 0x27, 0x13, 0x33, 0x01, 0xE6, 0xD8, 0x3B, 0xF1, 0xFE, 0x2B, 0x47, 0x16, 0xA9, 0x10, 0x42,
	0xD1, 0x4D, 0x01, 0x04, 0x23, 0xFE, 0xD9, 0x02, 0x0D, 0xFD, 0xF3, 0xEA, 0x3D, 0x3D, 0x15, 0x0A,
	0x01, 0x04, 0xFF, 0xFF, 0x00, 0x65, 0x00, 0x00, 0x02, 0x3A, 0x02, 0xDB, 0x06, 0x26, 0x01, 0xCE,
	0x00, 0x00, 0x00, 0x06, 0x03, 0x49, 0xFF, 0x00, 0x00, 0x01, 0x00, 0x05, 0xFF, 0xFA, 0x02, 0x13,
	0x02, 0x0D, 0x00, 0x19, 0x00, 0x00, 0x57, 0x22, 0x26, 0x27, 0x37, 0x16, 0x16, 0x33, 0x32, 0x3E,
	0x02, 0x37, 0x37, 0x21, 0x11, 0x23, 0x11, 0x17, 0x21, 0x37, 0x07, 0x0E, 0x03, 0x38, 0x0C, 0x19,
	0x0E, 0x05, 0x07, 0x0D, 0x05, 0x20, 0x27, 0x14, 0x08, 0x03, 0x09, 0x01, 0x81, 0x47, 0x12, 0xFE,
	0xE2, 0x11, 0x08, 0x03, 0x0F, 0x1F, 0x36, 0x06, 0x04, 0x03, 0x3D, 0x01, 0x03, 0x30, 0x50, 0x65,
	0x33, 0xBB, 0xFD, 0xF3, 0x01, 0xE4, 0x15, 0x16, 0x98, 0x44, 0x7C, 0x5E, 0x35, 0x00, 0x00, 0x01,
	0x00, 0x65, 0x00, 0x00, 0x02, 0xB1, 0x02, 0x0D, 0x00, 0x0F, 0x00, 0x00, 0x73, 0x11, 0x33, 0x13,
	0x23, 0x13, 0x33, 0x11, 0x23, 0x11, 0x17, 0x03, 0x23, 0x03, 0x37, 0x11, 0x65, 0x48, 0xEE, 0x1E,
	0xF2, 0x42, 0x41, 0x0D, 0xE2, 0x20, 0xE4, 0x0F, 0x02, 0x0D, 0xFE, 0x6D, 0x01, 0x93, 0xFD, 0xF3,
	0x01, 0xBC, 0x06, 0xFE, 0x8A, 0x01, 0x7A, 0x03, 0xFE, 0x43, 0x00, 0x01, 0x00, 0x65, 0x00, 0x00,
	0x02, 0x3E, 0x02, 0x0D, 0x00, 0x0B, 0x00, 0x00, 0x73, 0x11, 0x33, 0x15, 0x21, 0x35, 0x33, 0x11,
	0x23, 0x35, 0x21, 0x15, 0x65, 0x47, 0x01, 0x4B, 0x47, 0x47, 0xFE, 0xB5, 0x02, 0x0D, 0xE8, 0xE8,
	0xFD, 0xF3, 0xE8, 0xE8, 0xFF, 0xFF, 0x00, 0x32, 0xFF, 0xFB, 0x02, 0x49, 0x02, 0x12, 0x04, 0x06,
	0x00, 0x85, 0x04, 0x00, 0x00, 0x01, 0x00, 0x65, 0x00, 0x00, 0x02, 0x3D, 0x02, 0x0D, 0x00, 0x09,
	0x00, 0x00, 0x73, 0x11, 0x21, 0x11, 0x23, 0x11, 0x17, 0x21, 0x37, 0x11, 0x65, 0x01, 0xD8, 0x47,
	0x12, 0xFE, 0x92, 0x12, 0x02, 0x0D, 0xFD, 0xF3, 0x01, 0xE2, 0x13, 0x13, 0xFE, 0x1E, 0xFF, 0xFF,
	0x00, 0x66, 0xFF, 0x3E, 0x02, 0x7B, 0x02, 0x12, 0x04, 0x06, 0x00, 0x8C, 0x02, 0x00, 0xFF, 0xFF,
	0x00, 0x32, 0xFF, 0xFB, 0x02, 0x0F, 0x02, 0x12, 0x04, 0x06, 0x00, 0x6A, 0x04, 0x00, 0x00, 0x01,
	0x00, 0x02, 0x00, 0x00, 0x01, 0xD7, 0x02, 0x0D, 0x00, 0x09, 0x00, 0x00, 0x73, 0x11, 0x17, 0x23,
	0x35, 0x21, 0x15, 0x23, 0x37, 0x11, 0xC9, 0x12, 0xD9, 0x01, 0xD5, 0xD9, 0x12, 0x01, 0xE2, 0x13,
	0x3E, 0x3E, 0x13, 0xFE, 0x1E, 0x00, 0xFF, 0xFF, 0xFF, 0xEE, 0xFF, 0x39, 0x02, 0x24, 0x02, 0x0D,
	0x04, 0x06, 0x00, 0x9B, 0x07, 0x00, 0xFF, 0xFF, 0xFF, 0xEE, 0xFF, 0x39, 0x02, 0x24, 0x02, 0xDB,
	0x04, 0x26, 0x00, 0x9B, 0x07, 0x00, 0x00, 0x06, 0x03, 0x40, 0x2C, 0x00, 0x00, 0x03, 0x00, 0x31,
	0xFF, 0x3E, 0x02, 0xE0, 0x02, 0xE6, 0x00, 0x13, 0x00, 0x29, 0x00, 0x2D, 0x00, 0x00, 0x45, 0x26,
	0x26, 0x35, 0x34, 0x36, 0x37, 0x3A, 0x02, 0x33, 0x16, 0x16, 0x15, 0x14, 0x06, 0x23, 0x30, 0x22,
	0x22, 0x37, 0x32, 0x32, 0x33, 0x32, 0x36, 0x36, 0x35, 0x34, 0x26, 0x26, 0x23, 0x22, 0x22, 0x23,
	0x22, 0x06, 0x06, 0x15, 0x14, 0x16, 0x16, 0x17, 0x11, 0x33, 0x11, 0x01, 0x7B, 0x9C, 0xAE, 0xAF,
	0x9F, 0x01, 0x07, 0x06, 0x01, 0xA0, 0xB2, 0xB3, 0xA1, 0x08, 0x07, 0x03, 0x02, 0x08, 0x01, 0x59,
	0x78, 0x3E, 0x3E, 0x78, 0x59, 0x01, 0x09, 0x01, 0x57, 0x76, 0x3C, 0x3D, 0x76, 0x3B, 0x45, 0x06,
	0x01, 0x8C, 0x81, 0x7F, 0x8B, 0x01, 0x01, 0x8B, 0x7F, 0x82, 0x8C, 0x3E, 0x31, 0x5C, 0x43, 0x41,
	0x5B, 0x30, 0x31, 0x5A, 0x41, 0x42, 0x5C, 0x31, 0xFB, 0x03, 0xA8, 0xFC, 0x58, 0x00, 0xFF, 0xFF,
	0x00, 0x0F, 0x00, 0x00, 0x01, 0xFF, 0x02, 0x0D, 0x04, 0x06, 0x00, 0x9A, 0xFC, 0x00, 0x00, 0x02,
	0x00, 0x2F, 0x00, 0x00, 0x01, 0xF2, 0x02, 0x0D, 0x00, 0x0F, 0x00, 0x13, 0x00, 0x00, 0x77, 0x22,
	0x26, 0x35, 0x35, 0x33, 0x15, 0x14, 0x16, 0x33, 0x32, 0x36, 0x37, 0x07, 0x06, 0x06, 0x17, 0x11,
	0x33, 0x11, 0xF8, 0x5D, 0x6C, 0x46, 0x4E, 0x42, 0x28, 0x58, 0x2D, 0x01, 0x2E, 0x5D, 0x85, 0x47,
	0xB3, 0x55, 0x59, 0xAC, 0xA8, 0x3C, 0x3C, 0x15, 0x14, 0x38, 0x14, 0x17, 0xB3, 0x02, 0x0D, 0xFD,
	0xF3, 0x00, 0x00, 0x02, 0x00, 0x65, 0xFF, 0x81, 0x02, 0x89, 0x02, 0x0D, 0x00, 0x07, 0x00, 0x0E,
	0x00, 0x00, 0x73, 0x11, 0x33, 0x11, 0x21, 0x11, 0x33, 0x11, 0x17, 0x35, 0x17, 0x23, 0x35, 0x33,
	0x15, 0x65, 0x47, 0x01, 0x41, 0x47, 0x12, 0x12, 0x6B, 0x9C, 0x02, 0x0D, 0xFE, 0x31, 0x01, 0xCF,
	0xFD, 0xF3, 0x7F, 0x85, 0x06, 0x3E, 0xBD, 0x00, 0x00, 0x01, 0x00, 0x65, 0x00, 0x00, 0x03, 0x3B,
	0x02, 0x0D, 0x00, 0x0F, 0x00, 0x00, 0x73, 0x11, 0x33, 0x11, 0x27, 0x21, 0x07, 0x11, 0x33, 0x11,
	0x27, 0x21, 0x07, 0x11, 0x33, 0x11, 0x65, 0x47, 0x12, 0x01, 0x24, 0x10, 0x47, 0x13, 0x01, 0x25,
	0x13, 0x47, 0x02, 0x0D, 0xFE, 0x1E, 0x13, 0x13, 0x01, 0xE2, 0xFE, 0x1E, 0x13, 0x13, 0x01, 0xE2,
	0xFD, 0xF3, 0xFF, 0xFF, 0x00, 0x65, 0xFF, 0x8D, 0x03, 0x8C, 0x02, 0x0D, 0x06, 0x26, 0x01, 0xDE,
	0x00, 0x00, 0x00, 0x07, 0x03, 0x42, 0x02, 0xB4, 0x00, 0x00, 0x00, 0x01, 0x00, 0x65, 0xFF, 0x81,
	0x02, 0x1A, 0x02, 0x0D, 0x00, 0x0B, 0x00, 0x00, 0x45, 0x35, 0x23, 0x11, 0x33, 0x11, 0x21, 0x11,
	0x33, 0x11, 0x23, 0x15, 0x01, 0x1E, 0xB9, 0x47, 0x01, 0x27, 0x47, 0xB8, 0x7F, 0x7F, 0x02, 0x0D,
	0xFE, 0x31, 0x01, 0xCF, 0xFD, 0xF3, 0x7F, 0x00, 0x00, 0x02, 0x00, 0x65, 0xFF, 0xFE, 0x02, 0x11,
	0x02, 0x0D, 0x00, 0x0A, 0x00, 0x13, 0x00, 0x00, 0x45, 0x27, 0x11, 0x33, 0x15, 0x17, 0x16, 0x16,
	0x15, 0x14, 0x06, 0x27, 0x16, 0x36, 0x35, 0x34, 0x26, 0x27, 0x27, 0x15, 0x01, 0x39, 0xD4, 0x47,
	0x9B, 0x63, 0x67, 0x6F, 0x6D, 0x49, 0x4B, 0x4A, 0x4A, 0x89, 0x01, 0x01, 0x02, 0x0D, 0xB7, 0x02,
	0x01, 0x56, 0x51, 0x54, 0x5A, 0x37, 0x01, 0x3D, 0x3B, 0x3B, 0x37, 0x01, 0x02, 0xEA, 0x00, 0x03,
	0x00, 0x65, 0xFF, 0xFE, 0x02, 0xAC, 0x02, 0x0D, 0x00, 0x0A, 0x00, 0x13, 0x00, 0x17, 0x00, 0x00,
	0x45, 0x27, 0x11, 0x33, 0x15, 0x17, 0x16, 0x16, 0x15, 0x14, 0x06, 0x27, 0x16, 0x36, 0x35, 0x34,
	0x26, 0x27, 0x27, 0x15, 0x05, 0x11, 0x33, 0x11, 0x01, 0x35, 0xD0, 0x47, 0x96, 0x63, 0x68, 0x70,
	0x6D, 0x4A, 0x4B, 0x4A, 0x4B, 0x84, 0x01, 0xB9, 0x47, 0x01, 0x01, 0x02, 0x0D, 0xB7, 0x02, 0x01,
	0x56, 0x51, 0x54, 0x5A, 0x37, 0x01, 0x3D, 0x3B, 0x3B, 0x37, 0x01, 0x02, 0xEA, 0x37, 0x02, 0x0D,
	0xFD, 0xF3, 0x00, 0x02, 0x00, 0x02, 0x00, 0x00, 0x02, 0x4B, 0x02, 0x0D, 0x00, 0x0C, 0x00, 0x14,
	0x00, 0x00, 0x73, 0x11, 0x23, 0x35, 0x33, 0x15, 0x33, 0x32, 0x16, 0x15, 0x14, 0x06, 0x23, 0x27,
	0x33, 0x32, 0x36, 0x35, 0x34, 0x23, 0x23, 0xA6, 0xA4, 0xEB, 0x97, 0x62, 0x65, 0x6E, 0x67, 0x89,
	0x88, 0x46, 0x48, 0x8E, 0x88, 0x01, 0xCF, 0x3E, 0xB7, 0x58, 0x50, 0x55, 0x59, 0x37, 0x3C, 0x3B,
	0x72, 0x00, 0xFF, 0xFF, 0x00, 0x05, 0xFF, 0xFA, 0x03, 0x78, 0x02, 0x0D, 0x04, 0x26, 0x01, 0xD0,
	0x00, 0x00, 0x00, 0x07, 0x01, 0xE1, 0x01, 0x66, 0x00, 0x00, 0x00, 0x02, 0x00, 0x65, 0x00, 0x00,
	0x03, 0x93, 0x02, 0x0D, 0x00, 0x12, 0x00, 0x1B, 0x00, 0x00, 0x73, 0x11, 0x33, 0x15, 0x21, 0x35,
	0x33, 0x15, 0x33, 0x32, 0x16, 0x15, 0x14, 0x06, 0x23, 0x23, 0x35, 0x21, 0x15, 0x25, 0x33, 0x32,
	0x36, 0x35, 0x34, 0x26, 0x23, 0x23, 0x65, 0x47, 0x01, 0x40, 0x47, 0xA1, 0x5B, 0x64, 0x6C, 0x61,
	0xDA, 0xFE, 0xC0, 0x01, 0x87, 0x91, 0x41, 0x46, 0x46, 0x41, 0x91, 0x02, 0x0D, 0xD3, 0xD3, 0xD3,
	0x4F, 0x49, 0x4C, 0x56, 0xFD, 0xFD, 0x36, 0x37, 0x31, 0x30, 0x32, 0x00, 0xFF, 0xFF, 0x00, 0x2F,
	0xFF, 0xFB, 0x01, 0xDE, 0x02, 0x12, 0x04, 0x06, 0x00, 0x90, 0x15, 0x00, 0x00, 0x02, 0x00, 0x31,
	0xFF, 0xFB, 0x02, 0x1D, 0x02, 0x13, 0x00, 0x1D, 0x00, 0x21, 0x00, 0x00, 0x45, 0x22, 0x26, 0x26,
	0x35, 0x34, 0x36, 0x36, 0x33, 0x32, 0x16, 0x17, 0x07, 0x26, 0x26, 0x23, 0x22, 0x06, 0x06, 0x15,
	0x14, 0x16, 0x16, 0x33, 0x32, 0x36, 0x37, 0x17, 0x06, 0x06, 0x25, 0x35, 0x21, 0x15, 0x01, 0x48,
	0x50, 0x7E, 0x49, 0x49, 0x7E, 0x50, 0x41, 0x6E, 0x26, 0x29, 0x23, 0x55, 0x32, 0x3D, 0x61, 0x39,
	0x39, 0x61, 0x3D, 0x32, 0x55, 0x23, 0x29, 0x26, 0x6E, 0xFE, 0xD4, 0x01, 0x31, 0x05, 0x45, 0x7A,
	0x4D, 0x4E, 0x79, 0x45, 0x28, 0x28, 0x29, 0x20, 0x1E, 0x36, 0x5F, 0x3C, 0x3D, 0x5E, 0x37, 0x1F,
	0x21, 0x29, 0x28, 0x29, 0xED, 0x35, 0x35, 0x00, 0x00, 0x02, 0x00, 0x1E, 0xFF, 0xFA, 0x02, 0x0B,
	0x02, 0x12, 0x00, 0x1D, 0x00, 0x21, 0x00, 0x00, 0x57, 0x22, 0x26, 0x27, 0x37, 0x16, 0x16, 0x33,
	0x32, 0x36, 0x36, 0x35, 0x34, 0x26, 0x26, 0x23, 0x22, 0x06, 0x07, 0x27, 0x36, 0x36, 0x33, 0x32,
	0x16, 0x16, 0x15, 0x14, 0x06, 0x06, 0x27, 0x35, 0x21, 0x15, 0xF4, 0x41, 0x6F, 0x26, 0x2A, 0x22,
	0x56, 0x31, 0x3E, 0x61, 0x38, 0x38, 0x61, 0x3E, 0x31, 0x56, 0x22, 0x2A, 0x26, 0x6F, 0x41, 0x50,
	0x7E, 0x49, 0x49, 0x7E, 0x96, 0x01, 0x31, 0x06, 0x29, 0x27, 0x2A, 0x20, 0x1F, 0x37, 0x5F, 0x3C,
	0x3C, 0x5F, 0x36, 0x1F, 0x20, 0x29, 0x28, 0x28, 0x45, 0x79, 0x4D, 0x4D, 0x7A, 0x46, 0xF6, 0x36,
	0x36, 0x00, 0xFF, 0xFF, 0x00, 0x55, 0x00, 0x00, 0x00, 0xBD, 0x02, 0xE6, 0x04, 0x26, 0x00, 0x77,
	0x02, 0x00, 0x00, 0x07, 0x03, 0x54, 0xFF, 0x5D, 0x00, 0x00, 0xFF, 0xFF, 0x00, 0x1B, 0x00, 0x00,
	0x00, 0xF2, 0x02, 0xCB, 0x06, 0x26, 0x00, 0x77, 0x00, 0x00, 0x00, 0x07, 0x03, 0x55, 0xFF, 0x5B,
	0x00, 0x00, 0xFF, 0xFF, 0xFF, 0xA4, 0xFF, 0x39, 0x00, 0xBE, 0x02, 0xE6, 0x04, 0x26, 0x00, 0x7F,
	0xFE, 0x00, 0x00, 0x07, 0x03, 0x54, 0xFF, 0x5E, 0x00, 0x00, 0x00, 0x02, 0xFF, 0xDF, 0x00, 0x00,
	0x02, 0x49, 0x02, 0xE6, 0x00, 0x16, 0x00, 0x1A, 0x00, 0x00, 0x73, 0x11, 0x33, 0x11, 0x27, 0x36,
	0x36, 0x33, 0x32, 0x16, 0x16, 0x15, 0x11, 0x23, 0x11, 0x34, 0x26, 0x23, 0x22, 0x06, 0x06, 0x15,
	0x11, 0x03, 0x35, 0x21, 0x15, 0x66, 0x47, 0x0E, 0x19, 0x6D, 0x4C, 0x41, 0x60, 0x37, 0x47, 0x52,
	0x4B, 0x39, 0x53, 0x2C, 0xCE, 0x01, 0xC7, 0x02, 0xE6, 0xFE, 0x97, 0x1B, 0x39, 0x41, 0x31, 0x64,
	0x4C, 0xFE, 0xCF, 0x01, 0x2A, 0x53, 0x55, 0x2D, 0x55, 0x3C, 0xFE, 0xEC, 0x02, 0x62, 0x2D, 0x2D,
	0x00, 0x03, 0x00, 0x65, 0xFF, 0xFB, 0x03, 0x2E, 0x02, 0x12, 0x00, 0x0F, 0x00, 0x17, 0x00, 0x27,
	0x00, 0x00, 0x45, 0x22, 0x26, 0x26, 0x35, 0x34, 0x36, 0x36, 0x33, 0x32, 0x16, 0x16, 0x15, 0x14,
	0x06, 0x06, 0x25, 0x11, 0x33, 0x15, 0x33, 0x15, 0x23, 0x15, 0x25, 0x32, 0x36, 0x36, 0x35, 0x34,
	0x26, 0x26, 0x23, 0x22, 0x06, 0x06, 0x15, 0x14, 0x16, 0x16, 0x02, 0x29, 0x4B, 0x77, 0x44, 0x44,
	0x77, 0x4B, 0x4B, 0x76, 0x44, 0x44, 0x76, 0xFD, 0xF1, 0x47, 0xA0, 0xA0, 0x01, 0x7D, 0x37, 0x56,
	0x32, 0x32, 0x56, 0x37, 0x36, 0x57, 0x32, 0x32, 0x57, 0x05, 0x45, 0x79, 0x4E, 0x4F, 0x78, 0x44,
	0x44, 0x78, 0x4F, 0x4E, 0x79, 0x45, 0x05, 0x02, 0x0D, 0xE2, 0x41, 0xEA, 0x39, 0x34, 0x5D, 0x3D,
	0x3E, 0x5C, 0x33, 0x33, 0x5C, 0x3E, 0x3D, 0x5D, 0x34, 0x00, 0x00, 0x03, 0x00, 0x38, 0x00, 0x00,
	0x01, 0xF9, 0x02, 0x0D, 0x00, 0x0B, 0x00, 0x0F, 0x00, 0x19, 0x00, 0x00, 0x61, 0x35, 0x17, 0x23,
	0x22, 0x26, 0x35, 0x34, 0x36, 0x33, 0x33, 0x11, 0x21, 0x37, 0x33, 0x07, 0x25, 0x11, 0x17, 0x23,
	0x22, 0x06, 0x15, 0x14, 0x33, 0x33, 0x01, 0xB8, 0x0D, 0xB2, 0x65, 0x72, 0x7A, 0x66, 0xDD, 0xFE,
	0x3F, 0x90, 0x4A, 0x8D, 0x01, 0x33, 0x0D, 0xA7, 0x49, 0x51, 0x95, 0xAC, 0xBD, 0x0F, 0x58, 0x54,
	0x5A, 0x59, 0xFD, 0xF3, 0xCA, 0xCA, 0xD2, 0x01, 0x12, 0x15, 0x38, 0x3F, 0x75, 0x00, 0x00, 0x02,
	0xFF, 0xF9, 0xFF, 0x39, 0x02, 0x49, 0x02, 0xE6, 0x00, 0x21, 0x00, 0x25, 0x00, 0x00, 0x45, 0x22,
	0x26, 0x27, 0x37, 0x16, 0x33, 0x32, 0x36, 0x35, 0x11, 0x34, 0x26, 0x23, 0x22, 0x06, 0x06, 0x15,
	0x11, 0x23, 0x11, 0x33, 0x11, 0x27, 0x36, 0x36, 0x33, 0x32, 0x16, 0x16, 0x15, 0x11, 0x14, 0x06,
	0x01, 0x35, 0x21, 0x15, 0x01, 0xB0, 0x21, 0x3B, 0x14, 0x19, 0x20, 0x32, 0x2A, 0x2D, 0x52, 0x4B,
	0x39, 0x53, 0x2C, 0x47, 0x44, 0x0B, 0x19, 0x6D, 0x4C, 0x41, 0x60, 0x37, 0x4F, 0xFD, 0xFF, 0x01,
	0xAA, 0xC7, 0x11, 0x11, 0x36, 0x1B, 0x32, 0x31, 0x01, 0x51, 0x53, 0x55, 0x2D, 0x55, 0x3C, 0xFE,
	0xEC, 0x02, 0xE6, 0xFE, 0x97, 0x1B, 0x39, 0x41, 0x31, 0x64, 0x4C, 0xFE, 0xA8, 0x49, 0x57, 0x03,
	0x26, 0x34, 0x34, 0x00, 0x00, 0x03, 0x00, 0x02, 0xFF, 0xFE, 0x02, 0x33, 0x02, 0xE6, 0x00, 0x0A,
	0x00, 0x13, 0x00, 0x17, 0x00, 0x00, 0x45, 0x27, 0x11, 0x33, 0x11, 0x17, 0x16, 0x16, 0x15, 0x14,
	0x06, 0x27, 0x16, 0x36, 0x35, 0x34, 0x26, 0x27, 0x27, 0x15, 0x03, 0x35, 0x21, 0x15, 0x01, 0x5B,
	0xD4, 0x47, 0x9A, 0x63, 0x68, 0x70, 0x6C, 0x49, 0x4B, 0x4A, 0x4A, 0x89, 0xCC, 0x01, 0x91, 0x01,
	0x01, 0x02, 0xE6, 0xFE, 0x70, 0x02, 0x01, 0x56, 0x51, 0x54, 0x5A, 0x37, 0x01, 0x3D, 0x3B, 0x3B,
	0x37, 0x01, 0x02, 0xEA, 0x01, 0xB4, 0x36, 0x36, 0x00, 0x03, 0x00, 0x14, 0x00, 0x00, 0x02, 0x95,
	0x02, 0x0D, 0x00, 0x19, 0x00, 0x1C, 0x00, 0x22, 0x00, 0x00, 0x73, 0x37, 0x3E, 0x02, 0x33, 0x33,
	0x32, 0x16, 0x16, 0x17, 0x17, 0x23, 0x27, 0x26, 0x26, 0x23, 0x23, 0x15, 0x23, 0x35, 0x23, 0x22,
	0x06, 0x07, 0x07, 0x13, 0x37, 0x21, 0x17, 0x27, 0x35, 0x21, 0x15, 0x07, 0x14, 0x34, 0x17, 0x39,
	0x48, 0x2B, 0x93, 0x2C, 0x47, 0x39, 0x17, 0x34, 0x47, 0x2C, 0x18, 0x47, 0x33, 0x1E, 0x3E, 0x1B,
	0x32, 0x49, 0x18, 0x2B, 0xF8, 0xBA, 0xFE, 0x8D, 0x7E, 0xCA, 0x02, 0x0A, 0xCA, 0x78, 0x37, 0x47,
	0x21, 0x21, 0x47, 0x37, 0x78, 0x67, 0x40, 0x3D, 0xE4, 0xE4, 0x3D, 0x40, 0x67, 0x01, 0x17, 0xC4,
	0xD1, 0xD5, 0x2E, 0x2E, 0xD5, 0x00, 0xFF, 0xFF, 0x00, 0x32, 0xFF, 0xFB, 0x02, 0x49, 0x02, 0x12,
	0x04, 0x06, 0x02, 0x1D, 0x00, 0x00, 0x00, 0x01, 0x00, 0x0A, 0x00, 0x00, 0x02, 0x3D, 0x02, 0x18,
	0x00, 0x0F, 0x00, 0x00, 0x73, 0x03, 0x33, 0x13, 0x23, 0x13, 0x3E, 0x02, 0x17, 0x07, 0x26, 0x06,
	0x06, 0x07, 0x03, 0xF0, 0xE6, 0x4E, 0xD2, 0x2A, 0x8D, 0x15, 0x2E, 0x40, 0x2D, 0x08, 0x1D, 0x25,
	0x1C, 0x12, 0x8E, 0x02, 0x0D, 0xFE, 0x1A, 0x01, 0x76, 0x36, 0x39, 0x0C, 0x0C, 0x46, 0x08, 0x08,
	0x2B, 0x2C, 0xFE, 0x91, 0xFF, 0xFF, 0x00, 0x11, 0xFF, 0x8C, 0x03, 0x57, 0x02, 0x0D, 0x04, 0x26,
	0x01, 0xC8, 0x00, 0x00, 0x00, 0x07, 0x03, 0x44, 0x02, 0x91, 0x00, 0x00, 0xFF, 0xFF, 0x00, 0x1E,
	0xFF, 0x8D, 0x01, 0xDA, 0x02, 0x15, 0x06, 0x26, 0x01, 0xC9, 0x00, 0x00, 0x00, 0x06, 0x03, 0x5E,
	0x6C, 0x00, 0xFF, 0xFF, 0x00, 0x65, 0xFF, 0x8C, 0x02, 0x6A, 0x02, 0x0D, 0x06, 0x26, 0x01, 0xCE,
	0x00, 0x00, 0x00, 0x07, 0x03, 0x44, 0x01, 0xA4, 0x00, 0x00, 0x00, 0x05, 0x00, 0x63, 0x00, 0x00,
	0x02, 0x45, 0x02, 0x0D, 0x00, 0x03, 0x00, 0x07, 0x00, 0x0B, 0x00, 0x0F, 0x00, 0x13, 0x00, 0x00,
	0x61, 0x03, 0x37, 0x13, 0x21, 0x11, 0x33, 0x11, 0x27, 0x35, 0x33, 0x15, 0x07, 0x13, 0x33, 0x11,
	0x37, 0x27, 0x13, 0x33, 0x01, 0xF1, 0xBD, 0x3A, 0xD7, 0xFE, 0x1E, 0x47, 0x15, 0xCD, 0x79, 0x01,
	0x34, 0x56, 0x41, 0xB7, 0x4C, 0x01, 0x04, 0x22, 0xFE, 0xDA, 0x02, 0x0D, 0xFD, 0xF3, 0xEA, 0x3D,
	0x3D, 0x6A, 0x01, 0x13, 0xFE, 0xED, 0x7F, 0x0A, 0x01, 0x04, 0x00, 0x05, 0x00, 0x01, 0x00, 0x00,
	0x02, 0x3A, 0x02, 0xE6, 0x00, 0x03, 0x00, 0x07, 0x00, 0x0B, 0x00, 0x0F, 0x00, 0x13, 0x00, 0x00,
	0x61, 0x03, 0x37, 0x13, 0x21, 0x11, 0x33, 0x11, 0x27, 0x35, 0x33, 0x15, 0x01, 0x35, 0x05, 0x15,
	0x13, 0x27, 0x13, 0x33, 0x01, 0xE6, 0xD8, 0x3B, 0xF1, 0xFE, 0x2C, 0x47, 0x16, 0xA8, 0xFE, 0xC2,
	0x01, 0x4A, 0x04, 0x42, 0xD1, 0x4D, 0x01, 0x04, 0x23, 0xFE, 0xD9, 0x02, 0xE6, 0xFD, 0x1A, 0xEA,
	0x3D, 0x3D, 0x01, 0x75, 0x35, 0x01, 0x34, 0xFE, 0xA0, 0x0A, 0x01, 0x04, 0x00, 0x05, 0x00, 0x02,
	0x00, 0x00, 0x02, 0x7B, 0x02, 0x0D, 0x00, 0x03, 0x00, 0x07, 0x00, 0x0B, 0x00, 0x0F, 0x00, 0x13,
	0x00, 0x00, 0x61, 0x03, 0x37, 0x13, 0x21, 0x11, 0x33, 0x11, 0x03, 0x35, 0x33, 0x15, 0x07, 0x35,
	0x33, 0x15, 0x37, 0x27, 0x13, 0x33, 0x02, 0x27, 0xD8, 0x3B, 0xF1, 0xFE, 0x2B, 0x47, 0xEB, 0xEB,
	0x16, 0xA9, 0x10, 0x42, 0xD1, 0x4D, 0x01, 0x04, 0x23, 0xFE, 0xD9, 0x02, 0x0D, 0xFD, 0xF3, 0x01,
	0xD0, 0x3D, 0x3D, 0xE6, 0x3D, 0x3D, 0x15, 0x0A, 0x01, 0x04, 0xFF, 0xFF, 0x00, 0x65, 0xFF, 0x8D,
	0x02, 0x92, 0x02, 0x0D, 0x04, 0x26, 0x01, 0xD2, 0x00, 0x00, 0x00, 0x07, 0x03, 0x42, 0x01, 0xBA,
	0x00, 0x00, 0xFF, 0xFF, 0x00, 0x65, 0x00, 0x00, 0x03, 0x6B, 0x02, 0x0D, 0x04, 0x26, 0x01, 0xD2,
	0x00, 0x00, 0x00, 0x07, 0x01, 0xBE, 0x01, 0x92, 0x00, 0x00, 0x00, 0x02, 0x00, 0x65, 0xFF, 0x33,
	0x03, 0xB2, 0x02, 0x0D, 0x00, 0x09, 0x00, 0x20, 0x00, 0x00, 0x73, 0x11, 0x21, 0x11, 0x23, 0x11,
	0x17, 0x21, 0x37, 0x11, 0x05, 0x37, 0x16, 0x36, 0x36, 0x35, 0x34, 0x2E, 0x02, 0x06, 0x07, 0x27,
	0x36, 0x36, 0x1E, 0x02, 0x15, 0x14, 0x0E, 0x02, 0x65, 0x01, 0xC8, 0x47, 0x12, 0xFE, 0xA2, 0x12,
	0x01, 0xC6, 0x0F, 0x47, 0x67, 0x3A, 0x2B, 0x48, 0x58, 0x5A, 0x28, 0x02, 0x3A, 0x74, 0x68, 0x52,
	0x30, 0x2F, 0x56, 0x75, 0x02, 0x0D, 0xFD, 0xF3, 0x01, 0xE2, 0x13, 0x13, 0xFE, 0x1E, 0xC0, 0x3E,
	0x0C, 0x24, 0x59, 0x3F, 0x3A, 0x4B, 0x27, 0x04, 0x1C, 0x1D, 0x41, 0x21, 0x17, 0x12, 0x3A, 0x5F,
	0x42, 0x40, 0x65, 0x42, 0x17, 0x00, 0x00, 0x01, 0x00, 0x34, 0xFF, 0xF6, 0x02, 0xD7, 0x02, 0x14,
	0x00, 0x33, 0x00, 0x00, 0x45, 0x22, 0x26, 0x26, 0x35, 0x34, 0x36, 0x37, 0x17, 0x06, 0x06, 0x15,
	0x14, 0x16, 0x16, 0x33, 0x32, 0x36, 0x36, 0x35, 0x34, 0x26, 0x26, 0x23, 0x22, 0x06, 0x06, 0x15,
	0x14, 0x1E, 0x02, 0x37, 0x17, 0x06, 0x2E, 0x03, 0x35, 0x34, 0x36, 0x36, 0x33, 0x32, 0x16, 0x16,
	0x15, 0x14, 0x0E, 0x02, 0x01, 0x6B, 0x5C, 0x8D, 0x4E, 0x4C, 0x44, 0x36, 0x3C, 0x43, 0x3F, 0x70,
	0x4B, 0x51, 0x7E, 0x47, 0x24, 0x42, 0x2B, 0x2D, 0x44, 0x26, 0x3A, 0x65, 0x85, 0x4A, 0x06, 0x45,
	0x82, 0x6F, 0x54, 0x2F, 0x37, 0x64, 0x42, 0x40, 0x60, 0x36, 0x37, 0x62, 0x82, 0x06, 0x47, 0x80,
	0x54, 0x50, 0x87, 0x28, 0x21, 0x27, 0x74, 0x45, 0x44, 0x66, 0x39, 0x43, 0x75, 0x4C, 0x30, 0x4A,
	0x29, 0x2B, 0x4D, 0x33, 0x45, 0x69, 0x42, 0x12, 0x13, 0x35, 0x12, 0x09, 0x2F, 0x50, 0x6C, 0x41,
	0x46, 0x68, 0x3B, 0x38, 0x63, 0x41, 0x44, 0x73, 0x57, 0x30, 0xFF, 0xFF, 0x00, 0x32, 0xFF, 0x8D,
	0x02, 0x0F, 0x02, 0x12, 0x04, 0x26, 0x00, 0x6A, 0x04, 0x00, 0x00, 0x07, 0x03, 0x5E, 0x00, 0xB2,
	0x00, 0x00, 0x00, 0x02, 0x00, 0x02, 0xFF, 0x8D, 0x01, 0xD7, 0x02, 0x0D, 0x00, 0x09, 0x00, 0x10,
	0x00, 0x00, 0x73, 0x11, 0x17, 0x23, 0x35, 0x21, 0x15, 0x23, 0x37, 0x11, 0x17, 0x35, 0x17, 0x23,
	0x35, 0x33, 0x15, 0xC9, 0x12, 0xD9, 0x01, 0xD5, 0xD9, 0x12, 0x11, 0x12, 0x6A, 0x9B, 0x01, 0xE2,
	0x13, 0x3E, 0x3E, 0x13, 0xFE, 0x1E, 0x73, 0x86, 0x13, 0x3E, 0xB1, 0x00, 0x00, 0x02, 0x00, 0x0A,
	0xFF, 0x3E, 0x02, 0x26, 0x02, 0x0D, 0x00, 0x07, 0x00, 0x0B, 0x00, 0x00, 0x45, 0x03, 0x33, 0x13,
	0x23, 0x13, 0x33, 0x03, 0x07, 0x35, 0x33, 0x15, 0x01, 0x03, 0xF9, 0x4B, 0xD5, 0x23, 0xD9, 0x46,
	0xFA, 0x38, 0x47, 0x25, 0x02, 0x32, 0xFE, 0x19, 0x01, 0xE7, 0xFD, 0xCE, 0x9D, 0xE5, 0xE5, 0x00,
	0x00, 0x03, 0x00, 0x0A, 0xFF, 0x3E, 0x02, 0x26, 0x02, 0x0D, 0x00, 0x07, 0x00, 0x0B, 0x00, 0x0F,
	0x00, 0x00, 0x45, 0x03, 0x33, 0x13, 0x23, 0x13, 0x33, 0x03, 0x07, 0x35, 0x33, 0x15, 0x27, 0x35,
	0x21, 0x15, 0x01, 0x03, 0xF9, 0x4B, 0xD5, 0x23, 0xD9, 0x46, 0xFA, 0x38, 0x47, 0xF3, 0x01, 0x9E,
	0x25, 0x02, 0x32, 0xFE, 0x19, 0x01, 0xE7, 0xFD, 0xCE, 0x9D, 0xE5, 0xE5, 0xAE, 0x33, 0x33, 0x00,
	0xFF, 0xFF, 0x00, 0x0F, 0xFF, 0x8C, 0x02, 0x31, 0x02, 0x0D, 0x04, 0x26, 0x00, 0x9A, 0xFC, 0x00,
	0x00, 0x07, 0x03, 0x44, 0x01, 0x6B, 0x00, 0x00, 0x00, 0x03, 0x00, 0x02, 0xFF, 0x8D, 0x02, 0xCD,
	0x02, 0x0D, 0x00, 0x07, 0x00, 0x0E, 0x00, 0x12, 0x00, 0x00, 0x73, 0x11, 0x33, 0x11, 0x21, 0x11,
	0x33, 0x11, 0x17, 0x35, 0x17, 0x23, 0x35, 0x33, 0x15, 0x01, 0x35, 0x21, 0x15, 0xC9, 0x47, 0x01,
	0x28, 0x47, 0x0B, 0x11, 0x63, 0x95, 0xFD, 0x35, 0x01, 0xB8, 0x02, 0x0D, 0xFE, 0x31, 0x01, 0xCF,
	0xFD, 0xF3, 0x73, 0x86, 0x13, 0x3E, 0xB1, 0x02, 0x42, 0x3E, 0x3E, 0x00, 0xFF, 0xFF, 0x00, 0x2F,
	0xFF, 0x8D, 0x02, 0x46, 0x02, 0x0D, 0x04, 0x26, 0x01, 0xDC, 0x00, 0x00, 0x00, 0x07, 0x03, 0x42,
	0x01, 0x6F, 0x00, 0x00, 0x00, 0x03, 0x00, 0x2E, 0x00, 0x00, 0x01, 0xF2, 0x02, 0x0D, 0x00, 0x03,
	0x00, 0x13, 0x00, 0x17, 0x00, 0x00, 0x77, 0x11, 0x33, 0x11, 0x27, 0x22, 0x26, 0x35, 0x35, 0x33,
	0x15, 0x14, 0x16, 0x33, 0x32, 0x36, 0x37, 0x15, 0x06, 0x06, 0x17, 0x11, 0x33, 0x11, 0xF8, 0x35,
	0x36, 0x5C, 0x6D, 0x47, 0x4E, 0x41, 0x28, 0x58, 0x2D, 0x2E, 0x5E, 0x86, 0x47, 0x4A, 0x01, 0x16,
	0xFE, 0xEA, 0x69, 0x55, 0x59, 0xAC, 0xA8, 0x3C, 0x3C, 0x15, 0x14, 0x38, 0x14, 0x17, 0xB3, 0x02,
	0x0D, 0xFD, 0xF3, 0x00, 0xFF, 0xFF, 0x00, 0x66, 0x00, 0x00, 0x02, 0x49, 0x02, 0xE6, 0x04, 0x06,
	0x00, 0x75, 0x02, 0x00, 0x00, 0x02, 0x00, 0x14, 0xFF, 0xFB, 0x02, 0xC3, 0x02, 0x12, 0x00, 0x26,
	0x00, 0x32, 0x00, 0x00, 0x45, 0x22, 0x26, 0x26, 0x35, 0x34, 0x36, 0x36, 0x33, 0x32, 0x16, 0x16,
	0x15, 0x14, 0x06, 0x07, 0x21, 0x35, 0x21, 0x07, 0x36, 0x26, 0x26, 0x23, 0x22, 0x06, 0x06, 0x15,
	0x15, 0x14, 0x16, 0x16, 0x33, 0x32, 0x36, 0x37, 0x17, 0x06, 0x06, 0x25, 0x22, 0x26, 0x26, 0x37,
	0x17, 0x06, 0x14, 0x16, 0x33, 0x33, 0x15, 0x01, 0xCE, 0x54, 0x80, 0x49, 0x45, 0x79, 0x4C, 0x4D,
	0x76, 0x45, 0x01, 0x01, 0xFE, 0x28, 0x01, 0xB2, 0x1E, 0x01, 0x33, 0x57, 0x39, 0x39, 0x57, 0x33,
	0x38, 0x61, 0x3F, 0x33, 0x55, 0x1F, 0x29, 0x24, 0x6C, 0xFE, 0x8D, 0x3E, 0x43, 0x08, 0x1B, 0x3C,
	0x14, 0x27, 0x27, 0x2D, 0x05, 0x45, 0x79, 0x4E, 0x4E, 0x78, 0x45, 0x43, 0x79, 0x4F, 0x05, 0x0B,
	0x06, 0x35, 0x15, 0x39, 0x59, 0x32, 0x32, 0x5A, 0x3A, 0x0B, 0x3C, 0x5B, 0x33, 0x22, 0x23, 0x2E,
	0x2A, 0x2C, 0xF6, 0x34, 0x57, 0x33, 0x0F, 0x1F, 0x38, 0x23, 0x35, 0x00, 0xFF, 0xFF, 0x00, 0x14,
	0xFF, 0x8D, 0x02, 0xC3, 0x02, 0x12, 0x06, 0x26, 0x02, 0x07, 0x00, 0x00, 0x00, 0x07, 0x03, 0x5E,
	0x01, 0x38, 0x00, 0x00, 0x00, 0x01, 0x00, 0x66, 0x00, 0x00, 0x00, 0xAD, 0x02, 0xE6, 0x00, 0x03,
	0x00, 0x00, 0x73, 0x11, 0x33, 0x11, 0x66, 0x47, 0x02, 0xE6, 0xFD, 0x1A, 0xFF, 0xFF, 0x00, 0x11,
	0x00, 0x00, 0x03, 0x29, 0x02, 0xDB, 0x06, 0x26, 0x01, 0xC8, 0x00, 0x00, 0x00, 0x07, 0x03, 0x40,
	0x00, 0xC0, 0x00, 0x00, 0x00, 0x04, 0x00, 0x65, 0xFF, 0x39, 0x02, 0x2B, 0x02, 0x0D, 0x00, 0x14,
	0x00, 0x18, 0x00, 0x1C, 0x00, 0x20, 0x00, 0x00, 0x45, 0x22, 0x27, 0x37, 0x16, 0x33, 0x32, 0x36,
	0x35, 0x34, 0x26, 0x26, 0x27, 0x37, 0x1E, 0x02, 0x15, 0x14, 0x06, 0x06, 0x25, 0x11, 0x33, 0x11,
	0x27, 0x35, 0x33, 0x15, 0x37, 0x27, 0x13, 0x33, 0x01, 0x93, 0x36, 0x38, 0x15, 0x2B, 0x24, 0x28,
	0x32, 0x35, 0x5E, 0x3D, 0x36, 0x44, 0x65, 0x38, 0x26, 0x44, 0xFE, 0xA5, 0x47, 0x16, 0xA9, 0x10,
	0x42, 0xD1, 0x4D, 0xC7, 0x1D, 0x36, 0x17, 0x32, 0x2A, 0x2D, 0x6A, 0x6C, 0x2D, 0x28, 0x35, 0x78,
	0x78, 0x36, 0x2D, 0x43, 0x25, 0xC7, 0x02, 0x0D, 0xFD, 0xF3, 0xEA, 0x3D, 0x3D, 0x15, 0x0A, 0x01,
	0x04, 0x00, 0x00, 0x02, 0x00, 0x05, 0xFF, 0x8D, 0x02, 0x68, 0x02, 0x0D, 0x00, 0x06, 0x00, 0x20,
	0x00, 0x00, 0x45, 0x37, 0x17, 0x23, 0x35, 0x33, 0x07, 0x25, 0x22, 0x26, 0x27, 0x37, 0x16, 0x16,
	0x33, 0x32, 0x3E, 0x02, 0x37, 0x37, 0x21, 0x11, 0x23, 0x11, 0x17, 0x21, 0x37, 0x07, 0x0E, 0x03,
	0x01, 0xF8, 0x25, 0x2B, 0x7C, 0x9C, 0x37, 0xFE, 0x07, 0x0C, 0x19, 0x0E, 0x05, 0x07, 0x0D, 0x05,
	0x20, 0x27, 0x14, 0x08, 0x03, 0x09, 0x01, 0x81, 0x47, 0x12, 0xFE, 0xE2, 0x11, 0x08, 0x03, 0x0F,
	0x1F, 0x36, 0x73, 0x86, 0x13, 0x3E, 0xB1, 0x6D, 0x04, 0x03, 0x3D, 0x01, 0x03, 0x30, 0x50, 0x65,
	0x33, 0xBB, 0xFD, 0xF3, 0x01, 0xE4, 0x15, 0x16, 0x98, 0x44, 0x7C, 0x5E, 0x35, 0x00, 0x00, 0x01,
	0x00, 0x65, 0xFF, 0x39, 0x02, 0x45, 0x02, 0x0D, 0x00, 0x16, 0x00, 0x00, 0x45, 0x22, 0x26, 0x27,
	0x37, 0x16, 0x33, 0x32, 0x36, 0x35, 0x11, 0x21, 0x15, 0x23, 0x11, 0x33, 0x15, 0x21, 0x35, 0x33,
	0x11, 0x14, 0x06, 0x01, 0xAE, 0x20, 0x3C, 0x14, 0x18, 0x1F, 0x30, 0x2B, 0x2E, 0xFE, 0xAE, 0x47,
	0x47, 0x01, 0x52, 0x47, 0x4E, 0xC7, 0x11, 0x11, 0x36, 0x1B, 0x32, 0x31, 0x01, 0x0F, 0xE8, 0x02,
	0x0D, 0xE8, 0xE8, 0xFD, 0xC8, 0x46, 0x56, 0x00, 0x00, 0x02, 0x00, 0x65, 0xFF, 0x8D, 0x02, 0x93,
	0x02, 0x0D, 0x00, 0x06, 0x00, 0x12, 0x00, 0x00, 0x45, 0x37, 0x17, 0x23, 0x35, 0x33, 0x07, 0x25,
	0x11, 0x33, 0x15, 0x21, 0x35, 0x33, 0x11, 0x23, 0x35, 0x21, 0x15, 0x02, 0x23, 0x25, 0x2B, 0x7C,
	0x9C, 0x36, 0xFE, 0x08, 0x47, 0x01, 0x4B, 0x47, 0x47, 0xFE, 0xB5, 0x73, 0x86, 0x13, 0x3E, 0xB1,
	0x73, 0x02, 0x0D, 0xE8, 0xE8, 0xFD, 0xF3, 0xE8, 0xE8, 0x00, 0x00, 0x03, 0x00, 0x2C, 0xFF, 0x8D,
	0x01, 0xF0, 0x02, 0x0D, 0x00, 0x0E, 0x00, 0x15, 0x00, 0x19, 0x00, 0x00, 0x77, 0x22, 0x26, 0x35,
	0x35, 0x33, 0x15, 0x14, 0x16, 0x33, 0x32, 0x37, 0x07, 0x06, 0x06, 0x13, 0x35, 0x33, 0x15, 0x23,
	0x37, 0x15, 0x37, 0x11, 0x33, 0x11, 0xF5, 0x5C, 0x6D, 0x47, 0x4D, 0x43, 0x51, 0x5B, 0x01, 0x2D,
	0x5E, 0x2A, 0x9D, 0x6C, 0x13, 0x18, 0x47, 0xBE, 0x55, 0x59, 0xA1, 0x9E, 0x3B, 0x3B, 0x29, 0x39,
	0x15, 0x16, 0xFE, 0xCF, 0xAE, 0x3B, 0x13, 0x86, 0x73, 0x02, 0x0D, 0xFD, 0xF3, 0x00, 0x00, 0x02,
	0x00, 0x65, 0xFF, 0x8D, 0x03, 0x0D, 0x02, 0x0D, 0x00, 0x06, 0x00, 0x16, 0x00, 0x00, 0x45, 0x37,
	0x17, 0x23, 0x35, 0x33, 0x07, 0x25, 0x11, 0x33, 0x13, 0x23, 0x13, 0x33, 0x11, 0x23, 0x11, 0x17,
	0x03, 0x23, 0x03, 0x37, 0x11, 0x02, 0x9C, 0x25, 0x2C, 0x7D, 0x9D, 0x37, 0xFD, 0x8F, 0x48, 0xEE,
	0x1E, 0xF2, 0x42, 0x41, 0x0D, 0xE2, 0x20, 0xE4, 0x0F, 0x73, 0x86, 0x13, 0x3E, 0xB1, 0x73, 0x02,
	0x0D, 0xFE, 0x6D, 0x01, 0x93, 0xFD, 0xF3, 0x01, 0xBC, 0x06, 0xFE, 0x8A, 0x01, 0x7A, 0x03, 0xFE,
	0x43, 0x00, 0xFF, 0xFF, 0x00, 0x36, 0xFF, 0xFB, 0x01, 0xEF, 0x02, 0xDB, 0x04, 0x26, 0x00, 0x61,
	0xFF, 0x00, 0x00, 0x06, 0x03, 0x40, 0x3F, 0x00, 0xFF, 0xFF, 0x00, 0x36, 0xFF, 0xFB, 0x01, 0xEF,
	0x02, 0xCC, 0x04, 0x26, 0x00, 0x61, 0xFF, 0x00, 0x00, 0x06, 0x03, 0x46, 0xF0, 0x00, 0xFF, 0xFF,
	0x00, 0x36, 0xFF, 0xFB, 0x03, 0xAB, 0x02, 0x12, 0x06, 0x06, 0x00, 0x68, 0xFF, 0x00, 0xFF, 0xFF,
	0x00, 0x33, 0xFF, 0xFB, 0x02, 0x32, 0x02, 0xDB, 0x04, 0x26, 0x00, 0x6E, 0x04, 0x00, 0x00, 0x06,
	0x03, 0x40, 0x56, 0x00, 0x00, 0x01, 0x00, 0x2E, 0xFF, 0xFB, 0x02, 0x2E, 0x02, 0x12, 0x00, 0x26,
	0x00, 0x00, 0x45, 0x22, 0x26, 0x26, 0x35, 0x34, 0x36, 0x35, 0x21, 0x15, 0x21, 0x37, 0x14, 0x16,
	0x16, 0x33, 0x32, 0x36, 0x36, 0x35, 0x35, 0x34, 0x26, 0x26, 0x23, 0x22, 0x06, 0x07, 0x27, 0x36,
	0x36, 0x33, 0x32, 0x16, 0x16, 0x15, 0x14, 0x06, 0x06, 0x01, 0x2D, 0x4A, 0x73, 0x42, 0x01, 0x01,
	0xC9, 0xFE, 0x5D, 0x1C, 0x31, 0x54, 0x37, 0x37, 0x55, 0x30, 0x35, 0x5E, 0x3E, 0x31, 0x52, 0x1E,
	0x28, 0x24, 0x69, 0x3E, 0x52, 0x7C, 0x46, 0x43, 0x74, 0x05, 0x44, 0x79, 0x4F, 0x04, 0x0C, 0x05,
	0x35, 0x15, 0x38, 0x59, 0x33, 0x33, 0x5A, 0x39, 0x0C, 0x3C, 0x5A, 0x34, 0x22, 0x24, 0x2F, 0x2A,
	0x2B, 0x45, 0x78, 0x4E, 0x4E, 0x79, 0x45, 0x00, 0xFF, 0xFF, 0x00, 0x2E, 0xFF, 0xFB, 0x02, 0x2E,
	0x02, 0xCC, 0x04, 0x26, 0x02, 0x15, 0x00, 0x00, 0x00, 0x06, 0x03, 0x46, 0x02, 0x00, 0xFF, 0xFF,
	0x00, 0x11, 0x00, 0x00, 0x03, 0x29, 0x02, 0xCC, 0x06, 0x26, 0x01, 0xC8, 0x00, 0x00, 0x00, 0x06,
	0x03, 0x46, 0x71, 0x00, 0xFF, 0xFF, 0x00, 0x1E, 0xFF, 0xFA, 0x01, 0xDA, 0x02, 0xCC, 0x06, 0x26,
	0x01, 0xC9, 0x00, 0x00, 0x00, 0x06, 0x03, 0x46, 0xD4, 0x00, 0x00, 0x01, 0xFF, 0xEA, 0xFF, 0x38,
	0x01, 0xDE, 0x02, 0x0D, 0x00, 0x1E, 0x00, 0x00, 0x57, 0x22, 0x26, 0x27, 0x37, 0x16, 0x16, 0x33,
	0x32, 0x36, 0x35, 0x34, 0x26, 0x23, 0x23, 0x35, 0x13, 0x17, 0x21, 0x35, 0x21, 0x15, 0x03, 0x27,
	0x33, 0x32, 0x16, 0x15, 0x14, 0x06, 0x06, 0xE2, 0x4D, 0x85, 0x26, 0x1D, 0x21, 0x73, 0x45, 0x58,
	0x5E, 0x5D, 0x65, 0x32, 0xDD, 0x08, 0xFE, 0x7B, 0x01, 0xBF, 0xD8, 0x25, 0x1B, 0x81, 0x7E, 0x39,
	0x6F, 0xC8, 0x33, 0x29, 0x3A, 0x26, 0x31, 0x50, 0x45, 0x42, 0x4E, 0x34, 0x01, 0x19, 0x1B, 0x3F,
	0x33, 0xFE, 0xE8, 0x16, 0x70, 0x5C, 0x3C, 0x5F, 0x39, 0x00, 0xFF, 0xFF, 0x00, 0x65, 0x00, 0x00,
	0x02, 0x4A, 0x02, 0xB4, 0x06, 0x26, 0x01, 0xCA, 0x00, 0x00, 0x00, 0x06, 0x03, 0x4E, 0x28, 0x00,
	0xFF, 0xFF, 0x00, 0x65, 0x00, 0x00, 0x02, 0x4A, 0x02, 0xCC, 0x06, 0x26, 0x01, 0xCA, 0x00, 0x00,
	0x00, 0x06, 0x03, 0x46, 0x28, 0x00, 0xFF, 0xFF, 0x00, 0x32, 0xFF, 0xFB, 0x02, 0x49, 0x02, 0xCC,
	0x04, 0x26, 0x00, 0x85, 0x04, 0x00, 0x00, 0x06, 0x03, 0x46, 0x11, 0x00, 0x00, 0x03, 0x00, 0x32,
	0xFF, 0xFB, 0x02, 0x49, 0x02, 0x12, 0x00, 0x0F, 0x00, 0x1F, 0x00, 0x23, 0x00, 0x00, 0x45, 0x22,
	0x26, 0x26, 0x35, 0x34, 0x36, 0x36, 0x33, 0x32, 0x16, 0x16, 0x15, 0x14, 0x06, 0x06, 0x27, 0x32,
	0x36, 0x36, 0x35, 0x34, 0x26, 0x26, 0x23, 0x22, 0x06, 0x06, 0x15, 0x14, 0x16, 0x16, 0x27, 0x35,
	0x21, 0x15, 0x01, 0x3E, 0x4E, 0x78, 0x46, 0x46, 0x78, 0x4E, 0x4D, 0x79, 0x45, 0x45, 0x7A, 0x4C,
	0x38, 0x58, 0x33, 0x33, 0x58, 0x38, 0x38, 0x59, 0x33, 0x33, 0x59, 0xAD, 0x01, 0xC8, 0x05, 0x45,
	0x79, 0x4E, 0x4F, 0x77, 0x45, 0x44, 0x78, 0x4F, 0x4E, 0x79, 0x45, 0x3F, 0x33, 0x5D, 0x3D, 0x3E,
	0x5C, 0x33, 0x33, 0x5C, 0x3E, 0x3D, 0x5D, 0x33, 0xBA, 0x34, 0x34, 0x00, 0x00, 0x05, 0x00, 0x32,
	0xFF, 0xFB, 0x02, 0x49, 0x02, 0xCC, 0x00, 0x0F, 0x00, 0x1F, 0x00, 0x23, 0x00, 0x2F, 0x00, 0x3B,
	0x00, 0x00, 0x45, 0x22, 0x26, 0x26, 0x35, 0x34, 0x36, 0x36, 0x33, 0x32, 0x16, 0x16, 0x15, 0x14,
	0x06, 0x06, 0x27, 0x32, 0x36, 0x36, 0x35, 0x34, 0x26, 0x26, 0x23, 0x22, 0x06, 0x06, 0x15, 0x14,
	0x16, 0x16, 0x27, 0x35, 0x21, 0x15, 0x03, 0x22, 0x26, 0x35, 0x34, 0x36, 0x33, 0x32, 0x16, 0x15,
	0x14, 0x06, 0x23, 0x22, 0x26, 0x35, 0x34, 0x36, 0x33, 0x32, 0x16, 0x15, 0x14, 0x06, 0x01, 0x3E,
	0x4E, 0x78, 0x46, 0x46, 0x78, 0x4E, 0x4D, 0x79, 0x45, 0x45, 0x79, 0x4D, 0x38, 0x58, 0x33, 0x33,
	0x58, 0x38, 0x38, 0x59, 0x33, 0x33, 0x59, 0xAD, 0x01, 0xC8, 0x8B, 0x11, 0x1A, 0x1A, 0x11, 0x12,
	0x19, 0x19, 0xC4, 0x12, 0x19, 0x19, 0x12, 0x11, 0x1A, 0x1A, 0x05, 0x45, 0x79, 0x4E, 0x4F, 0x77,
	0x45, 0x45, 0x77, 0x4F, 0x4E, 0x79, 0x45, 0x3F, 0x33, 0x5D, 0x3D, 0x3E, 0x5C, 0x33, 0x33, 0x5C,
	0x3E, 0x3D, 0x5D, 0x33, 0xBA, 0x34, 0x34, 0x01, 0x82, 0x18, 0x13, 0x13, 0x18, 0x18, 0x13, 0x13,
	0x18, 0x18, 0x13, 0x13, 0x18, 0x18, 0x13, 0x13, 0x18, 0x00, 0xFF, 0xFF, 0x00, 0x1E, 0xFF, 0xFA,
	0x02, 0x0B, 0x02, 0xCC, 0x06, 0x26, 0x01, 0xE8, 0x00, 0x00, 0x00, 0x06, 0x03, 0x46, 0xD7, 0x00,
	0xFF, 0xFF, 0xFF, 0xEE, 0xFF, 0x39, 0x02, 0x24, 0x02, 0xB4, 0x04, 0x26, 0x00, 0x9B, 0x07, 0x00,
	0x00, 0x06, 0x03, 0x4E, 0xDC, 0x00, 0xFF, 0xFF, 0xFF, 0xEE, 0xFF, 0x39, 0x02, 0x24, 0x02, 0xCC,
	0x04, 0x26, 0x00, 0x9B, 0x07, 0x00, 0x00, 0x06, 0x03, 0x46, 0xDC, 0x00, 0xFF, 0xFF, 0xFF, 0xEE,
	0xFF, 0x39, 0x02, 0x24, 0x02, 0xDB, 0x04, 0x26, 0x00, 0x9B, 0x07, 0x00, 0x00, 0x06, 0x03, 0x4A,
	0xDC, 0x00, 0xFF, 0xFF, 0x00, 0x2F, 0x00, 0x00, 0x01, 0xF2, 0x02, 0xCC, 0x06, 0x26, 0x01, 0xDC,
	0x00, 0x00, 0x00, 0x06, 0x03, 0x46, 0xE2, 0x00, 0xFF, 0xFF, 0x00, 0x65, 0xFF, 0xFE, 0x02, 0xAC,
	0x02, 0xCC, 0x06, 0x26, 0x01, 0xE2, 0x00, 0x00, 0x00, 0x06, 0x03, 0x46, 0x6C, 0x00, 0x00, 0x03,
	0x00, 0x0D, 0xFF, 0x39, 0x01, 0xC6, 0x02, 0x0D, 0x00, 0x05, 0x00, 0x19, 0x00, 0x1D, 0x00, 0x00,
	0x73, 0x11, 0x21, 0x15, 0x21, 0x11, 0x07, 0x22, 0x26, 0x27, 0x37, 0x16, 0x16, 0x33, 0x32, 0x36,
	0x35, 0x35, 0x17, 0x23, 0x35, 0x33, 0x15, 0x14, 0x06, 0x06, 0x03, 0x35, 0x21, 0x15, 0x79, 0x01,
	0x4D, 0xFE, 0xFA, 0x43, 0x20, 0x3C, 0x14, 0x17, 0x0F, 0x2B, 0x17, 0x2B, 0x2D, 0x16, 0x6A, 0x9B,
	0x23, 0x43, 0x86, 0x01, 0x75, 0x02, 0x0D, 0x3E, 0xFE, 0x31, 0xC7, 0x12, 0x11, 0x34, 0x0D, 0x0E,
	0x33, 0x32, 0x36, 0x10, 0x3E, 0x6C, 0x2E, 0x44, 0x27, 0x01, 0xA5, 0x34, 0x34, 0x00, 0x00, 0x02,
	0x00, 0x11, 0xFF, 0x39, 0x01, 0xFE, 0x02, 0x0D, 0x00, 0x07, 0x00, 0x1E, 0x00, 0x00, 0x73, 0x13,
	0x27, 0x33, 0x17, 0x37, 0x33, 0x01, 0x05, 0x22, 0x27, 0x37, 0x16, 0x16, 0x33, 0x32, 0x36, 0x35,
	0x34, 0x26, 0x26, 0x27, 0x37, 0x1E, 0x03, 0x15, 0x14, 0x06, 0x06, 0x11, 0xCD, 0xC1, 0x50, 0x9A,
	0x9C, 0x4F, 0xFE, 0x70, 0x01, 0x06, 0x39, 0x36, 0x17, 0x12, 0x29, 0x14, 0x27, 0x31, 0x27, 0x57,
	0x48, 0x31, 0x3B, 0x54, 0x35, 0x18, 0x27, 0x43, 0x01, 0x0E, 0xFF, 0xCB, 0xCB, 0xFD, 0xF3, 0xC7,
	0x1F, 0x36, 0x0B, 0x0E, 0x30, 0x24, 0x1F, 0x4D, 0x6E, 0x53, 0x2D, 0x46, 0x69, 0x4F, 0x42, 0x1E,
	0x2B, 0x3F, 0x22, 0x00, 0x00, 0x02, 0x00, 0x1D, 0x00, 0x00, 0x02, 0x0E, 0x02, 0x0D, 0x00, 0x0F,
	0x00, 0x13, 0x00, 0x00, 0x73, 0x13, 0x07, 0x03, 0x33, 0x17, 0x07, 0x37, 0x33, 0x03, 0x37, 0x13,
	0x23, 0x27, 0x17, 0x07, 0x27, 0x35, 0x21, 0x15, 0x1D, 0xDF, 0x02, 0xD2, 0x52, 0xAB, 0x1E, 0xAE,
	0x4D, 0xD4, 0x01, 0xDF, 0x54, 0xB3, 0x1B, 0xB5, 0x10, 0x01, 0x72, 0x01, 0x22, 0x29, 0x01, 0x14,
	0xE0, 0x01, 0xE1, 0xFE, 0xED, 0x2B, 0xFE, 0xDB, 0xEE, 0x03, 0xEB, 0xF0, 0x34, 0x34, 0x00, 0x03,
	0x00, 0x17, 0xFF, 0xFE, 0x02, 0x30, 0x02, 0x0D, 0x00, 0x0A, 0x00, 0x13, 0x00, 0x17, 0x00, 0x00,
	0x45, 0x27, 0x11, 0x33, 0x15, 0x17, 0x16, 0x16, 0x15, 0x14, 0x06, 0x27, 0x16, 0x36, 0x35, 0x34,
	0x26, 0x27, 0x27, 0x15, 0x03, 0x35, 0x21, 0x15, 0x01, 0x58, 0xD4, 0x47, 0x9A, 0x63, 0x68, 0x70,
	0x6C, 0x49, 0x4B, 0x4A, 0x4A, 0x89, 0xB4, 0x01, 0x79, 0x01, 0x01, 0x02, 0x0D, 0xC0, 0x01, 0x01,
	0x51, 0x51, 0x54, 0x57, 0x37, 0x01, 0x3B, 0x3A, 0x3B, 0x32, 0x01, 0x01, 0xE1, 0x01, 0x5E, 0x35,
	0x35, 0x00, 0x00, 0x04, 0x00, 0x66, 0xFF, 0x3E, 0x02, 0x7C, 0x02, 0x12, 0x00, 0x0F, 0x00, 0x16,
	0x00, 0x1A, 0x00, 0x2A, 0x00, 0x00, 0x45, 0x22, 0x26, 0x26, 0x35, 0x34, 0x36, 0x36, 0x33, 0x32,
	0x16, 0x16, 0x15, 0x14, 0x06, 0x06, 0x05, 0x11, 0x33, 0x15, 0x07, 0x17, 0x11, 0x25, 0x27, 0x37,
	0x17, 0x27, 0x32, 0x36, 0x36, 0x35, 0x34, 0x26, 0x26, 0x23, 0x22, 0x06, 0x06, 0x15, 0x14, 0x16,
	0x16, 0x01, 0x7D, 0x47, 0x6B, 0x3C, 0x3B, 0x6B, 0x48, 0x49, 0x73, 0x43, 0x43, 0x73, 0xFE, 0xA0,
	0x44, 0x07, 0x0A, 0x01, 0x98, 0xBF, 0x2A, 0xBE, 0xFD, 0x38, 0x5A, 0x33, 0x34, 0x59, 0x38, 0x38,
	0x5A, 0x33, 0x33, 0x5A, 0x05, 0x41, 0x78, 0x52, 0x53, 0x78, 0x41, 0x43, 0x79, 0x50, 0x4F, 0x79,
	0x43, 0xBD, 0x02, 0xCF, 0x9E, 0x69, 0x6B, 0xFE, 0xA3, 0x84, 0xF1, 0x21, 0xF2, 0x57, 0x33, 0x5D,
	0x3D, 0x3E, 0x5C, 0x34, 0x34, 0x5C, 0x3E, 0x3D, 0x5D, 0x33, 0x00, 0x03, 0x00, 0x53, 0xFF, 0xFA,
	0x02, 0x45, 0x02, 0xEC, 0x00, 0x1D, 0x00, 0x2A, 0x00, 0x37, 0x00, 0x00, 0x45, 0x22, 0x2E, 0x02,
	0x35, 0x11, 0x34, 0x3E, 0x02, 0x33, 0x32, 0x1E, 0x02, 0x15, 0x14, 0x06, 0x06, 0x23, 0x37, 0x32,
	0x16, 0x16, 0x15, 0x14, 0x0E, 0x02, 0x27, 0x32, 0x36, 0x36, 0x35, 0x34, 0x26, 0x23, 0x23, 0x15,
	0x14, 0x16, 0x16, 0x03, 0x33, 0x32, 0x36, 0x35, 0x34, 0x26, 0x26, 0x23, 0x22, 0x06, 0x06, 0x15,
	0x01, 0x49, 0x2E, 0x58, 0x46, 0x2A, 0x29, 0x44, 0x55, 0x2C, 0x2B, 0x50, 0x40, 0x26, 0x39, 0x63,
	0x40, 0x10, 0x4D, 0x6A, 0x38, 0x2B, 0x48, 0x59, 0x2F, 0x2D, 0x51, 0x34, 0x5E, 0x54, 0xB0, 0x33,
	0x52, 0x85, 0x9B, 0x4C, 0x59, 0x2D, 0x46, 0x28, 0x29, 0x4C, 0x30, 0x06, 0x19, 0x35, 0x4E, 0x35,
	0x01, 0x4B, 0x36, 0x51, 0x35, 0x1A, 0x18, 0x30, 0x48, 0x2F, 0x3A, 0x52, 0x2B, 0x18, 0x2F, 0x55,
	0x3B, 0x35, 0x51, 0x35, 0x1A, 0x3C, 0x23, 0x46, 0x35, 0x48, 0x47, 0x91, 0x35, 0x45, 0x22, 0x01,
	0x66, 0x44, 0x44, 0x2F, 0x3D, 0x1F, 0x22, 0x46, 0x35, 0x00, 0x00, 0x01, 0x00, 0x33, 0xFF, 0xFB,
	0x01, 0xEA, 0x02, 0x14, 0x00, 0x2D, 0x00, 0x00, 0x45, 0x22, 0x26, 0x26, 0x35, 0x34, 0x3E, 0x05,
	0x35, 0x34, 0x26, 0x23, 0x22, 0x06, 0x06, 0x07, 0x27, 0x36, 0x36, 0x33, 0x32, 0x16, 0x16, 0x15,
	0x14, 0x0E, 0x05, 0x15, 0x14, 0x16, 0x33, 0x32, 0x36, 0x36, 0x37, 0x17, 0x06, 0x06, 0x01, 0x0C,
	0x3E, 0x63, 0x38, 0x25, 0x3D, 0x4A, 0x49, 0x3E, 0x25, 0x47, 0x42, 0x1E, 0x3D, 0x37, 0x16, 0x19,
	0x27, 0x66, 0x35, 0x40, 0x5D, 0x34, 0x26, 0x3D, 0x4A, 0x49, 0x3E, 0x25, 0x50, 0x41, 0x29, 0x49,
	0x3C, 0x16, 0x1A, 0x2A, 0x73, 0x05, 0x22, 0x42, 0x32, 0x29, 0x33, 0x1E, 0x11, 0x0F, 0x14, 0x22,
	0x1E, 0x2B, 0x2D, 0x0C, 0x15, 0x0E, 0x35, 0x17, 0x20, 0x23, 0x44, 0x31, 0x2A, 0x34, 0x1E, 0x11,
	0x0F, 0x13, 0x22, 0x1D, 0x2B, 0x2C, 0x11, 0x1C, 0x0E, 0x33, 0x1E, 0x26, 0xFF, 0xFF, 0x00, 0x2F,
	0xFF, 0x39, 0x02, 0x4B, 0x02, 0x12, 0x04, 0x06, 0x00, 0x74, 0x01, 0x00, 0x00, 0x07, 0x00, 0x11,
	0x00, 0x00, 0x03, 0x29, 0x02, 0xE6, 0x00, 0x03, 0x00, 0x07, 0x00, 0x0B, 0x00, 0x0F, 0x00, 0x13,
	0x00, 0x17, 0x00, 0x1B, 0x00, 0x00, 0x61, 0x03, 0x37, 0x13, 0x21, 0x13, 0x17, 0x03, 0x37, 0x03,
	0x33, 0x13, 0x07, 0x35, 0x33, 0x15, 0x07, 0x11, 0x33, 0x11, 0x27, 0x35, 0x33, 0x15, 0x37, 0x27,
	0x13, 0x33, 0x02, 0xD4, 0xB4, 0x3B, 0xCE, 0xFC, 0xE8, 0xCE, 0x3A, 0xB3, 0x73, 0xB9, 0x4D, 0xAE,
	0x31, 0xA5, 0x16, 0x47, 0x16, 0xA6, 0x12, 0x44, 0xAF, 0x4D, 0x01, 0x04, 0x23, 0xFE, 0xD9, 0x01,
	0x27, 0x23, 0xFE, 0xFC, 0xFF, 0x01, 0x0E, 0xFE, 0xFC, 0x1F, 0x3D, 0x3D, 0xEA, 0x02, 0xE6, 0xFD,
	0x1A, 0xEA, 0x3D, 0x3D, 0x15, 0x0A, 0x01, 0x04, 0x00, 0x01, 0xFF, 0xF6, 0xFF, 0x3A, 0x01, 0xAE,
	0x02, 0x13, 0x00, 0x2E, 0x00, 0x00, 0x57, 0x22, 0x26, 0x27, 0x37, 0x16, 0x16, 0x33, 0x32, 0x36,
	0x36, 0x35, 0x34, 0x26, 0x26, 0x23, 0x23, 0x35, 0x33, 0x32, 0x36, 0x35, 0x34, 0x26, 0x26, 0x23,
	0x22, 0x07, 0x27, 0x36, 0x36, 0x33, 0x32, 0x16, 0x16, 0x15, 0x14, 0x06, 0x06, 0x07, 0x37, 0x16,
	0x16, 0x15, 0x14, 0x06, 0x06, 0xBA, 0x34, 0x64, 0x2C, 0x18, 0x27, 0x56, 0x2B, 0x34, 0x50, 0x2D,
	0x24, 0x42, 0x2C, 0x6D, 0x68, 0x39, 0x47, 0x26, 0x45, 0x30, 0x45, 0x53, 0x16, 0x2E, 0x5B, 0x2D,
	0x41, 0x62, 0x37, 0x20, 0x3B, 0x27, 0x01, 0x45, 0x53, 0x41, 0x6E, 0xC6, 0x21, 0x20, 0x33, 0x1A,
	0x1D, 0x26, 0x43, 0x2A, 0x29, 0x3E, 0x21, 0x39, 0x48, 0x3A, 0x29, 0x3E, 0x22, 0x25, 0x36, 0x16,
	0x16, 0x2F, 0x54, 0x39, 0x2B, 0x47, 0x2E, 0x09, 0x0A, 0x0B, 0x5F, 0x47, 0x3B, 0x5D, 0x35, 0x00,
	0xFF, 0xFF, 0x00, 0x54, 0xFF, 0xFB, 0x02, 0x34, 0x02, 0x0D, 0x04, 0x06, 0x00, 0x93, 0xF7, 0x00,
	0xFF, 0xFF, 0x00, 0x54, 0xFF, 0xFB, 0x02, 0x34, 0x02, 0xDB, 0x04, 0x26, 0x00, 0x93, 0xF7, 0x00,
	0x00, 0x06, 0x03, 0x40, 0x68, 0x00, 0xFF, 0xFF, 0x00, 0x54, 0xFF, 0xFB, 0x02, 0x34, 0x02, 0xDB,
	0x04, 0x26, 0x00, 0x93, 0xF7, 0x00, 0x00, 0x06, 0x03, 0x48, 0x19, 0x00, 0x00, 0x04, 0x00, 0x66,
	0x00, 0x00, 0x02, 0x3A, 0x02, 0xE6, 0x00, 0x03, 0x00, 0x07, 0x00, 0x0B, 0x00, 0x0F, 0x00, 0x00,
	0x61, 0x03, 0x37, 0x13, 0x21, 0x11, 0x33, 0x11, 0x27, 0x35, 0x33, 0x15, 0x37, 0x27, 0x13, 0x33,
	0x01, 0xE6, 0xD8, 0x3B, 0xF1, 0xFE, 0x2C, 0x47, 0x16, 0xA8, 0x10, 0x42, 0xD1, 0x4D, 0x01, 0x04,
	0x23, 0xFE, 0xD9, 0x02, 0xE6, 0xFD, 0x1A, 0xEA, 0x3D, 0x3D, 0x15, 0x0A, 0x01, 0x04, 0x00, 0x01,
	0x00, 0x09, 0x00, 0x00, 0x02, 0x25, 0x02, 0x0D, 0x00, 0x07, 0x00, 0x00, 0x73, 0x13, 0x33, 0x13,
	0x23, 0x03, 0x33, 0x03, 0x09, 0xE9, 0x49, 0xEA, 0x4B, 0xD6, 0x23, 0xD8, 0x02, 0x0D, 0xFD, 0xF3,
	0x01, 0xE7, 0xFE, 0x19, 0xFF, 0xFF, 0x00, 0x65, 0x00, 0x00, 0x02, 0x3E, 0x02, 0x0D, 0x06, 0x06,
	0x01, 0xD2, 0x00, 0x00, 0xFF, 0xFF, 0x00, 0x65, 0x00, 0x00, 0x02, 0x49, 0x02, 0x12, 0x04, 0x06,
	0x00, 0x83, 0x02, 0x00, 0xFF, 0xFF, 0x00, 0x65, 0x00, 0x00, 0x03, 0xC9, 0x02, 0x12, 0x04, 0x06,
	0x00, 0x82, 0x02, 0x00, 0x00, 0x02, 0x00, 0x31, 0x00, 0x00, 0x01, 0xF4, 0x02, 0x0D, 0x00, 0x10,
	0x00, 0x14, 0x00, 0x00, 0x77, 0x22, 0x26, 0x35, 0x35, 0x33, 0x15, 0x14, 0x16, 0x33, 0x32, 0x36,
	0x36, 0x35, 0x17, 0x06, 0x06, 0x17, 0x11, 0x33, 0x11, 0xF6, 0x59, 0x6C, 0x46, 0x4F, 0x42, 0x2C,
	0x4B, 0x2E, 0x04, 0x11, 0x62, 0x6F, 0x47, 0xAC, 0x55, 0x59, 0xB3, 0xB1, 0x3B, 0x3C, 0x19, 0x34,
	0x29, 0x55, 0x2B, 0x2F, 0xAC, 0x02, 0x0D, 0xFD, 0xF3, 0x00, 0xFF, 0xFF, 0x00, 0x54, 0xFF, 0x8D,
	0x02, 0x8B, 0x02, 0x0D, 0x04, 0x26, 0x00, 0x93, 0xF7, 0x00, 0x00, 0x07, 0x03, 0x42, 0x01, 0xB3,
	0x00, 0x00, 0x00, 0x01, 0x00, 0x55, 0xFF, 0xFA, 0x03, 0xB9, 0x02, 0x0D, 0x00, 0x27, 0x00, 0x00,
	0x45, 0x22, 0x26, 0x26, 0x35, 0x11, 0x33, 0x11, 0x14, 0x16, 0x33, 0x32, 0x36, 0x36, 0x35, 0x11,
	0x33, 0x11, 0x14, 0x16, 0x33, 0x32, 0x36, 0x36, 0x35, 0x11, 0x33, 0x11, 0x23, 0x35, 0x17, 0x06,
	0x06, 0x23, 0x22, 0x26, 0x27, 0x17, 0x06, 0x06, 0x01, 0x29, 0x40, 0x5F, 0x35, 0x47, 0x50, 0x47,
	0x36, 0x4F, 0x2B, 0x47, 0x50, 0x47, 0x36, 0x50, 0x2B, 0x47, 0x45, 0x0C, 0x19, 0x6A, 0x49, 0x4D,
	0x6C, 0x10, 0x1C, 0x17, 0x75, 0x06, 0x32, 0x64, 0x4B, 0x01, 0x32, 0xFE, 0xD6, 0x54, 0x55, 0x2D,
	0x56, 0x3B, 0x01, 0x15, 0xFE, 0xD6, 0x54, 0x55, 0x2D, 0x56, 0x3B, 0x01, 0x15, 0xFD, 0xF3, 0x8D,
	0x19, 0x39, 0x41, 0x4E, 0x4C, 0x0A, 0x40, 0x50, 0xFF, 0xFF, 0x00, 0x55, 0xFF, 0x8D, 0x04, 0x10,
	0x02, 0x0D, 0x04, 0x26, 0x02, 0x39, 0x00, 0x00, 0x00, 0x07, 0x03, 0x42, 0x03, 0x38, 0x00, 0x00,
	0x00, 0x02, 0x00, 0x57, 0xFF, 0xFA, 0x02, 0x10, 0x02, 0x0D, 0x00, 0x10, 0x00, 0x1E, 0x00, 0x00,
	0x45, 0x22, 0x26, 0x35, 0x11, 0x33, 0x15, 0x36, 0x36, 0x33, 0x32, 0x16, 0x16, 0x15, 0x14, 0x06,
	0x06, 0x27, 0x32, 0x36, 0x36, 0x35, 0x34, 0x26, 0x23, 0x22, 0x06, 0x07, 0x15, 0x14, 0x16, 0x01,
	0x31, 0x67, 0x73, 0x47, 0x16, 0x54, 0x3D, 0x41, 0x5B, 0x2F, 0x34, 0x63, 0x46, 0x32, 0x42, 0x21,
	0x4B, 0x4A, 0x35, 0x4C, 0x14, 0x4F, 0x06, 0x6B, 0x5D, 0x01, 0x4B, 0xE0, 0x20, 0x29, 0x2E, 0x52,
	0x37, 0x3A, 0x59, 0x32, 0x37, 0x26, 0x40, 0x25, 0x39, 0x4B, 0x2C, 0x27, 0x30, 0x3F, 0x4D, 0x00,
	0x00, 0x02, 0x00, 0x02, 0xFF, 0xFA, 0x02, 0x64, 0x02, 0x0D, 0x00, 0x13, 0x00, 0x21, 0x00, 0x00,
	0x53, 0x35, 0x33, 0x15, 0x36, 0x36, 0x33, 0x32, 0x16, 0x16, 0x15, 0x14, 0x06, 0x06, 0x23, 0x22,
	0x26, 0x35, 0x11, 0x17, 0x13, 0x32, 0x36, 0x36, 0x35, 0x34, 0x26, 0x23, 0x22, 0x06, 0x07, 0x15,
	0x14, 0x16, 0x02, 0xF0, 0x16, 0x54, 0x3D, 0x41, 0x5B, 0x2F, 0x34, 0x63, 0x48, 0x67, 0x73, 0x20,
	0xBC, 0x32, 0x42, 0x21, 0x4B, 0x4A, 0x35, 0x4C, 0x14, 0x4F, 0x01, 0xCF, 0x3E, 0xE0, 0x20, 0x29,
	0x2E, 0x52, 0x37, 0x3A, 0x59, 0x32, 0x6B, 0x5D, 0x01, 0x2D, 0x20, 0xFE, 0x62, 0x26, 0x40, 0x25,
	0x39, 0x4B, 0x2C, 0x27, 0x30, 0x3F, 0x4D, 0x00, 0x00, 0x03, 0x00, 0x63, 0xFF, 0xFB, 0x03, 0x14,
	0x02, 0xE6, 0x00, 0x0F, 0x00, 0x17, 0x00, 0x27, 0x00, 0x00, 0x45, 0x22, 0x26, 0x26, 0x35, 0x34,
	0x36, 0x36, 0x33, 0x32, 0x16, 0x16, 0x15, 0x14, 0x06, 0x06, 0x25, 0x11, 0x33, 0x11, 0x33, 0x15,
	0x23, 0x15, 0x25, 0x32, 0x36, 0x36, 0x35, 0x34, 0x26, 0x26, 0x23, 0x22, 0x06, 0x06, 0x15, 0x14,
	0x16, 0x16, 0x02, 0x0F, 0x4B, 0x76, 0x44, 0x44, 0x76, 0x4B, 0x4B, 0x76, 0x44, 0x44, 0x76, 0xFE,
	0x09, 0x47, 0x89, 0x89, 0x01, 0x65, 0x37, 0x56, 0x32, 0x32, 0x56, 0x37, 0x36, 0x57, 0x32, 0x32,
	0x57, 0x05, 0x45, 0x79, 0x4E, 0x4F, 0x78, 0x44, 0x44, 0x78, 0x4F, 0x4E, 0x79, 0x45, 0x05, 0x02,
	0xE6, 0xFE, 0x45, 0x41, 0xEA, 0x39, 0x34, 0x5D, 0x3D, 0x3E, 0x5C, 0x33, 0x33, 0x5C, 0x3E, 0x3D,
	0x5D, 0x34, 0x00, 0x02, 0x00, 0x65, 0x00, 0x00, 0x01, 0xE2, 0x02, 0x0D, 0x00, 0x05, 0x00, 0x09,
	0x00, 0x00, 0x73, 0x11, 0x21, 0x15, 0x21, 0x11, 0x27, 0x35, 0x33, 0x15, 0x65, 0x01, 0x7D, 0xFE,
	0xCA, 0x24, 0xF2, 0x02, 0x0D, 0x3E, 0xFE, 0x31, 0xD7, 0x34, 0x34, 0x00, 0xFF, 0xFF, 0x00, 0x1E,
	0xFF, 0x24, 0x01, 0xDA, 0x02, 0x15, 0x06, 0x26, 0x01, 0xC9, 0x00, 0x00, 0x00, 0x06, 0x03, 0x4F,
	0xC9, 0x00, 0xFF, 0xFF, 0x00, 0x32, 0xFF, 0x24, 0x02, 0x0F, 0x02, 0x12, 0x04, 0x26, 0x00, 0x6A,
	0x04, 0x00, 0x00, 0x06, 0x03, 0x4F, 0x0F, 0x00, 0xFF, 0xFF, 0x00, 0x65, 0x00, 0x00, 0x01, 0xD9,
	0x02, 0xDB, 0x06, 0x26, 0x01, 0xBE, 0x00, 0x00, 0x00, 0x06, 0x03, 0x49, 0xF6, 0x00, 0x00, 0x02,
	0x00, 0x2D, 0xFF, 0xFA, 0x02, 0x3E, 0x02, 0xE6, 0x00, 0x20, 0x00, 0x30, 0x00, 0x00, 0x45, 0x22,
	0x26, 0x26, 0x35, 0x34, 0x3E, 0x02, 0x17, 0x17, 0x26, 0x26, 0x35, 0x34, 0x36, 0x33, 0x21, 0x15,
	0x05, 0x22, 0x06, 0x15, 0x14, 0x16, 0x16, 0x17, 0x16, 0x16, 0x15, 0x14, 0x06, 0x06, 0x27, 0x32,
	0x36, 0x36, 0x35, 0x34, 0x26, 0x26, 0x23, 0x22, 0x06, 0x06, 0x15, 0x14, 0x16, 0x16, 0x01, 0x34,
	0x4D, 0x77, 0x43, 0x2C, 0x4D, 0x67, 0x3B, 0x03, 0x7A, 0x6B, 0x3B, 0x34, 0x01, 0x3B, 0xFE, 0xDB,
	0x1D, 0x21, 0x40, 0x71, 0x46, 0x4E, 0x4C, 0x45, 0x77, 0x4E, 0x39, 0x58, 0x33, 0x33, 0x58, 0x39,
	0x39, 0x56, 0x31, 0x31, 0x56, 0x06, 0x41, 0x70, 0x48, 0x3B, 0x5D, 0x3E, 0x1A, 0x09, 0x0C, 0x36,
	0x5C, 0x2E, 0x27, 0x31, 0x3D, 0x01, 0x16, 0x13, 0x19, 0x34, 0x37, 0x21, 0x24, 0x72, 0x4B, 0x4B,
	0x73, 0x41, 0x3D, 0x30, 0x55, 0x37, 0x38, 0x55, 0x31, 0x31, 0x55, 0x38, 0x37, 0x55, 0x30, 0x00,
	0xFF, 0xFF, 0x00, 0x2E, 0xFF, 0xFB, 0x02, 0x43, 0x02, 0x12, 0x06, 0x06, 0x00, 0x9F, 0x00, 0x00,
	0xFF, 0xFF, 0x00, 0x2F, 0xFF, 0x39, 0x02, 0x4B, 0x02, 0x12, 0x04, 0x06, 0x00, 0x74, 0x01, 0x00,
	0xFF, 0xFF, 0x00, 0x2E, 0xFF, 0xFB, 0x02, 0x2E, 0x02, 0x12, 0x06, 0x06, 0x00, 0xA7, 0x00, 0x00,
	0xFF, 0xFF, 0x00, 0x2E, 0xFF, 0xFB, 0x02, 0x2E, 0x02, 0xDB, 0x06, 0x26, 0x00, 0xA7, 0x00, 0x00,
	0x00, 0x06, 0x03, 0x48, 0x00, 0x00, 0xFF, 0xFF, 0x00, 0x2E, 0xFF, 0xFB, 0x02, 0x2E, 0x02, 0xCC,
	0x06, 0x26, 0x00, 0xA7, 0x00, 0x00, 0x00, 0x06, 0x03, 0x46, 0x00, 0x00, 0x00, 0x01, 0x00, 0x54,
	0xFF, 0xFB, 0x02, 0x34, 0x02, 0x0D, 0x00, 0x16, 0x00, 0x00, 0x45, 0x22, 0x26, 0x26, 0x35, 0x11,
	0x33, 0x11, 0x14, 0x16, 0x33, 0x32, 0x36, 0x36, 0x35, 0x11, 0x33, 0x11, 0x23, 0x35, 0x17, 0x06,
	0x06, 0x01, 0x33, 0x44, 0x64, 0x37, 0x47, 0x53, 0x4C, 0x37, 0x50, 0x2C, 0x47, 0x44, 0x0B, 0x19,
	0x69, 0x05, 0x32, 0x64, 0x4B, 0x01, 0x31, 0xFE, 0xD7, 0x54, 0x55, 0x2D, 0x56, 0x3C, 0x01, 0x13,
	0xFD, 0xF3, 0x90, 0x1A, 0x3A, 0x41, 0xFF, 0xFF, 0x00, 0x54, 0xFF, 0xFB, 0x02, 0x34, 0x02, 0xDB,
	0x06, 0x26, 0x02, 0x48, 0x00, 0x00, 0x00, 0x06, 0x03, 0x40, 0x68, 0x00, 0x00, 0x03, 0x00, 0x54,
	0xFF, 0x8D, 0x02, 0x8C, 0x02, 0xDB, 0x00, 0x06, 0x00, 0x1D, 0x00, 0x2B, 0x00, 0x00, 0x45, 0x37,
	0x17, 0x23, 0x35, 0x33, 0x07, 0x25, 0x22, 0x26, 0x26, 0x35, 0x11, 0x33, 0x11, 0x14, 0x16, 0x33,
	0x32, 0x36, 0x36, 0x35, 0x11, 0x33, 0x11, 0x23, 0x35, 0x17, 0x06, 0x06, 0x03, 0x22, 0x26, 0x27,
	0x33, 0x16, 0x16, 0x33, 0x32, 0x36, 0x37, 0x33, 0x06, 0x06, 0x02, 0x1C, 0x25, 0x2B, 0x7C, 0x9C,
	0x36, 0xFE, 0xDD, 0x44, 0x64, 0x37, 0x47, 0x53, 0x4C, 0x37, 0x50, 0x2C, 0x47, 0x44, 0x0B, 0x19,
	0x69, 0x34, 0x3F, 0x57, 0x03, 0x33, 0x02, 0x3A, 0x2A, 0x2A, 0x3B, 0x01, 0x32, 0x02, 0x57, 0x73,
	0x86, 0x13, 0x3E, 0xB1, 0x6E, 0x32, 0x64, 0x4B, 0x01, 0x31, 0xFE, 0xD7, 0x54, 0x55, 0x2D, 0x56,
	0x3C, 0x01, 0x13, 0xFD, 0xF3, 0x90, 0x1A, 0x3A, 0x41, 0x02, 0x5F, 0x45, 0x3C, 0x27, 0x2E, 0x2E,
	0x27, 0x3C, 0x45, 0x00, 0xFF, 0xFF, 0x00, 0x54, 0xFF, 0xFB, 0x02, 0x34, 0x02, 0xDB, 0x06, 0x26,
	0x02, 0x48, 0x00, 0x00, 0x00, 0x06, 0x03, 0x48, 0x19, 0x00, 0x00, 0x02, 0x00, 0x25, 0x00, 0x00,
	0x02, 0x41, 0x02, 0x13, 0x00, 0x15, 0x00, 0x19, 0x00, 0x00, 0x73, 0x11, 0x34, 0x36, 0x36, 0x33,
	0x32, 0x16, 0x16, 0x15, 0x11, 0x23, 0x11, 0x34, 0x26, 0x26, 0x23, 0x22, 0x06, 0x06, 0x15, 0x11,
	0x23, 0x35, 0x33, 0x15, 0x77, 0x3F, 0x68, 0x3E, 0x3F, 0x68, 0x3E, 0x47, 0x2B, 0x48, 0x2B, 0x2B,
	0x47, 0x2C, 0x99, 0x7B, 0x01, 0x2F, 0x49, 0x66, 0x35, 0x36, 0x65, 0x49, 0xFE, 0xD1, 0x01, 0x2B,
	0x37, 0x4B, 0x27, 0x27, 0x4B, 0x37, 0xFE, 0xD5, 0x40, 0x40, 0x00, 0x02, 0x00, 0x4D, 0xFF, 0x3E,
	0x02, 0x5F, 0x02, 0x12, 0x00, 0x12, 0x00, 0x22, 0x00, 0x00, 0x57, 0x11, 0x34, 0x36, 0x36, 0x33,
	0x32, 0x16, 0x16, 0x15, 0x14, 0x06, 0x06, 0x23, 0x22, 0x26, 0x27, 0x37, 0x11, 0x37, 0x32, 0x36,
	0x36, 0x35, 0x34, 0x26, 0x26, 0x23, 0x22, 0x06, 0x06, 0x15, 0x14, 0x16, 0x16, 0x4D, 0x43, 0x78,
	0x4F, 0x4E, 0x77, 0x43, 0x42, 0x74, 0x4C, 0x54, 0x77, 0x19, 0x1B, 0xC1, 0x39, 0x58, 0x33, 0x33,
	0x58, 0x39, 0x39, 0x58, 0x31, 0x31, 0x58, 0xC2, 0x01, 0xC7, 0x50, 0x79, 0x44, 0x44, 0x79, 0x4F,
	0x4E, 0x79, 0x44, 0x55, 0x4D, 0x0B, 0xFE, 0x96, 0xFB, 0x35, 0x5C, 0x3C, 0x3C, 0x5D, 0x35, 0x34,
	0x5C, 0x3D, 0x3C, 0x5D, 0x35, 0x00, 0xFF, 0xFF, 0x00, 0x65, 0x00, 0x00, 0x03, 0xC9, 0x02, 0x12,
	0x04, 0x06, 0x00, 0x82, 0x02, 0x00, 0xFF, 0xFF, 0x00, 0x5E, 0xFF, 0x39, 0x02, 0x3D, 0x02, 0x0D,
	0x06, 0x06, 0x00, 0xB0, 0x00, 0x00, 0xFF, 0xFF, 0x00, 0x5E, 0xFF, 0x39, 0x02, 0x3D, 0x02, 0xDB,
	0x06, 0x26, 0x00, 0xB0, 0x00, 0x00, 0x00, 0x06, 0x03, 0x40, 0x71, 0x00, 0x00, 0x02, 0x00, 0x57,
	0xFF, 0xFA, 0x02, 0x1A, 0x02, 0x0D, 0x00, 0x10, 0x00, 0x1E, 0x00, 0x00, 0x45, 0x22, 0x26, 0x35,
	0x11, 0x33, 0x15, 0x36, 0x36, 0x33, 0x32, 0x16, 0x16, 0x15, 0x14, 0x06, 0x06, 0x27, 0x32, 0x36,
	0x36, 0x35, 0x34, 0x26, 0x23, 0x22, 0x06, 0x07, 0x15, 0x14, 0x16, 0x01, 0x36, 0x6A, 0x75, 0x47,
	0x1A, 0x5A, 0x3A, 0x41, 0x5D, 0x30, 0x35, 0x66, 0x47, 0x31, 0x45, 0x24, 0x4F, 0x4A, 0x37, 0x50,
	0x14, 0x53, 0x06, 0x6B, 0x5D, 0x01, 0x4B, 0xDA, 0x1E, 0x25, 0x2E, 0x53, 0x37, 0x3A, 0x58, 0x32,
	0x37, 0x24, 0x40, 0x27, 0x3B, 0x49, 0x2B, 0x28, 0x30, 0x40, 0x4C, 0x00, 0x00, 0x03, 0x00, 0x57,
	0xFF, 0xFA, 0x02, 0xAD, 0x02, 0x0D, 0x00, 0x10, 0x00, 0x1E, 0x00, 0x22, 0x00, 0x00, 0x45, 0x22,
	0x26, 0x35, 0x11, 0x33, 0x15, 0x36, 0x36, 0x33, 0x32, 0x16, 0x16, 0x15, 0x14, 0x06, 0x06, 0x27,
	0x32, 0x36, 0x36, 0x35, 0x34, 0x26, 0x23, 0x22, 0x06, 0x07, 0x15, 0x14, 0x16, 0x05, 0x11, 0x33,
	0x11, 0x01, 0x31, 0x67, 0x73, 0x47, 0x16, 0x54, 0x3D, 0x41, 0x5B, 0x2F, 0x34, 0x63, 0x46, 0x32,
	0x42, 0x21, 0x4B, 0x4A, 0x35, 0x4C, 0x14, 0x4F, 0x01, 0x79, 0x47, 0x06, 0x6B, 0x5D, 0x01, 0x4B,
	0xDA, 0x1B, 0x28, 0x2E, 0x52, 0x37, 0x3A, 0x59, 0x32, 0x37, 0x26, 0x40, 0x25, 0x39, 0x4B, 0x2C,
	0x27, 0x30, 0x3F, 0x4D, 0x31, 0x02, 0x0D, 0xFD, 0xF3, 0x00, 0x00, 0x03, 0x00, 0x02, 0xFF, 0xFA,
	0x02, 0x6D, 0x02, 0x0D, 0x00, 0x10, 0x00, 0x1E, 0x00, 0x22, 0x00, 0x00, 0x45, 0x22, 0x26, 0x35,
	0x11, 0x33, 0x15, 0x36, 0x36, 0x33, 0x32, 0x16, 0x16, 0x15, 0x14, 0x06, 0x06, 0x27, 0x32, 0x36,
	0x36, 0x35, 0x34, 0x26, 0x23, 0x22, 0x06, 0x07, 0x15, 0x14, 0x16, 0x01, 0x35, 0x33, 0x07, 0x01,
	0x8E, 0x67, 0x73, 0x47, 0x16, 0x54, 0x3D, 0x41, 0x5B, 0x2F, 0x34, 0x63, 0x46, 0x32, 0x42, 0x21,
	0x4B, 0x4A, 0x35, 0x4C, 0x14, 0x4F, 0xFE, 0xB8, 0xF9, 0x3D, 0x06, 0x6B, 0x5D, 0x01, 0x4B, 0xE0,
	0x20, 0x29, 0x2E, 0x52, 0x37, 0x3A, 0x59, 0x32, 0x37, 0x26, 0x40, 0x25, 0x39, 0x4B, 0x2C, 0x27,
	0x30, 0x3F, 0x4D, 0x01, 0x9E, 0x3E, 0x3E, 0x00, 0x00, 0x03, 0x00, 0x07, 0xFF, 0xFA, 0x03, 0x7D,
	0x02, 0x0D, 0x00, 0x17, 0x00, 0x25, 0x00, 0x36, 0x00, 0x00, 0x57, 0x22, 0x26, 0x27, 0x27, 0x16,
	0x16, 0x33, 0x32, 0x3E, 0x02, 0x37, 0x37, 0x21, 0x07, 0x21, 0x37, 0x07, 0x0E, 0x04, 0x25, 0x32,
	0x36, 0x36, 0x35, 0x34, 0x26, 0x23, 0x22, 0x06, 0x07, 0x15, 0x14, 0x16, 0x17, 0x22, 0x26, 0x35,
	0x11, 0x33, 0x15, 0x36, 0x36, 0x33, 0x32, 0x16, 0x16, 0x15, 0x14, 0x06, 0x06, 0x3A, 0x0D, 0x1A,
	0x0B, 0x01, 0x07, 0x14, 0x07, 0x1B, 0x23, 0x15, 0x0C, 0x02, 0x08, 0x01, 0x6F, 0x2B, 0xFE, 0xEA,
	0x12, 0x08, 0x02, 0x0B, 0x13, 0x20, 0x2F, 0x02, 0x40, 0x31, 0x45, 0x24, 0x4E, 0x4B, 0x37, 0x4F,
	0x15, 0x53, 0x45, 0x6A, 0x75, 0x47, 0x1A, 0x59, 0x3A, 0x42, 0x5D, 0x30, 0x35, 0x66, 0x06, 0x03,
	0x04, 0x41, 0x02, 0x02, 0x2C, 0x4C, 0x64, 0x37, 0xBC, 0x3E, 0x14, 0x97, 0x34, 0x64, 0x55, 0x41,
	0x24, 0x37, 0x24, 0x40, 0x27, 0x3B, 0x49, 0x2B, 0x28, 0x30, 0x40, 0x4C, 0x37, 0x6B, 0x5D, 0x01,
	0x4B, 0xDA, 0x1E, 0x25, 0x2E, 0x53, 0x37, 0x3A, 0x58, 0x32, 0x00, 0x03, 0x00, 0x65, 0xFF, 0xFA,
	0x03, 0x8B, 0x02, 0x0D, 0x00, 0x0C, 0x00, 0x14, 0x00, 0x1F, 0x00, 0x00, 0x45, 0x22, 0x26, 0x35,
	0x11, 0x33, 0x15, 0x33, 0x32, 0x16, 0x15, 0x14, 0x06, 0x25, 0x11, 0x33, 0x15, 0x21, 0x15, 0x21,
	0x15, 0x25, 0x32, 0x36, 0x35, 0x34, 0x26, 0x23, 0x23, 0x15, 0x14, 0x16, 0x02, 0xAC, 0x66, 0x68,
	0x47, 0xA6, 0x5C, 0x64, 0x78, 0xFD, 0x52, 0x47, 0x01, 0x54, 0xFE, 0xAC, 0x02, 0x04, 0x44, 0x4F,
	0x42, 0x46, 0x96, 0x46, 0x06, 0x5C, 0x56, 0x01, 0x61, 0xD2, 0x51, 0x48, 0x4C, 0x5C, 0x06, 0x02,
	0x0D, 0xD3, 0x3D, 0xFD, 0x30, 0x3D, 0x34, 0x30, 0x2F, 0x56, 0x3A, 0x40, 0x00, 0x03, 0xFF, 0xFD,
	0xFF, 0xFA, 0x02, 0x48, 0x02, 0xE6, 0x00, 0x10, 0x00, 0x1E, 0x00, 0x22, 0x00, 0x00, 0x45, 0x22,
	0x26, 0x35, 0x11, 0x33, 0x11, 0x36, 0x36, 0x33, 0x32, 0x16, 0x16, 0x15, 0x14, 0x06, 0x06, 0x27,
	0x32, 0x36, 0x36, 0x35, 0x34, 0x26, 0x23, 0x22, 0x06, 0x07, 0x15, 0x14, 0x16, 0x01, 0x35, 0x21,
	0x15, 0x01, 0x64, 0x6A, 0x75, 0x47, 0x19, 0x5A, 0x39, 0x43, 0x5C, 0x31, 0x36, 0x65, 0x48, 0x32,
	0x45, 0x23, 0x4E, 0x4A, 0x37, 0x50, 0x14, 0x52, 0xFE, 0xDF, 0x01, 0x95, 0x06, 0x6B, 0x5C, 0x02,
	0x25, 0xFE, 0x4B, 0x1F, 0x24, 0x2D, 0x53, 0x37, 0x39, 0x58, 0x32, 0x37, 0x24, 0x3F, 0x26, 0x3B,
	0x4A, 0x2C, 0x27, 0x31, 0x3E, 0x4C, 0x01, 0xC0, 0x36, 0x36, 0x00, 0x03, 0x00, 0x25, 0xFF, 0x8D,
	0x02, 0x97, 0x02, 0x13, 0x00, 0x06, 0x00, 0x1C, 0x00, 0x20, 0x00, 0x00, 0x45, 0x37, 0x17, 0x23,
	0x35, 0x33, 0x07, 0x25, 0x11, 0x34, 0x36, 0x36, 0x33, 0x32, 0x16, 0x16, 0x15, 0x11, 0x23, 0x11,
	0x34, 0x26, 0x26, 0x23, 0x22, 0x06, 0x06, 0x15, 0x11, 0x23, 0x35, 0x33, 0x15, 0x02, 0x27, 0x25,
	0x2B, 0x7D, 0x9D, 0x37, 0xFE, 0x17, 0x3F, 0x68, 0x3E, 0x3F, 0x68, 0x3E, 0x47, 0x2B, 0x48, 0x2B,
	0x2B, 0x47, 0x2C, 0x99, 0x7B, 0x73, 0x86, 0x13, 0x3E, 0xB1, 0x73, 0x01, 0x2F, 0x49, 0x66, 0x35,
	0x36, 0x65, 0x49, 0xFE, 0xD1, 0x01, 0x2B, 0x37, 0x4B, 0x27, 0x27, 0x4B, 0x37, 0xFE, 0xD5, 0x40,
	0x40, 0x00, 0xFF, 0xFF, 0x00, 0x2E, 0xFF, 0xFB, 0x02, 0x43, 0x02, 0xDB, 0x06, 0x26, 0x00, 0x9F,
	0x00, 0x00, 0x00, 0x06, 0x03, 0x40, 0x6C, 0x00, 0xFF, 0xFF, 0x00, 0x2E, 0xFF, 0xFB, 0x02, 0x43,
	0x02, 0xCC, 0x06, 0x26, 0x00, 0x9F, 0x00, 0x00, 0x00, 0x06, 0x03, 0x46, 0x1D, 0x00, 0xFF, 0xFF,
	0x00, 0x37, 0xFF, 0xFB, 0x03, 0xAC, 0x02, 0x12, 0x06, 0x06, 0x00, 0xA6, 0x00, 0x00, 0xFF, 0xFF,
	0x00, 0x2E, 0xFF, 0xFB, 0x02, 0x2E, 0x02, 0xDB, 0x06, 0x26, 0x00, 0xA7, 0x00, 0x00, 0x00, 0x06,
	0x03, 0x40, 0x4F, 0x00, 0x00, 0x01, 0x00, 0x2E, 0xFF, 0xFB, 0x02, 0x2E, 0x02, 0x12, 0x00, 0x22,
	0x00, 0x00, 0x45, 0x22, 0x26, 0x26, 0x27, 0x25, 0x17, 0x05, 0x37, 0x1E, 0x02, 0x33, 0x32, 0x36,
	0x36, 0x35, 0x34, 0x26, 0x26, 0x23, 0x22, 0x06, 0x07, 0x27, 0x36, 0x36, 0x33, 0x32, 0x16, 0x16,
	0x15, 0x14, 0x06, 0x06, 0x01, 0x2A, 0x46, 0x70, 0x43, 0x03, 0x01, 0xC4, 0x04, 0xFE, 0x61, 0x1B,
	0x01, 0x2F, 0x52, 0x36, 0x38, 0x57, 0x30, 0x35, 0x5E, 0x3E, 0x31, 0x53, 0x1E, 0x27, 0x23, 0x69,
	0x3E, 0x53, 0x7C, 0x46, 0x43, 0x75, 0x05, 0x40, 0x72, 0x49, 0x58, 0x34, 0x50, 0x26, 0x32, 0x54,
	0x32, 0x33, 0x5B, 0x3C, 0x40, 0x5E, 0x34, 0x22, 0x24, 0x2F, 0x2A, 0x2B, 0x45, 0x78, 0x4E, 0x4E,
	0x79, 0x45, 0xFF, 0xFF, 0x00, 0x2E, 0xFF, 0xFB, 0x02, 0x2E, 0x02, 0xCC, 0x06, 0x26, 0x02, 0x5C,
	0x00, 0x00, 0x00, 0x06, 0x03, 0x46, 0x04, 0x00, 0xFF, 0xFF, 0x00, 0x54, 0xFF, 0xFB, 0x02, 0x34,
	0x02, 0xB4, 0x06, 0x26, 0x02, 0x48, 0x00, 0x00, 0x00, 0x06, 0x03, 0x4E, 0x19, 0x00, 0xFF, 0xFF,
	0x00, 0x54, 0xFF, 0xFB, 0x02, 0x34, 0x02, 0xCC, 0x06, 0x26, 0x02, 0x48, 0x00, 0x00, 0x00, 0x06,
	0x03, 0x46, 0x19, 0x00, 0xFF, 0xFF, 0x00, 0x5E, 0xFF, 0x39, 0x02, 0x3D, 0x02, 0xB4, 0x06, 0x26,
	0x00, 0xB0, 0x00, 0x00, 0x00, 0x06, 0x03, 0x4E, 0x22, 0x00, 0xFF, 0xFF, 0x00, 0x5E, 0xFF, 0x39,
	0x02, 0x3D, 0x02, 0xCC, 0x06, 0x26, 0x00, 0xB0, 0x00, 0x00, 0x00, 0x06, 0x03, 0x46, 0x22, 0x00,
	0xFF, 0xFF, 0x00, 0x5E, 0xFF, 0x39, 0x02, 0x3D, 0x02, 0xDB, 0x06, 0x26, 0x00, 0xB0, 0x00, 0x00,
	0x00, 0x06, 0x03, 0x4A, 0x22, 0x00, 0xFF, 0xFF, 0x00, 0x57, 0xFF, 0xFA, 0x02, 0xAD, 0x02, 0xCC,
	0x06, 0x26, 0x02, 0x52, 0x00, 0x00, 0x00, 0x06, 0x03, 0x46, 0x5D, 0x00, 0x00, 0x03, 0x00, 0x12,
	0xFF, 0xFA, 0x02, 0x3F, 0x02, 0x0D, 0x00, 0x10, 0x00, 0x1E, 0x00, 0x22, 0x00, 0x00, 0x45, 0x22,
	0x26, 0x35, 0x11, 0x33, 0x15, 0x36, 0x36, 0x33, 0x32, 0x16, 0x16, 0x15, 0x14, 0x06, 0x06, 0x27,
	0x32, 0x36, 0x36, 0x35, 0x34, 0x26, 0x23, 0x22, 0x06, 0x07, 0x15, 0x14, 0x16, 0x01, 0x35, 0x21,
	0x15, 0x01, 0x5E, 0x6C, 0x73, 0x47, 0x15, 0x57, 0x3D, 0x43, 0x5C, 0x31, 0x36, 0x64, 0x44, 0x32,
	0x42, 0x22, 0x4D, 0x4C, 0x37, 0x4E, 0x13, 0x50, 0xFE, 0xFC, 0x01, 0x79, 0x06, 0x61, 0x55, 0x01,
	0x5D, 0xFA, 0x1C, 0x24, 0x29, 0x4B, 0x33, 0x34, 0x51, 0x2D, 0x37, 0x21, 0x37, 0x20, 0x32, 0x42,
	0x27, 0x21, 0x2B, 0x37, 0x42, 0x01, 0x65, 0x35, 0x35, 0x00, 0x00, 0x01, 0x00, 0x63, 0xFF, 0x3E,
	0x02, 0x43, 0x02, 0x0D, 0x00, 0x19, 0x00, 0x00, 0x57, 0x11, 0x33, 0x11, 0x14, 0x16, 0x33, 0x32,
	0x36, 0x36, 0x35, 0x11, 0x33, 0x11, 0x23, 0x35, 0x17, 0x0E, 0x02, 0x23, 0x22, 0x26, 0x27, 0x37,
	0x11, 0x63, 0x47, 0x53, 0x4C, 0x37, 0x50, 0x2C, 0x47, 0x44, 0x0C, 0x0F, 0x3B, 0x4C, 0x2B, 0x3E,
	0x59, 0x17, 0x0E, 0xC2, 0x02, 0xCF, 0xFE, 0xD7, 0x54, 0x55, 0x2D, 0x56, 0x3C, 0x01, 0x13, 0xFD,
	0xF3, 0x92, 0x13, 0x2D, 0x3B, 0x1C, 0x33, 0x31, 0x20, 0xFE, 0xBF, 0x00, 0x00, 0x02, 0x00, 0x34,
	0xFF, 0xFA, 0x02, 0x63, 0x02, 0xC2, 0x00, 0x0F, 0x00, 0x1F, 0x00, 0x00, 0x45, 0x22, 0x26, 0x26,
	0x35, 0x34, 0x36, 0x36, 0x33, 0x32, 0x16, 0x16, 0x15, 0x14, 0x06, 0x06, 0x27, 0x32, 0x36, 0x36,
	0x35, 0x34, 0x26, 0x26, 0x23, 0x22, 0x06, 0x06, 0x15, 0x14, 0x16, 0x16, 0x01, 0x4B, 0x51, 0x7E,
	0x48, 0x48, 0x7E, 0x51, 0x51, 0x7E, 0x49, 0x49, 0x7E, 0x51, 0x3E, 0x5C, 0x34, 0x34, 0x5C, 0x3E,
	0x3C, 0x5E, 0x34, 0x34, 0x5E, 0x06, 0x55, 0x9F, 0x70, 0x70, 0x9F, 0x55, 0x55, 0x9F, 0x70, 0x70,
	0x9F, 0x55, 0x42, 0x43, 0x81, 0x5E, 0x5E, 0x81, 0x43, 0x43, 0x81, 0x5E, 0x5E, 0x81, 0x43, 0x00,
	0x00, 0x01, 0x00, 0x09, 0x00, 0x00, 0x00, 0xF6, 0x02, 0xBC, 0x00, 0x06, 0x00, 0x00, 0x73, 0x11,
	0x17, 0x23, 0x35, 0x33, 0x11, 0xAE, 0x20, 0xC5, 0xED, 0x02, 0x9E, 0x22, 0x40, 0xFD, 0x44, 0x00,
	0x00, 0x01, 0x00, 0x12, 0x00, 0x00, 0x02, 0x12, 0x02, 0xC2, 0x00, 0x1C, 0x00, 0x00, 0x73, 0x35,
	0x01, 0x3E, 0x02, 0x35, 0x34, 0x26, 0x23, 0x22, 0x06, 0x07, 0x27, 0x36, 0x36, 0x33, 0x32, 0x16,
	0x16, 0x15, 0x14, 0x06, 0x06, 0x07, 0x01, 0x27, 0x21, 0x15, 0x27, 0x01, 0x23, 0x28, 0x28, 0x0E,
	0x53, 0x51, 0x3E, 0x5F, 0x22, 0x33, 0x29, 0x80, 0x4F, 0x47, 0x68, 0x39, 0x13, 0x31, 0x2F, 0xFE,
	0xF5, 0x14, 0x01, 0xB2, 0x33, 0x01, 0x1D, 0x27, 0x3B, 0x34, 0x17, 0x3D, 0x46, 0x26, 0x28, 0x2C,
	0x30, 0x34, 0x2D, 0x56, 0x3A, 0x22, 0x42, 0x49, 0x2E, 0xFE, 0xFA, 0x1C, 0x40, 0x00, 0x00, 0x01,
	0x00, 0x09, 0xFF, 0xFA, 0x02, 0x03, 0x02, 0xBC, 0x00, 0x1E, 0x00, 0x00, 0x45, 0x22, 0x26, 0x27,
	0x37, 0x16, 0x16, 0x33, 0x32, 0x36, 0x35, 0x34, 0x26, 0x23, 0x23, 0x35, 0x13, 0x17, 0x21, 0x35,
	0x21, 0x15, 0x03, 0x27, 0x33, 0x32, 0x16, 0x15, 0x14, 0x06, 0x06, 0x01, 0x05, 0x4C, 0x87, 0x29,
	0x23, 0x22, 0x73, 0x44, 0x57, 0x5D, 0x5B, 0x62, 0x32, 0xD8, 0x0A, 0xFE, 0x7A, 0x01, 0xC2, 0xD8,
	0x23, 0x1B, 0x7E, 0x7D, 0x38, 0x71, 0x06, 0x31, 0x29, 0x39, 0x23, 0x2E, 0x4C, 0x40, 0x40, 0x4C,
	0x35, 0x01, 0x0F, 0x1C, 0x40, 0x33, 0xFE, 0xF1, 0x17, 0x70, 0x58, 0x3B, 0x5E, 0x36, 0x00, 0x02,
	0x00, 0x28, 0x00, 0x00, 0x02, 0x87, 0x02, 0xBC, 0x00, 0x07, 0x00, 0x0D, 0x00, 0x00, 0x77, 0x35,
	0x01, 0x33, 0x01, 0x27, 0x21, 0x15, 0x07, 0x35, 0x37, 0x35, 0x33, 0x11, 0x28, 0x01, 0x73, 0x50,
	0xFE, 0x90, 0x27, 0x02, 0x33, 0xD4, 0x02, 0x46, 0xB8, 0x34, 0x01, 0xD0, 0xFE, 0x30, 0x0C, 0x40,
	0xB8, 0xB8, 0x40, 0xA2, 0xFE, 0x66, 0x00, 0x01, 0x00, 0x16, 0xFF, 0xFA, 0x02, 0x0F, 0x02, 0xBC,
	0x00, 0x1E, 0x00, 0x00, 0x45, 0x22, 0x26, 0x27, 0x37, 0x16, 0x16, 0x33, 0x32, 0x36, 0x35, 0x34,
	0x26, 0x26, 0x23, 0x23, 0x13, 0x21, 0x15, 0x21, 0x37, 0x03, 0x27, 0x33, 0x32, 0x16, 0x16, 0x15,
	0x14, 0x06, 0x06, 0x01, 0x11, 0x4B, 0x88, 0x28, 0x23, 0x21, 0x73, 0x43, 0x59, 0x5D, 0x2B, 0x66,
	0x59, 0x95, 0x24, 0x01, 0x7F, 0xFE, 0x9E, 0x25, 0x1F, 0x25, 0x83, 0x6A, 0x80, 0x39, 0x38, 0x70,
	0x06, 0x31, 0x29, 0x39, 0x23, 0x2E, 0x4F, 0x40, 0x2D, 0x41, 0x24, 0x01, 0x5F, 0x40, 0x23, 0xFE,
	0xDA, 0x24, 0x34, 0x5D, 0x3E, 0x3B, 0x61, 0x38, 0x00, 0x02, 0x00, 0x34, 0xFF, 0xFA, 0x02, 0x42,
	0x02, 0xC2, 0x00, 0x21, 0x00, 0x30, 0x00, 0x00, 0x45, 0x22, 0x26, 0x26, 0x35, 0x34, 0x36, 0x36,
	0x33, 0x32, 0x16, 0x17, 0x07, 0x26, 0x26, 0x23, 0x22, 0x06, 0x15, 0x14, 0x16, 0x17, 0x27, 0x3E,
	0x02, 0x33, 0x32, 0x16, 0x16, 0x15, 0x14, 0x06, 0x06, 0x27, 0x32, 0x36, 0x36, 0x35, 0x34, 0x26,
	0x23, 0x22, 0x06, 0x06, 0x15, 0x14, 0x16, 0x16, 0x01, 0x53, 0x5D, 0x80, 0x42, 0x51, 0x90, 0x5F,
	0x2F, 0x56, 0x21, 0x1D, 0x1B, 0x46, 0x27, 0x71, 0x87, 0x05, 0x09, 0x19, 0x0B, 0x40, 0x60, 0x39,
	0x46, 0x6A, 0x3C, 0x3E, 0x6D, 0x47, 0x32, 0x4D, 0x2C, 0x5F, 0x51, 0x36, 0x50, 0x2E, 0x2A, 0x53,
	0x06, 0x53, 0x9D, 0x6E, 0x77, 0xA1, 0x52, 0x12, 0x14, 0x3A, 0x12, 0x0F, 0x90, 0x8F, 0x16, 0x41,
	0x20, 0x13, 0x34, 0x49, 0x26, 0x34, 0x5E, 0x40, 0x41, 0x61, 0x35, 0x3D, 0x25, 0x45, 0x2E, 0x45,
	0x52, 0x28, 0x45, 0x2C, 0x26, 0x45, 0x2B, 0x00, 0x00, 0x01, 0x00, 0x20, 0x00, 0x00, 0x02, 0x22,
	0x02, 0xBC, 0x00, 0x0A, 0x00, 0x00, 0x73, 0x01, 0x17, 0x21, 0x37, 0x15, 0x23, 0x35, 0x21, 0x15,
	0x01, 0xAF, 0x01, 0x2E, 0x16, 0xFE, 0x4F, 0x25, 0x47, 0x02, 0x02, 0xFE, 0xDB, 0x02, 0x9C, 0x20,
	0x23, 0xA6, 0xC3, 0x33, 0xFD, 0x77, 0x00, 0x04, 0x00, 0x30, 0xFF, 0xFA, 0x02, 0x4E, 0x02, 0xC2,
	0x00, 0x0F, 0x00, 0x1B, 0x00, 0x27, 0x00, 0x37, 0x00, 0x00, 0x45, 0x22, 0x26, 0x26, 0x35, 0x34,
	0x36, 0x36, 0x33, 0x32, 0x16, 0x16, 0x15, 0x14, 0x06, 0x06, 0x27, 0x32, 0x36, 0x35, 0x34, 0x26,
	0x23, 0x22, 0x06, 0x15, 0x14, 0x16, 0x13, 0x32, 0x36, 0x35, 0x34, 0x26, 0x23, 0x22, 0x06, 0x15,
	0x14, 0x16, 0x17, 0x22, 0x26, 0x26, 0x35, 0x34, 0x36, 0x36, 0x33, 0x32, 0x16, 0x16, 0x15, 0x14,
	0x06, 0x06, 0x01, 0x3E, 0x54, 0x79, 0x41, 0x3F, 0x79, 0x56, 0x55, 0x7A, 0x41, 0x42, 0x7A, 0x54,
	0x5D, 0x69, 0x69, 0x5D, 0x5D, 0x68, 0x68, 0x5D, 0x52, 0x5C, 0x5F, 0x4F, 0x4F, 0x5E, 0x5B, 0x52,
	0x4E, 0x6D, 0x3A, 0x3D, 0x6E, 0x4A, 0x4A, 0x6F, 0x3E, 0x3A, 0x6F, 0x06, 0x30, 0x5B, 0x3E, 0x3C,
	0x55, 0x2E, 0x2E, 0x55, 0x3C, 0x3E, 0x5B, 0x30, 0x3D, 0x4C, 0x41, 0x41, 0x4B, 0x4B, 0x41, 0x41,
	0x4C, 0x01, 0x52, 0x44, 0x39, 0x3C, 0x43, 0x43, 0x3B, 0x3A, 0x44, 0x30, 0x2A, 0x4F, 0x37, 0x3A,
	0x53, 0x2C, 0x2C, 0x53, 0x3A, 0x37, 0x4F, 0x2A, 0x00, 0x02, 0x00, 0x1F, 0xFF, 0xFA, 0x02, 0x2D,
	0x02, 0xC2, 0x00, 0x21, 0x00, 0x30, 0x00, 0x00, 0x57, 0x22, 0x26, 0x27, 0x37, 0x16, 0x16, 0x33,
	0x32, 0x36, 0x35, 0x34, 0x26, 0x27, 0x17, 0x0E, 0x02, 0x23, 0x22, 0x26, 0x26, 0x35, 0x34, 0x36,
	0x36, 0x33, 0x32, 0x16, 0x16, 0x15, 0x14, 0x06, 0x06, 0x03, 0x32, 0x36, 0x36, 0x35, 0x34, 0x26,
	0x26, 0x23, 0x22, 0x06, 0x06, 0x15, 0x14, 0x16, 0xED, 0x2F, 0x55, 0x22, 0x1D, 0x1B, 0x47, 0x26,
	0x71, 0x87, 0x05, 0x09, 0x19, 0x0A, 0x41, 0x5F, 0x3A, 0x45, 0x6B, 0x3C, 0x3E, 0x6D, 0x44, 0x5D,
	0x80, 0x42, 0x51, 0x90, 0x36, 0x36, 0x51, 0x2D, 0x2A, 0x52, 0x3D, 0x32, 0x4D, 0x2C, 0x5F, 0x06,
	0x12, 0x14, 0x3A, 0x12, 0x0F, 0x90, 0x8F, 0x17, 0x40, 0x20, 0x13, 0x34, 0x49, 0x26, 0x34, 0x5E,
	0x40, 0x42, 0x60, 0x35, 0x53, 0x9C, 0x6F, 0x76, 0xA2, 0x52, 0x01, 0x5C, 0x28, 0x46, 0x2B, 0x27,
	0x44, 0x2B, 0x25, 0x44, 0x2F, 0x45, 0x52, 0x00, 0x00, 0x02, 0x00, 0x35, 0xFF, 0xFA, 0x02, 0x72,
	0x02, 0x5E, 0x00, 0x0F, 0x00, 0x1F, 0x00, 0x00, 0x45, 0x22, 0x26, 0x26, 0x35, 0x34, 0x36, 0x36,
	0x33, 0x32, 0x16, 0x16, 0x15, 0x14, 0x06, 0x06, 0x27, 0x32, 0x36, 0x36, 0x35, 0x34, 0x26, 0x26,
	0x23, 0x22, 0x06, 0x06, 0x15, 0x14, 0x16, 0x16, 0x01, 0x54, 0x54, 0x81, 0x4A, 0x4A, 0x81, 0x54,
	0x53, 0x81, 0x4A, 0x4A, 0x81, 0x53, 0x3E, 0x60, 0x36, 0x36, 0x60, 0x3E, 0x3E, 0x61, 0x36, 0x36,
	0x61, 0x06, 0x4D, 0x8B, 0x5A, 0x5A, 0x8B, 0x4D, 0x4D, 0x8B, 0x5A, 0x5A, 0x8B, 0x4D, 0x42, 0x3B,
	0x6B, 0x4A, 0x4A, 0x6C, 0x3A, 0x3A, 0x6C, 0x4A, 0x4A, 0x6B, 0x3B, 0x00, 0x00, 0x01, 0x00, 0x09,
	0x00, 0x00, 0x00, 0xF6, 0x02, 0x58, 0x00, 0x06, 0x00, 0x00, 0x73, 0x11, 0x17, 0x23, 0x35, 0x33,
	0x11, 0xAE, 0x20, 0xC5, 0xED, 0x02, 0x3A, 0x22, 0x40, 0xFD, 0xA8, 0x00, 0x00, 0x01, 0x00, 0x0B,
	0x00, 0x00, 0x02, 0x0D, 0x02, 0x5E, 0x00, 0x1C, 0x00, 0x00, 0x73, 0x35, 0x25, 0x3E, 0x02, 0x35,
	0x34, 0x26, 0x23, 0x22, 0x06, 0x07, 0x27, 0x36, 0x36, 0x33, 0x32, 0x16, 0x16, 0x15, 0x14, 0x06,
	0x06, 0x07, 0x05, 0x27, 0x21, 0x15, 0x21, 0x01, 0x24, 0x26, 0x28, 0x0F, 0x52, 0x50, 0x3F, 0x5E,
	0x21, 0x37, 0x29, 0x7F, 0x51, 0x48, 0x68, 0x38, 0x14, 0x32, 0x2D, 0xFE, 0xFC, 0x14, 0x01, 0xAC,
	0x2C, 0xF0, 0x1F, 0x31, 0x2B, 0x16, 0x30, 0x41, 0x28, 0x28, 0x27, 0x34, 0x35, 0x2D, 0x4E, 0x31,
	0x21, 0x3B, 0x3E, 0x25, 0xD6, 0x23, 0x40, 0x00, 0x00, 0x01, 0x00, 0x0E, 0xFF, 0x96, 0x02, 0x07,
	0x02, 0x58, 0x00, 0x1E, 0x00, 0x00, 0x45, 0x22, 0x26, 0x27, 0x37, 0x16, 0x16, 0x33, 0x32, 0x36,
	0x35, 0x34, 0x26, 0x23, 0x23, 0x35, 0x13, 0x17, 0x21, 0x35, 0x21, 0x15, 0x03, 0x27, 0x33, 0x32,
	0x16, 0x15, 0x14, 0x06, 0x06, 0x01, 0x0A, 0x4D, 0x87, 0x28, 0x23, 0x21, 0x73, 0x44, 0x57, 0x5D,
	0x5B, 0x62, 0x32, 0xD8, 0x0A, 0xFE, 0x7B, 0x01, 0xC1, 0xD7, 0x24, 0x1B, 0x7E, 0x7D, 0x38, 0x71,
	0x6A, 0x31, 0x29, 0x39, 0x23, 0x2E, 0x4C, 0x40, 0x40, 0x4C, 0x35, 0x01, 0x0F, 0x1C, 0x40, 0x33,
	0xFE, 0xF1, 0x17, 0x70, 0x58, 0x3B, 0x5E, 0x36, 0x00, 0x02, 0x00, 0x28, 0xFF, 0x9C, 0x02, 0x87,
	0x02, 0x58, 0x00, 0x07, 0x00, 0x0D, 0x00, 0x00, 0x77, 0x35, 0x01, 0x33, 0x01, 0x27, 0x21, 0x15,
	0x07, 0x35, 0x37, 0x35, 0x33, 0x11, 0x28, 0x01, 0x73, 0x50, 0xFE, 0x90, 0x27, 0x02, 0x33, 0xD4,
	0x02, 0x46, 0x54, 0x34, 0x01, 0xD0, 0xFE, 0x30, 0x0C, 0x40, 0xB8, 0xB8, 0x40, 0xA2, 0xFE, 0x66,
	0x00, 0x01, 0x00, 0x16, 0xFF, 0x96, 0x02, 0x0F, 0x02, 0x58, 0x00, 0x1E, 0x00, 0x00, 0x45, 0x22,
	0x26, 0x27, 0x37, 0x16, 0x16, 0x33, 0x32, 0x36, 0x35, 0x34, 0x26, 0x26, 0x23, 0x23, 0x13, 0x21,
	0x15, 0x21, 0x37, 0x03, 0x27, 0x33, 0x32, 0x16, 0x16, 0x15, 0x14, 0x06, 0x06, 0x01, 0x11, 0x4B,
	0x88, 0x28, 0x23, 0x21, 0x73, 0x43, 0x59, 0x5D, 0x2B, 0x66, 0x59, 0x95, 0x24, 0x01, 0x7F, 0xFE,
	0x9E, 0x25, 0x1F, 0x25, 0x83, 0x6A, 0x80, 0x39, 0x38, 0x70, 0x6A, 0x31, 0x29, 0x39, 0x23, 0x2E,
	0x4F, 0x40, 0x2D, 0x41, 0x24, 0x01, 0x5F, 0x40, 0x23, 0xFE, 0xDA, 0x24, 0x34, 0x5D, 0x3E, 0x3B,
	0x61, 0x38, 0xFF, 0xFF, 0x00, 0x34, 0xFF, 0xFA, 0x02, 0x42, 0x02, 0xC2, 0x06, 0x06, 0x02, 0x6C,
	0x00, 0x00, 0x00, 0x01, 0x00, 0x20, 0xFF, 0x9C, 0x02, 0x22, 0x02, 0x58, 0x00, 0x0A, 0x00, 0x00,
	0x57, 0x01, 0x17, 0x21, 0x37, 0x15, 0x23, 0x35, 0x21, 0x15, 0x01, 0xAF, 0x01, 0x2E, 0x16, 0xFE,
	0x4F, 0x25, 0x47, 0x02, 0x02, 0xFE, 0xDB, 0x64, 0x02, 0x9C, 0x20, 0x23, 0xA6, 0xC3, 0x33, 0xFD,
	0x77, 0x00, 0xFF, 0xFF, 0x00, 0x30, 0xFF, 0xFA, 0x02, 0x4E, 0x02, 0xC2, 0x06, 0x06, 0x02, 0x6E,
	0x00, 0x00, 0xFF, 0xFF, 0x00, 0x1F, 0xFF, 0x96, 0x02, 0x2D, 0x02, 0x5E, 0x06, 0x06, 0x02, 0x6F,
	0x00, 0x9C, 0x00, 0x02, 0x00, 0x43, 0xFF, 0xFA, 0x02, 0x79, 0x02, 0xC2, 0x00, 0x0F, 0x00, 0x1F,
	0x00, 0x00, 0x45, 0x22, 0x26, 0x26, 0x35, 0x34, 0x36, 0x36, 0x33, 0x32, 0x16, 0x16, 0x15, 0x14,
	0x06, 0x06, 0x27, 0x32, 0x36, 0x36, 0x35, 0x34, 0x26, 0x26, 0x23, 0x22, 0x06, 0x06, 0x15, 0x14,
	0x16, 0x16, 0x01, 0x5E, 0x54, 0x7F, 0x48, 0x48, 0x7F, 0x54, 0x54, 0x7F, 0x48, 0x48, 0x7F, 0x54,
	0x3E, 0x5E, 0x35, 0x35, 0x5E, 0x3E, 0x3E, 0x5E, 0x35, 0x35, 0x5E, 0x06, 0x57, 0xA0, 0x6D, 0x6E,
	0x9F, 0x57, 0x57, 0x9F, 0x6E, 0x6D, 0xA0, 0x57, 0x42, 0x44, 0x82, 0x5C, 0x5D, 0x81, 0x44, 0x44,
	0x81, 0x5D, 0x5C, 0x82, 0x44, 0x00, 0x00, 0x01, 0x00, 0x94, 0x00, 0x00, 0x02, 0x4A, 0x02, 0xBC,
	0x00, 0x0C, 0x00, 0x00, 0x73, 0x35, 0x33, 0x07, 0x11, 0x17, 0x23, 0x35, 0x33, 0x11, 0x27, 0x33,
	0x15, 0x94, 0xE1, 0x21, 0x20, 0xD4, 0xFE, 0x21, 0xCD, 0x40, 0x20, 0x02, 0x7E, 0x22, 0x40, 0xFD,
	0x64, 0x20, 0x40, 0x00, 0x00, 0x01, 0x00, 0x42, 0x00, 0x00, 0x02, 0x56, 0x02, 0xC2, 0x00, 0x1D,
	0x00, 0x00, 0x73, 0x35, 0x01, 0x3E, 0x02, 0x35, 0x34, 0x26, 0x26, 0x23, 0x22, 0x06, 0x07, 0x27,
	0x36, 0x36, 0x33, 0x32, 0x16, 0x16, 0x15, 0x14, 0x06, 0x06, 0x07, 0x01, 0x27, 0x21, 0x15, 0x5B,
	0x01, 0x2E, 0x29, 0x2B, 0x10, 0x27, 0x4F, 0x3C, 0x3E, 0x64, 0x25, 0x32, 0x2B, 0x83, 0x50, 0x50,
	0x6E, 0x39, 0x14, 0x35, 0x31, 0xFE, 0xEC, 0x0D, 0x01, 0xBA, 0x33, 0x01, 0x1D, 0x27, 0x3C, 0x33,
	0x19, 0x26, 0x3A, 0x21, 0x25, 0x29, 0x2D, 0x31, 0x32, 0x30, 0x55, 0x37, 0x22, 0x41, 0x4A, 0x2F,
	0xFE, 0xFA, 0x1C, 0x40, 0x00, 0x01, 0x00, 0x44, 0xFF, 0xFA, 0x02, 0x53, 0x02, 0xBC, 0x00, 0x1E,
	0x00, 0x00, 0x45, 0x22, 0x26, 0x27, 0x37, 0x16, 0x16, 0x33, 0x32, 0x36, 0x35, 0x34, 0x26, 0x23,
	0x23, 0x35, 0x13, 0x17, 0x21, 0x35, 0x21, 0x15, 0x03, 0x27, 0x33, 0x32, 0x16, 0x15, 0x14, 0x06,
	0x06, 0x01, 0x4A, 0x55, 0x89, 0x28, 0x27, 0x22, 0x70, 0x4D, 0x5D, 0x62, 0x61, 0x64, 0x36, 0xE3,
	0x0B, 0xFE, 0x56, 0x01, 0xE5, 0xE3, 0x23, 0x1F, 0x7F, 0x84, 0x3B, 0x76, 0x06, 0x31, 0x29, 0x39,
	0x23, 0x2E, 0x4C, 0x40, 0x40, 0x4C, 0x35, 0x01, 0x0F, 0x1C, 0x40, 0x33, 0xFE, 0xF1, 0x17, 0x70,
	0x58, 0x3B, 0x5E, 0x36, 0x00, 0x02, 0x00, 0x3C, 0x00, 0x00, 0x02, 0x7C, 0x02, 0xBC, 0x00, 0x07,
	0x00, 0x0D, 0x00, 0x00, 0x77, 0x35, 0x01, 0x33, 0x01, 0x27, 0x21, 0x15, 0x07, 0x35, 0x37, 0x35,
	0x33, 0x11, 0x3C, 0x01, 0x45, 0x51, 0xFE, 0xBB, 0x25, 0x02, 0x14, 0xD4, 0x03, 0x43, 0xB8, 0x34,
	0x01, 0xD0, 0xFE, 0x30, 0x0C, 0x40, 0xB8, 0xB8, 0x40, 0x9F, 0xFE, 0x69, 0x00, 0x01, 0x00, 0x4A,
	0xFF, 0xFA, 0x02, 0x59, 0x02, 0xBC, 0x00, 0x20, 0x00, 0x00, 0x45, 0x22, 0x26, 0x26, 0x27, 0x37,
	0x16, 0x16, 0x33, 0x32, 0x36, 0x36, 0x35, 0x34, 0x26, 0x26, 0x23, 0x23, 0x13, 0x21, 0x15, 0x21,
	0x37, 0x03, 0x27, 0x33, 0x32, 0x16, 0x16, 0x15, 0x14, 0x06, 0x06, 0x01, 0x51, 0x36, 0x63, 0x51,
	0x1D, 0x23, 0x24, 0x77, 0x4A, 0x3F, 0x54, 0x2A, 0x2B, 0x67, 0x5B, 0xA5, 0x25, 0x01, 0x8C, 0xFE,
	0x91, 0x25, 0x1F, 0x23, 0x8E, 0x6C, 0x82, 0x3B, 0x39, 0x75, 0x06, 0x16, 0x27, 0x1A, 0x39, 0x21,
	0x2D, 0x26, 0x41, 0x2A, 0x2A, 0x41, 0x25, 0x01, 0x5F, 0x40, 0x23, 0xFE, 0xDA, 0x24, 0x35, 0x5C,
	0x3D, 0x3A, 0x61, 0x3A, 0x00, 0x02, 0x00, 0x52, 0xFF, 0xFA, 0x02, 0x73, 0x02, 0xC2, 0x00, 0x23,
	0x00, 0x33, 0x00, 0x00, 0x45, 0x22, 0x26, 0x26, 0x35, 0x34, 0x3E, 0x02, 0x33, 0x32, 0x16, 0x17,
	0x07, 0x26, 0x26, 0x23, 0x22, 0x06, 0x06, 0x15, 0x14, 0x16, 0x17, 0x27, 0x3E, 0x02, 0x33, 0x32,
	0x16, 0x16, 0x15, 0x14, 0x06, 0x06, 0x27, 0x32, 0x36, 0x36, 0x35, 0x34, 0x26, 0x26, 0x23, 0x22,
	0x06, 0x06, 0x15, 0x14, 0x16, 0x16, 0x01, 0x7A, 0x5C, 0x85, 0x47, 0x31, 0x59, 0x7D, 0x4D, 0x2D,
	0x56, 0x21, 0x1C, 0x1D, 0x46, 0x25, 0x4F, 0x78, 0x44, 0x06, 0x08, 0x15, 0x08, 0x42, 0x65, 0x3B,
	0x47, 0x6F, 0x3F, 0x42, 0x6F, 0x4A, 0x34, 0x50, 0x2E, 0x2E, 0x52, 0x38, 0x35, 0x54, 0x32, 0x2C,
	0x56, 0x06, 0x50, 0x9C, 0x70, 0x56, 0x86, 0x5E, 0x32, 0x13, 0x13, 0x3B, 0x12, 0x10, 0x43, 0x80,
	0x5E, 0x16, 0x42, 0x1F, 0x1A, 0x30, 0x47, 0x27, 0x35, 0x5E, 0x3F, 0x40, 0x61, 0x36, 0x3D, 0x26,
	0x45, 0x2D, 0x2D, 0x44, 0x26, 0x26, 0x44, 0x2D, 0x24, 0x46, 0x2E, 0x00, 0x00, 0x01, 0x00, 0x4D,
	0x00, 0x00, 0x02, 0x77, 0x02, 0xBC, 0x00, 0x0A, 0x00, 0x00, 0x73, 0x01, 0x17, 0x21, 0x37, 0x15,
	0x23, 0x35, 0x21, 0x15, 0x01, 0xED, 0x01, 0x45, 0x16, 0xFE, 0x28, 0x24, 0x47, 0x02, 0x2A, 0xFE,
	0xC3, 0x02, 0x9C, 0x20, 0x23, 0xA6, 0xC3, 0x33, 0xFD, 0x77, 0x00, 0x04, 0x00, 0x40, 0xFF, 0xFA,
	0x02, 0x7C, 0x02, 0xC2, 0x00, 0x0F, 0x00, 0x1B, 0x00, 0x27, 0x00, 0x37, 0x00, 0x00, 0x45, 0x22,
	0x26, 0x26, 0x35, 0x34, 0x36, 0x36, 0x33, 0x32, 0x16, 0x16, 0x15, 0x14, 0x06, 0x06, 0x27, 0x32,
	0x36, 0x35, 0x34, 0x26, 0x23, 0x22, 0x06, 0x15, 0x14, 0x16, 0x13, 0x32, 0x36, 0x35, 0x34, 0x26,
	0x23, 0x22, 0x06, 0x15, 0x14, 0x16, 0x17, 0x22, 0x26, 0x26, 0x35, 0x34, 0x36, 0x36, 0x33, 0x32,
	0x16, 0x16, 0x15, 0x14, 0x06, 0x06, 0x01, 0x5D, 0x59, 0x7F, 0x45, 0x43, 0x7F, 0x5B, 0x5B, 0x80,
	0x44, 0x46, 0x80, 0x59, 0x64, 0x71, 0x71, 0x64, 0x65, 0x6E, 0x6E, 0x65, 0x59, 0x64, 0x66, 0x57,
	0x56, 0x65, 0x62, 0x59, 0x54, 0x74, 0x3C, 0x40, 0x75, 0x4F, 0x50, 0x75, 0x41, 0x3D, 0x75, 0x06,
	0x31, 0x5A, 0x3D, 0x3C, 0x56, 0x2E, 0x2E, 0x56, 0x3C, 0x3D, 0x5A, 0x31, 0x3D, 0x4D, 0x40, 0x40,
	0x4C, 0x4C, 0x40, 0x40, 0x4D, 0x01, 0x52, 0x45, 0x39, 0x3A, 0x44, 0x44, 0x3A, 0x39, 0x45, 0x31,
	0x2C, 0x50, 0x36, 0x39, 0x52, 0x2D, 0x2D, 0x52, 0x39, 0x36, 0x50, 0x2C, 0x00, 0x02, 0x00, 0x49,
	0xFF, 0xFA, 0x02, 0x6A, 0x02, 0xC2, 0x00, 0x23, 0x00, 0x33, 0x00, 0x00, 0x45, 0x22, 0x26, 0x27,
	0x37, 0x16, 0x16, 0x33, 0x32, 0x36, 0x36, 0x35, 0x34, 0x26, 0x27, 0x17, 0x0E, 0x02, 0x23, 0x22,
	0x26, 0x26, 0x35, 0x34, 0x36, 0x36, 0x33, 0x32, 0x16, 0x16, 0x15, 0x14, 0x0E, 0x02, 0x03, 0x32,
	0x36, 0x36, 0x35, 0x34, 0x26, 0x26, 0x23, 0x22, 0x06, 0x06, 0x15, 0x14, 0x16, 0x16, 0x01, 0x16,
	0x2C, 0x57, 0x21, 0x1C, 0x1D, 0x46, 0x25, 0x4F, 0x78, 0x44, 0x06, 0x08, 0x15, 0x07, 0x43, 0x65,
	0x3B, 0x47, 0x6F, 0x3F, 0x42, 0x70, 0x47, 0x5C, 0x85, 0x47, 0x31, 0x59, 0x7D, 0x19, 0x36, 0x53,
	0x32, 0x2C, 0x56, 0x3F, 0x33, 0x51, 0x2E, 0x2E, 0x52, 0x06, 0x13, 0x13, 0x3B, 0x12, 0x10, 0x43,
	0x80, 0x5E, 0x17, 0x42, 0x1E, 0x1A, 0x2F, 0x48, 0x27, 0x35, 0x5E, 0x3F, 0x40, 0x61, 0x36, 0x50,
	0x9B, 0x71, 0x56, 0x86, 0x5E, 0x32, 0x01, 0x5C, 0x26, 0x45, 0x2C, 0x25, 0x45, 0x2E, 0x26, 0x44,
	0x2E, 0x2C, 0x45, 0x26, 0x00, 0x02, 0x00, 0x42, 0xFF, 0xFA, 0x02, 0x7A, 0x02, 0x5E, 0x00, 0x0F,
	0x00, 0x1F, 0x00, 0x00, 0x45, 0x22, 0x26, 0x26, 0x35, 0x34, 0x36, 0x36, 0x33, 0x32, 0x16, 0x16,
	0x15, 0x14, 0x06, 0x06, 0x27, 0x32, 0x36, 0x36, 0x35, 0x34, 0x26, 0x26, 0x23, 0x22, 0x06, 0x06,
	0x15, 0x14, 0x16, 0x16, 0x01, 0x5E, 0x52, 0x81, 0x49, 0x49, 0x81, 0x52, 0x52, 0x81, 0x49, 0x49,
	0x81, 0x52, 0x3E, 0x5E, 0x36, 0x36, 0x5E, 0x3E, 0x3D, 0x5F, 0x36, 0x36, 0x5F, 0x06, 0x4D, 0x8A,
	0x5B, 0x5B, 0x8A, 0x4D, 0x4D, 0x8A, 0x5B, 0x5B, 0x8A, 0x4D, 0x40, 0x3B, 0x6D, 0x4A, 0x4A, 0x6D,
	0x3B, 0x3B, 0x6D, 0x4A, 0x4A, 0x6D, 0x3B, 0x00, 0x00, 0x01, 0x00, 0x94, 0x00, 0x00, 0x02, 0x4A,
	0x02, 0x58, 0x00, 0x0C, 0x00, 0x00, 0x73, 0x35, 0x33, 0x07, 0x11, 0x17, 0x23, 0x35, 0x33, 0x11,
	0x27, 0x33, 0x15, 0x94, 0xE1, 0x21, 0x21, 0xD4, 0xFC, 0x21, 0xCE, 0x40, 0x22, 0x02, 0x1C, 0x22,
	0x40, 0xFD, 0xC6, 0x22, 0x40, 0x00, 0x00, 0x01, 0x00, 0x4F, 0x00, 0x00, 0x02, 0x63, 0x02, 0x5E,
	0x00, 0x1C, 0x00, 0x00, 0x73, 0x35, 0x25, 0x3E, 0x02, 0x35, 0x34, 0x26, 0x23, 0x22, 0x06, 0x07,
	0x27, 0x36, 0x36, 0x33, 0x32, 0x16, 0x16, 0x15, 0x14, 0x06, 0x06, 0x07, 0x05, 0x27, 0x21, 0x15,
	0x65, 0x01, 0x33, 0x29, 0x29, 0x0C, 0x54, 0x55, 0x43, 0x62, 0x21, 0x38, 0x29, 0x82, 0x57, 0x4B,
	0x6B, 0x39, 0x14, 0x34, 0x2E, 0xFE, 0xEC, 0x11, 0x01, 0xBE, 0x2C, 0xEF, 0x21, 0x30, 0x2B, 0x16,
	0x30, 0x41, 0x28, 0x28, 0x27, 0x34, 0x35, 0x2C, 0x4E, 0x34, 0x20, 0x3B, 0x3D, 0x25, 0xD6, 0x24,
	0x41, 0x00, 0x00, 0x01, 0x00, 0x44, 0xFF, 0x96, 0x02, 0x53, 0x02, 0x58, 0x00, 0x1E, 0x00, 0x00,
	0x45, 0x22, 0x26, 0x27, 0x37, 0x16, 0x16, 0x33, 0x32, 0x36, 0x35, 0x34, 0x26, 0x23, 0x23, 0x35,
	0x13, 0x17, 0x21, 0x35, 0x21, 0x15, 0x03, 0x27, 0x33, 0x32, 0x16, 0x15, 0x14, 0x06, 0x06, 0x01,
	0x4A, 0x55, 0x89, 0x28, 0x27, 0x22, 0x6F, 0x4A, 0x60, 0x63, 0x61, 0x64, 0x36, 0xE3, 0x0B, 0xFE,
	0x56, 0x01, 0xE5, 0xE3, 0x23, 0x1F, 0x7F, 0x84, 0x3B, 0x76, 0x6A, 0x31, 0x29, 0x39, 0x23, 0x2E,
	0x4C, 0x40, 0x40, 0x4C, 0x35, 0x01, 0x0F, 0x1C, 0x40, 0x33, 0xFE, 0xF1, 0x17, 0x70, 0x58, 0x3B,
	0x5E, 0x36, 0x00, 0x02, 0x00, 0x3C, 0xFF, 0x9C, 0x02, 0x7C, 0x02, 0x58, 0x00, 0x07, 0x00, 0x0D,
	0x00, 0x00, 0x77, 0x35, 0x01, 0x33, 0x01, 0x27, 0x21, 0x15, 0x07, 0x35, 0x37, 0x35, 0x33, 0x11,
	0x3C, 0x01, 0x45, 0x51, 0xFE, 0xBB, 0x25, 0x02, 0x14, 0xD4, 0x03, 0x43, 0x54, 0x34, 0x01, 0xD0,
	0xFE, 0x30, 0x0C, 0x40, 0xB8, 0xB8, 0x40, 0x9F, 0xFE, 0x69, 0x00, 0x01, 0x00, 0x4A, 0xFF, 0x96,
	0x02, 0x59, 0x02, 0x58, 0x00, 0x20, 0x00, 0x00, 0x45, 0x22, 0x26, 0x26, 0x27, 0x37, 0x16, 0x16,
	0x33, 0x32, 0x36, 0x36, 0x35, 0x34, 0x26, 0x26, 0x23, 0x23, 0x13, 0x21, 0x15, 0x21, 0x37, 0x03,
	0x27, 0x33, 0x32, 0x16, 0x16, 0x15, 0x14, 0x06, 0x06, 0x01, 0x51, 0x36, 0x63, 0x51, 0x1D, 0x23,
	0x24, 0x77, 0x4A, 0x3F, 0x54, 0x2A, 0x2B, 0x67, 0x5B, 0xA5, 0x25, 0x01, 0x8C, 0xFE, 0x91, 0x25,
	0x1F, 0x23, 0x8E, 0x6C, 0x82, 0x3B, 0x39, 0x75, 0x6A, 0x16, 0x27, 0x1A, 0x39, 0x21, 0x2D, 0x26,
	0x41, 0x2A, 0x2A, 0x41, 0x25, 0x01, 0x5F, 0x40, 0x23, 0xFE, 0xDA, 0x24, 0x35, 0x5C, 0x3D, 0x3A,
	0x61, 0x3A, 0xFF, 0xFF, 0x00, 0x52, 0xFF, 0xFA, 0x02, 0x73, 0x02, 0xC2, 0x06, 0x06, 0x02, 0x80,
	0x00, 0x00, 0x00, 0x01, 0x00, 0x4D, 0xFF, 0x9C, 0x02, 0x77, 0x02, 0x58, 0x00, 0x0A, 0x00, 0x00,
	0x57, 0x01, 0x17, 0x21, 0x37, 0x15, 0x23, 0x35, 0x21, 0x15, 0x01, 0xED, 0x01, 0x45, 0x16, 0xFE,
	0x28, 0x24, 0x47, 0x02, 0x2A, 0xFE, 0xC3, 0x64, 0x02, 0x9C, 0x20, 0x23, 0xA6, 0xC3, 0x33, 0xFD,
	0x77, 0x00, 0xFF, 0xFF, 0x00, 0x40, 0xFF, 0xFA, 0x02, 0x7C, 0x02, 0xC2, 0x06, 0x06, 0x02, 0x82,
	0x00, 0x00, 0x00, 0x02, 0x00, 0x49, 0xFF, 0x96, 0x02, 0x6A, 0x02, 0x5E, 0x00, 0x23, 0x00, 0x33,
	0x00, 0x00, 0x45, 0x22, 0x26, 0x27, 0x37, 0x16, 0x16, 0x33, 0x32, 0x36, 0x36, 0x35, 0x34, 0x26,
	0x27, 0x17, 0x0E, 0x02, 0x23, 0x22, 0x26, 0x26, 0x35, 0x34, 0x36, 0x36, 0x33, 0x32, 0x16, 0x16,
	0x15, 0x14, 0x0E, 0x02, 0x03, 0x32, 0x36, 0x36, 0x35, 0x34, 0x26, 0x26, 0x23, 0x22, 0x06, 0x06,
	0x15, 0x14, 0x16, 0x16, 0x01, 0x16, 0x2C, 0x57, 0x21, 0x1C, 0x1D, 0x46, 0x25, 0x4F, 0x78, 0x44,
	0x06, 0x08, 0x15, 0x07, 0x43, 0x65, 0x3B, 0x47, 0x6F, 0x3F, 0x42, 0x70, 0x47, 0x5C, 0x85, 0x47,
	0x31, 0x59, 0x7D, 0x19, 0x36, 0x53, 0x32, 0x2C, 0x56, 0x3F, 0x33, 0x51, 0x2E, 0x2E, 0x52, 0x6A,
	0x13, 0x13, 0x3B, 0x12, 0x10, 0x43, 0x81, 0x5D, 0x17, 0x42, 0x1E, 0x1A, 0x2F, 0x48, 0x27, 0x35,
	0x5E, 0x3F, 0x40, 0x61, 0x36, 0x50, 0x9B, 0x71, 0x56, 0x86, 0x5E, 0x32, 0x01, 0x5C, 0x26, 0x45,
	0x2C, 0x25, 0x45, 0x2E, 0x26, 0x44, 0x2E, 0x2C, 0x45, 0x26, 0x00, 0x02, 0x00, 0x20, 0xFF, 0xFC,
	0x01, 0x8E, 0x01, 0xA3, 0x00, 0x0B, 0x00, 0x17, 0x00, 0x00, 0x57, 0x22, 0x26, 0x35, 0x34, 0x36,
	0x33, 0x32, 0x16, 0x15, 0x14, 0x06, 0x27, 0x32, 0x36, 0x35, 0x34, 0x26, 0x23, 0x22, 0x06, 0x15,
	0x14, 0x16, 0xD7, 0x52, 0x65, 0x65, 0x52, 0x52, 0x65, 0x65, 0x52, 0x39, 0x49, 0x49, 0x39, 0x39,
	0x49, 0x49, 0x04, 0x72, 0x62, 0x61, 0x72, 0x72, 0x61, 0x62, 0x72, 0x2E, 0x56, 0x50, 0x50, 0x55,
	0x55, 0x50, 0x50, 0x56, 0x00, 0x01, 0x00, 0x54, 0x00, 0x00, 0x01, 0x70, 0x01, 0x9F, 0x00, 0x0C,
	0x00, 0x00, 0x73, 0x35, 0x33, 0x07, 0x11, 0x17, 0x23, 0x35, 0x33, 0x11, 0x27, 0x33, 0x15, 0x54,
	0x9A, 0x21, 0x18, 0x8A, 0xA9, 0x21, 0x8D, 0x2D, 0x22, 0x01, 0x80, 0x19, 0x2D, 0xFE, 0x6C, 0x22,
	0x2D, 0x00, 0x00, 0x01, 0x00, 0x20, 0x00, 0x00, 0x01, 0x78, 0x01, 0xA3, 0x00, 0x19, 0x00, 0x00,
	0x73, 0x35, 0x37, 0x36, 0x36, 0x35, 0x34, 0x26, 0x23, 0x22, 0x06, 0x07, 0x27, 0x36, 0x36, 0x33,
	0x32, 0x16, 0x15, 0x14, 0x06, 0x07, 0x07, 0x27, 0x21, 0x15, 0x30, 0xBE, 0x27, 0x19, 0x34, 0x3B,
	0x26, 0x40, 0x14, 0x25, 0x1A, 0x52, 0x36, 0x51, 0x51, 0x1F, 0x2F, 0xAB, 0x11, 0x01, 0x1E, 0x23,
	0xA8, 0x23, 0x2B, 0x15, 0x1D, 0x2A, 0x17, 0x17, 0x1D, 0x1F, 0x20, 0x42, 0x30, 0x1F, 0x38, 0x2A,
	0x97, 0x14, 0x2D, 0x00, 0x00, 0x01, 0x00, 0x1F, 0xFF, 0xFC, 0x01, 0x77, 0x01, 0x9F, 0x00, 0x1E,
	0x00, 0x00, 0x57, 0x22, 0x26, 0x27, 0x37, 0x16, 0x16, 0x33, 0x32, 0x36, 0x35, 0x34, 0x26, 0x23,
	0x23, 0x35, 0x37, 0x17, 0x21, 0x35, 0x21, 0x15, 0x07, 0x27, 0x33, 0x32, 0x16, 0x15, 0x14, 0x06,
	0x06, 0xCA, 0x37, 0x5C, 0x18, 0x17, 0x17, 0x4E, 0x2F, 0x3D, 0x3A, 0x39, 0x3C, 0x2A, 0x8F, 0x08,
	0xFE, 0xF1, 0x01, 0x39, 0x8E, 0x17, 0x17, 0x4F, 0x53, 0x27, 0x4D, 0x04, 0x1D, 0x18, 0x28, 0x14,
	0x1B, 0x2B, 0x23, 0x24, 0x2A, 0x25, 0x9B, 0x14, 0x2D, 0x23, 0x9C, 0x0F, 0x42, 0x35, 0x22, 0x39,
	0x21, 0x00, 0x00, 0x02, 0x00, 0x1B, 0x00, 0x00, 0x01, 0x90, 0x01, 0x9F, 0x00, 0x07, 0x00, 0x0D,
	0x00, 0x00, 0x77, 0x35, 0x13, 0x33, 0x03, 0x27, 0x21, 0x15, 0x07, 0x35, 0x37, 0x35, 0x33, 0x15,
	0x1B, 0xCE, 0x3C, 0xCF, 0x1B, 0x01, 0x55, 0x8C, 0x04, 0x30, 0x6A, 0x24, 0x01, 0x11, 0xFE, 0xEF,
	0x08, 0x2C, 0x6A, 0x6A, 0x2C, 0x5B, 0xF1, 0x00, 0x00, 0x01, 0x00, 0x22, 0xFF, 0xFC, 0x01, 0x79,
	0x01, 0x9F, 0x00, 0x1D, 0x00, 0x00, 0x57, 0x22, 0x26, 0x27, 0x37, 0x16, 0x16, 0x33, 0x32, 0x36,
	0x35, 0x34, 0x26, 0x23, 0x23, 0x37, 0x21, 0x15, 0x23, 0x37, 0x07, 0x27, 0x33, 0x32, 0x16, 0x16,
	0x15, 0x14, 0x06, 0x06, 0xCC, 0x36, 0x5D, 0x17, 0x16, 0x17, 0x4E, 0x2F, 0x3D, 0x3B, 0x3E, 0x51,
	0x70, 0x18, 0x01, 0x01, 0xED, 0x1B, 0x14, 0x1B, 0x60, 0x46, 0x52, 0x24, 0x27, 0x4D, 0x04, 0x1D,
	0x18, 0x28, 0x14, 0x1B, 0x2B, 0x23, 0x23, 0x27, 0xDD, 0x2D, 0x19, 0xB4, 0x18, 0x1E, 0x36, 0x23,
	0x23, 0x38, 0x21, 0x00, 0x00, 0x02, 0x00, 0x2A, 0xFF, 0xFC, 0x01, 0x89, 0x01, 0xA3, 0x00, 0x1F,
	0x00, 0x2C, 0x00, 0x00, 0x57, 0x22, 0x26, 0x35, 0x34, 0x36, 0x36, 0x33, 0x32, 0x16, 0x17, 0x07,
	0x26, 0x26, 0x23, 0x22, 0x06, 0x15, 0x14, 0x16, 0x17, 0x27, 0x36, 0x36, 0x33, 0x32, 0x16, 0x16,
	0x15, 0x14, 0x06, 0x06, 0x27, 0x32, 0x36, 0x35, 0x34, 0x26, 0x23, 0x22, 0x06, 0x15, 0x14, 0x16,
	0x16, 0xE9, 0x5C, 0x63, 0x37, 0x63, 0x43, 0x1C, 0x3A, 0x14, 0x13, 0x13, 0x2D, 0x18, 0x4B, 0x5C,
	0x04, 0x05, 0x0E, 0x08, 0x52, 0x39, 0x2F, 0x45, 0x28, 0x29, 0x47, 0x31, 0x32, 0x3A, 0x3A, 0x36,
	0x33, 0x40, 0x18, 0x36, 0x04, 0x6C, 0x62, 0x45, 0x60, 0x34, 0x0B, 0x0C, 0x2A, 0x0A, 0x09, 0x55,
	0x4E, 0x0D, 0x25, 0x11, 0x12, 0x28, 0x31, 0x1F, 0x38, 0x25, 0x27, 0x3B, 0x20, 0x2A, 0x2F, 0x26,
	0x26, 0x30, 0x30, 0x26, 0x14, 0x27, 0x1A, 0x00, 0x00, 0x01, 0x00, 0x27, 0x00, 0x00, 0x01, 0x8D,
	0x01, 0x9F, 0x00, 0x0A, 0x00, 0x00, 0x73, 0x13, 0x17, 0x21, 0x37, 0x15, 0x23, 0x35, 0x21, 0x15,
	0x03, 0x88, 0xD0, 0x11, 0xFE, 0xD6, 0x18, 0x30, 0x01, 0x66, 0xC9, 0x01, 0x8A, 0x18, 0x1A, 0x65,
	0x78, 0x23, 0xFE, 0x84, 0x00, 0x04, 0x00, 0x1F, 0xFF, 0xFC, 0x01, 0x8F, 0x01, 0xA3, 0x00, 0x0F,
	0x00, 0x1B, 0x00, 0x27, 0x00, 0x33, 0x00, 0x00, 0x57, 0x22, 0x26, 0x26, 0x35, 0x34, 0x36, 0x36,
	0x33, 0x32, 0x16, 0x16, 0x15, 0x14, 0x06, 0x06, 0x27, 0x32, 0x36, 0x35, 0x34, 0x26, 0x23, 0x22,
	0x06, 0x15, 0x14, 0x16, 0x37, 0x32, 0x36, 0x35, 0x34, 0x26, 0x23, 0x22, 0x06, 0x15, 0x14, 0x16,
	0x17, 0x22, 0x26, 0x35, 0x34, 0x36, 0x33, 0x32, 0x16, 0x15, 0x14, 0x06, 0xD6, 0x39, 0x52, 0x2C,
	0x2B, 0x52, 0x3A, 0x3B, 0x53, 0x2B, 0x2C, 0x53, 0x3A, 0x3F, 0x45, 0x45, 0x3F, 0x3E, 0x44, 0x44,
	0x3E, 0x39, 0x3C, 0x3E, 0x37, 0x37, 0x3C, 0x3C, 0x37, 0x51, 0x57, 0x5B, 0x4D, 0x4E, 0x5C, 0x58,
	0x04, 0x1E, 0x35, 0x23, 0x25, 0x33, 0x1C, 0x1C, 0x33, 0x25, 0x23, 0x35, 0x1E, 0x2A, 0x2B, 0x24,
	0x23, 0x2C, 0x2C, 0x23, 0x24, 0x2B, 0xC6, 0x28, 0x1F, 0x20, 0x26, 0x26, 0x1F, 0x1F, 0x29, 0x21,
	0x38, 0x32, 0x31, 0x3D, 0x3E, 0x31, 0x31, 0x38, 0x00, 0x02, 0x00, 0x25, 0xFF, 0xFC, 0x01, 0x84,
	0x01, 0xA3, 0x00, 0x1F, 0x00, 0x2C, 0x00, 0x00, 0x57, 0x22, 0x26, 0x27, 0x37, 0x16, 0x16, 0x33,
	0x32, 0x36, 0x35, 0x34, 0x26, 0x27, 0x17, 0x06, 0x06, 0x23, 0x22, 0x26, 0x26, 0x35, 0x34, 0x36,
	0x36, 0x33, 0x32, 0x16, 0x15, 0x14, 0x06, 0x06, 0x27, 0x32, 0x36, 0x35, 0x34, 0x26, 0x26, 0x23,
	0x22, 0x06, 0x15, 0x14, 0x16, 0xA7, 0x1C, 0x39, 0x15, 0x13, 0x14, 0x2C, 0x18, 0x4C, 0x5B, 0x04,
	0x05, 0x0E, 0x08, 0x51, 0x3A, 0x2E, 0x46, 0x28, 0x29, 0x48, 0x2F, 0x5C, 0x63, 0x37, 0x63, 0x20,
	0x33, 0x40, 0x18, 0x35, 0x2A, 0x32, 0x3B, 0x3B, 0x04, 0x0B, 0x0C, 0x2A, 0x0A, 0x09, 0x56, 0x4D,
	0x0D, 0x25, 0x11, 0x12, 0x27, 0x32, 0x1F, 0x38, 0x25, 0x28, 0x3A, 0x20, 0x6B, 0x63, 0x44, 0x61,
	0x34, 0xD2, 0x31, 0x25, 0x14, 0x27, 0x1A, 0x2E, 0x27, 0x25, 0x31, 0x00, 0xFF, 0xFF, 0x00, 0x20,
	0x01, 0x19, 0x01, 0x8E, 0x02, 0xC0, 0x06, 0x07, 0x02, 0x8E, 0x00, 0x00, 0x01, 0x1D, 0xFF, 0xFF,
	0x00, 0x54, 0x01, 0x1D, 0x01, 0x70, 0x02, 0xBC, 0x06, 0x07, 0x02, 0x8F, 0x00, 0x00, 0x01, 0x1D,
	0xFF, 0xFF, 0x00, 0x20, 0x01, 0x1D, 0x01, 0x78, 0x02, 0xC0, 0x06, 0x07, 0x02, 0x90, 0x00, 0x00,
	0x01, 0x1D, 0xFF, 0xFF, 0x00, 0x1F, 0x01, 0x19, 0x01, 0x77, 0x02, 0xBC, 0x06, 0x07, 0x02, 0x91,
	0x00, 0x00, 0x01, 0x1D, 0xFF, 0xFF, 0x00, 0x1B, 0x01, 0x1D, 0x01, 0x90, 0x02, 0xBC, 0x06, 0x07,
	0x02, 0x92, 0x00, 0x00, 0x01, 0x1D, 0xFF, 0xFF, 0x00, 0x22, 0x01, 0x19, 0x01, 0x79, 0x02, 0xBC,
	0x06, 0x07, 0x02, 0x93, 0x00, 0x00, 0x01, 0x1D, 0xFF, 0xFF, 0x00, 0x2A, 0x01, 0x19, 0x01, 0x89,
	0x02, 0xC0, 0x06, 0x07, 0x02, 0x94, 0x00, 0x00, 0x01, 0x1D, 0xFF, 0xFF, 0x00, 0x27, 0x01, 0x1D,
	0x01, 0x8D, 0x02, 0xBC, 0x06, 0x07, 0x02, 0x95, 0x00, 0x00, 0x01, 0x1D, 0xFF, 0xFF, 0x00, 0x1F,
	0x01, 0x19, 0x01, 0x8F, 0x02, 0xC0, 0x06, 0x07, 0x02, 0x96, 0x00, 0x00, 0x01, 0x1D, 0xFF, 0xFF,
	0x00, 0x25, 0x01, 0x19, 0x01, 0x84, 0x02, 0xC0, 0x06, 0x07, 0x02, 0x97, 0x00, 0x00, 0x01, 0x1D,
	0x00, 0x01, 0xFF, 0x48, 0x00, 0x00, 0x01, 0x61, 0x02, 0xBC, 0x00, 0x03, 0x00, 0x00, 0x63, 0x01,
	0x33, 0x01, 0xB8, 0x01, 0xDE, 0x3B, 0xFE, 0x22, 0x02, 0xBC, 0xFD, 0x44, 0xFF, 0xFF, 0x00, 0x54,
	0x00, 0x00, 0x03, 0xCF, 0x02, 0xBC, 0x04, 0x27, 0x02, 0x8F, 0x00, 0x00, 0x01, 0x1D, 0x00, 0x27,
	0x02, 0xA2, 0x01, 0xAE, 0x00, 0x00, 0x00, 0x07, 0x02, 0x90, 0x02, 0x57, 0x00, 0x00, 0xFF, 0xFF,
	0x00, 0x54, 0x00, 0x00, 0x03, 0xE7, 0x02, 0xBC, 0x04, 0x27, 0x02, 0x8F, 0x00, 0x00, 0x01, 0x1D,
	0x00, 0x27, 0x02, 0xA2, 0x01, 0xAE, 0x00, 0x00, 0x00, 0x07, 0x02, 0x92, 0x02, 0x57, 0x00, 0x00,
	0xFF, 0xFF, 0x00, 0x1F, 0x00, 0x00, 0x03, 0xE7, 0x02, 0xBC, 0x04, 0x27, 0x02, 0x91, 0x00, 0x00,
	0x01, 0x1D, 0x00, 0x27, 0x02, 0xA2, 0x01, 0xAE, 0x00, 0x00, 0x00, 0x07, 0x02, 0x92, 0x02, 0x57,
	0x00, 0x00, 0xFF, 0xFF, 0x00, 0x20, 0xFF, 0x3A, 0x01, 0x8E, 0x00, 0xE1, 0x06, 0x07, 0x02, 0x8E,
	0x00, 0x00, 0xFF, 0x3E, 0xFF, 0xFF, 0x00, 0x54, 0xFF, 0x3E, 0x01, 0x70, 0x00, 0xDD, 0x06, 0x07,
	0x02, 0x8F, 0x00, 0x00, 0xFF, 0x3E, 0xFF, 0xFF, 0x00, 0x20, 0xFF, 0x3E, 0x01, 0x78, 0x00, 0xE1,
	0x06, 0x07, 0x02, 0x90, 0x00, 0x00, 0xFF, 0x3E, 0xFF, 0xFF, 0x00, 0x1F, 0xFF, 0x3A, 0x01, 0x77,
	0x00, 0xDD, 0x06, 0x07, 0x02, 0x91, 0x00, 0x00, 0xFF, 0x3E, 0xFF, 0xFF, 0x00, 0x1B, 0xFF, 0x3E,
	0x01, 0x90, 0x00, 0xDD, 0x06, 0x07, 0x02, 0x92, 0x00, 0x00, 0xFF, 0x3E, 0xFF, 0xFF, 0x00, 0x22,
	0xFF, 0x3A, 0x01, 0x79, 0x00, 0xDD, 0x06, 0x07, 0x02, 0x93, 0x00, 0x00, 0xFF, 0x3E, 0xFF, 0xFF,
	0x00, 0x2A, 0xFF, 0x3A, 0x01, 0x89, 0x00, 0xE1, 0x06, 0x07, 0x02, 0x94, 0x00, 0x00, 0xFF, 0x3E,
	0xFF, 0xFF, 0x00, 0x27, 0xFF, 0x3E, 0x01, 0x8D, 0x00, 0xDD, 0x06, 0x07, 0x02, 0x95, 0x00, 0x00,
	0xFF, 0x3E, 0xFF, 0xFF, 0x00, 0x1F, 0xFF, 0x3A, 0x01, 0x8F, 0x00, 0xE1, 0x06, 0x07, 0x02, 0x96,
	0x00, 0x00, 0xFF, 0x3E, 0xFF, 0xFF, 0x00, 0x25, 0xFF, 0x3A, 0x01, 0x84, 0x00, 0xE1, 0x06, 0x07,
	0x02, 0x97, 0x00, 0x00, 0xFF, 0x3E, 0xFF, 0xFF, 0x00, 0x20, 0xFF, 0x3A, 0x01, 0x8E, 0x00, 0xE1,
	0x06, 0x07, 0x02, 0x8E, 0x00, 0x00, 0xFF, 0x3E, 0xFF, 0xFF, 0x00, 0x54, 0xFF, 0x3E, 0x01, 0x70,
	0x00, 0xDD, 0x06, 0x07, 0x02, 0x8F, 0x00, 0x00, 0xFF, 0x3E, 0xFF, 0xFF, 0x00, 0x20, 0xFF, 0x3E,
	0x01, 0x78, 0x00, 0xE1, 0x06, 0x07, 0x02, 0x90, 0x00, 0x00, 0xFF, 0x3E, 0xFF, 0xFF, 0x00, 0x1F,
	0xFF, 0x3A, 0x01, 0x77, 0x00, 0xDD, 0x06, 0x07, 0x02, 0x91, 0x00, 0x00, 0xFF, 0x3E, 0xFF, 0xFF,
	0x00, 0x1B, 0xFF, 0x3E, 0x01, 0x90, 0x00, 0xDD, 0x06, 0x07, 0x02, 0x92, 0x00, 0x00, 0xFF, 0x3E,
	0xFF, 0xFF, 0x00, 0x22, 0xFF, 0x3A, 0x01, 0x79, 0x00, 0xDD, 0x06, 0x07, 0x02, 0x93, 0x00, 0x00,
	0xFF, 0x3E, 0xFF, 0xFF, 0x00, 0x2A, 0xFF, 0x3A, 0x01, 0x89, 0x00, 0xE1, 0x06, 0x07, 0x02, 0x94,
	0x00, 0x00, 0xFF, 0x3E, 0xFF, 0xFF, 0x00, 0x27, 0xFF, 0x3E, 0x01, 0x8D, 0x00, 0xDD, 0x06, 0x07,
	0x02, 0x95, 0x00, 0x00, 0xFF, 0x3E, 0xFF, 0xFF, 0x00, 0x1F, 0xFF, 0x3A, 0x01, 0x8F, 0x00, 0xE1,
	0x06, 0x07, 0x02, 0x96, 0x00, 0x00, 0xFF, 0x3E, 0xFF, 0xFF, 0x00, 0x25, 0xFF, 0x3A, 0x01, 0x84,
	0x00, 0xE1, 0x06, 0x07, 0x02, 0x97, 0x00, 0x00, 0xFF, 0x3E, 0xFF, 0xFF, 0x00, 0x54, 0x01, 0x47,
	0x01, 0x70, 0x02, 0xE6, 0x06, 0x07, 0x02, 0x8F, 0x00, 0x00, 0x01, 0x47, 0xFF, 0xFF, 0x00, 0x20,
	0x01, 0x47, 0x01, 0x78, 0x02, 0xEA, 0x06, 0x07, 0x02, 0x90, 0x00, 0x00, 0x01, 0x47, 0xFF, 0xFF,
	0x00, 0x1F, 0x01, 0x43, 0x01, 0x77, 0x02, 0xE6, 0x06, 0x07, 0x02, 0x91, 0x00, 0x00, 0x01, 0x47,
	0xFF, 0xFF, 0x00, 0x20, 0x01, 0x43, 0x01, 0x8E, 0x02, 0xEA, 0x06, 0x07, 0x02, 0x8E, 0x00, 0x00,
	0x01, 0x47, 0xFF, 0xFF, 0x00, 0x54, 0x01, 0x47, 0x01, 0x70, 0x02, 0xE6, 0x06, 0x07, 0x02, 0x8F,
	0x00, 0x00, 0x01, 0x47, 0xFF, 0xFF, 0x00, 0x20, 0x01, 0x47, 0x01, 0x78, 0x02, 0xEA, 0x06, 0x07,
	0x02, 0x90, 0x00, 0x00, 0x01, 0x47, 0xFF, 0xFF, 0x00, 0x1F, 0x01, 0x43, 0x01, 0x77, 0x02, 0xE6,
	0x06, 0x07, 0x02, 0x91, 0x00, 0x00, 0x01, 0x47, 0xFF, 0xFF, 0x00, 0x1B, 0x01, 0x47, 0x01, 0x90,
	0x02, 0xE6, 0x06, 0x07, 0x02, 0x92, 0x00, 0x00, 0x01, 0x47, 0xFF, 0xFF, 0x00, 0x22, 0x01, 0x43,
	0x01, 0x79, 0x02, 0xE6, 0x06, 0x07, 0x02, 0x93, 0x00, 0x00, 0x01, 0x47, 0xFF, 0xFF, 0x00, 0x2A,
	0x01, 0x43, 0x01, 0x89, 0x02, 0xEA, 0x06, 0x07, 0x02, 0x94, 0x00, 0x00, 0x01, 0x47, 0xFF, 0xFF,
	0x00, 0x27, 0x01, 0x47, 0x01, 0x8D, 0x02, 0xE6, 0x06, 0x07, 0x02, 0x95, 0x00, 0x00, 0x01, 0x47,
	0xFF, 0xFF, 0x00, 0x1F, 0x01, 0x43, 0x01, 0x8F, 0x02, 0xEA, 0x06, 0x07, 0x02, 0x96, 0x00, 0x00,
	0x01, 0x47, 0xFF, 0xFF, 0x00, 0x25, 0x01, 0x43, 0x01, 0x84, 0x02, 0xEA, 0x06, 0x07, 0x02, 0x97,
	0x00, 0x00, 0x01, 0x47, 0x00, 0x01, 0x00, 0x35, 0xFF, 0xFB, 0x00, 0x9F, 0x00, 0x68, 0x00, 0x0B,
	0x00, 0x00, 0x57, 0x22, 0x26, 0x35, 0x34, 0x36, 0x33, 0x32, 0x16, 0x15, 0x14, 0x06, 0x6A, 0x16,
	0x1F, 0x1F, 0x16, 0x16, 0x1F, 0x1F, 0x05, 0x20, 0x17, 0x18, 0x1E, 0x1E, 0x18, 0x17, 0x20, 0x00,
	0x00, 0x01, 0x00, 0x36, 0xFF, 0x6E, 0x00, 0x9F, 0x00, 0x68, 0x00, 0x10, 0x00, 0x00, 0x57, 0x37,
	0x17, 0x22, 0x26, 0x35, 0x34, 0x36, 0x33, 0x32, 0x16, 0x15, 0x14, 0x06, 0x06, 0x07, 0x07, 0x38,
	0x2C, 0x08, 0x17, 0x1F, 0x1F, 0x16, 0x17, 0x1D, 0x02, 0x06, 0x05, 0x2A, 0x92, 0xB9, 0x2B, 0x1E,
	0x18, 0x18, 0x1E, 0x20, 0x16, 0x08, 0x10, 0x14, 0x0E, 0x8A, 0xFF, 0xFF, 0x00, 0x35, 0xFF, 0xFB,
	0x00, 0x9F, 0x02, 0x12, 0x06, 0x27, 0x02, 0xCE, 0x00, 0x00, 0x01, 0xAA, 0x00, 0x06, 0x02, 0xCE,
	0x00, 0x00, 0xFF, 0xFF, 0x00, 0x35, 0xFF, 0x6E, 0x00, 0x9F, 0x02, 0x12, 0x06, 0x27, 0x02, 0xCE,
	0x00, 0x00, 0x01, 0xAA, 0x00, 0x06, 0x02, 0xCF, 0x00, 0x00, 0xFF, 0xFF, 0x00, 0x35, 0xFF, 0xFB,
	0x02, 0x52, 0x00, 0x68, 0x04, 0x26, 0x02, 0xCE, 0x00, 0x00, 0x00, 0x27, 0x02, 0xCE, 0x00, 0xD9,
	0x00, 0x00, 0x00, 0x07, 0x02, 0xCE, 0x01, 0xB3, 0x00, 0x00, 0x00, 0x02, 0x00, 0x4D, 0xFF, 0xFB,
	0x00, 0xB6, 0x02, 0xBC, 0x00, 0x03, 0x00, 0x0F, 0x00, 0x00, 0x77, 0x03, 0x33, 0x03, 0x07, 0x22,
	0x26, 0x35, 0x34, 0x36, 0x33, 0x32, 0x16, 0x15, 0x14, 0x06, 0x66, 0x0E, 0x54, 0x0F, 0x1B, 0x16,
	0x1F, 0x1F, 0x16, 0x17, 0x1D, 0x1D, 0xD2, 0x01, 0xEA, 0xFE, 0x16, 0xD7, 0x1F, 0x15, 0x16, 0x1D,
	0x1D, 0x16, 0x15, 0x1F, 0x00, 0x02, 0x00, 0x4D, 0xFF, 0x66, 0x00, 0xB6, 0x02, 0x12, 0x00, 0x03,
	0x00, 0x0F, 0x00, 0x00, 0x57, 0x13, 0x33, 0x13, 0x03, 0x22, 0x26, 0x35, 0x34, 0x36, 0x33, 0x32,
	0x16, 0x15, 0x14, 0x06, 0x58, 0x0E, 0x37, 0x0F, 0x2A, 0x16, 0x1F, 0x1F, 0x16, 0x17, 0x1D, 0x1D,
	0x9A, 0x01, 0xD5, 0xFE, 0x2B, 0x02, 0x45, 0x1E, 0x15, 0x16, 0x1E, 0x1E, 0x16, 0x15, 0x1E, 0x00,
	0x00, 0x02, 0x00, 0x0D, 0xFF, 0xFB, 0x01, 0xEC, 0x02, 0xC2, 0x00, 0x1C, 0x00, 0x28, 0x00, 0x00,
	0x77, 0x34, 0x3E, 0x04, 0x35, 0x34, 0x26, 0x23, 0x22, 0x06, 0x07, 0x27, 0x36, 0x36, 0x33, 0x32,
	0x16, 0x16, 0x15, 0x14, 0x0E, 0x04, 0x15, 0x07, 0x22, 0x26, 0x35, 0x34, 0x36, 0x33, 0x32, 0x16,
	0x15, 0x14, 0x06, 0xEB, 0x1B, 0x29, 0x2F, 0x2A, 0x1A, 0x54, 0x4D, 0x40, 0x5E, 0x21, 0x35, 0x28,
	0x7E, 0x53, 0x46, 0x67, 0x39, 0x1B, 0x29, 0x2F, 0x2A, 0x1A, 0x25, 0x15, 0x1F, 0x1F, 0x15, 0x17,
	0x1E, 0x1E, 0xD2, 0x2A, 0x3C, 0x2E, 0x28, 0x29, 0x31, 0x21, 0x36, 0x44, 0x29, 0x28, 0x28, 0x32,
	0x36, 0x2A, 0x4E, 0x36, 0x2B, 0x3D, 0x2F, 0x29, 0x2A, 0x34, 0x24, 0xD7, 0x1F, 0x15, 0x16, 0x1D,
	0x1D, 0x16, 0x15, 0x1F, 0x00, 0x02, 0x00, 0x4B, 0xFF, 0x60, 0x02, 0x2A, 0x02, 0x12, 0x00, 0x1C,
	0x00, 0x28, 0x00, 0x00, 0x45, 0x22, 0x26, 0x26, 0x35, 0x34, 0x3E, 0x04, 0x35, 0x33, 0x14, 0x0E,
	0x04, 0x15, 0x14, 0x16, 0x33, 0x32, 0x36, 0x37, 0x17, 0x06, 0x06, 0x03, 0x22, 0x26, 0x35, 0x34,
	0x36, 0x33, 0x32, 0x16, 0x15, 0x14, 0x06, 0x01, 0x31, 0x46, 0x67, 0x39, 0x1B, 0x2A, 0x2D, 0x2B,
	0x1A, 0x4A, 0x1B, 0x29, 0x2F, 0x29, 0x1B, 0x54, 0x4D, 0x40, 0x5E, 0x21, 0x35, 0x28, 0x7D, 0x5E,
	0x16, 0x1E, 0x1E, 0x16, 0x16, 0x1E, 0x1E, 0xA0, 0x2A, 0x4C, 0x32, 0x29, 0x3B, 0x2C, 0x27, 0x28,
	0x32, 0x22, 0x27, 0x39, 0x2D, 0x27, 0x28, 0x30, 0x1F, 0x2F, 0x42, 0x29, 0x28, 0x28, 0x31, 0x37,
	0x02, 0x4B, 0x1E, 0x15, 0x16, 0x1E, 0x1E, 0x16, 0x15, 0x1E, 0x00, 0x01, 0x00, 0x49, 0x00, 0xD8,
	0x00, 0xB3, 0x01, 0x46, 0x00, 0x0B, 0x00, 0x00, 0x77, 0x22, 0x26, 0x35, 0x34, 0x36, 0x33, 0x32,
	0x16, 0x15, 0x14, 0x06, 0x7E, 0x16, 0x1F, 0x1F, 0x16, 0x17, 0x1E, 0x1E, 0xD8, 0x20, 0x17, 0x18,
	0x1F, 0x1F, 0x18, 0x17, 0x20, 0x00, 0x00, 0x01, 0x00, 0x49, 0x00, 0xC5, 0x00, 0xDF, 0x01, 0x5D,
	0x00, 0x0F, 0x00, 0x00, 0x77, 0x22, 0x26, 0x26, 0x35, 0x34, 0x36, 0x36, 0x33, 0x32, 0x16, 0x16,
	0x15, 0x14, 0x06, 0x06, 0x94, 0x14, 0x23, 0x14, 0x14, 0x23, 0x14, 0x14, 0x22, 0x15, 0x15, 0x22,
	0xC5, 0x14, 0x22, 0x17, 0x15, 0x22, 0x14, 0x14, 0x22, 0x15, 0x17, 0x22, 0x14, 0x00, 0x00, 0x01,
	0x00, 0x16, 0x01, 0x7C, 0x01, 0x6C, 0x02, 0xE6, 0x00, 0x17, 0x00, 0x00, 0x53, 0x37, 0x17, 0x07,
	0x27, 0x37, 0x15, 0x27, 0x37, 0x17, 0x07, 0x27, 0x33, 0x15, 0x27, 0x37, 0x17, 0x07, 0x35, 0x17,
	0x07, 0x27, 0x37, 0x15, 0xAA, 0x01, 0x0A, 0x87, 0x18, 0x8B, 0x8B, 0x18, 0x87, 0x0A, 0x01, 0x2E,
	0x0B, 0x88, 0x17, 0x8A, 0x8A, 0x17, 0x88, 0x0B, 0x01, 0x7C, 0x99, 0x05, 0x4F, 0x2A, 0x4E, 0x10,
	0x4E, 0x2A, 0x4F, 0x05, 0x99, 0x99, 0x05, 0x4F, 0x2A, 0x4E, 0x10, 0x4E, 0x2A, 0x4F, 0x05, 0x99,
	0x00, 0x04, 0x00, 0x1D, 0x00, 0x00, 0x02, 0x9A, 0x02, 0xBC, 0x00, 0x03, 0x00, 0x07, 0x00, 0x0B,
	0x00, 0x0F, 0x00, 0x00, 0x73, 0x13, 0x33, 0x03, 0x27, 0x35, 0x21, 0x15, 0x07, 0x13, 0x33, 0x03,
	0x01, 0x35, 0x21, 0x15, 0x94, 0x56, 0x37, 0x57, 0xAD, 0x02, 0x5D, 0xE2, 0x56, 0x36, 0x56, 0xFE,
	0x6F, 0x02, 0x5D, 0x02, 0xBC, 0xFD, 0x44, 0xBE, 0x37, 0x37, 0xBE, 0x02, 0xBC, 0xFD, 0x44, 0x01,
	0xC7, 0x37, 0x37, 0x00, 0x00, 0x01, 0xFF, 0xE7, 0xFF, 0x9C, 0x01, 0x72, 0x03, 0x4A, 0x00, 0x03,
	0x00, 0x00, 0x47, 0x01, 0x33, 0x01, 0x19, 0x01, 0x4A, 0x41, 0xFE, 0xB6, 0x64, 0x03, 0xAE, 0xFC,
	0x52, 0x00, 0x00, 0x01, 0xFF, 0xDD, 0xFF, 0x9C, 0x01, 0x68, 0x03, 0x4A, 0x00, 0x03, 0x00, 0x00,
	0x45, 0x01, 0x33, 0x01, 0x01, 0x27, 0xFE, 0xB6, 0x41, 0x01, 0x4A, 0x64, 0x03, 0xAE, 0xFC, 0x52,
	0x00, 0x02, 0x00, 0x4D, 0x00, 0x00, 0x00, 0xB6, 0x02, 0xC1, 0x00, 0x03, 0x00, 0x0F, 0x00, 0x00,
	0x53, 0x13, 0x23, 0x13, 0x37, 0x32, 0x16, 0x15, 0x14, 0x06, 0x23, 0x22, 0x26, 0x35, 0x34, 0x36,
	0x9D, 0x0E, 0x53, 0x0E, 0x1B, 0x17, 0x1E, 0x1E, 0x17, 0x15, 0x1F, 0x1F, 0x01, 0xEA, 0xFE, 0x16,
	0x01, 0xEA, 0xD7, 0x1F, 0x15, 0x15, 0x1E, 0x1E, 0x15, 0x15, 0x1F, 0x00, 0x00, 0x02, 0x00, 0x4B,
	0xFF, 0xFA, 0x02, 0x2A, 0x02, 0xC1, 0x00, 0x1C, 0x00, 0x28, 0x00, 0x00, 0x41, 0x14, 0x0E, 0x04,
	0x15, 0x14, 0x16, 0x33, 0x32, 0x36, 0x37, 0x17, 0x06, 0x06, 0x23, 0x22, 0x26, 0x26, 0x35, 0x34,
	0x3E, 0x04, 0x35, 0x37, 0x32, 0x16, 0x15, 0x14, 0x06, 0x23, 0x22, 0x26, 0x35, 0x34, 0x36, 0x01,
	0x4C, 0x1B, 0x29, 0x2F, 0x29, 0x1B, 0x54, 0x4D, 0x40, 0x5E, 0x21, 0x35, 0x28, 0x7D, 0x54, 0x46,
	0x67, 0x39, 0x1B, 0x29, 0x2F, 0x2A, 0x1A, 0x25, 0x16, 0x1E, 0x1E, 0x16, 0x16, 0x1E, 0x1E, 0x01,
	0xEA, 0x29, 0x3D, 0x2E, 0x28, 0x29, 0x31, 0x21, 0x36, 0x44, 0x29, 0x28, 0x28, 0x31, 0x37, 0x2A,
	0x4F, 0x35, 0x2B, 0x3D, 0x2F, 0x29, 0x2A, 0x34, 0x24, 0xD7, 0x1F, 0x15, 0x15, 0x1E, 0x1E, 0x15,
	0x15, 0x1F, 0xFF, 0xFF, 0x00, 0x53, 0x01, 0x27, 0x00, 0xBD, 0x01, 0x94, 0x04, 0x06, 0x02, 0xD7,
	0x0A, 0x4E, 0xFF, 0xFF, 0x00, 0x53, 0x01, 0x14, 0x00, 0xE9, 0x01, 0xAC, 0x04, 0x06, 0x02, 0xD8,
	0x0A, 0x4E, 0x00, 0x01, 0xFF, 0xE7, 0xFF, 0x9C, 0x01, 0x72, 0x03, 0x4A, 0x00, 0x03, 0x00, 0x00,
	0x47, 0x01, 0x33, 0x01, 0x19, 0x01, 0x4A, 0x41, 0xFE, 0xB6, 0x64, 0x03, 0xAE, 0xFC, 0x52, 0x00,
	0x00, 0x01, 0xFF, 0xDD, 0xFF, 0x9C, 0x01, 0x68, 0x03, 0x4A, 0x00, 0x03, 0x00, 0x00, 0x45, 0x01,
	0x33, 0x01, 0x01, 0x27, 0xFE, 0xB6, 0x41, 0x01, 0x4A, 0x64, 0x03, 0xAE, 0xFC, 0x52, 0x00, 0x01,
	0x00, 0x00, 0x01, 0x34, 0x00, 0x5E, 0x01, 0x92, 0x00, 0x0B, 0x00, 0x00, 0x53, 0x22, 0x26, 0x35,
	0x34, 0x36, 0x33, 0x32, 0x16, 0x15, 0x14, 0x06, 0x2F, 0x14, 0x1B, 0x1B, 0x14, 0x14, 0x1B, 0x1B,
	0x01, 0x34, 0x1C, 0x13, 0x13, 0x1C, 0x1C, 0x13, 0x13, 0x1C, 0x00, 0x01, 0x00, 0x37, 0xFF, 0xFB,
	0x00, 0x9F, 0x00, 0x62, 0x00, 0x0B, 0x00, 0x00, 0x57, 0x22, 0x26, 0x35, 0x34, 0x36, 0x33, 0x32,
	0x16, 0x15, 0x14, 0x06, 0x6B, 0x15, 0x1F, 0x1F, 0x15, 0x17, 0x1D, 0x1D, 0x05, 0x1F, 0x15, 0x16,
	0x1D, 0x1D, 0x16, 0x15, 0x1F, 0x00, 0x00, 0x02, 0x00, 0x4D, 0xFF, 0xFB, 0x00, 0xB6, 0x02, 0x35,
	0x00, 0x03, 0x00, 0x0F, 0x00, 0x00, 0x77, 0x03, 0x33, 0x03, 0x07, 0x22, 0x26, 0x35, 0x34, 0x36,
	0x33, 0x32, 0x16, 0x15, 0x14, 0x06, 0x66, 0x0C, 0x51, 0x0E, 0x1B, 0x18, 0x1D, 0x1D, 0x18, 0x18,
	0x1C, 0x1C, 0xBE, 0x01, 0x77, 0xFE, 0x89, 0xC3, 0x1E, 0x13, 0x13, 0x1E, 0x1E, 0x13, 0x13, 0x1E,
	0x00, 0x02, 0x00, 0x4D, 0x00, 0x00, 0x00, 0xB6, 0x02, 0x3A, 0x00, 0x03, 0x00, 0x0F, 0x00, 0x00,
	0x73, 0x13, 0x33, 0x13, 0x03, 0x22, 0x26, 0x35, 0x34, 0x36, 0x33, 0x32, 0x16, 0x15, 0x14, 0x06,
	0x5A, 0x0C, 0x37, 0x0E, 0x29, 0x18, 0x1D, 0x1D, 0x18, 0x18, 0x1C, 0x1C, 0x01, 0x77, 0xFE, 0x89,
	0x01, 0xD9, 0x1D, 0x13, 0x14, 0x1D, 0x1D, 0x14, 0x13, 0x1D, 0x00, 0x02, 0x00, 0x0C, 0xFF, 0xFB,
	0x01, 0xBA, 0x02, 0x3A, 0x00, 0x1A, 0x00, 0x26, 0x00, 0x00, 0x77, 0x34, 0x3E, 0x03, 0x35, 0x34,
	0x26, 0x23, 0x22, 0x06, 0x07, 0x27, 0x36, 0x36, 0x33, 0x32, 0x16, 0x16, 0x15, 0x14, 0x0E, 0x03,
	0x15, 0x07, 0x22, 0x26, 0x35, 0x34, 0x36, 0x33, 0x32, 0x16, 0x15, 0x14, 0x06, 0xD2, 0x20, 0x2F,
	0x2F, 0x21, 0x48, 0x45, 0x35, 0x54, 0x1E, 0x31, 0x26, 0x70, 0x49, 0x3F, 0x5D, 0x33, 0x22, 0x30,
	0x31, 0x21, 0x1F, 0x18, 0x1D, 0x1D, 0x18, 0x17, 0x1D, 0x1D, 0xBE, 0x27, 0x35, 0x27, 0x22, 0x2A,
	0x1F, 0x25, 0x2D, 0x1D, 0x1C, 0x29, 0x23, 0x29, 0x20, 0x3B, 0x2A, 0x28, 0x35, 0x26, 0x24, 0x2E,
	0x22, 0xC3, 0x1E, 0x13, 0x13, 0x1E, 0x1E, 0x13, 0x13, 0x1E, 0x00, 0x02, 0x00, 0x4B, 0xFF, 0xFB,
	0x01, 0xF9, 0x02, 0x3A, 0x00, 0x1A, 0x00, 0x26, 0x00, 0x00, 0x45, 0x22, 0x26, 0x26, 0x35, 0x34,
	0x3E, 0x03, 0x35, 0x33, 0x14, 0x0E, 0x03, 0x15, 0x14, 0x16, 0x33, 0x32, 0x36, 0x37, 0x17, 0x06,
	0x06, 0x03, 0x22, 0x26, 0x35, 0x34, 0x36, 0x33, 0x32, 0x16, 0x15, 0x14, 0x06, 0x01, 0x1A, 0x3F,
	0x5D, 0x33, 0x22, 0x30, 0x31, 0x21, 0x44, 0x20, 0x2F, 0x2F, 0x20, 0x47, 0x45, 0x35, 0x54, 0x1E,
	0x31, 0x25, 0x71, 0x54, 0x17, 0x1D, 0x1D, 0x17, 0x18, 0x1C, 0x1C, 0x05, 0x20, 0x3C, 0x29, 0x28,
	0x35, 0x26, 0x25, 0x2E, 0x21, 0x27, 0x35, 0x26, 0x23, 0x2A, 0x1E, 0x25, 0x2D, 0x1D, 0x1C, 0x2A,
	0x22, 0x2A, 0x01, 0xDE, 0x1D, 0x13, 0x14, 0x1D, 0x1D, 0x14, 0x13, 0x1D, 0x00, 0x01, 0x00, 0x00,
	0x01, 0x5D, 0x00, 0x62, 0x01, 0xC2, 0x00, 0x0B, 0x00, 0x00, 0x53, 0x22, 0x26, 0x35, 0x34, 0x36,
	0x33, 0x32, 0x16, 0x15, 0x14, 0x06, 0x31, 0x14, 0x1D, 0x1D, 0x14, 0x15, 0x1C, 0x1C, 0x01, 0x5D,
	0x1D, 0x15, 0x16, 0x1D, 0x1D, 0x16, 0x15, 0x1D, 0x00, 0x01, 0x00, 0x3C, 0x00, 0xF0, 0x01, 0x42,
	0x01, 0x2E, 0x00, 0x03, 0x00, 0x00, 0x77, 0x35, 0x21, 0x15, 0x3C, 0x01, 0x06, 0xF0, 0x3E, 0x3E,
	0x00, 0x01, 0x00, 0x00, 0x00, 0xF6, 0x01, 0xF4, 0x01, 0x29, 0x00, 0x03, 0x00, 0x00, 0x75, 0x35,
	0x21, 0x15, 0x01, 0xF4, 0xF6, 0x33, 0x33, 0x00, 0x00, 0x01, 0x00, 0x00, 0x00, 0xF6, 0x03, 0xE8,
	0x01, 0x29, 0x00, 0x03, 0x00, 0x00, 0x75, 0x35, 0x21, 0x15, 0x03, 0xE8, 0xF6, 0x33, 0x33, 0x00,
	0x00, 0x01, 0x00, 0x30, 0x01, 0x4A, 0x02, 0x8C, 0x01, 0x7D, 0x00, 0x03, 0x00, 0x00, 0x53, 0x35,
	0x21, 0x15, 0x30, 0x02, 0x5C, 0x01, 0x4A, 0x33, 0x33, 0x00, 0xFF, 0xFF, 0x00, 0x00, 0x00, 0xF6,
	0x03, 0xE8, 0x01, 0x29, 0x06, 0x06, 0x02, 0xEC, 0x00, 0x00, 0xFF, 0xFF, 0x00, 0x3C, 0x00, 0xF0,
	0x01, 0x42, 0x01, 0x2E, 0x06, 0x06, 0x02, 0xEA, 0x00, 0x00, 0x00, 0x01, 0x00, 0x00, 0xFF, 0xD0,
	0x01, 0xF4, 0x00, 0x00, 0x00, 0x03, 0x00, 0x00, 0x55, 0x35, 0x21, 0x15, 0x01, 0xF4, 0x30, 0x30,
	0x30, 0x00, 0xFF, 0xFF, 0x00, 0x46, 0x01, 0x42, 0x01, 0x4C, 0x01, 0x80, 0x04, 0x06, 0x02, 0xEA,
	0x0A, 0x51, 0xFF, 0xFF, 0x00, 0x00, 0x01, 0x47, 0x01, 0xF4, 0x01, 0x7A, 0x06, 0x06, 0x02, 0xEB,
	0x00, 0x51, 0xFF, 0xFF, 0x00, 0x00, 0x01, 0x47, 0x03, 0xE8, 0x01, 0x7A, 0x06, 0x06, 0x02, 0xEC,
	0x00, 0x51, 0x00, 0x01, 0x00, 0x68, 0xFF, 0x3E, 0x01, 0x20, 0x02, 0xE6, 0x00, 0x0D, 0x00, 0x00,
	0x57, 0x26, 0x26, 0x35, 0x34, 0x36, 0x37, 0x33, 0x06, 0x06, 0x15, 0x14, 0x16, 0x17, 0xDC, 0x37,
	0x3D, 0x3D, 0x37, 0x44, 0x3B, 0x37, 0x37, 0x3B, 0xC2, 0x5B, 0xEF, 0x8A, 0x8A, 0xF1, 0x59, 0x67,
	0xE7, 0x86, 0x86, 0xE7, 0x67, 0x00, 0x00, 0x01, 0x00, 0x28, 0xFF, 0x3E, 0x00, 0xE1, 0x02, 0xE6,
	0x00, 0x0D, 0x00, 0x00, 0x57, 0x36, 0x36, 0x35, 0x34, 0x26, 0x27, 0x33, 0x16, 0x16, 0x15, 0x14,
	0x06, 0x07, 0x28, 0x3C, 0x37, 0x37, 0x3C, 0x44, 0x39, 0x3C, 0x3C, 0x39, 0xC2, 0x67, 0xE7, 0x86,
	0x86, 0xE7, 0x67, 0x59, 0xF1, 0x8A, 0x8A, 0xEF, 0x5B, 0x00, 0x00, 0x01, 0x00, 0x3C, 0xFF, 0x3E,
	0x01, 0x39, 0x02, 0xE6, 0x00, 0x27, 0x00, 0x00, 0x45, 0x22, 0x26, 0x35, 0x35, 0x34, 0x26, 0x23,
	0x23, 0x35, 0x33, 0x32, 0x36, 0x35, 0x35, 0x34, 0x36, 0x33, 0x33, 0x15, 0x23, 0x22, 0x06, 0x15,
	0x15, 0x14, 0x06, 0x06, 0x07, 0x35, 0x1E, 0x02, 0x15, 0x15, 0x14, 0x16, 0x33, 0x33, 0x15, 0x01,
	0x13, 0x43, 0x45, 0x17, 0x16, 0x22, 0x22, 0x16, 0x17, 0x45, 0x43, 0x26, 0x1B, 0x26, 0x26, 0x0E,
	0x1D, 0x17, 0x17, 0x1D, 0x0E, 0x26, 0x26, 0x1B, 0xC2, 0x43, 0x42, 0xFE, 0x1B, 0x18, 0x3C, 0x18,
	0x1B, 0xFE, 0x43, 0x42, 0x3B, 0x2A, 0x26, 0xF7, 0x1E, 0x22, 0x12, 0x05, 0x0A, 0x04, 0x13, 0x22,
	0x1E, 0xF7, 0x26, 0x2A, 0x3B, 0x00, 0x00, 0x01, 0x00, 0x15, 0xFF, 0x3E, 0x01, 0x12, 0x02, 0xE6,
	0x00, 0x27, 0x00, 0x00, 0x57, 0x35, 0x33, 0x32, 0x36, 0x35, 0x35, 0x34, 0x36, 0x36, 0x37, 0x15,
	0x2E, 0x02, 0x35, 0x35, 0x34, 0x26, 0x23, 0x23, 0x35, 0x33, 0x32, 0x16, 0x15, 0x15, 0x14, 0x16,
	0x33, 0x33, 0x15, 0x23, 0x22, 0x06, 0x15, 0x15, 0x14, 0x06, 0x23, 0x15, 0x1B, 0x27, 0x25, 0x0E,
	0x1E, 0x16, 0x16, 0x1E, 0x0E, 0x25, 0x27, 0x1B, 0x25, 0x44, 0x45, 0x18, 0x15, 0x22, 0x22, 0x15,
	0x18, 0x45, 0x44, 0xC2, 0x3B, 0x2A, 0x26, 0xF7, 0x1E, 0x22, 0x13, 0x04, 0x0A, 0x05, 0x12, 0x22,
	0x1E, 0xF7, 0x26, 0x2A, 0x3B, 0x42, 0x43, 0xFE, 0x1B, 0x18, 0x3C, 0x18, 0x1B, 0xFE, 0x42, 0x43,
	0x00, 0x01, 0x00, 0x72, 0xFF, 0x3E, 0x01, 0x29, 0x02, 0xE6, 0x00, 0x07, 0x00, 0x00, 0x57, 0x11,
	0x33, 0x15, 0x23, 0x11, 0x33, 0x15, 0x72, 0xB7, 0x70, 0x70, 0xC2, 0x03, 0xA8, 0x3B, 0xFC, 0xCE,
	0x3B, 0x00, 0x00, 0x01, 0x00, 0x15, 0xFF, 0x3E, 0x00, 0xCC, 0x02, 0xE6, 0x00, 0x07, 0x00, 0x00,
	0x57, 0x35, 0x33, 0x11, 0x23, 0x35, 0x33, 0x11, 0x15, 0x70, 0x70, 0xB7, 0xC2, 0x3B, 0x03, 0x32,
	0x3B, 0xFC, 0x58, 0x00, 0xFF, 0xFF, 0x00, 0x72, 0xFF, 0x81, 0x01, 0x2A, 0x03, 0x29, 0x04, 0x06,
	0x02, 0xF4, 0x0A, 0x43, 0xFF, 0xFF, 0x00, 0x32, 0xFF, 0x81, 0x00, 0xEB, 0x03, 0x29, 0x04, 0x06,
	0x02, 0xF5, 0x0A, 0x43, 0xFF, 0xFF, 0x00, 0x46, 0xFF, 0x81, 0x01, 0x43, 0x03, 0x29, 0x04, 0x06,
	0x02, 0xF6, 0x0A, 0x43, 0xFF, 0xFF, 0x00, 0x1F, 0xFF, 0x81, 0x01, 0x1C, 0x03, 0x29, 0x04, 0x06,
	0x02, 0xF7, 0x0A, 0x43, 0xFF, 0xFF, 0x00, 0x7C, 0xFF, 0x81, 0x01, 0x33, 0x03, 0x29, 0x04, 0x06,
	0x02, 0xF8, 0x0A, 0x43, 0xFF, 0xFF, 0x00, 0x1F, 0xFF, 0x81, 0x00, 0xD6, 0x03, 0x29, 0x04, 0x06,
	0x02, 0xF9, 0x0A, 0x43, 0x00, 0x01, 0x00, 0x36, 0xFF, 0x6E, 0x00, 0x9F, 0x00, 0x68, 0x00, 0x10,
	0x00, 0x00, 0x57, 0x37, 0x17, 0x22, 0x26, 0x35, 0x34, 0x36, 0x33, 0x32, 0x16, 0x15, 0x14, 0x06,
	0x06, 0x07, 0x07, 0x38, 0x2C, 0x08, 0x17, 0x1F, 0x1F, 0x16, 0x17, 0x1D, 0x02, 0x06, 0x05, 0x2A,
	0x92, 0xB9, 0x2B, 0x1E, 0x18, 0x18, 0x1E, 0x20, 0x16, 0x08, 0x10, 0x14, 0x0E, 0x8A, 0xFF, 0xFF,
	0x00, 0x36, 0xFF, 0x6E, 0x01, 0x49, 0x00, 0x68, 0x04, 0x26, 0x03, 0x00, 0x00, 0x00, 0x00, 0x07,
	0x03, 0x00, 0x00, 0xAA, 0x00, 0x00, 0xFF, 0xFF, 0x00, 0x35, 0x01, 0xED, 0x01, 0x48, 0x02, 0xE6,
	0x04, 0x26, 0x03, 0x04, 0x00, 0x00, 0x00, 0x07, 0x03, 0x04, 0x00, 0xAA, 0x00, 0x00, 0xFF, 0xFF,
	0x00, 0x36, 0x01, 0xF2, 0x01, 0x49, 0x02, 0xEB, 0x04, 0x26, 0x03, 0x05, 0x00, 0x00, 0x00, 0x07,
	0x03, 0x05, 0x00, 0xAA, 0x00, 0x00, 0x00, 0x01, 0x00, 0x35, 0x01, 0xED, 0x00, 0x9E, 0x02, 0xE6,
	0x00, 0x10, 0x00, 0x00, 0x53, 0x22, 0x26, 0x35, 0x34, 0x36, 0x36, 0x37, 0x37, 0x33, 0x07, 0x27,
	0x32, 0x16, 0x15, 0x14, 0x06, 0x6A, 0x18, 0x1D, 0x02, 0x06, 0x05, 0x2A, 0x30, 0x2C, 0x08, 0x18,
	0x1E, 0x1E, 0x01, 0xED, 0x1F, 0x17, 0x09, 0x0E, 0x14, 0x0E, 0x8A, 0xB9, 0x2B, 0x1D, 0x18, 0x18,
	0x1E, 0x00, 0x00, 0x01, 0x00, 0x36, 0x01, 0xF2, 0x00, 0x9F, 0x02, 0xEB, 0x00, 0x10, 0x00, 0x00,
	0x53, 0x37, 0x17, 0x22, 0x26, 0x35, 0x34, 0x36, 0x33, 0x32, 0x16, 0x15, 0x14, 0x06, 0x06, 0x07,
	0x07, 0x38, 0x2C, 0x08, 0x17, 0x1F, 0x1F, 0x16, 0x17, 0x1D, 0x02, 0x05, 0x05, 0x2B, 0x01, 0xF2,
	0xB8, 0x2A, 0x1D, 0x18, 0x18, 0x1E, 0x1F, 0x17, 0x08, 0x10, 0x13, 0x0E, 0x8A, 0x00, 0xFF, 0xFF,
	0x00, 0x32, 0x00, 0x4A, 0x01, 0xB8, 0x01, 0xC4, 0x04, 0x26, 0x03, 0x08, 0x00, 0x00, 0x00, 0x07,
	0x03, 0x08, 0x00, 0xB2, 0x00, 0x00, 0xFF, 0xFF, 0x00, 0x26, 0x00, 0x4A, 0x01, 0xAB, 0x01, 0xC4,
	0x04, 0x26, 0x03, 0x09, 0x00, 0x00, 0x00, 0x07, 0x03, 0x09, 0x00, 0xB2, 0x00, 0x00, 0x00, 0x01,
	0x00, 0x32, 0x00, 0x4A, 0x01, 0x05, 0x01, 0xC4, 0x00, 0x05, 0x00, 0x00, 0x77, 0x27, 0x37, 0x33,
	0x07, 0x17, 0xC3, 0x91, 0x91, 0x42, 0x8E, 0x8E, 0x4A, 0xBD, 0xBD, 0xBD, 0xBD, 0x00, 0x00, 0x01,
	0x00, 0x26, 0x00, 0x4A, 0x00, 0xF9, 0x01, 0xC4, 0x00, 0x05, 0x00, 0x00, 0x77, 0x37, 0x27, 0x33,
	0x17, 0x07, 0x26, 0x8E, 0x8E, 0x42, 0x91, 0x91, 0x4A, 0xBD, 0xBD, 0xBD, 0xBD, 0x00, 0xFF, 0xFF,
	0x00, 0x45, 0x01, 0xB4, 0x01, 0x2F, 0x02, 0xBC, 0x04, 0x26, 0x03, 0x0B, 0x00, 0x00, 0x00, 0x07,
	0x03, 0x0B, 0x00, 0xAB, 0x00, 0x00, 0x00, 0x01, 0x00, 0x45, 0x01, 0xB4, 0x00, 0x84, 0x02, 0xBC,
	0x00, 0x03, 0x00, 0x00, 0x53, 0x03, 0x33, 0x03, 0x4A, 0x05, 0x3F, 0x05, 0x01, 0xB4, 0x01, 0x08,
	0xFE, 0xF8, 0xFF, 0xFF, 0x00, 0x3C, 0x00, 0x9B, 0x01, 0xC2, 0x02, 0x16, 0x04, 0x26, 0x03, 0x08,
	0x0A, 0x51, 0x00, 0x07, 0x03, 0x08, 0x00, 0xBC, 0x00, 0x51, 0xFF, 0xFF, 0x00, 0x30, 0x00, 0x9B,
	0x01, 0xB5, 0x02, 0x16, 0x04, 0x26, 0x03, 0x09, 0x0A, 0x51, 0x00, 0x07, 0x03, 0x09, 0x00, 0xBC,
	0x00, 0x51, 0xFF, 0xFF, 0x00, 0x3C, 0x00, 0x9B, 0x01, 0x0F, 0x02, 0x16, 0x04, 0x06, 0x03, 0x08,
	0x0A, 0x51, 0xFF, 0xFF, 0x00, 0x30, 0x00, 0x9B, 0x01, 0x03, 0x02, 0x16, 0x04, 0x06, 0x03, 0x09,
	0x0A, 0x51, 0x00, 0x01, 0x00, 0x36, 0xFF, 0x87, 0x00, 0x9F, 0x00, 0x65, 0x00, 0x10, 0x00, 0x00,
	0x57, 0x37, 0x17, 0x22, 0x26, 0x35, 0x34, 0x36, 0x33, 0x32, 0x16, 0x15, 0x14, 0x06, 0x06, 0x07,
	0x07, 0x3F, 0x25, 0x08, 0x17, 0x1F, 0x1F, 0x16, 0x17, 0x1D, 0x01, 0x05, 0x06, 0x24, 0x79, 0xA0,
	0x2B, 0x1E, 0x16, 0x17, 0x1E, 0x1E, 0x17, 0x08, 0x0E, 0x14, 0x0F, 0x70, 0xFF, 0xFF, 0x00, 0x34,
	0xFF, 0x87, 0x01, 0x48, 0x00, 0x65, 0x04, 0x26, 0x03, 0x10, 0xFF, 0x00, 0x00, 0x07, 0x03, 0x10,
	0x00, 0xA8, 0x00, 0x00, 0xFF, 0xFF, 0x00, 0x35, 0x01, 0x57, 0x01, 0x48, 0x02, 0x35, 0x04, 0x26,
	0x03, 0x14, 0x00, 0x00, 0x00, 0x07, 0x03, 0x14, 0x00, 0xAA, 0x00, 0x00, 0xFF, 0xFF, 0x00, 0x34,
	0x01, 0x5C, 0x01, 0x48, 0x02, 0x3A, 0x04, 0x26, 0x03, 0x15, 0x00, 0x00, 0x00, 0x07, 0x03, 0x15,
	0x00, 0xAA, 0x00, 0x00, 0x00, 0x01, 0x00, 0x35, 0x01, 0x57, 0x00, 0x9E, 0x02, 0x35, 0x00, 0x10,
	0x00, 0x00, 0x53, 0x22, 0x26, 0x35, 0x34, 0x36, 0x36, 0x37, 0x37, 0x33, 0x07, 0x27, 0x32, 0x16,
	0x15, 0x14, 0x06, 0x6A, 0x18, 0x1D, 0x02, 0x05, 0x05, 0x24, 0x30, 0x25, 0x08, 0x18, 0x1E, 0x1E,
	0x01, 0x57, 0x1F, 0x16, 0x08, 0x0F, 0x13, 0x0E, 0x71, 0xA0, 0x2B, 0x1D, 0x17, 0x16, 0x1F, 0x00,
	0x00, 0x01, 0x00, 0x34, 0x01, 0x5C, 0x00, 0x9E, 0x02, 0x3A, 0x00, 0x10, 0x00, 0x00, 0x53, 0x37,
	0x17, 0x22, 0x26, 0x35, 0x34, 0x36, 0x33, 0x32, 0x16, 0x15, 0x14, 0x06, 0x06, 0x07, 0x07, 0x3D,
	0x25, 0x08, 0x17, 0x1F, 0x1F, 0x16, 0x17, 0x1E, 0x02, 0x04, 0x06, 0x24, 0x01, 0x5C, 0xA1, 0x2B,
	0x1D, 0x16, 0x17, 0x1E, 0x1E, 0x17, 0x07, 0x0F, 0x13, 0x0E, 0x72, 0x00, 0xFF, 0xFF, 0x00, 0x32,
	0x00, 0x70, 0x01, 0xA0, 0x01, 0xC5, 0x04, 0x26, 0x03, 0x18, 0x00, 0x00, 0x00, 0x07, 0x03, 0x18,
	0x00, 0xAE, 0x00, 0x00, 0xFF, 0xFF, 0x00, 0x26, 0x00, 0x70, 0x01, 0x94, 0x01, 0xC5, 0x04, 0x26,
	0x03, 0x19, 0x00, 0x00, 0x00, 0x07, 0x03, 0x19, 0x00, 0xAE, 0x00, 0x00, 0x00, 0x01, 0x00, 0x32,
	0x00, 0x70, 0x00, 0xF2, 0x01, 0xC5, 0x00, 0x05, 0x00, 0x00, 0x77, 0x27, 0x37, 0x33, 0x07, 0x17,
	0xB5, 0x83, 0x83, 0x3D, 0x81, 0x81, 0x70, 0xAA, 0xAB, 0xAB, 0xAA, 0x00, 0x00, 0x01, 0x00, 0x26,
	0x00, 0x70, 0x00, 0xE6, 0x01, 0xC5, 0x00, 0x05, 0x00, 0x00, 0x77, 0x37, 0x27, 0x33, 0x17, 0x07,
	0x26, 0x81, 0x81, 0x3D, 0x83, 0x83, 0x70, 0xAA, 0xAB, 0xAB, 0xAA, 0x00, 0xFF, 0xFF, 0x00, 0x45,
	0x01, 0x56, 0x01, 0x2F, 0x02, 0x35, 0x04, 0x26, 0x03, 0x1B, 0x00, 0x00, 0x00, 0x07, 0x03, 0x1B,
	0x00, 0xAB, 0x00, 0x00, 0x00, 0x01, 0x00, 0x45, 0x01, 0x56, 0x00, 0x84, 0x02, 0x35, 0x00, 0x03,
	0x00, 0x00, 0x53, 0x27, 0x33, 0x07, 0x4A, 0x05, 0x3F, 0x05, 0x01, 0x56, 0xDF, 0xDF, 0x00, 0x03,
	0x00, 0x34, 0xFF, 0x38, 0x03, 0xD5, 0x02, 0xC2, 0x00, 0x38, 0x00, 0x48, 0x00, 0x58, 0x00, 0x00,
	0x45, 0x22, 0x2E, 0x02, 0x35, 0x34, 0x3E, 0x02, 0x33, 0x32, 0x1E, 0x02, 0x15, 0x14, 0x06, 0x06,
	0x23, 0x22, 0x26, 0x35, 0x35, 0x37, 0x27, 0x35, 0x33, 0x11, 0x14, 0x16, 0x33, 0x32, 0x36, 0x36,
	0x35, 0x34, 0x2E, 0x02, 0x23, 0x22, 0x0E, 0x02, 0x15, 0x14, 0x1E, 0x02, 0x33, 0x32, 0x36, 0x37,
	0x17, 0x06, 0x06, 0x27, 0x22, 0x26, 0x26, 0x35, 0x34, 0x36, 0x36, 0x33, 0x32, 0x16, 0x16, 0x15,
	0x14, 0x06, 0x06, 0x27, 0x32, 0x36, 0x36, 0x35, 0x34, 0x26, 0x26, 0x23, 0x22, 0x06, 0x06, 0x15,
	0x14, 0x16, 0x16, 0x02, 0x03, 0x67, 0xAA, 0x7B, 0x43, 0x43, 0x7D, 0xAC, 0x67, 0x66, 0xA9, 0x7C,
	0x43, 0x27, 0x4A, 0x34, 0x33, 0x3E, 0x08, 0x0A, 0x41, 0x24, 0x1A, 0x1F, 0x2E, 0x19, 0x3C, 0x6E,
	0x96, 0x5B, 0x5B, 0x98, 0x6D, 0x3C, 0x3B, 0x6C, 0x96, 0x5B, 0x2D, 0x67, 0x2C, 0x11, 0x2D, 0x72,
	0x3E, 0x47, 0x70, 0x41, 0x41, 0x70, 0x47, 0x45, 0x6B, 0x3D, 0x3D, 0x6A, 0x3D, 0x36, 0x57, 0x31,
	0x31, 0x57, 0x36, 0x38, 0x56, 0x31, 0x31, 0x56, 0xC8, 0x43, 0x79, 0xA7, 0x63, 0x64, 0xA5, 0x79,
	0x42, 0x40, 0x75, 0xA2, 0x62, 0x54, 0x79, 0x41, 0x3E, 0x38, 0x4F, 0x40, 0x64, 0x97, 0xFE, 0x85,
	0x2A, 0x22, 0x32, 0x5F, 0x43, 0x58, 0x90, 0x68, 0x37, 0x3A, 0x6B, 0x93, 0x59, 0x59, 0x94, 0x6B,
	0x3B, 0x16, 0x16, 0x31, 0x17, 0x17, 0xC3, 0x43, 0x75, 0x4B, 0x4B, 0x74, 0x42, 0x3E, 0x73, 0x50,
	0x50, 0x74, 0x3F, 0x3A, 0x32, 0x5B, 0x3C, 0x3D, 0x59, 0x31, 0x31, 0x5A, 0x3C, 0x3C, 0x5A, 0x33,
	0x00, 0x01, 0x00, 0x31, 0xFF, 0xF5, 0x02, 0x90, 0x02, 0xC1, 0x00, 0x39, 0x00, 0x00, 0x45, 0x01,
	0x2E, 0x02, 0x35, 0x34, 0x36, 0x36, 0x33, 0x32, 0x16, 0x16, 0x15, 0x14, 0x06, 0x06, 0x07, 0x0E,
	0x02, 0x15, 0x14, 0x16, 0x16, 0x33, 0x32, 0x36, 0x36, 0x37, 0x17, 0x0E, 0x02, 0x23, 0x22, 0x26,
	0x26, 0x35, 0x34, 0x36, 0x36, 0x37, 0x3E, 0x02, 0x35, 0x34, 0x26, 0x23, 0x22, 0x06, 0x15, 0x14,
	0x16, 0x16, 0x17, 0x01, 0x02, 0x67, 0xFE, 0x7E, 0x23, 0x29, 0x10, 0x2B, 0x50, 0x36, 0x31, 0x49,
	0x29, 0x25, 0x54, 0x48, 0x3F, 0x49, 0x1E, 0x2B, 0x4D, 0x32, 0x46, 0x6E, 0x4B, 0x11, 0x39, 0x13,
	0x5C, 0x88, 0x56, 0x44, 0x6A, 0x3D, 0x28, 0x59, 0x4A, 0x3F, 0x47, 0x1E, 0x35, 0x31, 0x35, 0x3A,
	0x0D, 0x25, 0x21, 0x01, 0x72, 0x0B, 0x01, 0x8D, 0x25, 0x37, 0x32, 0x1C, 0x2D, 0x43, 0x25, 0x21,
	0x3E, 0x2C, 0x26, 0x42, 0x3F, 0x27, 0x23, 0x3A, 0x37, 0x21, 0x26, 0x39, 0x1F, 0x3A, 0x76, 0x59,
	0x12, 0x64, 0x88, 0x46, 0x2D, 0x50, 0x35, 0x2D, 0x4B, 0x49, 0x28, 0x23, 0x33, 0x2F, 0x1B, 0x27,
	0x30, 0x35, 0x2A, 0x15, 0x26, 0x2E, 0x23, 0xFE, 0x83, 0x00, 0x00, 0x01, 0x00, 0x15, 0xFF, 0x9C,
	0x02, 0x06, 0x02, 0xE6, 0x00, 0x0F, 0x00, 0x00, 0x57, 0x11, 0x2E, 0x02, 0x35, 0x34, 0x36, 0x36,
	0x33, 0x21, 0x11, 0x23, 0x11, 0x23, 0x11, 0xE2, 0x3C, 0x5D, 0x34, 0x35, 0x61, 0x41, 0x01, 0x1A,
	0x3C, 0xAC, 0x64, 0x01, 0xEF, 0x01, 0x2B, 0x4E, 0x34, 0x36, 0x4D, 0x2A, 0xFC, 0xB6, 0x03, 0x12,
	0xFC, 0xEE, 0x00, 0x02, 0x00, 0x1C, 0xFF, 0x97, 0x01, 0xCB, 0x02, 0xC1, 0x00, 0x25, 0x00, 0x4B,
	0x00, 0x00, 0x57, 0x22, 0x26, 0x26, 0x27, 0x37, 0x16, 0x16, 0x33, 0x32, 0x36, 0x35, 0x34, 0x2E,
	0x05, 0x35, 0x34, 0x36, 0x37, 0x17, 0x06, 0x06, 0x15, 0x14, 0x1E, 0x05, 0x15, 0x14, 0x06, 0x06,
	0x37, 0x27, 0x36, 0x36, 0x35, 0x34, 0x2E, 0x05, 0x35, 0x34, 0x36, 0x36, 0x33, 0x32, 0x16, 0x16,
	0x17, 0x07, 0x26, 0x26, 0x23, 0x22, 0x06, 0x15, 0x14, 0x1E, 0x05, 0x15, 0x14, 0x06, 0xE6, 0x26,
	0x4E, 0x41, 0x15, 0x18, 0x1F, 0x61, 0x34, 0x3F, 0x48, 0x24, 0x39, 0x46, 0x47, 0x3A, 0x24, 0x41,
	0x30, 0x32, 0x2A, 0x3A, 0x24, 0x3A, 0x47, 0x46, 0x3B, 0x23, 0x32, 0x5A, 0x31, 0x34, 0x2C, 0x3B,
	0x24, 0x3A, 0x47, 0x45, 0x3B, 0x24, 0x34, 0x61, 0x44, 0x1F, 0x44, 0x3D, 0x14, 0x18, 0x22, 0x53,
	0x2C, 0x48, 0x4C, 0x24, 0x3A, 0x46, 0x46, 0x3A, 0x24, 0x41, 0x69, 0x11, 0x1E, 0x13, 0x37, 0x1A,
	0x25, 0x31, 0x2F, 0x20, 0x25, 0x17, 0x11, 0x13, 0x21, 0x38, 0x2C, 0x36, 0x49, 0x0F, 0x25, 0x07,
	0x34, 0x2B, 0x21, 0x27, 0x18, 0x10, 0x14, 0x21, 0x37, 0x2B, 0x2F, 0x46, 0x26, 0xFC, 0x26, 0x07,
	0x34, 0x2C, 0x20, 0x28, 0x17, 0x11, 0x14, 0x20, 0x36, 0x2B, 0x30, 0x46, 0x26, 0x0C, 0x17, 0x10,
	0x36, 0x18, 0x17, 0x30, 0x30, 0x1F, 0x25, 0x16, 0x12, 0x14, 0x22, 0x38, 0x2D, 0x33, 0x4B, 0x00,
	0x00, 0x03, 0x00, 0x34, 0xFF, 0xFD, 0x02, 0xF6, 0x02, 0xBF, 0x00, 0x13, 0x00, 0x27, 0x00, 0x45,
	0x00, 0x00, 0x45, 0x22, 0x2E, 0x02, 0x35, 0x34, 0x3E, 0x02, 0x33, 0x32, 0x1E, 0x02, 0x15, 0x14,
	0x0E, 0x02, 0x27, 0x32, 0x3E, 0x02, 0x35, 0x34, 0x2E, 0x02, 0x23, 0x22, 0x0E, 0x02, 0x15, 0x14,
	0x1E, 0x02, 0x37, 0x22, 0x26, 0x26, 0x35, 0x34, 0x36, 0x36, 0x33, 0x32, 0x16, 0x17, 0x07, 0x26,
	0x26, 0x23, 0x22, 0x06, 0x06, 0x15, 0x14, 0x16, 0x16, 0x33, 0x32, 0x36, 0x37, 0x17, 0x06, 0x06,
	0x01, 0x94, 0x4B, 0x80, 0x60, 0x35, 0x36, 0x60, 0x81, 0x4B, 0x4B, 0x81, 0x5F, 0x35, 0x36, 0x61,
	0x80, 0x4C, 0x44, 0x72, 0x57, 0x30, 0x2F, 0x55, 0x73, 0x43, 0x44, 0x74, 0x55, 0x30, 0x30, 0x55,
	0x73, 0x4C, 0x3C, 0x5E, 0x36, 0x36, 0x5E, 0x3C, 0x33, 0x53, 0x19, 0x2B, 0x15, 0x3C, 0x24, 0x2B,
	0x43, 0x28, 0x28, 0x43, 0x2B, 0x24, 0x3C, 0x15, 0x2B, 0x19, 0x53, 0x03, 0x36, 0x61, 0x80, 0x4A,
	0x4A, 0x80, 0x61, 0x36, 0x35, 0x60, 0x7F, 0x4B, 0x4B, 0x81, 0x61, 0x36, 0x25, 0x31, 0x56, 0x75,
	0x42, 0x43, 0x72, 0x56, 0x2F, 0x30, 0x57, 0x72, 0x43, 0x42, 0x73, 0x57, 0x30, 0x6C, 0x35, 0x5E,
	0x3D, 0x3D, 0x5E, 0x35, 0x29, 0x24, 0x20, 0x1D, 0x1C, 0x27, 0x46, 0x2F, 0x2F, 0x46, 0x27, 0x1C,
	0x1D, 0x1F, 0x25, 0x29, 0x00, 0x05, 0x00, 0x34, 0xFF, 0xFD, 0x02, 0xF6, 0x02, 0xBF, 0x00, 0x13,
	0x00, 0x17, 0x00, 0x2B, 0x00, 0x36, 0x00, 0x3F, 0x00, 0x00, 0x45, 0x22, 0x2E, 0x02, 0x35, 0x34,
	0x3E, 0x02, 0x33, 0x32, 0x1E, 0x02, 0x15, 0x14, 0x0E, 0x02, 0x37, 0x27, 0x33, 0x17, 0x07, 0x32,
	0x3E, 0x02, 0x35, 0x34, 0x2E, 0x02, 0x23, 0x22, 0x0E, 0x02, 0x15, 0x14, 0x1E, 0x02, 0x27, 0x11,
	0x33, 0x32, 0x16, 0x15, 0x14, 0x06, 0x23, 0x23, 0x15, 0x27, 0x33, 0x32, 0x36, 0x35, 0x34, 0x26,
	0x23, 0x23, 0x01, 0x94, 0x4B, 0x80, 0x60, 0x35, 0x36, 0x60, 0x81, 0x4B, 0x4B, 0x81, 0x5F, 0x35,
	0x36, 0x61, 0x80, 0x36, 0x65, 0x36, 0x65, 0xB8, 0x44, 0x72, 0x57, 0x30, 0x2F, 0x55, 0x73, 0x43,
	0x44, 0x74, 0x55, 0x30, 0x30, 0x55, 0x73, 0x46, 0x9C, 0x4B, 0x55, 0x55, 0x4B, 0x68, 0x01, 0x66,
	0x35, 0x3B, 0x3B, 0x35, 0x66, 0x03, 0x36, 0x61, 0x80, 0x4A, 0x4A, 0x80, 0x61, 0x36, 0x35, 0x60,
	0x7F, 0x4B, 0x4B, 0x81, 0x61, 0x36, 0x97, 0x9C, 0x9C, 0x72, 0x31, 0x56, 0x75, 0x42, 0x43, 0x72,
	0x56, 0x2F, 0x30, 0x57, 0x72, 0x43, 0x42, 0x73, 0x57, 0x30, 0x72, 0x01, 0x94, 0x49, 0x3D, 0x40,
	0x48, 0x86, 0xB2, 0x30, 0x2C, 0x2B, 0x2F, 0x00, 0x00, 0x02, 0x00, 0x32, 0x01, 0x84, 0x01, 0x71,
	0x02, 0xC1, 0x00, 0x0F, 0x00, 0x1F, 0x00, 0x00, 0x53, 0x22, 0x26, 0x26, 0x35, 0x34, 0x36, 0x36,
	0x33, 0x32, 0x16, 0x16, 0x15, 0x14, 0x06, 0x06, 0x27, 0x32, 0x36, 0x36, 0x35, 0x34, 0x26, 0x26,
	0x23, 0x22, 0x06, 0x06, 0x15, 0x14, 0x16, 0x16, 0xD1, 0x2C, 0x49, 0x2A, 0x2A, 0x49, 0x2C, 0x2D,
	0x49, 0x2A, 0x2A, 0x49, 0x2C, 0x20, 0x35, 0x1E, 0x1E, 0x35, 0x20, 0x21, 0x35, 0x1E, 0x1E, 0x35,
	0x01, 0x84, 0x2B, 0x47, 0x2D, 0x2C, 0x48, 0x2A, 0x2A, 0x48, 0x2C, 0x2C, 0x48, 0x2B, 0x2A, 0x20,
	0x34, 0x21, 0x21, 0x35, 0x1E, 0x1E, 0x35, 0x21, 0x21, 0x35, 0x1F, 0x00, 0x00, 0x01, 0x00, 0x45,
	0x01, 0xB4, 0x00, 0x84, 0x02, 0xBC, 0x00, 0x03, 0x00, 0x00, 0x53, 0x03, 0x33, 0x03, 0x4A, 0x05,
	0x3F, 0x05, 0x01, 0xB4, 0x01, 0x08, 0xFE, 0xF8, 0x00, 0x02, 0x00, 0x45, 0x01, 0xB4, 0x01, 0x2F,
	0x02, 0xBC, 0x00, 0x03, 0x00, 0x07, 0x00, 0x00, 0x53, 0x03, 0x33, 0x03, 0x23, 0x03, 0x33, 0x03,
	0xF5, 0x05, 0x3F, 0x05, 0xE0, 0x05, 0x3F, 0x05, 0x01, 0xB4, 0x01, 0x08, 0xFE, 0xF8, 0x01, 0x08,
	0xFE, 0xF8, 0x00, 0x01, 0x00, 0x72, 0xFF, 0x3E, 0x00, 0xB4, 0x02, 0xE6, 0x00, 0x03, 0x00, 0x00,
	0x57, 0x11, 0x33, 0x11, 0x72, 0x42, 0xC2, 0x03, 0xA8, 0xFC, 0x58, 0x00, 0x00, 0x02, 0x00, 0x72,
	0xFF, 0x3E, 0x00, 0xB4, 0x02, 0xE6, 0x00, 0x03, 0x00, 0x07, 0x00, 0x00, 0x53, 0x11, 0x33, 0x11,
	0x03, 0x11, 0x33, 0x11, 0x72, 0x42, 0x42, 0x42, 0x01, 0x88, 0x01, 0x5E, 0xFE, 0xA2, 0xFD, 0xB6,
	0x01, 0x5E, 0xFE, 0xA2, 0x00, 0x01, 0x00, 0x1E, 0xFF, 0x3E, 0x02, 0x05, 0x02, 0xBC, 0x00, 0x0B,
	0x00, 0x00, 0x57, 0x11, 0x23, 0x35, 0x33, 0x35, 0x33, 0x15, 0x33, 0x15, 0x23, 0x11, 0xEE, 0xD0,
	0xD0, 0x47, 0xD0, 0xD0, 0xC2, 0x02, 0x45, 0x3F, 0xFA, 0xFA, 0x3F, 0xFD, 0xBB, 0x00, 0x00, 0x01,
	0x00, 0x1E, 0xFF, 0x3E, 0x02, 0x05, 0x02, 0xBC, 0x00, 0x13, 0x00, 0x00, 0x57, 0x35, 0x23, 0x35,
	0x33, 0x11, 0x23, 0x35, 0x33, 0x35, 0x33, 0x15, 0x33, 0x15, 0x23, 0x11, 0x33, 0x15, 0x23, 0x15,
	0xEE, 0xD0, 0xD0, 0xD0, 0xD0, 0x47, 0xD0, 0xD0, 0xD0, 0xD0, 0xC2, 0xFA, 0x3F, 0x01, 0x0C, 0x3F,
	0xFA, 0xFA, 0x3F, 0xFE, 0xF4, 0x3F, 0xFA, 0x00, 0x00, 0x04, 0x00, 0x72, 0x00, 0x00, 0x04, 0x78,
	0x02, 0xC1, 0x00, 0x0B, 0x00, 0x0F, 0x00, 0x1F, 0x00, 0x2B, 0x00, 0x00, 0x73, 0x11, 0x33, 0x01,
	0x23, 0x11, 0x33, 0x11, 0x23, 0x01, 0x33, 0x11, 0x25, 0x35, 0x21, 0x15, 0x27, 0x22, 0x26, 0x26,
	0x35, 0x34, 0x36, 0x36, 0x33, 0x32, 0x16, 0x16, 0x15, 0x14, 0x06, 0x06, 0x27, 0x32, 0x36, 0x35,
	0x34, 0x26, 0x23, 0x22, 0x06, 0x15, 0x14, 0x16, 0x72, 0x3D, 0x01, 0xE3, 0x20, 0x49, 0x3D, 0xFE,
	0x1E, 0x20, 0x02, 0x76, 0x01, 0x32, 0x99, 0x32, 0x4E, 0x2D, 0x2D, 0x4E, 0x32, 0x32, 0x4E, 0x2D,
	0x2D, 0x4E, 0x32, 0x36, 0x43, 0x43, 0x36, 0x34, 0x45, 0x45, 0x02, 0xBC, 0xFD, 0xA0, 0x02, 0x60,
	0xFD, 0x44, 0x02, 0x60, 0xFD, 0xA0, 0xFA, 0x31, 0x31, 0x88, 0x29, 0x48, 0x2F, 0x2E, 0x48, 0x29,
	0x29, 0x48, 0x2E, 0x2F, 0x48, 0x29, 0x2D, 0x40, 0x33, 0x34, 0x3F, 0x40, 0x33, 0x33, 0x40, 0x00,
	0xFF, 0xFF, 0x00, 0x34, 0xFF, 0x7B, 0x03, 0xD5, 0x03, 0x05, 0x06, 0x06, 0x03, 0x1C, 0x00, 0x43,
	0x00, 0x01, 0x00, 0x27, 0xFF, 0xF7, 0x02, 0x21, 0x02, 0x3A, 0x00, 0x34, 0x00, 0x00, 0x45, 0x01,
	0x26, 0x26, 0x35, 0x34, 0x36, 0x36, 0x33, 0x32, 0x16, 0x15, 0x14, 0x06, 0x06, 0x07, 0x0E, 0x02,
	0x15, 0x14, 0x16, 0x33, 0x32, 0x36, 0x36, 0x37, 0x17, 0x0E, 0x02, 0x23, 0x22, 0x26, 0x26, 0x35,
	0x34, 0x36, 0x37, 0x3E, 0x02, 0x35, 0x34, 0x26, 0x23, 0x22, 0x06, 0x15, 0x14, 0x16, 0x17, 0x01,
	0x01, 0xF9, 0xFE, 0xC0, 0x2B, 0x1F, 0x24, 0x43, 0x2D, 0x3F, 0x4B, 0x1F, 0x46, 0x3A, 0x32, 0x3A,
	0x18, 0x4A, 0x3D, 0x37, 0x59, 0x3E, 0x0F, 0x37, 0x12, 0x4E, 0x70, 0x47, 0x39, 0x5A, 0x34, 0x4C,
	0x5C, 0x32, 0x3A, 0x18, 0x28, 0x27, 0x2A, 0x2D, 0x1A, 0x2A, 0x01, 0x30, 0x09, 0x01, 0x3E, 0x2B,
	0x3D, 0x21, 0x26, 0x38, 0x1E, 0x3D, 0x36, 0x20, 0x36, 0x34, 0x1E, 0x1A, 0x2D, 0x2B, 0x1A, 0x2B,
	0x37, 0x30, 0x5F, 0x46, 0x10, 0x51, 0x71, 0x3A, 0x26, 0x44, 0x2C, 0x35, 0x57, 0x2E, 0x1A, 0x27,
	0x25, 0x15, 0x1E, 0x24, 0x29, 0x1F, 0x18, 0x2C, 0x29, 0xFE, 0xD1, 0x00, 0x00, 0x04, 0x00, 0x72,
	0x00, 0x00, 0x04, 0x6F, 0x02, 0xC2, 0x00, 0x14, 0x00, 0x18, 0x00, 0x28, 0x00, 0x34, 0x00, 0x00,
	0x73, 0x11, 0x33, 0x15, 0x27, 0x36, 0x36, 0x33, 0x32, 0x16, 0x15, 0x11, 0x23, 0x11, 0x34, 0x26,
	0x23, 0x22, 0x06, 0x15, 0x11, 0x25, 0x35, 0x21, 0x15, 0x27, 0x22, 0x26, 0x26, 0x35, 0x34, 0x36,
	0x36, 0x33, 0x32, 0x16, 0x16, 0x15, 0x14, 0x06, 0x06, 0x27, 0x32, 0x36, 0x35, 0x34, 0x26, 0x23,
	0x22, 0x06, 0x15, 0x14, 0x16, 0x72, 0x47, 0x13, 0x1E, 0x85, 0x5D, 0x7D, 0x90, 0x4A, 0x6F, 0x62,
	0x65, 0x77, 0x02, 0x6E, 0x01, 0x32, 0x99, 0x32, 0x4E, 0x2D, 0x2D, 0x4E, 0x32, 0x32, 0x4E, 0x2C,
	0x2C, 0x4E, 0x32, 0x35, 0x44, 0x44, 0x35, 0x35, 0x45, 0x45, 0x02, 0xBC, 0xAD, 0x0C, 0x57, 0x50,
	0x94, 0x8D, 0xFE, 0x5F, 0x01, 0x9F, 0x70, 0x71, 0x76, 0x7C, 0xFE, 0x72, 0xFA, 0x31, 0x31, 0x88,
	0x29, 0x48, 0x2F, 0x2E, 0x48, 0x29, 0x29, 0x48, 0x2E, 0x2F, 0x48, 0x29, 0x2D, 0x40, 0x33, 0x34,
	0x3F, 0x3F, 0x34, 0x33, 0x40, 0x00, 0x00, 0x02, 0x00, 0x2E, 0xFF, 0x88, 0x02, 0x0B, 0x02, 0x85,
	0x00, 0x1D, 0x00, 0x21, 0x00, 0x00, 0x45, 0x22, 0x26, 0x26, 0x35, 0x34, 0x36, 0x36, 0x33, 0x32,
	0x16, 0x17, 0x07, 0x26, 0x26, 0x23, 0x22, 0x06, 0x06, 0x15, 0x14, 0x16, 0x16, 0x33, 0x32, 0x36,
	0x37, 0x17, 0x06, 0x06, 0x07, 0x11, 0x33, 0x11, 0x01, 0x3D, 0x4E, 0x7B, 0x46, 0x46, 0x7B, 0x4E,
	0x43, 0x6C, 0x1F, 0x35, 0x1B, 0x50, 0x2F, 0x38, 0x5A, 0x34, 0x34, 0x5A, 0x38, 0x2F, 0x50, 0x1B,
	0x35, 0x1F, 0x6C, 0x62, 0x31, 0x05, 0x45, 0x79, 0x4E, 0x4F, 0x78, 0x44, 0x34, 0x34, 0x24, 0x28,
	0x26, 0x33, 0x5C, 0x3E, 0x3E, 0x5C, 0x33, 0x26, 0x27, 0x24, 0x33, 0x35, 0x73, 0x02, 0xFD, 0xFD,
	0x03, 0x00, 0x00, 0x06, 0x00, 0x22, 0x00, 0x00, 0x02, 0x9A, 0x02, 0x7B, 0x00, 0x13, 0x00, 0x17,
	0x00, 0x1B, 0x00, 0x1F, 0x00, 0x2F, 0x00, 0x33, 0x00, 0x00, 0x65, 0x22, 0x2E, 0x02, 0x35, 0x34,
	0x3E, 0x02, 0x33, 0x32, 0x1E, 0x02, 0x15, 0x14, 0x0E, 0x02, 0x05, 0x27, 0x37, 0x17, 0x03, 0x27,
	0x37, 0x17, 0x01, 0x27, 0x37, 0x17, 0x25, 0x32, 0x36, 0x36, 0x35, 0x34, 0x26, 0x26, 0x23, 0x22,
	0x06, 0x06, 0x15, 0x14, 0x16, 0x16, 0x01, 0x27, 0x37, 0x17, 0x01, 0x5E, 0x38, 0x64, 0x4B, 0x2B,
	0x2B, 0x4B, 0x64, 0x38, 0x39, 0x64, 0x4C, 0x2B, 0x2B, 0x4C, 0x64, 0xFE, 0xB4, 0x29, 0x75, 0x2A,
	0x2A, 0x75, 0x29, 0x76, 0x01, 0xAF, 0x75, 0x2A, 0x75, 0xFE, 0xC4, 0x3C, 0x62, 0x3B, 0x3B, 0x62,
	0x3C, 0x3B, 0x62, 0x3A, 0x3A, 0x62, 0x01, 0x02, 0x2A, 0x75, 0x2A, 0x34, 0x2A, 0x49, 0x60, 0x37,
	0x37, 0x61, 0x4A, 0x2A, 0x2A, 0x4A, 0x61, 0x37, 0x37, 0x60, 0x49, 0x2A, 0x34, 0x2D, 0x75, 0x2D,
	0x01, 0x64, 0x75, 0x2D, 0x75, 0xFD, 0xFA, 0x75, 0x2D, 0x75, 0x43, 0x38, 0x5D, 0x39, 0x39, 0x5E,
	0x39, 0x39, 0x5E, 0x39, 0x39, 0x5D, 0x38, 0x01, 0x69, 0x2D, 0x75, 0x2D, 0x00, 0x02, 0x00, 0x2F,
	0xFF, 0x88, 0x02, 0x38, 0x03, 0x34, 0x00, 0x2D, 0x00, 0x31, 0x00, 0x00, 0x45, 0x22, 0x26, 0x27,
	0x37, 0x16, 0x16, 0x33, 0x32, 0x36, 0x36, 0x35, 0x34, 0x2E, 0x05, 0x35, 0x34, 0x36, 0x36, 0x33,
	0x32, 0x16, 0x17, 0x07, 0x26, 0x26, 0x23, 0x22, 0x06, 0x06, 0x15, 0x14, 0x1E, 0x05, 0x15, 0x14,
	0x06, 0x06, 0x07, 0x11, 0x33, 0x11, 0x01, 0x33, 0x4E, 0x8F, 0x27, 0x1D, 0x25, 0x7D, 0x45, 0x42,
	0x53, 0x27, 0x2F, 0x4C, 0x5C, 0x5C, 0x4D, 0x2F, 0x37, 0x72, 0x59, 0x3B, 0x74, 0x2A, 0x19, 0x2D,
	0x65, 0x2F, 0x3F, 0x52, 0x27, 0x2F, 0x4D, 0x5C, 0x5B, 0x4D, 0x2F, 0x38, 0x73, 0x6F, 0x32, 0x06,
	0x33, 0x28, 0x39, 0x24, 0x31, 0x21, 0x38, 0x22, 0x29, 0x32, 0x1D, 0x16, 0x19, 0x2A, 0x45, 0x38,
	0x34, 0x57, 0x35, 0x21, 0x1D, 0x3B, 0x1E, 0x1C, 0x22, 0x39, 0x24, 0x29, 0x32, 0x1C, 0x16, 0x1A,
	0x29, 0x44, 0x37, 0x33, 0x57, 0x35, 0x72, 0x03, 0xAC, 0xFC, 0x54, 0x00, 0x00, 0x03, 0x00, 0x1E,
	0x00, 0x00, 0x02, 0x6D, 0x02, 0xC2, 0x00, 0x10, 0x00, 0x14, 0x00, 0x18, 0x00, 0x00, 0x77, 0x11,
	0x34, 0x36, 0x36, 0x33, 0x32, 0x16, 0x17, 0x07, 0x26, 0x26, 0x23, 0x22, 0x06, 0x15, 0x11, 0x07,
	0x35, 0x21, 0x15, 0x01, 0x35, 0x21, 0x15, 0x8F, 0x3F, 0x7D, 0x5A, 0x3D, 0x63, 0x28, 0x1B, 0x24,
	0x5B, 0x34, 0x64, 0x63, 0xBA, 0x02, 0x42, 0xFD, 0xBE, 0x01, 0xCF, 0x0D, 0x01, 0xBE, 0x4B, 0x6F,
	0x3D, 0x19, 0x1C, 0x3D, 0x1A, 0x16, 0x5E, 0x57, 0xFE, 0x42, 0x0D, 0x40, 0x40, 0x01, 0x45, 0x32,
	0x32, 0x00, 0x00, 0x03, 0x00, 0x01, 0x00, 0x00, 0x02, 0xB6, 0x02, 0xBC, 0x00, 0x0B, 0x00, 0x0F,
	0x00, 0x13, 0x00, 0x00, 0x61, 0x11, 0x17, 0x01, 0x33, 0x01, 0x23, 0x01, 0x33, 0x01, 0x37, 0x11,
	0x25, 0x35, 0x21, 0x15, 0x25, 0x35, 0x21, 0x15, 0x01, 0x37, 0x11, 0xFE, 0xB9, 0x4E, 0x01, 0x23,
	0x2B, 0x01, 0x23, 0x4C, 0xFE, 0xB9, 0x11, 0xFE, 0xDB, 0x02, 0x01, 0xFD, 0xFF, 0x02, 0x01, 0x01,
	0x30, 0x31, 0x01, 0xBD, 0xFE, 0x76, 0x01, 0x8A, 0xFE, 0x43, 0x31, 0xFE, 0xD0, 0x82, 0x2C, 0x2C,
	0x8A, 0x2C, 0x2C, 0x00, 0x00, 0x03, 0x00, 0x55, 0x00, 0x00, 0x01, 0xAC, 0x02, 0xBC, 0x00, 0x03,
	0x00, 0x0F, 0x00, 0x1B, 0x00, 0x00, 0x73, 0x13, 0x33, 0x03, 0x33, 0x22, 0x26, 0x35, 0x34, 0x36,
	0x33, 0x32, 0x16, 0x15, 0x14, 0x06, 0x01, 0x22, 0x26, 0x35, 0x34, 0x36, 0x33, 0x32, 0x16, 0x15,
	0x14, 0x06, 0x68, 0xF9, 0x39, 0xFA, 0xDA, 0x14, 0x1D, 0x1D, 0x14, 0x15, 0x1D, 0x1D, 0xFE, 0xF8,
	0x14, 0x1E, 0x1E, 0x14, 0x14, 0x1D, 0x1D, 0x02, 0xBC, 0xFD, 0x44, 0x1D, 0x14, 0x14, 0x1D, 0x1D,
	0x14, 0x14, 0x1D, 0x02, 0x5A, 0x1D, 0x14, 0x15, 0x1C, 0x1C, 0x15, 0x14, 0x1D, 0x00, 0x00, 0x02,
	0x00, 0x46, 0x00, 0x8A, 0x01, 0xF9, 0x02, 0x32, 0x00, 0x03, 0x00, 0x07, 0x00, 0x00, 0x65, 0x11,
	0x33, 0x11, 0x27, 0x35, 0x21, 0x15, 0x01, 0x00, 0x3F, 0xF9, 0x01, 0xB3, 0x8A, 0x01, 0xA8, 0xFE,
	0x58, 0xB6, 0x3B, 0x3B, 0x00, 0x02, 0x00, 0x72, 0x00, 0xAE, 0x01, 0xCD, 0x02, 0x0E, 0x00, 0x03,
	0x00, 0x07, 0x00, 0x00, 0x65, 0x37, 0x01, 0x07, 0x13, 0x01, 0x27, 0x01, 0x01, 0xA5, 0x28, 0xFE,
	0xCD, 0x28, 0x28, 0x01, 0x33, 0x28, 0xFE, 0xCD, 0xAE, 0x2B, 0x01, 0x35, 0x2B, 0xFE, 0xCB, 0x01,
	0x35, 0x2B, 0xFE, 0xCB, 0x00, 0x03, 0x00, 0x46, 0x00, 0x6E, 0x01, 0xF9, 0x02, 0x4E, 0x00, 0x03,
	0x00, 0x0F, 0x00, 0x1B, 0x00, 0x00, 0x53, 0x35, 0x21, 0x15, 0x07, 0x22, 0x26, 0x35, 0x34, 0x36,
	0x33, 0x32, 0x16, 0x15, 0x14, 0x06, 0x03, 0x22, 0x26, 0x35, 0x34, 0x36, 0x33, 0x32, 0x16, 0x15,
	0x14, 0x06, 0x46, 0x01, 0xB3, 0xDA, 0x13, 0x1C, 0x1C, 0x13, 0x14, 0x1C, 0x1C, 0x14, 0x13, 0x1C,
	0x1C, 0x13, 0x14, 0x1C, 0x1C, 0x01, 0x40, 0x3B, 0x3B, 0xD2, 0x1C, 0x15, 0x15, 0x1B, 0x1B, 0x15,
	0x15, 0x1C, 0x01, 0x7F, 0x1C, 0x14, 0x16, 0x1B, 0x1B, 0x16, 0x14, 0x1C, 0x00, 0x02, 0x00, 0x46,
	0x00, 0xCD, 0x01, 0xF9, 0x01, 0xEF, 0x00, 0x03, 0x00, 0x07, 0x00, 0x00, 0x53, 0x35, 0x21, 0x15,
	0x05, 0x35, 0x21, 0x15, 0x46, 0x01, 0xB3, 0xFE, 0x4D, 0x01, 0xB3, 0x01, 0xB4, 0x3B, 0x3B, 0xE7,
	0x3B, 0x3B, 0x00, 0x01, 0x00, 0x46, 0x00, 0x8F, 0x01, 0xF9, 0x02, 0x2D, 0x00, 0x07, 0x00, 0x00,
	0x77, 0x35, 0x25, 0x15, 0x25, 0x35, 0x05, 0x15, 0x46, 0x01, 0x99, 0xFE, 0x67, 0x01, 0xB3, 0x8F,
	0x3E, 0xA1, 0x20, 0xA1, 0x3E, 0xAE, 0x42, 0x00, 0x00, 0x01, 0x00, 0x46, 0x00, 0x8F, 0x01, 0xF9,
	0x02, 0x2D, 0x00, 0x07, 0x00, 0x00, 0x65, 0x25, 0x35, 0x25, 0x15, 0x05, 0x35, 0x05, 0x01, 0xF9,
	0xFE, 0x4D, 0x01, 0xB3, 0xFE, 0x67, 0x01, 0x99, 0x8F, 0xAE, 0x42, 0xAE, 0x3E, 0xA1, 0x20, 0xA1,
	0x00, 0x03, 0x00, 0x46, 0x00, 0x00, 0x01, 0xF9, 0x02, 0x4F, 0x00, 0x03, 0x00, 0x07, 0x00, 0x0B,
	0x00, 0x00, 0x65, 0x11, 0x33, 0x11, 0x07, 0x35, 0x21, 0x15, 0x01, 0x35, 0x21, 0x15, 0x01, 0x00,
	0x3F, 0xF9, 0x01, 0xB3, 0xFE, 0x4D, 0x01, 0xB3, 0xAD, 0x01, 0xA2, 0xFE, 0x5E, 0xAD, 0x3B, 0x3B,
	0x01, 0x60, 0x3C, 0x3C, 0x00, 0x01, 0x00, 0x3E, 0x01, 0x10, 0x02, 0x01, 0x01, 0xAD, 0x00, 0x17,
	0x00, 0x00, 0x41, 0x22, 0x2E, 0x02, 0x23, 0x22, 0x06, 0x07, 0x23, 0x36, 0x36, 0x33, 0x32, 0x1E,
	0x02, 0x33, 0x32, 0x36, 0x37, 0x33, 0x06, 0x06, 0x01, 0x85, 0x24, 0x35, 0x2C, 0x2A, 0x1A, 0x23,
	0x29, 0x02, 0x30, 0x02, 0x45, 0x35, 0x24, 0x35, 0x2B, 0x2B, 0x1A, 0x23, 0x2A, 0x01, 0x30, 0x02,
	0x44, 0x01, 0x10, 0x1F, 0x28, 0x1E, 0x33, 0x2C, 0x4B, 0x4C, 0x1F, 0x28, 0x1F, 0x35, 0x2B, 0x4B,
	0x4C, 0x00, 0x00, 0x01, 0x00, 0x46, 0x00, 0x8D, 0x01, 0xF9, 0x01, 0x7C, 0x00, 0x05, 0x00, 0x00,
	0x65, 0x35, 0x21, 0x35, 0x21, 0x15, 0x01, 0xBA, 0xFE, 0x8C, 0x01, 0xB3, 0x8D, 0xB4, 0x3B, 0xEF,
	0x00, 0x01, 0x00, 0x53, 0x00, 0x8F, 0x01, 0xED, 0x02, 0x2D, 0x00, 0x07, 0x00, 0x00, 0x77, 0x13,
	0x33, 0x13, 0x23, 0x03, 0x33, 0x03, 0x53, 0xAF, 0x3D, 0xAE, 0x3B, 0xA1, 0x1E, 0xA1, 0x8F, 0x01,
	0x9E, 0xFE, 0x62, 0x01, 0x85, 0xFE, 0x7B, 0x00, 0xFF, 0xFF, 0x00, 0x63, 0xFF, 0x3E, 0x02, 0x43,
	0x02, 0x0D, 0x06, 0x06, 0x02, 0x65, 0x00, 0x00, 0x00, 0x05, 0x00, 0x2A, 0xFF, 0xFB, 0x03, 0x13,
	0x02, 0xC1, 0x00, 0x03, 0x00, 0x13, 0x00, 0x1F, 0x00, 0x2F, 0x00, 0x3B, 0x00, 0x00, 0x73, 0x01,
	0x33, 0x01, 0x03, 0x22, 0x26, 0x26, 0x35, 0x34, 0x36, 0x36, 0x33, 0x32, 0x16, 0x16, 0x15, 0x14,
	0x06, 0x06, 0x27, 0x32, 0x36, 0x35, 0x34, 0x26, 0x23, 0x22, 0x06, 0x15, 0x14, 0x16, 0x01, 0x22,
	0x26, 0x26, 0x35, 0x34, 0x36, 0x36, 0x33, 0x32, 0x16, 0x16, 0x15, 0x14, 0x06, 0x06, 0x27, 0x32,
	0x36, 0x35, 0x34, 0x26, 0x23, 0x22, 0x06, 0x15, 0x14, 0x16, 0x92, 0x01, 0xDE, 0x3B, 0xFE, 0x22,
	0x05, 0x2F, 0x48, 0x27, 0x27, 0x48, 0x2F, 0x2F, 0x47, 0x28, 0x28, 0x47, 0x2F, 0x31, 0x3B, 0x3B,
	0x31, 0x32, 0x3A, 0x3A, 0x01, 0xDF, 0x2E, 0x48, 0x28, 0x28, 0x48, 0x2E, 0x30, 0x47, 0x27, 0x27,
	0x47, 0x30, 0x31, 0x3B, 0x3B, 0x31, 0x31, 0x3B, 0x3B, 0x02, 0xBC, 0xFD, 0x44, 0x01, 0x45, 0x2F,
	0x56, 0x39, 0x39, 0x56, 0x2F, 0x2F, 0x55, 0x3A, 0x39, 0x56, 0x2F, 0x2D, 0x4D, 0x44, 0x44, 0x4D,
	0x4D, 0x44, 0x44, 0x4D, 0xFE, 0x89, 0x2F, 0x56, 0x39, 0x39, 0x56, 0x2F, 0x2F, 0x56, 0x39, 0x39,
	0x56, 0x2F, 0x2D, 0x4D, 0x44, 0x44, 0x4D, 0x4D, 0x44, 0x44, 0x4D, 0x00, 0x00, 0x07, 0x00, 0x2A,
	0xFF, 0xFB, 0x04, 0x7C, 0x02, 0xC1, 0x00, 0x03, 0x00, 0x13, 0x00, 0x1F, 0x00, 0x2F, 0x00, 0x3B,
	0x00, 0x4B, 0x00, 0x57, 0x00, 0x00, 0x73, 0x01, 0x33, 0x01, 0x03, 0x22, 0x26, 0x26, 0x35, 0x34,
	0x36, 0x36, 0x33, 0x32, 0x16, 0x16, 0x15, 0x14, 0x06, 0x06, 0x27, 0x32, 0x36, 0x35, 0x34, 0x26,
	0x23, 0x22, 0x06, 0x15, 0x14, 0x16, 0x01, 0x22, 0x26, 0x26, 0x35, 0x34, 0x36, 0x36, 0x33, 0x32,
	0x16, 0x16, 0x15, 0x14, 0x06, 0x06, 0x27, 0x32, 0x36, 0x35, 0x34, 0x26, 0x23, 0x22, 0x06, 0x15,
	0x14, 0x16, 0x05, 0x22, 0x26, 0x26, 0x35, 0x34, 0x36, 0x36, 0x33, 0x32, 0x16, 0x16, 0x15, 0x14,
	0x06, 0x06, 0x27, 0x32, 0x36, 0x35, 0x34, 0x26, 0x23, 0x22, 0x06, 0x15, 0x14, 0x16, 0x92, 0x01,
	0xDE, 0x3B, 0xFE, 0x22, 0x05, 0x2F, 0x48, 0x27, 0x27, 0x48, 0x2F, 0x2F, 0x47, 0x28, 0x28, 0x47,
	0x2F, 0x31, 0x3B, 0x3B, 0x31, 0x32, 0x3A, 0x3A, 0x01, 0xDF, 0x2E, 0x48, 0x28, 0x28, 0x48, 0x2E,
	0x30, 0x47, 0x27, 0x27, 0x47, 0x30, 0x31, 0x3B, 0x3B, 0x31, 0x31, 0x3B, 0x3B, 0x01, 0x9A, 0x2E,
	0x48, 0x28, 0x28, 0x48, 0x2E, 0x30, 0x47, 0x27, 0x27, 0x47, 0x30, 0x31, 0x3B, 0x3B, 0x31, 0x31,
	0x3B, 0x3B, 0x02, 0xBC, 0xFD, 0x44, 0x01, 0x45, 0x2F, 0x56, 0x39, 0x39, 0x56, 0x2F, 0x2F, 0x55,
	0x3A, 0x39, 0x56, 0x2F, 0x2D, 0x4D, 0x44, 0x44, 0x4D, 0x4D, 0x44, 0x44, 0x4D, 0xFE, 0x89, 0x2F,
	0x56, 0x39, 0x39, 0x56, 0x2F, 0x2F, 0x56, 0x39, 0x39, 0x56, 0x2F, 0x2D, 0x4D, 0x44, 0x44, 0x4D,
	0x4D, 0x44, 0x44, 0x4D, 0x2D, 0x2F, 0x55, 0x3A, 0x3A, 0x55, 0x2F, 0x2F, 0x56, 0x39, 0x39, 0x56,
	0x2F, 0x2D, 0x4D, 0x44, 0x44, 0x4D, 0x4D, 0x44, 0x44, 0x4D, 0x00, 0x01, 0x00, 0x47, 0x02, 0x59,
	0x01, 0x72, 0x02, 0xDB, 0x00, 0x0D, 0x00, 0x00, 0x53, 0x22, 0x26, 0x27, 0x33, 0x16, 0x16, 0x33,
	0x32, 0x36, 0x37, 0x33, 0x06, 0x06, 0xDC, 0x42, 0x51, 0x02, 0x33, 0x01, 0x36, 0x2B, 0x2B, 0x37,
	0x01, 0x33, 0x01, 0x52, 0x02, 0x59, 0x43, 0x3F, 0x28, 0x2E, 0x2E, 0x28, 0x3F, 0x43, 0x00, 0x01,
	0x00, 0x46, 0x02, 0xEF, 0x01, 0x8C, 0x03, 0x70, 0x00, 0x0D, 0x00, 0x00, 0x53, 0x22, 0x26, 0x27,
	0x33, 0x16, 0x16, 0x33, 0x32, 0x36, 0x37, 0x33, 0x06, 0x06, 0xE9, 0x4B, 0x57, 0x01, 0x37, 0x01,
	0x3B, 0x30, 0x30, 0x3B, 0x01, 0x37, 0x01, 0x58, 0x02, 0xEF, 0x44, 0x3D, 0x28, 0x2E, 0x2E, 0x28,
	0x3D, 0x44, 0x00, 0x01, 0x00, 0x3C, 0xFF, 0x8D, 0x00, 0xD8, 0x00, 0x3E, 0x00, 0x06, 0x00, 0x00,
	0x57, 0x35, 0x17, 0x23, 0x35, 0x33, 0x15, 0x95, 0x12, 0x6B, 0x9C, 0x73, 0x86, 0x13, 0x3E, 0xB1,
	0x00, 0x01, 0x00, 0x2E, 0xFF, 0x63, 0x00, 0xE5, 0x00, 0x40, 0x00, 0x06, 0x00, 0x00, 0x57, 0x35,
	0x17, 0x23, 0x35, 0x33, 0x15, 0xA0, 0x14, 0x86, 0xB7, 0x9D, 0xB1, 0x14, 0x40, 0xDD, 0x00, 0x01,
	0x00, 0x42, 0xFF, 0x8C, 0x00, 0xC6, 0x00, 0x3D, 0x00, 0x06, 0x00, 0x00, 0x57, 0x35, 0x17, 0x23,
	0x35, 0x33, 0x15, 0x85, 0x13, 0x56, 0x84, 0x74, 0x87, 0x13, 0x3D, 0xB1, 0x00, 0x01, 0x00, 0x3E,
	0xFF, 0x63, 0x00, 0xC7, 0x00, 0x40, 0x00, 0x06, 0x00, 0x00, 0x57, 0x35, 0x17, 0x23, 0x35, 0x33,
	0x15, 0x82, 0x14, 0x58, 0x89, 0x9D, 0xB1, 0x14, 0x40, 0xDD, 0x00, 0x02, 0x00, 0xA8, 0x02, 0x76,
	0x01, 0xB0, 0x02, 0xCC, 0x00, 0x0B, 0x00, 0x17, 0x00, 0x00, 0x41, 0x22, 0x26, 0x35, 0x34, 0x36,
	0x33, 0x32, 0x16, 0x15, 0x14, 0x06, 0x23, 0x22, 0x26, 0x35, 0x34, 0x36, 0x33, 0x32, 0x16, 0x15,
	0x14, 0x06, 0x01, 0x85, 0x11, 0x1A, 0x1A, 0x11, 0x12, 0x19, 0x19, 0xC4, 0x12, 0x19, 0x19, 0x12,
	0x11, 0x1A, 0x1A, 0x02, 0x76, 0x18, 0x13, 0x13, 0x18, 0x18, 0x13, 0x13, 0x18, 0x18, 0x13, 0x13,
	0x18, 0x18, 0x13, 0x13, 0x18, 0x00, 0x00, 0x01, 0x00, 0xFC, 0x02, 0x76, 0x01, 0x5C, 0x02, 0xD6,
	0x00, 0x0B, 0x00, 0x00, 0x41, 0x22, 0x26, 0x35, 0x34, 0x36, 0x33, 0x32, 0x16, 0x15, 0x14, 0x06,
	0x01, 0x2C, 0x14, 0x1C, 0x1C, 0x14, 0x14, 0x1C, 0x1C, 0x02, 0x76, 0x1C, 0x14, 0x15, 0x1B, 0x1B,
	0x15, 0x14, 0x1C, 0x00, 0x00, 0x01, 0x00, 0x85, 0x02, 0x5F, 0x01, 0x6D, 0x02, 0xDB, 0x00, 0x03,
	0x00, 0x00, 0x41, 0x27, 0x33, 0x17, 0x01, 0x27, 0xA2, 0x5F, 0x89, 0x02, 0x5F, 0x7C, 0x7C, 0x00,
	0x00, 0x01, 0x00, 0xEB, 0x02, 0x5F, 0x01, 0xD3, 0x02, 0xDB, 0x00, 0x03, 0x00, 0x00, 0x53, 0x37,
	0x33, 0x07, 0xEB, 0x89, 0x5F, 0xA2, 0x02, 0x5F, 0x7C, 0x7C, 0x00, 0x02, 0x00, 0xBB, 0x02, 0x5F,
	0x02, 0x0D, 0x02, 0xDB, 0x00, 0x03, 0x00, 0x07, 0x00, 0x00, 0x41, 0x37, 0x33, 0x07, 0x23, 0x37,
	0x33, 0x07, 0x01, 0x5E, 0x60, 0x4F, 0x70, 0xE2, 0x61, 0x4F, 0x71, 0x02, 0x5F, 0x7C, 0x7C, 0x7C,
	0x7C, 0x00, 0x00, 0x01, 0x00, 0x87, 0x02, 0x5F, 0x01, 0xD1, 0x02, 0xDB, 0x00, 0x07, 0x00, 0x00,
	0x53, 0x37, 0x33, 0x17, 0x23, 0x27, 0x33, 0x07, 0x87, 0x81, 0x48, 0x81, 0x42, 0x7F, 0x38, 0x7F,
	0x02, 0x5F, 0x7C, 0x7C, 0x6A, 0x6A, 0x00, 0x02, 0x00, 0xC3, 0x02, 0x53, 0x01, 0x94, 0x03, 0x22,
	0x00, 0x0F, 0x00, 0x1B, 0x00, 0x00, 0x41, 0x22, 0x26, 0x26, 0x35, 0x34, 0x36, 0x36, 0x33, 0x32,
	0x16, 0x16, 0x15, 0x14, 0x06, 0x06, 0x27, 0x32, 0x36, 0x35, 0x34, 0x26, 0x23, 0x22, 0x06, 0x15,
	0x14, 0x16, 0x01, 0x2B, 0x1E, 0x2F, 0x1B, 0x1C, 0x2F, 0x1D, 0x1E, 0x2F, 0x1C, 0x1C, 0x2F, 0x1E,
	0x1E, 0x26, 0x26, 0x1E, 0x1D, 0x26, 0x25, 0x02, 0x53, 0x1C, 0x2E, 0x1C, 0x1C, 0x30, 0x1D, 0x1D,
	0x30, 0x1C, 0x1C, 0x2E, 0x1C, 0x23, 0x27, 0x1C, 0x1D, 0x29, 0x28, 0x1E, 0x1D, 0x26, 0x00, 0x01,
	0x00, 0x8E, 0x02, 0x65, 0x01, 0xCA, 0x02, 0xD7, 0x00, 0x17, 0x00, 0x00, 0x41, 0x22, 0x2E, 0x02,
	0x23, 0x22, 0x06, 0x07, 0x23, 0x36, 0x36, 0x33, 0x32, 0x1E, 0x02, 0x33, 0x32, 0x36, 0x37, 0x33,
	0x06, 0x06, 0x01, 0x70, 0x17, 0x24, 0x1D, 0x1C, 0x0F, 0x17, 0x1B, 0x02, 0x2B, 0x02, 0x31, 0x27,
	0x17, 0x25, 0x1D, 0x1B, 0x0F, 0x17, 0x1C, 0x01, 0x2B, 0x01, 0x32, 0x02, 0x65, 0x14, 0x1B, 0x15,
	0x22, 0x1E, 0x32, 0x3C, 0x15, 0x1B, 0x14, 0x21, 0x1D, 0x30, 0x3C, 0x00, 0x00, 0x01, 0x00, 0x92,
	0x02, 0x85, 0x01, 0xC6, 0x02, 0xB4, 0x00, 0x03, 0x00, 0x00, 0x53, 0x35, 0x21, 0x15, 0x92, 0x01,
	0x34, 0x02, 0x85, 0x2F, 0x2F, 0x00, 0x00, 0x01, 0x00, 0xC2, 0xFF, 0x24, 0x01, 0x87, 0x00, 0x06,
	0x00, 0x16, 0x00, 0x00, 0x45, 0x22, 0x26, 0x27, 0x37, 0x16, 0x16, 0x33, 0x32, 0x36, 0x35, 0x34,
	0x26, 0x23, 0x23, 0x37, 0x33, 0x07, 0x16, 0x16, 0x15, 0x14, 0x06, 0x01, 0x16, 0x19, 0x29, 0x12,
	0x11, 0x0F, 0x21, 0x12, 0x1E, 0x20, 0x1F, 0x1F, 0x17, 0x18, 0x2B, 0x0F, 0x29, 0x2C, 0x3F, 0xDC,
	0x0C, 0x0B, 0x26, 0x09, 0x0A, 0x19, 0x16, 0x14, 0x1A, 0x5B, 0x3A, 0x03, 0x2D, 0x21, 0x28, 0x2F,
	0x00, 0x01, 0x00, 0x6F, 0xFF, 0xB1, 0x01, 0xFE, 0x02, 0x50, 0x00, 0x03, 0x00, 0x00, 0x57, 0x01,
	0x33, 0x01, 0x6F, 0x01, 0x58, 0x37, 0xFE, 0xA7, 0x4F, 0x02, 0x9F, 0xFD, 0x61, 0x00, 0x00, 0x01,
	0x00, 0x82, 0x02, 0xF8, 0x01, 0xD5, 0x03, 0x70, 0x00, 0x17, 0x00, 0x00, 0x41, 0x22, 0x2E, 0x02,
	0x23, 0x22, 0x06, 0x07, 0x23, 0x36, 0x36, 0x33, 0x32, 0x1E, 0x02, 0x33, 0x32, 0x36, 0x37, 0x33,
	0x06, 0x06, 0x01, 0x77, 0x1A, 0x27, 0x1F, 0x20, 0x13, 0x17, 0x1B, 0x02, 0x2E, 0x01, 0x32, 0x2C,
	0x1A, 0x27, 0x20, 0x1F, 0x13, 0x17, 0x1C, 0x01, 0x2D, 0x01, 0x31, 0x02, 0xF8, 0x16, 0x1B, 0x16,
	0x26, 0x1D, 0x31, 0x43, 0x16, 0x1B, 0x16, 0x27, 0x1A, 0x31, 0x41, 0x00, 0x00, 0x01, 0x00, 0x6A,
	0x01, 0x47, 0x01, 0xEE, 0x01, 0x82, 0x00, 0x03, 0x00, 0x00, 0x53, 0x35, 0x21, 0x15, 0x6A, 0x01,
	0x84, 0x01, 0x47, 0x3B, 0x3B, 0x00, 0x00, 0x01, 0x00, 0x8D, 0xFF, 0xBA, 0x02, 0xA0, 0x03, 0x02,
	0x00, 0x03, 0x00, 0x00, 0x57, 0x01, 0x33, 0x01, 0x8D, 0x01, 0xD2, 0x41, 0xFE, 0x2E, 0x46, 0x03,
	0x48, 0xFC, 0xB8, 0x00, 0x00, 0x01, 0x00, 0xF8, 0x02, 0x81, 0x01, 0x60, 0x02, 0xE6, 0x00, 0x0B,
	0x00, 0x00, 0x41, 0x22, 0x26, 0x35, 0x34, 0x36, 0x33, 0x32, 0x16, 0x15, 0x14, 0x06, 0x01, 0x2C,
	0x16, 0x1E, 0x1E, 0x16, 0x16, 0x1E, 0x1D, 0x02, 0x81, 0x1E, 0x15, 0x15, 0x1D, 0x1C, 0x15, 0x16,
	0x1E, 0x00, 0x00, 0x02, 0x00, 0xC0, 0x02, 0x76, 0x01, 0x98, 0x02, 0xCB, 0x00, 0x0B, 0x00, 0x17,
	0x00, 0x00, 0x41, 0x22, 0x26, 0x35, 0x34, 0x36, 0x33, 0x32, 0x16, 0x15, 0x14, 0x06, 0x23, 0x22,
	0x26, 0x35, 0x34, 0x36, 0x33, 0x32, 0x16, 0x15, 0x14, 0x06, 0x01, 0x6E, 0x11, 0x18, 0x18, 0x11,
	0x12, 0x18, 0x18, 0x96, 0x12, 0x18, 0x18, 0x12, 0x12, 0x17, 0x17, 0x02, 0x76, 0x19, 0x12, 0x11,
	0x19, 0x18, 0x12, 0x12, 0x19, 0x19, 0x12, 0x11, 0x19, 0x18, 0x12, 0x12, 0x19, 0x00, 0x00, 0x01,
	0x00, 0xA0, 0x02, 0x5F, 0x01, 0xB8, 0x02, 0xDB, 0x00, 0x07, 0x00, 0x00, 0x53, 0x37, 0x33, 0x17,
	0x23, 0x27, 0x33, 0x07, 0xA0, 0x69, 0x46, 0x69, 0x40, 0x64, 0x30, 0x64, 0x02, 0x5F, 0x7C, 0x7C,
	0x6A, 0x6A, 0x00, 0x01, 0x00, 0x54, 0x01, 0x04, 0x01, 0x97, 0x01, 0x3C, 0x00, 0x03, 0x00, 0x00,
	0x53, 0x35, 0x21, 0x15, 0x54, 0x01, 0x43, 0x01, 0x04, 0x38, 0x38, 0x00, 0x00, 0x01, 0x00, 0x6E,
	0xFF, 0xC7, 0x02, 0x29, 0x02, 0x6E, 0x00, 0x03, 0x00, 0x00, 0x57, 0x01, 0x33, 0x01, 0x6E, 0x01,
	0x82, 0x39, 0xFE, 0x7D, 0x39, 0x02, 0xA7, 0xFD, 0x59, 0x00, 0xFF, 0xFF, 0x00, 0xA8, 0x02, 0x76,
	0x01, 0xB0, 0x02, 0xCC, 0x04, 0x06, 0x03, 0x46, 0x00, 0x00, 0xFF, 0xFF, 0x00, 0x85, 0x02, 0x5F,
	0x01, 0x6D, 0x02, 0xDB, 0x04, 0x06, 0x03, 0x48, 0x00, 0x00, 0xFF, 0xFF, 0x00, 0xEB, 0x02, 0x5F,
	0x01, 0xD3, 0x02, 0xDB, 0x04, 0x06, 0x03, 0x49, 0x00, 0x00, 0xFF, 0xFF, 0x00, 0x92, 0x02, 0x85,
	0x01, 0xC6, 0x02, 0xB4, 0x04, 0x06, 0x03, 0x4E, 0x00, 0x00, 0xFF, 0xFF, 0x00, 0xC2, 0xFF, 0x24,
	0x01, 0x87, 0x00, 0x06, 0x04, 0x06, 0x03, 0x4F, 0x00, 0x00, 0x00, 0x01, 0x00, 0x68, 0xFF, 0x8D,
	0x00, 0xAB, 0x00, 0x11, 0x00, 0x03, 0x00, 0x00, 0x57, 0x35, 0x33, 0x15, 0x68, 0x43, 0x73, 0x84,
	0x84, 0x00, 0x00, 0x01, 0x00, 0x69, 0xFF, 0x63, 0x00, 0xAD, 0x00, 0x12, 0x00, 0x03, 0x00, 0x00,
	0x57, 0x35, 0x33, 0x15, 0x69, 0x44, 0x9D, 0xAF, 0xAF, 0x00, 0x00, 0x00, 0x00, 0x01, 0x00, 0x00,
	0x03, 0x60, 0x00, 0x74, 0x00, 0x0F, 0x00, 0x59, 0x00, 0x09, 0x00, 0x01, 0x00, 0x00, 0x00, 0x00,
	0x00, 0x00, 0x00, 0x00, 0x00, 0x00, 0x00, 0x00, 0x00, 0x04, 0x00, 0x01, 0x00, 0x00, 0x00, 0x00,
	0x00, 0x1C, 0x00, 0x28, 0x00, 0x34, 0x00, 0x40, 0x00, 0x4C, 0x00, 0x58, 0x00, 0x63, 0x00, 0x8E,
	0x00, 0xC1, 0x00, 0xF4, 0x00, 0xFF, 0x01, 0x23, 0x01, 0x2E, 0x01, 0x47, 0x01, 0x53, 0x01, 0x5F,
	0x01, 0x6B, 0x01, 0x77, 0x01, 0x8D, 0x01, 0xC7, 0x01, 0xE1, 0x01, 0xED, 0x02, 0x20, 0x02, 0x2C,
	0x02, 0x38, 0x02, 0x44, 0x02, 0x50, 0x02, 0x6E, 0x02, 0x90, 0x02, 0x9F, 0x02, 0xBE, 0x02, 0xD6,
	0x02, 0xE1, 0x03, 0x1B, 0x03, 0x27, 0x03, 0x33, 0x03, 0x3F, 0x03, 0x4B, 0x03, 0x56, 0x03, 0x61,
	0x03, 0x88, 0x03, 0xAE, 0x03, 0xFD, 0x04, 0x2A, 0x04, 0x6B, 0x04, 0x7C, 0x04, 0x9A, 0x04, 0xA6,
	0x04, 0xB2, 0x04, 0xBE, 0x04, 0xCA, 0x04, 0xE0, 0x05, 0x00, 0x05, 0x22, 0x05, 0x3E, 0x05, 0x4A,
	0x05, 0x63, 0x05, 0x89, 0x05, 0x95, 0x05, 0xA1, 0x05, 0xAD, 0x05, 0xB9, 0x05, 0xC5, 0x05, 0xD0,
	0x05, 0xFE, 0x06, 0x41, 0x06, 0x4D, 0x06, 0x59, 0x06, 0x65, 0x06, 0x71, 0x06, 0xB8, 0x06, 0xF6,
	0x07, 0x18, 0x07, 0x54, 0x07, 0x6E, 0x07, 0x7A, 0x07, 0x86, 0x07, 0x92, 0x07, 0x9E, 0x07, 0xBC,
	0x07, 0xF3, 0x08, 0x14, 0x08, 0x1F, 0x08, 0x63, 0x08, 0x85, 0x08, 0xA7, 0x08, 0xB3, 0x08, 0xBF,
	0x08, 0xCB, 0x08, 0xD7, 0x09, 0x09, 0x09, 0x3B, 0x09, 0x47, 0x09, 0x6B, 0x09, 0x9B, 0x09, 0xCE,
	0x0A, 0x0B, 0x0A, 0x16, 0x0A, 0x21, 0x0A, 0x2C, 0x0A, 0x37, 0x0A, 0x42, 0x0A, 0x4D, 0x0A, 0xB7,
	0x0A, 0xF4, 0x0B, 0x23, 0x0B, 0x2E, 0x0B, 0x6A, 0x0B, 0xA9, 0x0B, 0xE3, 0x0B, 0xEE, 0x0B, 0xF9,
	0x0C, 0x04, 0x0C, 0x0F, 0x0C, 0x34, 0x0C, 0x7F, 0x0C, 0xA4, 0x0C, 0xB0, 0x0C, 0xBC, 0x0C, 0xC8,
	0x0C, 0xD4, 0x0C, 0xE0, 0x0C, 0xEC, 0x0C, 0xF8, 0x0D, 0x27, 0x0D, 0x33, 0x0D, 0x4E, 0x0D, 0x6E,
	0x0D, 0x7A, 0x0D, 0xB4, 0x0D, 0xD8, 0x0D, 0xE3, 0x0E, 0x15, 0x0E, 0x20, 0x0E, 0x2B, 0x0E, 0x36,
	0x0E, 0x41, 0x0E, 0x4C, 0x0E, 0x57, 0x0E, 0x94, 0x0E, 0xD1, 0x0F, 0x0D, 0x0F, 0x28, 0x0F, 0x66,
	0x0F, 0xAD, 0x0F, 0xCF, 0x0F, 0xF4, 0x0F, 0xFF, 0x10, 0x0A, 0x10, 0x15, 0x10, 0x20, 0x10, 0x33,
	0x10, 0x52, 0x10, 0x71, 0x10, 0x9B, 0x10, 0xA6, 0x10, 0xB1, 0x10, 0xCA, 0x11, 0x06, 0x11, 0x11,
	0x11, 0x1C, 0x11, 0x27, 0x11, 0x32, 0x11, 0x3D, 0x11, 0x48, 0x11, 0xAE, 0x11, 0xE5, 0x11, 0xF0,
	0x11, 0xFB, 0x12, 0x06, 0x12, 0x11, 0x12, 0x35, 0x12, 0x51, 0x12, 0x72, 0x12, 0xA4, 0x12, 0xD8,
	0x12, 0xE3, 0x12, 0xEE, 0x13, 0x11, 0x13, 0x21, 0x13, 0x2D, 0x13, 0x3D, 0x13, 0x75, 0x13, 0xA6,
	0x13, 0xD7, 0x13, 0xF2, 0x13, 0xFD, 0x14, 0x08, 0x14, 0x13, 0x14, 0x1E, 0x14, 0x29, 0x14, 0x34,
	0x14, 0x5F, 0x14, 0x8F, 0x14, 0xBE, 0x14, 0xC9, 0x14, 0xEC, 0x14, 0xF7, 0x15, 0x10, 0x15, 0x1B,
	0x15, 0x26, 0x15, 0x31, 0x15, 0x3C, 0x15, 0x51, 0x15, 0x87, 0x15, 0x9D, 0x15, 0xA9, 0x15, 0xB5,
	0x15, 0xC1, 0x15, 0xCD, 0x15, 0xD9, 0x15, 0xE5, 0x16, 0x02, 0x16, 0x23, 0x16, 0x32, 0x16, 0x4F,
	0x16, 0x67, 0x16, 0x72, 0x16, 0xA4, 0x16, 0xAF, 0x16, 0xBA, 0x16, 0xC5, 0x16, 0xD0, 0x16, 0xDB,
	0x16, 0xE6, 0x17, 0x0C, 0x17, 0x31, 0x17, 0x78, 0x17, 0xA4, 0x17, 0xE2, 0x18, 0x28, 0x18, 0x39,
	0x18, 0x5A, 0x18, 0x65, 0x18, 0x70, 0x18, 0x7B, 0x18, 0x86, 0x18, 0x9A, 0x18, 0xB9, 0x18, 0xD7,
	0x18, 0xEF, 0x18, 0xFA, 0x19, 0x05, 0x19, 0x1E, 0x19, 0x44, 0x19, 0x4F, 0x19, 0x5A, 0x19, 0x65,
	0x19, 0x70, 0x19, 0x7B, 0x19, 0x86, 0x19, 0xB3, 0x19, 0xF5, 0x1A, 0x00, 0x1A, 0x0B, 0x1A, 0x16,
	0x1A, 0x21, 0x1A, 0x43, 0x1A, 0x7C, 0x1A, 0x96, 0x1A, 0xA1, 0x1A, 0xAC, 0x1A, 0xB7, 0x1A, 0xC2,
	0x1A, 0xDF, 0x1A, 0xE7, 0x1B, 0x1D, 0x1B, 0x3E, 0x1B, 0x49, 0x1B, 0x85, 0x1B, 0xA7, 0x1B, 0xC9,
	0x1B, 0xD4, 0x1B, 0xDF, 0x1B, 0xEA, 0x1B, 0xF5, 0x1C, 0x29, 0x1C, 0x5B, 0x1C, 0x66, 0x1C, 0x71,
	0x1C, 0x95, 0x1C, 0xA1, 0x1C, 0xAD, 0x1C, 0xB9, 0x1C, 0xC5, 0x1D, 0x00, 0x1D, 0x2C, 0x1D, 0x34,
	0x1D, 0x55, 0x1D, 0x86, 0x1D, 0x97, 0x1D, 0xA3, 0x1D, 0xB4, 0x1D, 0xBF, 0x1D, 0xD8, 0x1E, 0x09,
	0x1E, 0x35, 0x1E, 0x3D, 0x1E, 0x49, 0x1E, 0x55, 0x1E, 0x8E, 0x1E, 0x96, 0x1E, 0xAC, 0x1E, 0xB8,
	0x1E, 0xC4, 0x1E, 0xFA, 0x1F, 0x1D, 0x1F, 0x29, 0x1F, 0x52, 0x1F, 0x71, 0x1F, 0x79, 0x1F, 0x81,
	0x1F, 0x96, 0x1F, 0x9E, 0x1F, 0xA6, 0x1F, 0xBB, 0x1F, 0xDF, 0x1F, 0xEA, 0x20, 0x2F, 0x20, 0x4B,
	0x20, 0x6D, 0x20, 0x88, 0x20, 0xA5, 0x20, 0xB1, 0x20, 0xC8, 0x20, 0xE7, 0x20, 0xF3, 0x21, 0x15,
	0x21, 0x21, 0x21, 0x58, 0x21, 0x60, 0x21, 0x9A, 0x21, 0xD4, 0x21, 0xE0, 0x22, 0x0B, 0x22, 0x13,
	0x22, 0x3B, 0x22, 0x81, 0x22, 0xB0, 0x22, 0xE4, 0x23, 0x09, 0x23, 0x45, 0x23, 0x4D, 0x23, 0x6A,
	0x23, 0x76, 0x23, 0x81, 0x23, 0x8D, 0x23, 0xB6, 0x23, 0xE0, 0x24, 0x06, 0x24, 0x12, 0x24, 0x1E,
	0x24, 0x55, 0x24, 0xA2, 0x24, 0xAE, 0x24, 0xBA, 0x24, 0xD6, 0x24, 0xF8, 0x25, 0x04, 0x25, 0x29,
	0x25, 0x35, 0x25, 0x5D, 0x25, 0x7F, 0x25, 0xCD, 0x25, 0xD9, 0x25, 0xE5, 0x25, 0xF1, 0x26, 0x28,
	0x26, 0x5C, 0x26, 0x85, 0x26, 0xA9, 0x26, 0xD4, 0x26, 0xFF, 0x27, 0x0B, 0x27, 0x17, 0x27, 0x1F,
	0x27, 0x2B, 0x27, 0x6A, 0x27, 0x76, 0x27, 0x82, 0x27, 0x8E, 0x27, 0xC0, 0x27, 0xCC, 0x27, 0xD8,
	0x27, 0xE4, 0x28, 0x23, 0x28, 0x2F, 0x28, 0x3B, 0x28, 0x47, 0x28, 0x53, 0x28, 0x5F, 0x28, 0x6B,
	0x28, 0x7B, 0x28, 0xA9, 0x28, 0xE2, 0x29, 0x04, 0x29, 0x28, 0x29, 0x59, 0x29, 0x79, 0x29, 0x8E,
	0x29, 0xCE, 0x29, 0xE7, 0x29, 0xF2, 0x29, 0xFE, 0x2A, 0x09, 0x2A, 0x11, 0x2A, 0x3D, 0x2A, 0x45,
	0x2A, 0x51, 0x2A, 0x5D, 0x2A, 0x65, 0x2A, 0x71, 0x2A, 0xB2, 0x2A, 0xBE, 0x2A, 0xE3, 0x2B, 0x0E,
	0x2B, 0x16, 0x2B, 0x1E, 0x2B, 0x2A, 0x2B, 0x6A, 0x2B, 0x98, 0x2B, 0xCD, 0x2C, 0x02, 0x2C, 0x51,
	0x2C, 0x87, 0x2C, 0x8F, 0x2C, 0xC4, 0x2C, 0xD0, 0x2D, 0x01, 0x2D, 0x0D, 0x2D, 0x19, 0x2D, 0x21,
	0x2D, 0x2C, 0x2D, 0x34, 0x2D, 0x40, 0x2D, 0x4C, 0x2D, 0x58, 0x2D, 0x64, 0x2D, 0x70, 0x2D, 0x7C,
	0x2D, 0x88, 0x2D, 0xBE, 0x2D, 0xC6, 0x2E, 0x13, 0x2E, 0x44, 0x2E, 0x55, 0x2E, 0x60, 0x2E, 0x71,
	0x2E, 0x7C, 0x2E, 0x94, 0x2E, 0xC5, 0x2E, 0xEF, 0x2E, 0xF7, 0x2F, 0x02, 0x2F, 0x0D, 0x2F, 0x43,
	0x2F, 0x88, 0x2F, 0x9E, 0x2F, 0xA9, 0x2F, 0xB4, 0x2F, 0xEA, 0x30, 0x0B, 0x30, 0x16, 0x30, 0x41,
	0x30, 0x5F, 0x30, 0x74, 0x30, 0x7C, 0x30, 0x91, 0x30, 0x99, 0x30, 0xA1, 0x30, 0xB5, 0x30, 0xBD,
	0x30, 0xC8, 0x31, 0x09, 0x31, 0x11, 0x31, 0x33, 0x31, 0x4E, 0x31, 0x6B, 0x31, 0x77, 0x31, 0x8E,
	0x31, 0xB1, 0x31, 0xDB, 0x31, 0xFB, 0x32, 0x07, 0x32, 0x30, 0x32, 0x38, 0x32, 0x6E, 0x32, 0xA3,
	0x32, 0xAF, 0x32, 0xBB, 0x32, 0xC7, 0x32, 0xF2, 0x33, 0x2F, 0x33, 0x59, 0x33, 0x94, 0x33, 0xBE,
	0x33, 0xF5, 0x33, 0xFD, 0x34, 0x1C, 0x34, 0x28, 0x34, 0x33, 0x34, 0x3F, 0x34, 0x67, 0x34, 0x90,
	0x34, 0xB7, 0x34, 0xC3, 0x34, 0xCF, 0x35, 0x05, 0x35, 0x4F, 0x35, 0x5B, 0x35, 0x78, 0x35, 0x92,
	0x35, 0xB2, 0x35, 0xBE, 0x35, 0xE0, 0x35, 0xEC, 0x36, 0x14, 0x36, 0x1C, 0x36, 0x68, 0x36, 0x74,
	0x36, 0x80, 0x36, 0x8C, 0x36, 0xC3, 0x36, 0xF9, 0x37, 0x1E, 0x37, 0x3F, 0x37, 0x69, 0x37, 0x93,
	0x37, 0x9E, 0x37, 0xA9, 0x37, 0xB1, 0x37, 0xBC, 0x37, 0xF6, 0x38, 0x01, 0x38, 0x0C, 0x38, 0x17,
	0x38, 0x47, 0x38, 0x52, 0x38, 0x5D, 0x38, 0x68, 0x38, 0xA0, 0x38, 0xF7, 0x39, 0x02, 0x39, 0x0D,
	0x39, 0x18, 0x39, 0x23, 0x39, 0x2E, 0x39, 0x39, 0x39, 0x69, 0x39, 0x9C, 0x39, 0xC1, 0x39, 0xEB,
	0x3A, 0x2F, 0x3A, 0x7F, 0x3A, 0xC0, 0x3A, 0xC8, 0x3A, 0xFE, 0x3B, 0x42, 0x3B, 0x4A, 0x3B, 0x55,
	0x3B, 0x60, 0x3B, 0x81, 0x3B, 0x94, 0x3B, 0x9C, 0x3B, 0xA4, 0x3B, 0xAC, 0x3B, 0xCF, 0x3B, 0xDB,
	0x3C, 0x16, 0x3C, 0x22, 0x3C, 0x52, 0x3C, 0x86, 0x3C, 0xC3, 0x3C, 0xD8, 0x3C, 0xE3, 0x3C, 0xEE,
	0x3C, 0xF9, 0x3D, 0x42, 0x3D, 0x4A, 0x3D, 0x52, 0x3D, 0x5A, 0x3D, 0x65, 0x3D, 0x70, 0x3D, 0x95,
	0x3D, 0xA0, 0x3D, 0xE4, 0x3D, 0xEF, 0x3E, 0x17, 0x3E, 0x4D, 0x3E, 0x55, 0x3E, 0x5D, 0x3E, 0x68,
	0x3E, 0x98, 0x3E, 0xCF, 0x3F, 0x06, 0x3F, 0x57, 0x3F, 0x88, 0x3F, 0xBF, 0x3F, 0xF3, 0x3F, 0xFE,
	0x40, 0x09, 0x40, 0x11, 0x40, 0x1C, 0x40, 0x53, 0x40, 0x5E, 0x40, 0x69, 0x40, 0x74, 0x40, 0x7F,
	0x40, 0x8A, 0x40, 0x95, 0x40, 0xA0, 0x40, 0xD7, 0x41, 0x00, 0x41, 0x32, 0x41, 0x42, 0x41, 0x71,
	0x41, 0xA1, 0x41, 0xBD, 0x41, 0xEE, 0x42, 0x36, 0x42, 0x4D, 0x42, 0x9E, 0x42, 0xE6, 0x43, 0x18,
	0x43, 0x28, 0x43, 0x56, 0x43, 0x86, 0x43, 0xA2, 0x43, 0xD3, 0x43, 0xDB, 0x43, 0xF3, 0x43, 0xFB,
	0x44, 0x03, 0x44, 0x35, 0x44, 0x4C, 0x44, 0x7C, 0x44, 0xAC, 0x44, 0xC8, 0x44, 0xFC, 0x45, 0x48,
	0x45, 0x5F, 0x45, 0xB0, 0x45, 0xFC, 0x46, 0x2E, 0x46, 0x45, 0x46, 0x73, 0x46, 0xA3, 0x46, 0xBF,
	0x46, 0xF3, 0x46, 0xFB, 0x47, 0x13, 0x47, 0x1B, 0x47, 0x67, 0x47, 0x8C, 0x47, 0xA3, 0x47, 0xCC,
	0x47, 0xFB, 0x48, 0x16, 0x48, 0x44, 0x48, 0x86, 0x48, 0x9C, 0x48, 0xE6, 0x49, 0x28, 0x49, 0x31,
	0x49, 0x3A, 0x49, 0x43, 0x49, 0x4C, 0x49, 0x55, 0x49, 0x5E, 0x49, 0x67, 0x49, 0x70, 0x49, 0x79,
	0x49, 0x82, 0x49, 0x90, 0x49, 0xA1, 0x49, 0xB2, 0x49, 0xC3, 0x49, 0xCC, 0x49, 0xD5, 0x49, 0xDE,
	0x49, 0xE7, 0x49, 0xF0, 0x49, 0xF9, 0x4A, 0x02, 0x4A, 0x0B, 0x4A, 0x14, 0x4A, 0x1D, 0x4A, 0x26,
	0x4A, 0x2F, 0x4A, 0x38, 0x4A, 0x41, 0x4A, 0x4A, 0x4A, 0x53, 0x4A, 0x5C, 0x4A, 0x65, 0x4A, 0x6E,
	0x4A, 0x77, 0x4A, 0x80, 0x4A, 0x89, 0x4A, 0x92, 0x4A, 0x9B, 0x4A, 0xA4, 0x4A, 0xAD, 0x4A, 0xB6,
	0x4A, 0xBF, 0x4A, 0xC8, 0x4A, 0xD1, 0x4A, 0xDA, 0x4A, 0xE3, 0x4A, 0xEC, 0x4A, 0xEC, 0x4A, 0xEC,
	0x4A, 0xEC, 0x4A, 0xEC, 0x4A, 0xEC, 0x4A, 0xEC, 0x4A, 0xEC, 0x4B, 0x02, 0x4B, 0x1F, 0x4B, 0x2B,
	0x4B, 0x37, 0x4B, 0x47, 0x4B, 0x64, 0x4B, 0x82, 0x4B, 0xBC, 0x4B, 0xF7, 0x4C, 0x0D, 0x4C, 0x29,
	0x4C, 0x52, 0x4C, 0x74, 0x4C, 0x83, 0x4C, 0x92, 0x4C, 0xB0, 0x4C, 0xEB, 0x4C, 0xF3, 0x4C, 0xFB,
	0x4D, 0x0A, 0x4D, 0x19, 0x4D, 0x2F, 0x4D, 0x45, 0x4D, 0x62, 0x4D, 0x7F, 0x4D, 0xB7, 0x4D, 0xF0,
	0x4E, 0x06, 0x4E, 0x12, 0x4E, 0x1E, 0x4E, 0x2A, 0x4E, 0x37, 0x4E, 0x3F, 0x4E, 0x47, 0x4E, 0x53,
	0x4E, 0x5B, 0x4E, 0x63, 0x4E, 0x6B, 0x4E, 0x85, 0x4E, 0x9F, 0x4E, 0xD5, 0x4F, 0x0A, 0x4F, 0x1B,
	0x4F, 0x2C, 0x4F, 0x34, 0x4F, 0x3C, 0x4F, 0x44, 0x4F, 0x4C, 0x4F, 0x54, 0x4F, 0x5C, 0x4F, 0x79,
	0x4F, 0x85, 0x4F, 0x91, 0x4F, 0x9D, 0x4F, 0xBB, 0x4F, 0xD9, 0x4F, 0xE5, 0x4F, 0xF1, 0x50, 0x01,
	0x50, 0x11, 0x50, 0x1D, 0x50, 0x2B, 0x50, 0x37, 0x50, 0x43, 0x50, 0x4B, 0x50, 0x53, 0x50, 0x70,
	0x50, 0x7C, 0x50, 0x88, 0x50, 0x94, 0x50, 0xB2, 0x50, 0xD0, 0x50, 0xDC, 0x50, 0xE8, 0x50, 0xF8,
	0x51, 0x08, 0x51, 0x14, 0x51, 0x21, 0x51, 0x9A, 0x51, 0xEF, 0x52, 0x0B, 0x52, 0x72, 0x52, 0xD4,
	0x53, 0x2E, 0x53, 0x60, 0x53, 0x6E, 0x53, 0x83, 0x53, 0x90, 0x53, 0xA4, 0x53, 0xB9, 0x53, 0xD6,
	0x54, 0x1A, 0x54, 0x22, 0x54, 0x70, 0x54, 0xBD, 0x54, 0xF3, 0x55, 0x48, 0x55, 0x90, 0x55, 0xBB,
	0x55, 0xE4, 0x56, 0x11, 0x56, 0x24, 0x56, 0x3C, 0x56, 0x68, 0x56, 0x7B, 0x56, 0x8E, 0x56, 0xA2,
	0x56, 0xBC, 0x56, 0xE3, 0x56, 0xF2, 0x57, 0x06, 0x57, 0x0E, 0x57, 0x68, 0x57, 0xE7, 0x58, 0x01,
	0x58, 0x1B, 0x58, 0x2A, 0x58, 0x39, 0x58, 0x48, 0x58, 0x57, 0x58, 0x7D, 0x58, 0x94, 0x58, 0xA2,
	0x58, 0xAF, 0x58, 0xC3, 0x58, 0xD5, 0x59, 0x01, 0x59, 0x28, 0x59, 0x35, 0x59, 0x5A, 0x59, 0x69,
	0x59, 0x90, 0x59, 0x9D, 0x59, 0xAC, 0x59, 0xC3, 0x59, 0xE9, 0x59, 0xFB, 0x5A, 0x08, 0x5A, 0x17,
	0x5A, 0x1F, 0x5A, 0x27, 0x5A, 0x2F, 0x5A, 0x37, 0x5A, 0x3F, 0x5A, 0x4B, 0x5A, 0x57, 0x00, 0x00,
	0x00, 0x01, 0x00, 0x00, 0x00, 0x09, 0x00, 0x00, 0x0B, 0xAA, 0x4C, 0xDE, 0x5F, 0x0F, 0x3C, 0xF5,
	0x00, 0x0B, 0x03, 0xE8, 0x00, 0x00, 0x00, 0x00, 0xDC, 0xF6, 0x00, 0xAC, 0x00, 0x00, 0x00, 0x00,
	0xE3, 0x36, 0x93, 0x6D, 0xFE, 0x78, 0xFE, 0x35, 0x06, 0x31, 0x03, 0xFA, 0x00, 0x00, 0x00, 0x06,
	0x00, 0x02, 0x00, 0x00, 0x00, 0x00, 0x00, 0x00, 0x02, 0x4B, 0x00, 0x28, 0x02, 0xCD, 0x00, 0x02,
	0x02, 0xCD, 0x00, 0x02, 0x02, 0xCD, 0x00, 0x02, 0x02, 0xCD, 0x00, 0x02, 0x02, 0xCD, 0x00, 0x02,
	0x02, 0xCD, 0x00, 0x02, 0x02, 0xCD, 0x00, 0x02, 0x04, 0x09, 0x00, 0x02, 0x02, 0xF2, 0x00, 0x72,
	0x02, 0xC5, 0x00, 0x34, 0x02, 0xC5, 0x00, 0x34, 0x03, 0x3A, 0x00, 0x72, 0x03, 0x3F, 0x00, 0x0D,
	0x02, 0x9D, 0x00, 0x72, 0x02, 0x9D, 0x00, 0x72, 0x02, 0x9D, 0x00, 0x72, 0x02, 0x9D, 0x00, 0x72,
	0x02, 0x9D, 0x00, 0x72, 0x02, 0x79, 0x00, 0x72, 0x03, 0x05, 0x00, 0x34, 0x03, 0x2D, 0x00, 0x72,
	0x01, 0x2E, 0x00, 0x72, 0x02, 0xCE, 0x00, 0x62, 0x01, 0x2E, 0x00, 0x56, 0x01, 0x2E, 0xFF, 0xF2,
	0x01, 0x2E, 0x00, 0x13, 0x01, 0x2E, 0xFF, 0xF0, 0x01, 0xF5, 0xFF, 0xFC, 0x02, 0xC7, 0x00, 0x72,
	0x02, 0x4D, 0x00, 0x72, 0x03, 0xBB, 0x00, 0x72, 0x03, 0x2D, 0x00, 0x72, 0x03, 0x2D, 0x00, 0x72,
	0x03, 0x47, 0x00, 0x34, 0x03, 0x47, 0x00, 0x34, 0x03, 0x47, 0x00, 0x34, 0x03, 0x47, 0x00, 0x34,
	0x03, 0x47, 0x00, 0x34, 0x03, 0x47, 0x00, 0x34, 0x03, 0x47, 0x00, 0x34, 0x02, 0xCE, 0x00, 0x72,
	0x02, 0xCE, 0x00, 0x72, 0x03, 0x47, 0x00, 0x34, 0x02, 0xD3, 0x00, 0x72, 0x02, 0x67, 0x00, 0x2F,
	0x02, 0x3E, 0x00, 0x04, 0x03, 0x18, 0x00, 0x6C, 0x03, 0x18, 0x00, 0x6C, 0x03, 0x18, 0x00, 0x6C,
	0x03, 0x18, 0x00, 0x6C, 0x03, 0x18, 0x00, 0x6C, 0x02, 0xBA, 0x00, 0x03, 0x04, 0x57, 0x00, 0x25,
	0x02, 0x90, 0x00, 0x11, 0x02, 0x7B, 0x00, 0x01, 0x02, 0x7B, 0x00, 0x01, 0x02, 0x8B, 0x00, 0x2D,
	0x03, 0x21, 0x00, 0x6C, 0x03, 0x21, 0x00, 0x6C, 0x03, 0x21, 0x00, 0x6C, 0x03, 0x21, 0x00, 0x6C,
	0x03, 0x21, 0x00, 0x6C, 0x03, 0x21, 0x00, 0x6C, 0x03, 0x21, 0x00, 0x6C, 0x04, 0x2D, 0x00, 0x62,
	0x02, 0x7A, 0x00, 0x37, 0x02, 0x7A, 0x00, 0x37, 0x02, 0x7A, 0x00, 0x37, 0x02, 0x7A, 0x00, 0x37,
	0x02, 0x7A, 0x00, 0x37, 0x02, 0x6D, 0x00, 0x04, 0x03, 0x31, 0x00, 0x4C, 0x02, 0x5A, 0x00, 0x6C,
	0x03, 0x05, 0x00, 0x34, 0x01, 0xBD, 0x00, 0x2C, 0x01, 0xBD, 0x00, 0x2C, 0x01, 0xBD, 0x00, 0x2C,
	0x01, 0xBD, 0x00, 0x2C, 0x01, 0xBD, 0x00, 0x2C, 0x01, 0xF4, 0xFF, 0xFC, 0x04, 0xCA, 0x00, 0x72,
	0x03, 0x1F, 0x00, 0x72, 0x03, 0x1F, 0x00, 0x72, 0x03, 0x47, 0x00, 0x34, 0x02, 0x45, 0xFF, 0xFE,
	0x03, 0x1B, 0x00, 0x6C, 0x03, 0x1B, 0x00, 0x6C, 0x03, 0x1B, 0x00, 0x6C, 0x03, 0x1B, 0x00, 0x6C,
	0x03, 0x1B, 0x00, 0x6C, 0x04, 0xAC, 0x00, 0x6C, 0x03, 0x14, 0x00, 0x67, 0x03, 0x14, 0x00, 0x67,
	0x02, 0x95, 0x00, 0x32, 0x04, 0xA0, 0x00, 0x04, 0x02, 0xCE, 0x00, 0x62, 0x02, 0x4E, 0x00, 0x37,
	0x02, 0x4E, 0x00, 0x37, 0x02, 0x4E, 0x00, 0x37, 0x02, 0x4E, 0x00, 0x37, 0x02, 0x4E, 0x00, 0x37,
	0x02, 0x4E, 0x00, 0x37, 0x02, 0x4E, 0x00, 0x37, 0x03, 0xDA, 0x00, 0x37, 0x02, 0xA6, 0x00, 0x63,
	0x02, 0x33, 0x00, 0x2E, 0x02, 0x33, 0x00, 0x2E, 0x02, 0xA6, 0x00, 0x2E, 0x02, 0x4E, 0x00, 0x2E,
	0x02, 0x5C, 0x00, 0x2E, 0x02, 0x5C, 0x00, 0x2E, 0x02, 0x5C, 0x00, 0x2E, 0x02, 0x5C, 0x00, 0x2E,
	0x02, 0x5C, 0x00, 0x2E, 0x01, 0x53, 0x00, 0x11, 0x02, 0xAD, 0x00, 0x2E, 0x02, 0xA4, 0x00, 0x63,
	0x01, 0x0D, 0x00, 0x53, 0x01, 0x0D, 0x00, 0x63, 0x01, 0x0D, 0x00, 0x45, 0x01, 0x0D, 0xFF, 0xFA,
	0x01, 0x0D, 0x00, 0x1B, 0x01, 0x0D, 0x00, 0x57, 0x01, 0x0D, 0xFF, 0xDF, 0x02, 0x1F, 0x00, 0x4A,
	0x01, 0x12, 0xFF, 0xA6, 0x01, 0x12, 0xFF, 0xA6, 0x02, 0x56, 0x00, 0x63, 0x01, 0x0D, 0x00, 0x63,
	0x04, 0x25, 0x00, 0x63, 0x02, 0xA4, 0x00, 0x63, 0x02, 0xA4, 0x00, 0x63, 0x02, 0x73, 0x00, 0x2E,
	0x02, 0x73, 0x00, 0x2E, 0x02, 0x73, 0x00, 0x2E, 0x02, 0x73, 0x00, 0x2E, 0x02, 0x73, 0x00, 0x2E,
	0x02, 0x73, 0x00, 0x2E, 0x02, 0x73, 0x00, 0x2E, 0x02, 0xA6, 0x00, 0x63, 0x02, 0xA6, 0x00, 0x63,
	0x02, 0xA6, 0x00, 0x2E, 0x01, 0x91, 0x00, 0x63, 0x01, 0xE8, 0x00, 0x1A, 0x02, 0x9C, 0x00, 0x63,
	0x01, 0x96, 0x00, 0x11, 0x02, 0xA0, 0x00, 0x5E, 0x02, 0xA0, 0x00, 0x5E, 0x02, 0xA0, 0x00, 0x5E,
	0x02, 0xA0, 0x00, 0x5E, 0x02, 0xA0, 0x00, 0x5E, 0x02, 0x1E, 0x00, 0x01, 0x03, 0x6F, 0x00, 0x08,
	0x02, 0x16, 0x00, 0x13, 0x02, 0x1E, 0xFF, 0xE7, 0x02, 0x1E, 0xFF, 0xE7, 0x02, 0x1E, 0xFF, 0xE7,
	0x01, 0xFF, 0x00, 0x2A, 0x02, 0xA6, 0x00, 0x2E, 0x02, 0xA6, 0x00, 0x2E, 0x02, 0xA6, 0x00, 0x2E,
	0x02, 0xA6, 0x00, 0x2E, 0x02, 0xA6, 0x00, 0x2E, 0x02, 0xA6, 0x00, 0x2E, 0x02, 0xA6, 0x00, 0x2E,
	0x03, 0xDB, 0x00, 0x37, 0x02, 0x5C, 0x00, 0x2E, 0x02, 0x5C, 0x00, 0x2E, 0x02, 0x5C, 0x00, 0x2E,
	0x02, 0x5C, 0x00, 0x2E, 0x02, 0x5C, 0x00, 0x2E, 0x01, 0x47, 0x00, 0x63, 0x01, 0x34, 0x00, 0x63,
	0x01, 0x84, 0x00, 0x5E, 0x03, 0xEC, 0x00, 0x5E, 0x02, 0xA0, 0x00, 0x5E, 0x02, 0xA0, 0x00, 0x5E,
	0x02, 0xA0, 0x00, 0x5E, 0x02, 0x09, 0x00, 0x2F, 0x02, 0x61, 0x00, 0x11, 0x02, 0x61, 0x00, 0x11,
	0x02, 0x55, 0x00, 0x63, 0x02, 0x6F, 0x00, 0x11, 0x02, 0x56, 0x00, 0x4B, 0x02, 0x6B, 0x00, 0x4B,
	0x02, 0x56, 0x00, 0x02, 0x02, 0x56, 0x00, 0x02, 0x02, 0x56, 0x00, 0x02, 0x02, 0x56, 0x00, 0x02,
	0x02, 0x56, 0x00, 0x02, 0x02, 0x56, 0x00, 0x02, 0x02, 0x56, 0x00, 0x02, 0x03, 0x59, 0x00, 0x02,
	0x02, 0x7E, 0x00, 0x69, 0x02, 0x5A, 0x00, 0x30, 0x02, 0x5A, 0x00, 0x30, 0x02, 0xBB, 0x00, 0x69,
	0x02, 0xCF, 0x00, 0x27, 0x02, 0x36, 0x00, 0x69, 0x02, 0x36, 0x00, 0x69, 0x02, 0x36, 0x00, 0x69,
	0x02, 0x36, 0x00, 0x69, 0x02, 0x36, 0x00, 0x69, 0x02, 0x1B, 0x00, 0x69, 0x02, 0x8C, 0x00, 0x30,
	0x02, 0xB9, 0x00, 0x69, 0x01, 0x1A, 0x00, 0x69, 0x01, 0x1A, 0x00, 0x4B, 0x01, 0x1A, 0x00, 0x00,
	0x01, 0x1A, 0x00, 0x21, 0x01, 0x1A, 0x00, 0x5C, 0x01, 0x1A, 0xFF, 0xE5, 0x01, 0xB4, 0x00, 0x01,
	0x02, 0x61, 0x00, 0x69, 0x01, 0xF4, 0x00, 0x69, 0x03, 0x2D, 0x00, 0x69, 0x02, 0xB9, 0x00, 0x69,
	0x02, 0xB9, 0x00, 0x69, 0x02, 0xBE, 0x00, 0x30, 0x02, 0xBE, 0x00, 0x30, 0x02, 0xBE, 0x00, 0x30,
	0x02, 0xBE, 0x00, 0x30, 0x02, 0xBE, 0x00, 0x30, 0x02, 0xBE, 0x00, 0x30, 0x02, 0xBE, 0x00, 0x30,
	0x02, 0x69, 0x00, 0x69, 0x02, 0x69, 0x00, 0x69, 0x02, 0xBE, 0x00, 0x30, 0x02, 0x70, 0x00, 0x69,
	0x02, 0x0B, 0x00, 0x2B, 0x02, 0x80, 0x00, 0x63, 0x01, 0xDE, 0x00, 0x04, 0x02, 0xA5, 0x00, 0x63,
	0x02, 0xA5, 0x00, 0x63, 0x02, 0xA5, 0x00, 0x63, 0x02, 0xA5, 0x00, 0x63, 0x02, 0xA5, 0x00, 0x63,
	0x02, 0x5B, 0x00, 0x0D, 0x03, 0xAC, 0x00, 0x27, 0x02, 0x29, 0x00, 0x11, 0x02, 0x2B, 0x00, 0x08,
	0x02, 0x2B, 0x00, 0x08, 0x02, 0x2B, 0x00, 0x08, 0x02, 0x22, 0x00, 0x2B, 0x02, 0xAD, 0x00, 0x63,
	0x02, 0xAD, 0x00, 0x63, 0x02, 0xAD, 0x00, 0x63, 0x02, 0xAD, 0x00, 0x63, 0x02, 0xAD, 0x00, 0x63,
	0x02, 0xAD, 0x00, 0x63, 0x02, 0xAD, 0x00, 0x63, 0x03, 0x91, 0x00, 0x5D, 0x02, 0x1F, 0x00, 0x33,
	0x02, 0x1F, 0x00, 0x33, 0x02, 0x1F, 0x00, 0x33, 0x02, 0x1F, 0x00, 0x33, 0x02, 0x1F, 0x00, 0x33,
	0x02, 0x02, 0x00, 0x63, 0x02, 0x8C, 0x00, 0x30, 0x01, 0x97, 0x00, 0x37, 0x01, 0x97, 0x00, 0x37,
	0x01, 0x97, 0x00, 0x37, 0x01, 0x97, 0x00, 0x37, 0x01, 0x97, 0x00, 0x25, 0x01, 0xB4, 0x00, 0x01,
	0x01, 0xF4, 0x00, 0x69, 0x04, 0x08, 0x00, 0x69, 0x02, 0xAC, 0x00, 0x69, 0x02, 0xAC, 0x00, 0x69,
	0x02, 0xBE, 0x00, 0x30, 0x01, 0xE5, 0xFF, 0xFE, 0x02, 0xAC, 0x00, 0x63, 0x02, 0xAC, 0x00, 0x63,
	0x02, 0xAC, 0x00, 0x63, 0x02, 0xAC, 0x00, 0x63, 0x02, 0xAC, 0x00, 0x63, 0x04, 0x05, 0x00, 0x63,
	0x02, 0xA1, 0x00, 0x5E, 0x02, 0xA1, 0x00, 0x5E, 0x02, 0xA1, 0x00, 0x5E, 0x02, 0x22, 0x00, 0x2B,
	0x03, 0x35, 0x00, 0x69, 0x04, 0x10, 0x00, 0x69, 0x03, 0x99, 0x00, 0x63, 0x03, 0xF6, 0x00, 0x63,
	0x01, 0x91, 0x00, 0x29, 0x01, 0x9E, 0x00, 0x22, 0x02, 0xE8, 0x00, 0x10, 0x02, 0xD6, 0x00, 0x76,
	0x02, 0xED, 0x00, 0x76, 0x02, 0x3C, 0x00, 0x76, 0x02, 0x3C, 0x00, 0x76, 0x02, 0x3F, 0x00, 0x76,
	0x02, 0x3C, 0x00, 0x76, 0x02, 0x60, 0x00, 0x23, 0x02, 0xBD, 0x00, 0x76, 0x03, 0x1A, 0x00, 0x0B,
	0x02, 0x93, 0x00, 0x76, 0x02, 0x93, 0x00, 0x76, 0x02, 0x93, 0x00, 0x76, 0x03, 0xF3, 0x00, 0x18,
	0x02, 0x6D, 0x00, 0x04, 0x03, 0x38, 0x00, 0x76, 0x03, 0x38, 0x00, 0x76, 0x03, 0x38, 0x00, 0x76,
	0x03, 0x47, 0x00, 0x76, 0x02, 0xBE, 0x00, 0x76, 0x02, 0xBE, 0x00, 0x76, 0x03, 0x11, 0x00, 0x0B,
	0x03, 0xC3, 0x00, 0x76, 0x03, 0x35, 0x00, 0x76, 0x03, 0x53, 0x00, 0x39, 0x03, 0x39, 0x00, 0x76,
	0x02, 0xC5, 0x00, 0x76, 0x02, 0xCC, 0x00, 0x3A, 0x02, 0x4C, 0x00, 0x0B, 0x02, 0xA8, 0x00, 0x15,
	0x02, 0xA8, 0x00, 0x15, 0x03, 0x95, 0x00, 0x32, 0x02, 0x8A, 0x00, 0x16, 0x02, 0xCB, 0x00, 0x2C,
	0x03, 0x3B, 0x00, 0x76, 0x04, 0x46, 0x00, 0x76, 0x04, 0x5D, 0x00, 0x76, 0x03, 0x26, 0x00, 0x76,
	0x02, 0xC6, 0x00, 0x76, 0x03, 0xD2, 0x00, 0x76, 0x03, 0x34, 0x00, 0x0B, 0x04, 0xA2, 0x00, 0x0B,
	0x04, 0xA0, 0x00, 0x76, 0x02, 0x73, 0x00, 0x36, 0x02, 0xC3, 0x00, 0x3B, 0x02, 0xC2, 0x00, 0x23,
	0x01, 0x35, 0x00, 0x76, 0x01, 0x2E, 0x00, 0x13, 0x02, 0x0F, 0x00, 0x15, 0x03, 0x41, 0x00, 0x09,
	0x04, 0x44, 0x00, 0x76, 0x02, 0xDC, 0x00, 0x42, 0x03, 0x39, 0x00, 0x0C, 0x03, 0x22, 0x00, 0x13,
	0x03, 0x74, 0x00, 0x16, 0x03, 0x53, 0x00, 0x39, 0x02, 0xEC, 0x00, 0x13, 0x04, 0x1C, 0x00, 0x18,
	0x02, 0x6D, 0x00, 0x04, 0x02, 0xEC, 0x00, 0x76, 0x02, 0xD7, 0x00, 0x76, 0x02, 0xD4, 0x00, 0x25,
	0x03, 0x2D, 0x00, 0x0B, 0x03, 0x4D, 0x00, 0x76, 0x04, 0x40, 0x00, 0x76, 0x04, 0xB4, 0x00, 0x76,
	0x03, 0xCC, 0x00, 0x3F, 0x02, 0xCC, 0x00, 0x3A, 0x02, 0x4C, 0x00, 0x0B, 0x02, 0x8C, 0x00, 0x09,
	0x02, 0x8C, 0x00, 0x09, 0x02, 0xB2, 0x00, 0x16, 0x03, 0xC7, 0x00, 0x0C, 0x02, 0xE3, 0x00, 0x2C,
	0x02, 0xDB, 0x00, 0x2B, 0x02, 0xDB, 0x00, 0x76, 0x03, 0xCE, 0x00, 0x1F, 0x03, 0xCE, 0x00, 0x1F,
	0x01, 0x36, 0x00, 0x76, 0x03, 0xF3, 0x00, 0x18, 0x02, 0xBE, 0x00, 0x76, 0x03, 0x20, 0x00, 0x0B,
	0x03, 0x33, 0x00, 0x76, 0x03, 0x45, 0x00, 0x76, 0x02, 0xD8, 0x00, 0x3A, 0x03, 0xD8, 0x00, 0x76,
	0x02, 0xE8, 0x00, 0x10, 0x02, 0xE8, 0x00, 0x10, 0x04, 0x01, 0x00, 0x09, 0x02, 0x93, 0x00, 0x76,
	0x03, 0x38, 0x00, 0x2B, 0x03, 0x38, 0x00, 0x2B, 0x03, 0xF3, 0x00, 0x18, 0x02, 0x6D, 0x00, 0x04,
	0x02, 0x69, 0x00, 0x20, 0x03, 0x38, 0x00, 0x76, 0x03, 0x38, 0x00, 0x76, 0x03, 0x53, 0x00, 0x39,
	0x03, 0x53, 0x00, 0x39, 0x03, 0x53, 0x00, 0x39, 0x02, 0xC2, 0x00, 0x23, 0x02, 0xA8, 0x00, 0x15,
	0x02, 0xA8, 0x00, 0x15, 0x02, 0xA8, 0x00, 0x15, 0x02, 0xCB, 0x00, 0x2C, 0x03, 0xD2, 0x00, 0x76,
	0x02, 0x61, 0x00, 0x23, 0x02, 0x8B, 0x00, 0x14, 0x02, 0x9C, 0x00, 0x20, 0x02, 0xDF, 0x00, 0x21,
	0x02, 0xDC, 0x00, 0x76, 0x03, 0x06, 0x00, 0x0D, 0x02, 0xD7, 0x00, 0x11, 0x03, 0x91, 0x00, 0x38,
	0x02, 0x48, 0x00, 0x76, 0x02, 0x6D, 0x00, 0x04, 0x02, 0xCC, 0x00, 0x3A, 0x02, 0xCC, 0x00, 0x3A,
	0x03, 0x21, 0x00, 0x6C, 0x03, 0x3E, 0x00, 0x22, 0x02, 0x7A, 0x00, 0x37, 0x02, 0x7A, 0x00, 0x37,
	0x02, 0x7A, 0x00, 0x37, 0x03, 0x1B, 0x00, 0x6C, 0x03, 0x1B, 0x00, 0x6C, 0x03, 0x32, 0x00, 0x6C,
	0x03, 0x1B, 0x00, 0x6C, 0x03, 0x14, 0x00, 0x25, 0x02, 0xCA, 0x00, 0x64, 0x02, 0x62, 0x00, 0x0D,
	0x03, 0x14, 0x00, 0x67, 0x03, 0x14, 0x00, 0x67, 0x03, 0x93, 0x00, 0x38, 0x02, 0xC9, 0x00, 0x67,
	0x03, 0xD2, 0x00, 0x67, 0x03, 0x63, 0x00, 0x0C, 0x04, 0xA0, 0x00, 0x0B, 0x04, 0x91, 0x00, 0x76,
	0x01, 0xF4, 0xFF, 0xFC, 0x03, 0x33, 0x00, 0x13, 0x02, 0x62, 0x00, 0x0D, 0x03, 0x35, 0x00, 0x25,
	0x03, 0x21, 0x00, 0x6C, 0x03, 0x21, 0x00, 0x6C, 0x04, 0x2D, 0x00, 0x62, 0x02, 0x7A, 0x00, 0x37,
	0x03, 0x31, 0x00, 0x4C, 0x03, 0x31, 0x00, 0x4C, 0x03, 0x1B, 0x00, 0x6C, 0x03, 0x1B, 0x00, 0x6C,
	0x03, 0x14, 0x00, 0x67, 0x03, 0x14, 0x00, 0x67, 0x03, 0x14, 0x00, 0x67, 0x03, 0xD2, 0x00, 0x67,
	0x02, 0xEC, 0x00, 0x1B, 0x02, 0x47, 0x00, 0x36, 0x02, 0x93, 0x00, 0x44, 0x02, 0x60, 0x00, 0x65,
	0x01, 0xDB, 0x00, 0x65, 0x01, 0xDB, 0x00, 0x65, 0x01, 0xC1, 0x00, 0x65, 0x01, 0xDB, 0x00, 0x65,
	0x01, 0xF6, 0x00, 0x2E, 0x02, 0x50, 0x00, 0x65, 0x02, 0x8B, 0x00, 0x09, 0x02, 0x6A, 0x00, 0x33,
	0x02, 0x71, 0x00, 0x33, 0x02, 0x6A, 0x00, 0x33, 0x03, 0x3A, 0x00, 0x11, 0x02, 0x16, 0x00, 0x1E,
	0x02, 0xB0, 0x00, 0x65, 0x02, 0xB0, 0x00, 0x65, 0x02, 0xB0, 0x00, 0x65, 0x02, 0xC3, 0x00, 0x65,
	0x02, 0x45, 0x00, 0x65, 0x02, 0x45, 0x00, 0x65, 0x02, 0x78, 0x00, 0x05, 0x03, 0x16, 0x00, 0x65,
	0x02, 0xA3, 0x00, 0x65, 0x02, 0x7C, 0x00, 0x32, 0x02, 0xA2, 0x00, 0x65, 0x02, 0xAE, 0x00, 0x66,
	0x02, 0x33, 0x00, 0x32, 0x01, 0xD9, 0x00, 0x02, 0x02, 0x2E, 0xFF, 0xEE, 0x02, 0x2E, 0xFF, 0xEE,
	0x03, 0x11, 0x00, 0x31, 0x02, 0x0E, 0x00, 0x0F, 0x02, 0x57, 0x00, 0x2F, 0x02, 0xAC, 0x00, 0x65,
	0x03, 0xA0, 0x00, 0x65, 0x03, 0xA0, 0x00, 0x65, 0x02, 0x7F, 0x00, 0x65, 0x02, 0x33, 0x00, 0x65,
	0x03, 0x11, 0x00, 0x65, 0x02, 0x6D, 0x00, 0x02, 0x03, 0x99, 0x00, 0x05, 0x03, 0xB0, 0x00, 0x65,
	0x02, 0x10, 0x00, 0x2F, 0x02, 0x3C, 0x00, 0x31, 0x02, 0x3B, 0x00, 0x1E, 0x01, 0x11, 0x00, 0x55,
	0x01, 0x0D, 0x00, 0x1B, 0x01, 0x12, 0xFF, 0xA4, 0x02, 0x9E, 0xFF, 0xDF, 0x03, 0x61, 0x00, 0x65,
	0x02, 0x5E, 0x00, 0x38, 0x02, 0x9E, 0xFF, 0xF9, 0x02, 0x54, 0x00, 0x02, 0x02, 0xA8, 0x00, 0x14,
	0x02, 0x86, 0x00, 0x32, 0x02, 0x3F, 0x00, 0x0A, 0x03, 0x5E, 0x00, 0x11, 0x02, 0x16, 0x00, 0x1E,
	0x02, 0x45, 0x00, 0x65, 0x02, 0x55, 0x00, 0x63, 0x02, 0x45, 0x00, 0x01, 0x02, 0x86, 0x00, 0x02,
	0x02, 0xB5, 0x00, 0x65, 0x03, 0x6D, 0x00, 0x65, 0x03, 0xC9, 0x00, 0x65, 0x03, 0x0B, 0x00, 0x34,
	0x02, 0x33, 0x00, 0x32, 0x01, 0xD9, 0x00, 0x02, 0x02, 0x2F, 0x00, 0x0A, 0x02, 0x2F, 0x00, 0x0A,
	0x02, 0x0E, 0x00, 0x0F, 0x02, 0xF5, 0x00, 0x02, 0x02, 0x6D, 0x00, 0x2F, 0x02, 0x57, 0x00, 0x2E,
	0x02, 0x9E, 0x00, 0x66, 0x02, 0xF0, 0x00, 0x14, 0x02, 0xF0, 0x00, 0x14, 0x01, 0x12, 0x00, 0x66,
	0x03, 0x3A, 0x00, 0x11, 0x02, 0x45, 0x00, 0x65, 0x02, 0x8B, 0x00, 0x05, 0x02, 0xAA, 0x00, 0x65,
	0x02, 0xB6, 0x00, 0x65, 0x02, 0x55, 0x00, 0x2C, 0x03, 0x30, 0x00, 0x65, 0x02, 0x47, 0x00, 0x36,
	0x02, 0x47, 0x00, 0x36, 0x03, 0xDE, 0x00, 0x36, 0x02, 0x71, 0x00, 0x33, 0x02, 0x5C, 0x00, 0x2E,
	0x02, 0x60, 0x00, 0x2E, 0x03, 0x3A, 0x00, 0x11, 0x02, 0x16, 0x00, 0x1E, 0x02, 0x02, 0xFF, 0xEA,
	0x02, 0xB0, 0x00, 0x65, 0x02, 0xB0, 0x00, 0x65, 0x02, 0x7C, 0x00, 0x32, 0x02, 0x7C, 0x00, 0x32,
	0x02, 0x7C, 0x00, 0x32, 0x02, 0x3B, 0x00, 0x1E, 0x02, 0x2E, 0xFF, 0xEE, 0x02, 0x2E, 0xFF, 0xEE,
	0x02, 0x2E, 0xFF, 0xEE, 0x02, 0x57, 0x00, 0x2F, 0x03, 0x11, 0x00, 0x65, 0x01, 0xDE, 0x00, 0x0D,
	0x02, 0x0C, 0x00, 0x11, 0x02, 0x2B, 0x00, 0x1D, 0x02, 0x51, 0x00, 0x17, 0x02, 0xB9, 0x00, 0x66,
	0x02, 0x7C, 0x00, 0x53, 0x02, 0x18, 0x00, 0x33, 0x02, 0xB0, 0x00, 0x2F, 0x03, 0x3A, 0x00, 0x11,
	0x01, 0xE6, 0xFF, 0xF6, 0x02, 0x99, 0x00, 0x54, 0x02, 0x99, 0x00, 0x54, 0x02, 0x99, 0x00, 0x54,
	0x02, 0x45, 0x00, 0x66, 0x02, 0x2D, 0x00, 0x09, 0x02, 0xA3, 0x00, 0x65, 0x02, 0x9D, 0x00, 0x65,
	0x04, 0x1E, 0x00, 0x65, 0x02, 0x59, 0x00, 0x31, 0x02, 0xAE, 0x00, 0x54, 0x04, 0x1E, 0x00, 0x55,
	0x04, 0x33, 0x00, 0x55, 0x02, 0x36, 0x00, 0x57, 0x02, 0x8A, 0x00, 0x02, 0x03, 0x42, 0x00, 0x63,
	0x01, 0xE8, 0x00, 0x65, 0x02, 0x16, 0x00, 0x1E, 0x02, 0x33, 0x00, 0x32, 0x01, 0xDB, 0x00, 0x65,
	0x02, 0x6C, 0x00, 0x2D, 0x02, 0xA6, 0x00, 0x2E, 0x02, 0xB0, 0x00, 0x2F, 0x02, 0x5C, 0x00, 0x2E,
	0x02, 0x5C, 0x00, 0x2E, 0x02, 0x5C, 0x00, 0x2E, 0x02, 0x99, 0x00, 0x54, 0x02, 0x99, 0x00, 0x54,
	0x02, 0xA9, 0x00, 0x54, 0x02, 0x99, 0x00, 0x54, 0x02, 0x9F, 0x00, 0x25, 0x02, 0x93, 0x00, 0x4D,
	0x04, 0x1E, 0x00, 0x65, 0x02, 0xA0, 0x00, 0x5E, 0x02, 0xA0, 0x00, 0x5E, 0x02, 0x3F, 0x00, 0x57,
	0x03, 0x12, 0x00, 0x57, 0x02, 0x93, 0x00, 0x02, 0x03, 0xA2, 0x00, 0x07, 0x03, 0xA9, 0x00, 0x65,
	0x02, 0x6D, 0xFF, 0xFD, 0x02, 0xB3, 0x00, 0x25, 0x02, 0xA6, 0x00, 0x2E, 0x02, 0xA6, 0x00, 0x2E,
	0x03, 0xDB, 0x00, 0x37, 0x02, 0x5C, 0x00, 0x2E, 0x02, 0x5C, 0x00, 0x2E, 0x02, 0x5C, 0x00, 0x2E,
	0x02, 0x99, 0x00, 0x54, 0x02, 0x99, 0x00, 0x54, 0x02, 0xA0, 0x00, 0x5E, 0x02, 0xA0, 0x00, 0x5E,
	0x02, 0xA0, 0x00, 0x5E, 0x03, 0x12, 0x00, 0x57, 0x02, 0x5F, 0x00, 0x12, 0x02, 0xA6, 0x00, 0x63,
	0x02, 0x96, 0x00, 0x34, 0x01, 0x69, 0x00, 0x09, 0x02, 0x38, 0x00, 0x12, 0x02, 0x34, 0x00, 0x09,
	0x02, 0x95, 0x00, 0x28, 0x02, 0x36, 0x00, 0x16, 0x02, 0x61, 0x00, 0x34, 0x02, 0x4D, 0x00, 0x20,
	0x02, 0x7E, 0x00, 0x30, 0x02, 0x61, 0x00, 0x1F, 0x02, 0xA7, 0x00, 0x35, 0x01, 0x69, 0x00, 0x09,
	0x02, 0x38, 0x00, 0x0B, 0x02, 0x34, 0x00, 0x0E, 0x02, 0x99, 0x00, 0x28, 0x02, 0x36, 0x00, 0x16,
	0x02, 0x61, 0x00, 0x34, 0x02, 0x4D, 0x00, 0x20, 0x02, 0x7E, 0x00, 0x30, 0x02, 0x61, 0x00, 0x1F,
	0x02, 0xBC, 0x00, 0x43, 0x02, 0xBC, 0x00, 0x94, 0x02, 0xBC, 0x00, 0x42, 0x02, 0xBC, 0x00, 0x44,
	0x02, 0xBC, 0x00, 0x3C, 0x02, 0xBC, 0x00, 0x4A, 0x02, 0xBC, 0x00, 0x52, 0x02, 0xBC, 0x00, 0x4D,
	0x02, 0xBC, 0x00, 0x40, 0x02, 0xBC, 0x00, 0x49, 0x02, 0xBC, 0x00, 0x42, 0x02, 0xBC, 0x00, 0x94,
	0x02, 0xBC, 0x00, 0x4F, 0x02, 0xBC, 0x00, 0x44, 0x02, 0xBC, 0x00, 0x3C, 0x02, 0xBC, 0x00, 0x4A,
	0x02, 0xBC, 0x00, 0x52, 0x02, 0xBC, 0x00, 0x4D, 0x02, 0xBC, 0x00, 0x40, 0x02, 0xBC, 0x00, 0x49,
	0x01, 0xAE, 0x00, 0x20, 0x01, 0xAE, 0x00, 0x54, 0x01, 0xAE, 0x00, 0x20, 0x01, 0xAE, 0x00, 0x1F,
	0x01, 0xAE, 0x00, 0x1B, 0x01, 0xAE, 0x00, 0x22, 0x01, 0xAE, 0x00, 0x2A, 0x01, 0xAE, 0x00, 0x27,
	0x01, 0xAE, 0x00, 0x1F, 0x01, 0xAE, 0x00, 0x25, 0x01, 0xAE, 0x00, 0x20, 0x01, 0xAE, 0x00, 0x54,
	0x01, 0xAE, 0x00, 0x20, 0x01, 0xAE, 0x00, 0x1F, 0x01, 0xAE, 0x00, 0x1B, 0x01, 0xAE, 0x00, 0x22,
	0x01, 0xAE, 0x00, 0x2A, 0x01, 0xAE, 0x00, 0x27, 0x01, 0xAE, 0x00, 0x1F, 0x01, 0xAE, 0x00, 0x25,
	0x00, 0xA9, 0xFF, 0x48, 0x04, 0x05, 0x00, 0x54, 0x04, 0x05, 0x00, 0x54, 0x04, 0x05, 0x00, 0x1F,
	0x01, 0xAE, 0x00, 0x20, 0x01, 0xAE, 0x00, 0x54, 0x01, 0xAE, 0x00, 0x20, 0x01, 0xAE, 0x00, 0x1F,
	0x01, 0xAE, 0x00, 0x1B, 0x01, 0xAE, 0x00, 0x22, 0x01, 0xAE, 0x00, 0x2A, 0x01, 0xAE, 0x00, 0x27,
	0x01, 0xAE, 0x00, 0x1F, 0x01, 0xAE, 0x00, 0x25, 0x01, 0xAE, 0x00, 0x20, 0x01, 0xAE, 0x00, 0x54,
	0x01, 0xAE, 0x00, 0x20, 0x01, 0xAE, 0x00, 0x1F, 0x01, 0xAE, 0x00, 0x1B, 0x01, 0xAE, 0x00, 0x22,
	0x01, 0xAE, 0x00, 0x2A, 0x01, 0xAE, 0x00, 0x27, 0x01, 0xAE, 0x00, 0x1F, 0x01, 0xAE, 0x00, 0x25,
	0x01, 0xAE, 0x00, 0x54, 0x01, 0xAE, 0x00, 0x20, 0x01, 0xAE, 0x00, 0x1F, 0x01, 0xAE, 0x00, 0x20,
	0x01, 0xAE, 0x00, 0x54, 0x01, 0xAE, 0x00, 0x20, 0x01, 0xAE, 0x00, 0x1F, 0x01, 0xAE, 0x00, 0x1B,
	0x01, 0xAE, 0x00, 0x22, 0x01, 0xAE, 0x00, 0x2A, 0x01, 0xAE, 0x00, 0x27, 0x01, 0xAE, 0x00, 0x1F,
	0x01, 0xAE, 0x00, 0x25, 0x01, 0x06, 0x00, 0x00, 0x01, 0x06, 0x00, 0x00, 0x02, 0xBC, 0x00, 0x00,
	0x00, 0xD4, 0x00, 0x00, 0x00, 0x83, 0x00, 0x00, 0x00, 0x64, 0x00, 0x00, 0x00, 0x00, 0x00, 0x00,
	0x00, 0xD4, 0x00, 0x35, 0x00, 0xD4, 0x00, 0x36, 0x00, 0xD4, 0x00, 0x35, 0x00, 0xD4, 0x00, 0x35,
	0x02, 0x87, 0x00, 0x35, 0x01, 0x04, 0x00, 0x4D, 0x01, 0x04, 0x00, 0x4D, 0x02, 0x37, 0x00, 0x0D,
	0x02, 0x37, 0x00, 0x4B, 0x00, 0xFC, 0x00, 0x49, 0x01, 0x27, 0x00, 0x49, 0x01, 0x82, 0x00, 0x16,
	0x02, 0xB8, 0x00, 0x1D, 0x01, 0x4F, 0xFF, 0xE7, 0x01, 0x4F, 0xFF, 0xDD, 0x01, 0x04, 0x00, 0x4D,
	0x02, 0x37, 0x00, 0x4B, 0x01, 0x10, 0x00, 0x53, 0x01, 0x3B, 0x00, 0x53, 0x01, 0x4F, 0xFF, 0xE7,
	0x01, 0x4F, 0xFF, 0xDD, 0x00, 0x5E, 0x00, 0x00, 0x00, 0xD7, 0x00, 0x37, 0x01, 0x04, 0x00, 0x4D,
	0x01, 0x04, 0x00, 0x4D, 0x02, 0x05, 0x00, 0x0C, 0x02, 0x05, 0x00, 0x4B, 0x00, 0x62, 0x00, 0x00,
	0x01, 0x7E, 0x00, 0x3C, 0x01, 0xF4, 0x00, 0x00, 0x03, 0xE8, 0x00, 0x00, 0x02, 0xBC, 0x00, 0x30,
	0x03, 0xE8, 0x00, 0x00, 0x01, 0x7E, 0x00, 0x3C, 0x01, 0xF4, 0x00, 0x00, 0x01, 0x92, 0x00, 0x46,
	0x01, 0xF4, 0x00, 0x00, 0x03, 0xE8, 0x00, 0x00, 0x01, 0x49, 0x00, 0x68, 0x01, 0x49, 0x00, 0x28,
	0x01, 0x4E, 0x00, 0x3C, 0x01, 0x4E, 0x00, 0x15, 0x01, 0x3E, 0x00, 0x72, 0x01, 0x3E, 0x00, 0x15,
	0x01, 0x5D, 0x00, 0x72, 0x01, 0x5D, 0x00, 0x32, 0x01, 0x62, 0x00, 0x46, 0x01, 0x62, 0x00, 0x1F,
	0x01, 0x52, 0x00, 0x7C, 0x01, 0x52, 0x00, 0x1F, 0x00, 0xD4, 0x00, 0x36, 0x01, 0x7E, 0x00, 0x36,
	0x01, 0x7E, 0x00, 0x35, 0x01, 0x7E, 0x00, 0x36, 0x00, 0xD4, 0x00, 0x35, 0x00, 0xD4, 0x00, 0x36,
	0x01, 0xDD, 0x00, 0x32, 0x01, 0xDD, 0x00, 0x26, 0x01, 0x2B, 0x00, 0x32, 0x01, 0x2B, 0x00, 0x26,
	0x01, 0x75, 0x00, 0x45, 0x00, 0xCA, 0x00, 0x45, 0x01, 0xF1, 0x00, 0x3C, 0x01, 0xF1, 0x00, 0x30,
	0x01, 0x3F, 0x00, 0x3C, 0x01, 0x3F, 0x00, 0x30, 0x00, 0xD4, 0x00, 0x36, 0x01, 0x7C, 0x00, 0x34,
	0x01, 0x7C, 0x00, 0x35, 0x01, 0x7C, 0x00, 0x34, 0x00, 0xD3, 0x00, 0x35, 0x00, 0xD3, 0x00, 0x34,
	0x01, 0xC6, 0x00, 0x32, 0x01, 0xC6, 0x00, 0x26, 0x01, 0x18, 0x00, 0x32, 0x01, 0x19, 0x00, 0x26,
	0x01, 0x75, 0x00, 0x45, 0x00, 0xCA, 0x00, 0x45, 0x04, 0x09, 0x00, 0x34, 0x02, 0x9D, 0x00, 0x31,
	0x02, 0x78, 0x00, 0x15, 0x01, 0xEA, 0x00, 0x1C, 0x03, 0x29, 0x00, 0x34, 0x03, 0x29, 0x00, 0x34,
	0x01, 0xA3, 0x00, 0x32, 0x00, 0xCA, 0x00, 0x45, 0x01, 0x75, 0x00, 0x45, 0x01, 0x26, 0x00, 0x72,
	0x01, 0x26, 0x00, 0x72, 0x02, 0x23, 0x00, 0x1E, 0x02, 0x23, 0x00, 0x1E, 0x04, 0xB0, 0x00, 0x72,
	0x04, 0x09, 0x00, 0x34, 0x02, 0x28, 0x00, 0x27, 0x04, 0xA7, 0x00, 0x72, 0x02, 0x33, 0x00, 0x2E,
	0x02, 0xBC, 0x00, 0x22, 0x02, 0x67, 0x00, 0x2F, 0x02, 0x7D, 0x00, 0x1E, 0x02, 0xB7, 0x00, 0x01,
	0x02, 0x02, 0x00, 0x55, 0x02, 0x3F, 0x00, 0x46, 0x02, 0x3F, 0x00, 0x72, 0x02, 0x3F, 0x00, 0x46,
	0x02, 0x3F, 0x00, 0x46, 0x02, 0x3F, 0x00, 0x46, 0x02, 0x3F, 0x00, 0x46, 0x02, 0x3F, 0x00, 0x46,
	0x02, 0x3F, 0x00, 0x3E, 0x02, 0x3F, 0x00, 0x46, 0x02, 0x40, 0x00, 0x53, 0x02, 0xA6, 0x00, 0x63,
	0x03, 0x3D, 0x00, 0x2A, 0x04, 0xA6, 0x00, 0x2A, 0x00, 0x00, 0x00, 0x47, 0x00, 0x00, 0x00, 0x46,
	0x01, 0x3B, 0x00, 0x3C, 0x01, 0x49, 0x00, 0x2E, 0x01, 0x2A, 0x00, 0x42, 0x01, 0x2B, 0x00, 0x3E,
	0x00, 0x00, 0x00, 0xA8, 0x00, 0x00, 0x00, 0xFC, 0x00, 0x00, 0x00, 0x85, 0x00, 0x00, 0x00, 0xEB,
	0x00, 0x00, 0x00, 0xBB, 0x00, 0x00, 0x00, 0x87, 0x00, 0x00, 0x00, 0xC3, 0x00, 0x00, 0x00, 0x8E,
	0x00, 0x00, 0x00, 0x92, 0x00, 0x00, 0x00, 0xC2, 0x00, 0x00, 0x00, 0x6F, 0x00, 0x00, 0x00, 0x82,
	0x00, 0x00, 0x00, 0x6A, 0x00, 0x00, 0x00, 0x8D, 0x00, 0x00, 0x00, 0xF8, 0x00, 0x00, 0x00, 0xC0,
	0x00, 0x00, 0x00, 0xA0, 0x00, 0x00, 0x00, 0x54, 0x00, 0x00, 0x00, 0x6E, 0x02, 0x58, 0x00, 0xA8,
	0x02, 0x58, 0x00, 0x85, 0x02, 0x58, 0x00, 0xEB, 0x02, 0x58, 0x00, 0x92, 0x02, 0x58, 0x00, 0xC2,
	0x01, 0x13, 0x00, 0x68, 0x01, 0x16, 0x00, 0x69, 0x00, 0x01, 0x00, 0x00, 0x03, 0xC8, 0xFF, 0x05,
	0x00, 0x00, 0x06, 0x51, 0xFE, 0x78, 0xFC, 0xC9, 0x06, 0x31, 0x03, 0xE8, 0x00, 0x00, 0x00, 0x00,
	0x00, 0x00, 0x00, 0x00, 0x00, 0x00, 0x00, 0x00, 0x00, 0x00, 0x03, 0x60, 0x00, 0x04, 0x02, 0x7F,
	0x01, 0x90, 0x00, 0x05, 0x00, 0x00, 0x02, 0x8A, 0x02, 0x58, 0x00, 0x00, 0x00, 0x4B, 0x02, 0x8A,
	0x02, 0x58, 0x00, 0x00, 0x01, 0x5E, 0x00, 0x32, 0x01, 0x3B, 0x00, 0x00, 0x00, 0x00, 0x00, 0x00,
	0x00, 0x00, 0x00, 0x00, 0x00, 0x00, 0x80, 0x00, 0x02, 0x03, 0x00, 0x00, 0x00, 0x00, 0x00, 0x00,
	0x00, 0x00, 0x00, 0x00, 0x00, 0x00, 0x55, 0x4C, 0x41, 0x20, 0x00, 0xC0, 0x00, 0x20, 0x20, 0x52,
	0x03, 0xC8, 0xFF, 0x05, 0x00, 0x00, 0x04, 0x55, 0x01, 0xC5, 0x00, 0x00, 0x00, 0x05, 0x00, 0x00,
	0x00, 0x00, 0x02, 0x0D, 0x02, 0xBC, 0x00, 0x00, 0x00, 0x20, 0x00, 0x03, 0x00, 0x00, 0x00, 0x02,
	0x00, 0x00, 0x00, 0x03, 0x00, 0x00, 0x00, 0x14, 0x00, 0x03, 0x00, 0x01, 0x00, 0x00, 0x00, 0x14,
	0x00, 0x04, 0x04, 0x02, 0x00, 0x00, 0x00, 0x36, 0x00, 0x20, 0x00, 0x04, 0x00, 0x16, 0x00, 0x2F,
	0x00, 0x39, 0x00, 0x7E, 0x00, 0xAC, 0x00, 0xFF, 0x04, 0x1A, 0x04, 0x23, 0x04, 0x3A, 0x04, 0x43,
	0x04, 0x5F, 0x04, 0x63, 0x04, 0x6B, 0x04, 0x75, 0x04, 0xFF, 0x20, 0x0B, 0x20, 0x10, 0x20, 0x15,
	0x20, 0x1A, 0x20, 0x1E, 0x20, 0x22, 0x20, 0x26, 0x20, 0x30, 0x20, 0x33, 0x20, 0x3A, 0x20, 0x44,
	0x20, 0x52, 0xFF, 0xFF, 0x00, 0x00, 0x00, 0x20, 0x00, 0x30, 0x00, 0x3A, 0x00, 0xA0, 0x00, 0xAE,
	0x04, 0x00, 0x04, 0x1B, 0x04, 0x24, 0x04, 0x3B, 0x04, 0x44, 0x04, 0x62, 0x04, 0x6A, 0x04, 0x72,
	0x04, 0x8A, 0x20, 0x07, 0x20, 0x10, 0x20, 0x12, 0x20, 0x18, 0x20, 0x1C, 0x20, 0x20, 0x20, 0x26,
	0x20, 0x30, 0x20, 0x32, 0x20, 0x39, 0x20, 0x44, 0x20, 0x52, 0xFF, 0xFF, 0x00, 0x00, 0x02, 0x36,
	0x00, 0x00, 0x00, 0x00, 0x00, 0x00, 0x00, 0x00, 0xFD, 0x1A, 0x00, 0x00, 0xFD, 0x95, 0x00, 0x00,
	0x00, 0x00, 0x00, 0x00, 0x00, 0x00, 0x00, 0x00, 0xE2, 0xC2, 0xE2, 0xDF, 0x00, 0x00, 0x00, 0x00,
	0x00, 0x00, 0x00, 0x00, 0xE2, 0xAC, 0xE3, 0x0F, 0xE2, 0xF1, 0xE2, 0xCF, 0xE2, 0x5E, 0xE2, 0xE0,
	0x00, 0x01, 0x00, 0x36, 0x00, 0x00, 0x00, 0x52, 0x00, 0xDA, 0x00, 0xF2, 0x01, 0x94, 0x00, 0x00,
	0x01, 0xC6, 0x00, 0x00, 0x01, 0xF0, 0x02, 0x26, 0x02, 0x28, 0x02, 0x2A, 0x02, 0x30, 0x00, 0x00,
	0x00, 0x00, 0x03, 0x16, 0x03, 0x1C, 0x03, 0x20, 0x03, 0x24, 0x00, 0x00, 0x00, 0x00, 0x00, 0x00,
	0x00, 0x00, 0x00, 0x00, 0x00, 0x00, 0x00, 0x00, 0x02, 0xC7, 0x02, 0xD3, 0x03, 0x0A, 0x02, 0xDA,
	0x03, 0x2F, 0x03, 0x3E, 0x03, 0x1D, 0x03, 0x0B, 0x02, 0xF4, 0x02, 0xF5, 0x02, 0xD9, 0x03, 0x33,
	0x02, 0xCF, 0x02, 0xEA, 0x02, 0xCE, 0x02, 0xDB, 0x02, 0xD0, 0x02, 0xD1, 0x03, 0x38, 0x03, 0x36,
	0x03, 0x37, 0x02, 0xD5, 0x03, 0x1C, 0x00, 0x01, 0x00, 0x09, 0x00, 0x0A, 0x00, 0x0C, 0x00, 0x0E,
	0x00, 0x13, 0x00, 0x14, 0x00, 0x15, 0x00, 0x16, 0x00, 0x1C, 0x00, 0x1D, 0x00, 0x1E, 0x00, 0x1F,
	0x00, 0x20, 0x00, 0x22, 0x00, 0x29, 0x00, 0x2B, 0x00, 0x2C, 0x00, 0x2D, 0x00, 0x2E, 0x00, 0x2F,
	0x00, 0x34, 0x00, 0x35, 0x00, 0x36, 0x00, 0x37, 0x00, 0x39, 0x02, 0xF8, 0x02, 0xDC, 0x02, 0xF9,
	0x03, 0x3C, 0x02, 0xF0, 0x03, 0x5A, 0x00, 0x61, 0x00, 0x69, 0x00, 0x6A, 0x00, 0x6C, 0x00, 0x6E,
	0x00, 0x73, 0x00, 0x74, 0x00, 0x75, 0x00, 0x76, 0x00, 0x7E, 0x00, 0x80, 0x00, 0x81, 0x00, 0x82,
	0x00, 0x83, 0x00, 0x85, 0x00, 0x8C, 0x00, 0x8E, 0x00, 0x8F, 0x00, 0x90, 0x00, 0x92, 0x00, 0x93,
	0x00, 0x98, 0x00, 0x99, 0x00, 0x9A, 0x00, 0x9B, 0x00, 0x9E, 0x02, 0xF6, 0x03, 0x25, 0x02, 0xF7,
	0x03, 0x3A, 0x02, 0xC8, 0x02, 0xD4, 0x03, 0x2D, 0x03, 0x30, 0x03, 0x2E, 0x03, 0x31, 0x03, 0x26,
	0x03, 0x1F, 0x03, 0x59, 0x03, 0x20, 0x01, 0x1E, 0x03, 0x06, 0x03, 0x3B, 0x03, 0x21, 0x03, 0x5C,
	0x03, 0x22, 0x03, 0x39, 0x02, 0xBB, 0x02, 0xBC, 0x03, 0x5B, 0x03, 0x3D, 0x03, 0x1E, 0x02, 0xD7,
	0x03, 0x5D, 0x02, 0xBA, 0x01, 0x1F, 0x03, 0x07, 0x02, 0xA4, 0x02, 0xA3, 0x02, 0xA5, 0x02, 0xD6,
	0x00, 0x05, 0x00, 0x02, 0x00, 0x03, 0x00, 0x07, 0x00, 0x04, 0x00, 0x06, 0x00, 0x08, 0x00, 0x0B,
	0x00, 0x12, 0x00, 0x0F, 0x00, 0x10, 0x00, 0x11, 0x00, 0x1B, 0x00, 0x18, 0x00, 0x19, 0x00, 0x1A,
	0x00, 0x0D, 0x00, 0x21, 0x00, 0x26, 0x00, 0x23, 0x00, 0x24, 0x00, 0x28, 0x00, 0x25, 0x03, 0x34,
	0x00, 0x27, 0x00, 0x33, 0x00, 0x30, 0x00, 0x31, 0x00, 0x32, 0x00, 0x38, 0x00, 0x2A, 0x00, 0x91,
	0x00, 0x65, 0x00, 0x62, 0x00, 0x63, 0x00, 0x67, 0x00, 0x64, 0x00, 0x66, 0x00, 0x68, 0x00, 0x6B,
	0x00, 0x72, 0x00, 0x6F, 0x00, 0x70, 0x00, 0x71, 0x00, 0x7C, 0x00, 0x78, 0x00, 0x79, 0x00, 0x7A,
	0x00, 0x6D, 0x00, 0x84, 0x00, 0x89, 0x00, 0x86, 0x00, 0x87, 0x00, 0x8B, 0x00, 0x88, 0x03, 0x35,
	0x00, 0x8A, 0x00, 0x97, 0x00, 0x94, 0x00, 0x95, 0x00, 0x96, 0x00, 0x9C, 0x00, 0x8D, 0x00, 0x9D,
	0x01, 0x2B, 0x01, 0x2C, 0x01, 0x54, 0x01, 0x24, 0x01, 0x4C, 0x01, 0x4B, 0x01, 0x4E, 0x01, 0x4F,
	0x01, 0x50, 0x01, 0x49, 0x01, 0x4A, 0x01, 0x51, 0x01, 0x34, 0x01, 0x31, 0x01, 0x3E, 0x01, 0x45,
	0x01, 0x20, 0x01, 0x21, 0x01, 0x22, 0x01, 0x23, 0x01, 0x29, 0x01, 0x2A, 0x01, 0x2D, 0x01, 0x2E,
	0x01, 0x2F, 0x01, 0x30, 0x01, 0x33, 0x01, 0x3F, 0x01, 0x40, 0x01, 0x42, 0x01, 0x41, 0x01, 0x43,
	0x01, 0x44, 0x01, 0x48, 0x01, 0x47, 0x01, 0x46, 0x01, 0x4D, 0x01, 0x52, 0x01, 0x53, 0x01, 0xBB,
	0x01, 0xBC, 0x01, 0xBD, 0x01, 0xBE, 0x01, 0xC4, 0x01, 0xC5, 0x01, 0xC8, 0x01, 0xC9, 0x01, 0xCA,
	0x01, 0xCB, 0x01, 0xCE, 0x01, 0xDA, 0x01, 0xDB, 0x01, 0xDD, 0x01, 0xDC, 0x01, 0xDE, 0x01, 0xDF,
	0x01, 0xE3, 0x01, 0xE2, 0x01, 0xE1, 0x01, 0xE8, 0x01, 0xED, 0x01, 0xEE, 0x01, 0xC6, 0x01, 0xC7,
	0x01, 0xEF, 0x01, 0xBF, 0x01, 0xE7, 0x01, 0xE6, 0x01, 0xE9, 0x01, 0xEA, 0x01, 0xEB, 0x01, 0xE4,
	0x01, 0xE5, 0x01, 0xEC, 0x01, 0xCF, 0x01, 0xCC, 0x01, 0xD9, 0x01, 0xE0, 0x01, 0x55, 0x01, 0xF0,
	0x01, 0x56, 0x01, 0xF1, 0x01, 0x57, 0x01, 0xF2, 0x01, 0x58, 0x01, 0xF3, 0x01, 0x32, 0x01, 0xCD,
	0x01, 0x8D, 0x02, 0x28, 0x01, 0x8E, 0x02, 0x29, 0x01, 0x25, 0x01, 0xC0, 0x01, 0x27, 0x01, 0xC2,
	0x01, 0x28, 0x01, 0xC3, 0x01, 0x59, 0x01, 0xF4, 0x01, 0x5A, 0x01, 0xF5, 0x01, 0x5B, 0x01, 0xF6,
	0x01, 0x5C, 0x01, 0xF7, 0x01, 0x5D, 0x01, 0xF8, 0x01, 0x5E, 0x01, 0xF9, 0x01, 0x5F, 0x01, 0xFA,
	0x01, 0x60, 0x01, 0xFB, 0x01, 0x61, 0x01, 0xFC, 0x01, 0x62, 0x01, 0xFD, 0x01, 0x63, 0x01, 0xFE,
	0x01, 0x64, 0x01, 0xFF, 0x01, 0x65, 0x02, 0x00, 0x01, 0x66, 0x02, 0x01, 0x01, 0x67, 0x02, 0x02,
	0x01, 0x68, 0x02, 0x03, 0x01, 0x69, 0x02, 0x04, 0x01, 0x6A, 0x02, 0x05, 0x01, 0x6B, 0x02, 0x06,
	0x01, 0x6C, 0x02, 0x07, 0x01, 0x6D, 0x02, 0x08, 0x01, 0x6E, 0x01, 0x6F, 0x02, 0x0A, 0x01, 0x70,
	0x02, 0x0B, 0x01, 0x71, 0x02, 0x0C, 0x01, 0x72, 0x02, 0x0D, 0x01, 0x73, 0x02, 0x0E, 0x01, 0x74,
	0x02, 0x0F, 0x01, 0x75, 0x02, 0x10, 0x02, 0x09, 0x01, 0x76, 0x02, 0x11, 0x01, 0x77, 0x02, 0x12,
	0x01, 0x78, 0x02, 0x13, 0x01, 0x79, 0x02, 0x14, 0x01, 0x7A, 0x02, 0x15, 0x01, 0x7B, 0x02, 0x16,
	0x01, 0x7C, 0x02, 0x17, 0x01, 0x7D, 0x02, 0x18, 0x01, 0x7E, 0x02, 0x19, 0x01, 0x7F, 0x02, 0x1A,
	0x01, 0x80, 0x02, 0x1B, 0x01, 0x81, 0x02, 0x1C, 0x01, 0x82, 0x02, 0x1D, 0x01, 0x83, 0x02, 0x1E,
	0x01, 0x84, 0x02, 0x1F, 0x01, 0x85, 0x02, 0x20, 0x01, 0x86, 0x02, 0x21, 0x01, 0x87, 0x02, 0x22,
	0x01, 0x88, 0x02, 0x23, 0x01, 0x26, 0x01, 0xC1, 0x01, 0x89, 0x02, 0x24, 0x01, 0x8A, 0x02, 0x25,
	0x01, 0x8B, 0x02, 0x26, 0x01, 0x8C, 0x02, 0x27, 0x02, 0xED, 0x02, 0xEB, 0x02, 0xEC, 0x02, 0xEE,
	0x03, 0x04, 0x03, 0x05, 0x03, 0x00, 0x03, 0x02, 0x03, 0x03, 0x03, 0x01, 0x03, 0x27, 0x03, 0x28,
	0x02, 0xD8, 0x00, 0x00, 0x00, 0x00, 0x00, 0x0C, 0x00, 0x96, 0x00, 0x03, 0x00, 0x01, 0x04, 0x09,
	0x00, 0x00, 0x00, 0xB0, 0x00, 0x00, 0x00, 0x03, 0x00, 0x01, 0x04, 0x09, 0x00, 0x01, 0x00, 0x14,
	0x00, 0xB0, 0x00, 0x03, 0x00, 0x01, 0x04, 0x09, 0x00, 0x02, 0x00, 0x0E, 0x00, 0xC4, 0x00, 0x03,
	0x00, 0x01, 0x04, 0x09, 0x00, 0x03, 0x00, 0x38, 0x00, 0xD2, 0x00, 0x03, 0x00, 0x01, 0x04, 0x09,
	0x00, 0x04, 0x00, 0x24, 0x01, 0x0A, 0x00, 0x03, 0x00, 0x01, 0x04, 0x09, 0x00, 0x05, 0x00, 0x1A,
	0x01, 0x2E, 0x00, 0x03, 0x00, 0x01, 0x04, 0x09, 0x00, 0x06, 0x00, 0x24, 0x01, 0x48, 0x00, 0x03,
	0x00, 0x01, 0x04, 0x09, 0x01, 0x00, 0x00, 0x0C, 0x01, 0x6C, 0x00, 0x03, 0x00, 0x01, 0x04, 0x09,
	0x01, 0x0A, 0x00, 0x12, 0x01, 0x78, 0x00, 0x03, 0x00, 0x01, 0x04, 0x09, 0x01, 0x11, 0x00, 0x0E,
	0x00, 0xC4, 0x00, 0x03, 0x00, 0x01, 0x04, 0x09, 0x01, 0x1D, 0x00, 0x0C, 0x01, 0x8A, 0x00, 0x03,
	0x00, 0x01, 0x04, 0x09, 0x01, 0x1E, 0x00, 0x0A, 0x01, 0x96, 0x00, 0x43, 0x00, 0x6F, 0x00, 0x70,
	0x00, 0x79, 0x00, 0x72, 0x00, 0x69, 0x00, 0x67, 0x00, 0x68, 0x00, 0x74, 0x00, 0x20, 0x00, 0x32,
	0x00, 0x30, 0x00, 0x31, 0x00, 0x31, 0x00, 0x20, 0x00, 0x54, 0x00, 0x68, 0x00, 0x65, 0x00, 0x20,
	0x00, 0x4D, 0x00, 0x6F, 0x00, 0x6E, 0x00, 0x74, 0x00, 0x73, 0x00, 0x65, 0x00, 0x72, 0x00, 0x72,
	0x00, 0x61, 0x00, 0x74, 0x00, 0x20, 0x00, 0x50, 0x00, 0x72, 0x00, 0x6F, 0x00, 0x6A, 0x00, 0x65,
	0x00, 0x63, 0x00, 0x74, 0x00, 0x20, 0x00, 0x41, 0x00, 0x75, 0x00, 0x74, 0x00, 0x68, 0x00, 0x6F,
	0x00, 0x72, 0x00, 0x73, 0x00, 0x20, 0x00, 0x28, 0x00, 0x68, 0x00, 0x74, 0x00, 0x74, 0x00, 0x70,
	0x00, 0x73, 0x00, 0x3A, 0x00, 0x2F, 0x00, 0x2F, 0x00, 0x67, 0x00, 0x69, 0x00, 0x74, 0x00, 0x68,
	0x00, 0x75, 0x00, 0x62, 0x00, 0x2E, 0x00, 0x63, 0x00, 0x6F, 0x00, 0x6D, 0x00, 0x2F, 0x00, 0x4A,
	0x00, 0x75, 0x00, 0x6C, 0x00, 0x69, 0x00, 0x65, 0x00, 0x74, 0x00, 0x61, 0x00, 0x55, 0x00, 0x6C,
	0x00, 0x61, 0x00, 0x2F, 0x00, 0x4D, 0x00, 0x6F, 0x00, 0x6E, 0x00, 0x74, 0x00, 0x73, 0x00, 0x65,
	0x00, 0x72, 0x00, 0x72, 0x00, 0x61, 0x00, 0x74, 0x00, 0x29, 0x00, 0x4D, 0x00, 0x6F, 0x00, 0x6E,
	0x00, 0x74, 0x00, 0x73, 0x00, 0x65, 0x00, 0x72, 0x00, 0x72, 0x00, 0x61, 0x00, 0x74, 0x00, 0x52,
	0x00, 0x65, 0x00, 0x67, 0x00, 0x75, 0x00, 0x6C, 0x00, 0x61, 0x00, 0x72, 0x00, 0x39, 0x00, 0x2E,
	0x00, 0x30, 0x00, 0x30, 0x00, 0x30, 0x00, 0x3B, 0x00, 0x55, 0x00, 0x4C, 0x00, 0x41, 0x00, 0x3B,
	0x00, 0x4D, 0x00, 0x6F, 0x00, 0x6E, 0x00, 0x74, 0x00, 0x73, 0x00, 0x65, 0x00, 0x72, 0x00, 0x72,
	0x00, 0x61, 0x00, 0x74, 0x00, 0x2D, 0x00, 0x52, 0x00, 0x65, 0x00, 0x67, 0x00, 0x75, 0x00, 0x6C,
	0x00, 0x61, 0x00, 0x72, 0x00, 0x4D, 0x00, 0x6F, 0x00, 0x6E, 0x00, 0x74, 0x00, 0x73, 0x00, 0x65,
	0x00, 0x72, 0x00, 0x72, 0x00, 0x61, 0x00, 0x74, 0x00, 0x20, 0x00, 0x52, 0x00, 0x65, 0x00, 0x67,
	0x00, 0x75, 0x00, 0x6C, 0x00, 0x61, 0x00, 0x72, 0x00, 0x56, 0x00, 0x65, 0x00, 0x72, 0x00, 0x73,
	0x00, 0x69, 0x00, 0x6F, 0x00, 0x6E, 0x00, 0x20, 0x00, 0x39, 0x00, 0x2E, 0x00, 0x30, 0x00, 0x30,
	0x00, 0x30, 0x00, 0x4D, 0x00, 0x6F, 0x00, 0x6E, 0x00, 0x74, 0x00, 0x73, 0x00, 0x65, 0x00, 0x72,
	0x00, 0x72, 0x00, 0x61, 0x00, 0x74, 0x00, 0x2D, 0x00, 0x52, 0x00, 0x65, 0x00, 0x67, 0x00, 0x75,
	0x00, 0x6C, 0x00, 0x61, 0x00, 0x72, 0x00, 0x57, 0x00, 0x65, 0x00, 0x69, 0x00, 0x67, 0x00, 0x68,
	0x00, 0x74, 0x00, 0x41, 0x00, 0x6C, 0x00, 0x74, 0x00, 0x65, 0x00, 0x72, 0x00, 0x6E, 0x00, 0x61,
	0x00, 0x74, 0x00, 0x65, 0x00, 0x49, 0x00, 0x74, 0x00, 0x61, 0x00, 0x6C, 0x00, 0x69, 0x00, 0x63,
	0x00, 0x52, 0x00, 0x6F, 0x00, 0x6D, 0x00, 0x61, 0x00, 0x6E, 0x00, 0x00, 0x00, 0x03, 0x00, 0x00,
	0x00, 0x00, 0x00, 0x00, 0xFF, 0x9C, 0x00, 0x32, 0x00, 0x00, 0x00, 0x00, 0x00, 0x00, 0x00, 0x00,
	0x00, 0x00, 0x00, 0x00, 0x00, 0x00, 0x00, 0x00, 0x00, 0x00, 0x00, 0x00, 0x00, 0x01, 0x00, 0x01,
	0xFF, 0xFF, 0x00, 0x0F, 0x00, 0x01, 0x00, 0x00, 0x00, 0x0C, 0x00, 0x00, 0x01, 0xBA, 0x00, 0x00,
	0x00, 0x02, 0x00, 0x47, 0x00, 0x01, 0x00, 0x16, 0x00, 0x01, 0x00, 0x18, 0x00, 0x29, 0x00, 0x01,
	0x00, 0x2B, 0x00, 0x46, 0x00, 0x01, 0x00, 0x49, 0x00, 0x53, 0x00, 0x01, 0x00, 0x55, 0x00, 0x5E,
	0x00, 0x01, 0x00, 0x5F, 0x00, 0x5F, 0x00, 0x02, 0x00, 0x60, 0x00, 0x6C, 0x00, 0x01, 0x00, 0x6E,
	0x00, 0x76, 0x00, 0x01, 0x00, 0x78, 0x00, 0x7C, 0x00, 0x01, 0x00, 0x7E, 0x00, 0x7E, 0x00, 0x01,
	0x00, 0x80, 0x00, 0x90, 0x00, 0x01, 0x00, 0x92, 0x00, 0xB3, 0x00, 0x01, 0x00, 0xB4, 0x00, 0xB7,
	0x00, 0x02, 0x00, 0xB8, 0x00, 0xCB, 0x00, 0x01, 0x00, 0xCD, 0x00, 0xE2, 0x00, 0x01, 0x00, 0xE4,
	0x00, 0xE6, 0x00, 0x01, 0x00, 0xE8, 0x00, 0xEF, 0x00, 0x01, 0x00, 0xF1, 0x01, 0x01, 0x00, 0x01,
	0x01, 0x03, 0x01, 0x0D, 0x00, 0x01, 0x01, 0x0F, 0x01, 0x19, 0x00, 0x01, 0x01, 0x1A, 0x01, 0x1D,
	0x00, 0x02, 0x01, 0x20, 0x01, 0x20, 0x00, 0x01, 0x01, 0x22, 0x01, 0x24, 0x00, 0x01, 0x01, 0x26,
	0x01, 0x27, 0x00, 0x01, 0x01, 0x2A, 0x01, 0x3E, 0x00, 0x01, 0x01, 0x40, 0x01, 0x41, 0x00, 0x01,
	0x01, 0x43, 0x01, 0x44, 0x00, 0x01, 0x01, 0x46, 0x01, 0x49, 0x00, 0x01, 0x01, 0x4B, 0x01, 0x50,
	0x00, 0x01, 0x01, 0x52, 0x01, 0x53, 0x00, 0x01, 0x01, 0x55, 0x01, 0x55, 0x00, 0x01, 0x01, 0x57,
	0x01, 0x57, 0x00, 0x01, 0x01, 0x59, 0x01, 0x5B, 0x00, 0x01, 0x01, 0x5D, 0x01, 0x60, 0x00, 0x01,
	0x01, 0x63, 0x01, 0x67, 0x00, 0x01, 0x01, 0x69, 0x01, 0x6F, 0x00, 0x01, 0x01, 0x71, 0x01, 0x71,
	0x00, 0x01, 0x01, 0x73, 0x01, 0x73, 0x00, 0x01, 0x01, 0x75, 0x01, 0x7D, 0x00, 0x01, 0x01, 0x7F,
	0x01, 0x8A, 0x00, 0x01, 0x01, 0x8D, 0x01, 0x8D, 0x00, 0x01, 0x01, 0x92, 0x01, 0x96, 0x00, 0x01,
	0x01, 0x98, 0x01, 0x9F, 0x00, 0x01, 0x01, 0xA1, 0x01, 0xA3, 0x00, 0x01, 0x01, 0xA6, 0x01, 0xA7,
	0x00, 0x01, 0x01, 0xAA, 0x01, 0xBB, 0x00, 0x01, 0x01, 0xBD, 0x01, 0xBF, 0x00, 0x01, 0x01, 0xC1,
	0x01, 0xC2, 0x00, 0x01, 0x01, 0xC5, 0x01, 0xD9, 0x00, 0x01, 0x01, 0xDB, 0x01, 0xDC, 0x00, 0x01,
	0x01, 0xDE, 0x01, 0xDF, 0x00, 0x01, 0x01, 0xE1, 0x01, 0xE4, 0x00, 0x01, 0x01, 0xE6, 0x01, 0xEE,
	0x00, 0x01, 0x01, 0xF2, 0x01, 0xF2, 0x00, 0x01, 0x01, 0xF4, 0x01, 0xF6, 0x00, 0x01, 0x01, 0xF8,
	0x01, 0xFB, 0x00, 0x01, 0x01, 0xFE, 0x02, 0x02, 0x00, 0x01, 0x02, 0x04, 0x02, 0x0A, 0x00, 0x01,
	0x02, 0x0C, 0x02, 0x0C, 0x00, 0x01, 0x02, 0x0E, 0x02, 0x0E, 0x00, 0x01, 0x02, 0x10, 0x02, 0x18,
	0x00, 0x01, 0x02, 0x1A, 0x02, 0x1D, 0x00, 0x01, 0x02, 0x1F, 0x02, 0x24, 0x00, 0x01, 0x02, 0x2C,
	0x02, 0x2C, 0x00, 0x01, 0x02, 0x2F, 0x02, 0x32, 0x00, 0x01, 0x02, 0x34, 0x02, 0x3A, 0x00, 0x01,
	0x02, 0x3F, 0x02, 0x41, 0x00, 0x01, 0x02, 0x43, 0x02, 0x50, 0x00, 0x01, 0x02, 0x52, 0x02, 0x53,
	0x00, 0x01, 0x02, 0x57, 0x02, 0x63, 0x00, 0x01, 0x03, 0x59, 0x03, 0x5C, 0x00, 0x01, 0x00, 0x1C,
	0x00, 0x0C, 0x00, 0x32, 0x00, 0x3A, 0x00, 0x42, 0x00, 0x42, 0x00, 0x52, 0x00, 0x4A, 0x00, 0x52,
	0x00, 0x5A, 0x00, 0x62, 0x00, 0x6A, 0x00, 0x72, 0x00, 0x7A, 0x00, 0x02, 0x00, 0x03, 0x00, 0x5F,
	0x00, 0x60, 0x00, 0x00, 0x00, 0xB4, 0x00, 0xB9, 0x00, 0x02, 0x01, 0x1A, 0x01, 0x1D, 0x00, 0x08,
	0x00, 0x01, 0x00, 0x04, 0x00, 0x01, 0x02, 0x50, 0x00, 0x01, 0x00, 0x04, 0x00, 0x01, 0x01, 0x67,
	0x00, 0x01, 0x00, 0x04, 0x00, 0x01, 0x01, 0x31, 0x00, 0x01, 0x00, 0x04, 0x00, 0x01, 0x01, 0x38,
	0x00, 0x01, 0x00, 0x04, 0x00, 0x01, 0x01, 0x2B, 0x00, 0x01, 0x00, 0x04, 0x00, 0x01, 0x01, 0x36,
	0x00, 0x01, 0x00, 0x04, 0x00, 0x01, 0x01, 0x9B, 0x00, 0x01, 0x00, 0x04, 0x00, 0x01, 0x02, 0x08,
	0x00, 0x01, 0x00, 0x04, 0x00, 0x01, 0x01, 0xCD, 0x00, 0x01, 0x00, 0x04, 0x00, 0x01, 0x01, 0xFB,
	0x00, 0x01, 0x00, 0x00, 0x00, 0x0A, 0x00, 0x3C, 0x00, 0x5C, 0x00, 0x04, 0x44, 0x46, 0x4C, 0x54,
	0x00, 0x26, 0x63, 0x79, 0x72, 0x6C, 0x00, 0x26, 0x67, 0x72, 0x65, 0x6B, 0x00, 0x1A, 0x6C, 0x61,
	0x74, 0x6E, 0x00, 0x26, 0x00, 0x04, 0x00, 0x00, 0x00, 0x00, 0xFF, 0xFF, 0x00, 0x01, 0x00, 0x01,
	0x00, 0x04, 0x00, 0x00, 0x00, 0x00, 0xFF, 0xFF, 0x00, 0x01, 0x00, 0x00, 0x00, 0x02, 0x6B, 0x65,
	0x72, 0x6E, 0x00, 0x0E, 0x6B, 0x65, 0x72, 0x6E, 0x00, 0x18, 0x00, 0x00, 0x00, 0x03, 0x00, 0x02,
	0x00, 0x00, 0x00, 0x01, 0x00, 0x00, 0x00, 0x02, 0x00, 0x02, 0x00, 0x00, 0x00, 0x03, 0x00, 0x08,
	0x00, 0x40, 0x01, 0x86, 0x00, 0x09, 0x00, 0x08, 0x00, 0x05, 0x00, 0x10, 0x00, 0x18, 0x00, 0x20,
	0x00, 0x28, 0x00, 0x30, 0x00, 0x01, 0x00, 0x02, 0x00, 0x00, 0x01, 0x7E, 0x00, 0x01, 0x00, 0x02,
	0x00, 0x00, 0x02, 0x58, 0x00, 0x01, 0x00, 0x02, 0x00, 0x00, 0x05, 0x2A, 0x00, 0x01, 0x00, 0x02,
	0x00, 0x00, 0x58, 0x3C, 0x00, 0x01, 0x00, 0x02, 0x00, 0x00, 0x8A, 0xAE, 0x00, 0x02, 0x00, 0x00,
	0x00, 0x01, 0x00, 0x08, 0x00, 0x02, 0x00, 0x10, 0x00, 0x00, 0x00, 0x00, 0x00, 0x22, 0x00, 0x38,
	0x00, 0x03, 0x00, 0x04, 0x00, 0x01, 0x00, 0x07, 0x00, 0x1E, 0x00, 0xAD, 0x00, 0xB7, 0x00, 0xD7,
	0x01, 0x0A, 0x01, 0x1B, 0x01, 0x1D, 0x00, 0x02, 0x00, 0x03, 0x00, 0x1E, 0x00, 0x1E, 0x00, 0x01,
	0x00, 0xAD, 0x00, 0xAD, 0x00, 0x02, 0x00, 0xB7, 0x00, 0xB7, 0x00, 0x02, 0x00, 0x02, 0x00, 0x2B,
	0x00, 0x09, 0x00, 0x09, 0x00, 0x01, 0x00, 0x0C, 0x00, 0x13, 0x00, 0x01, 0x00, 0x15, 0x00, 0x1B,
	0x00, 0x01, 0x00, 0x1D, 0x00, 0x21, 0x00, 0x01, 0x00, 0x29, 0x00, 0x2A, 0x00, 0x01, 0x00, 0x2C,
	0x00, 0x2C, 0x00, 0x01, 0x00, 0x51, 0x00, 0x53, 0x00, 0x01, 0x00, 0xB8, 0x00, 0xB9, 0x00, 0x02,
	0x00, 0xC2, 0x00, 0xC2, 0x00, 0x02, 0x00, 0xC5, 0x00, 0xCC, 0x00, 0x02, 0x00, 0xCE, 0x00, 0xD4,
	0x00, 0x02, 0x00, 0xD6, 0x00, 0xDA, 0x00, 0x02, 0x00, 0xE2, 0x00, 0xE3, 0x00, 0x02, 0x00, 0xE5,
	0x00, 0xE5, 0x00, 0x02, 0x01, 0x0A, 0x01, 0x0D, 0x00, 0x02, 0x01, 0x1A, 0x01, 0x1B, 0x00, 0x02,
	0x01, 0x21, 0x01, 0x26, 0x00, 0x01, 0x01, 0x28, 0x01, 0x28, 0x00, 0x01, 0x01, 0x2A, 0x01, 0x2C,
	0x00, 0x01, 0x01, 0x2F, 0x01, 0x34, 0x00, 0x01, 0x01, 0x36, 0x01, 0x37, 0x00, 0x01, 0x01, 0x39,
	0x01, 0x3A, 0x00, 0x01, 0x01, 0x42, 0x01, 0x47, 0x00, 0x01, 0x01, 0x4A, 0x01, 0x4A, 0x00, 0x01,
	0x01, 0x4E, 0x01, 0x4F, 0x00, 0x01, 0x01, 0x52, 0x01, 0x52, 0x00, 0x01, 0x01, 0x5B, 0x01, 0x5D,
	0x00, 0x01, 0x01, 0x5F, 0x01, 0x61, 0x00, 0x01, 0x01, 0x6B, 0x01, 0x6B, 0x00, 0x01, 0x01, 0x6E,
	0x01, 0x6E, 0x00, 0x01, 0x01, 0x70, 0x01, 0x70, 0x00, 0x01, 0x01, 0x72, 0x01, 0x73, 0x00, 0x01,
	0x01, 0x75, 0x01, 0x75, 0x00, 0x01, 0x01, 0x79, 0x01, 0x79, 0x00, 0x01, 0x01, 0x7F, 0x01, 0x80,
	0x00, 0x01, 0x01, 0x89, 0x01, 0x89, 0x00, 0x01, 0x01, 0x8D, 0x01, 0x8E, 0x00, 0x01, 0x01, 0x92,
	0x01, 0x92, 0x00, 0x01, 0x01, 0x9B, 0x01, 0x9E, 0x00, 0x01, 0x01, 0xA9, 0x01, 0xA9, 0x00, 0x01,
	0x01, 0xB4, 0x01, 0xB5, 0x00, 0x01, 0x03, 0x29, 0x03, 0x29, 0x00, 0x03, 0x03, 0x2C, 0x03, 0x2C,
	0x00, 0x03, 0x00, 0x09, 0x00, 0x08, 0x00, 0x01, 0x00, 0x08, 0x00, 0x01, 0x00, 0x02, 0x00, 0x00,
	0xB3, 0x44, 0x00, 0x01, 0x00, 0x38, 0x00, 0x04, 0x00, 0x00, 0x00, 0x17, 0x00, 0x6A, 0x00, 0xCC,
	0x00, 0x70, 0x00, 0xC6, 0x00, 0xCC, 0x00, 0xCC, 0x00, 0xD2, 0x00, 0xDC, 0x00, 0xDC, 0x00, 0xDC,
	0x00, 0xDC, 0x00, 0xDC, 0x00, 0xDC, 0x00, 0xDC, 0x00, 0xDC, 0x00, 0xDC, 0x00, 0xDC, 0x00, 0xDC,
	0x00, 0xDC, 0x00, 0xDC, 0x00, 0xDC, 0x00, 0xDC, 0x00, 0xDC, 0x00, 0x01, 0x00, 0x17, 0x00, 0x2B,
	0x00, 0x55, 0x00, 0x7A, 0x00, 0xE4, 0x01, 0xA1, 0x01, 0xAC, 0x02, 0x26, 0x02, 0xD7, 0x02, 0xD8,
	0x02, 0xEA, 0x02, 0xEB, 0x02, 0xED, 0x02, 0xEE, 0x02, 0xEF, 0x02, 0xF2, 0x03, 0x07, 0x03, 0x09,
	0x03, 0x17, 0x03, 0x19, 0x03, 0x33, 0x03, 0x35, 0x03, 0x39, 0x03, 0x3A, 0x00, 0x01, 0x02, 0xF0,
	0x00, 0x28, 0x00, 0x15, 0x00, 0x69, 0x00, 0x00, 0x00, 0x75, 0x00, 0x00, 0x00, 0x76, 0x00, 0x00,
	0x00, 0x78, 0x00, 0x00, 0x00, 0x79, 0x00, 0x00, 0x00, 0x7B, 0x00, 0x00, 0x00, 0x7C, 0x00, 0x00,
	0x00, 0x7D, 0x00, 0x00, 0x00, 0x80, 0x00, 0x00, 0x00, 0x81, 0x00, 0x00, 0x00, 0x8D, 0x00, 0x00,
	0x00, 0x91, 0x00, 0x00, 0x00, 0xAC, 0x00, 0x00, 0x00, 0xAD, 0x00, 0x00, 0x00, 0xAE, 0x00, 0x00,
	0x01, 0xEF, 0x00, 0x00, 0x01, 0xF8, 0x00, 0x00, 0x02, 0x06, 0x00, 0x00, 0x02, 0x09, 0x00, 0x00,
	0x02, 0x32, 0x00, 0x00, 0x02, 0x3D, 0x00, 0x00, 0x00, 0x01, 0x02, 0xF0, 0x00, 0x32, 0x00, 0x01,
	0x00, 0x79, 0x00, 0x28, 0x00, 0x02, 0x00, 0x7E, 0x00, 0x32, 0x01, 0xEB, 0x00, 0x32, 0x00, 0x01,
	0x01, 0x29, 0xFF, 0xFB, 0x00, 0x01, 0x00, 0x70, 0x00, 0x04, 0x00, 0x00, 0x00, 0x33, 0x02, 0xBE,
	0x02, 0xA4, 0x00, 0xDA, 0x02, 0x76, 0x02, 0x92, 0x02, 0x92, 0x02, 0x84, 0x02, 0x84, 0x02, 0xD0,
	0x02, 0xB4, 0x00, 0xE4, 0x00, 0xEE, 0x01, 0x00, 0x01, 0x0A, 0x01, 0x10, 0x01, 0x16, 0x01, 0x20,
	0x01, 0x2A, 0x01, 0x84, 0x02, 0xBE, 0x02, 0x76, 0x02, 0x76, 0x02, 0x76, 0x02, 0x76, 0x02, 0xA4,
	0x02, 0xBE, 0x02, 0x76, 0x02, 0x92, 0x02, 0x92, 0x02, 0x92, 0x02, 0xBE, 0x02, 0x76, 0x02, 0x76,
	0x02, 0x84, 0x02, 0x84, 0x02, 0xBE, 0x02, 0xBE, 0x02, 0x92, 0x02, 0x92, 0x02, 0x92, 0x02, 0xA4,
	0x02, 0xA4, 0x02, 0xBE, 0x02, 0xAE, 0x02, 0xB4, 0x02, 0xB4, 0x02, 0xBE, 0x02, 0xC4, 0x02, 0xCA,
	0x02, 0xCA, 0x02, 0xD0, 0x00, 0x01, 0x00, 0x33, 0x00, 0x09, 0x00, 0x13, 0x00, 0x2B, 0x00, 0x2E,
	0x00, 0x34, 0x00, 0x35, 0x00, 0x37, 0x00, 0x38, 0x00, 0x49, 0x00, 0x55, 0x00, 0x6A, 0x00, 0x73,
	0x00, 0x76, 0x00, 0x79, 0x00, 0x7A, 0x00, 0x7E, 0x00, 0x8E, 0x00, 0xAC, 0x00, 0xB7, 0x01, 0x22,
	0x01, 0x23, 0x01, 0x24, 0x01, 0x25, 0x01, 0x26, 0x01, 0x27, 0x01, 0x2E, 0x01, 0x3C, 0x01, 0x3D,
	0x01, 0x3E, 0x01, 0x58, 0x01, 0x5A, 0x01, 0x60, 0x01, 0x64, 0x01, 0x65, 0x01, 0x66, 0x01, 0x7D,
	0x01, 0x7E, 0x01, 0x85, 0x01, 0x86, 0x01, 0x87, 0x01, 0x8A, 0x01, 0x92, 0x01, 0x93, 0x01, 0x97,
	0x01, 0xA1, 0x01, 0xAC, 0x02, 0x2A, 0x02, 0xF4, 0x02, 0xF6, 0x02, 0xF8, 0x03, 0x30, 0x00, 0x02,
	0x02, 0xDB, 0x00, 0x25, 0x02, 0xE1, 0x00, 0x25, 0x00, 0x02, 0x02, 0x07, 0xFF, 0xE4, 0x02, 0x08,
	0xFF, 0xE4, 0x00, 0x04, 0x00, 0x76, 0x00, 0x00, 0x00, 0x79, 0x00, 0x19, 0x00, 0x7A, 0x00, 0x1E,
	0x00, 0x7C, 0x00, 0x3B, 0x00, 0x02, 0x02, 0xDC, 0xFF, 0xEC, 0x02, 0xE2, 0xFF, 0xEC, 0x00, 0x01,
	0x02, 0xD5, 0x00, 0x17, 0x00, 0x01, 0x00, 0x7A, 0x00, 0x00, 0x00, 0x02, 0x02, 0xDC, 0xFF, 0xCE,
	0x02, 0xE2, 0xFF, 0xCE, 0x00, 0x02, 0x00, 0x7E, 0x00, 0x18, 0x01, 0xEB, 0x00, 0x18, 0x00, 0x16,
	0x00, 0x69, 0x00, 0x00, 0x00, 0x75, 0x00, 0x00, 0x00, 0x76, 0x00, 0x00, 0x00, 0x78, 0x00, 0x00,
	0x00, 0x79, 0x00, 0x00, 0x00, 0x7A, 0x00, 0x00, 0x00, 0x7B, 0x00, 0x00, 0x00, 0x7C, 0x00, 0x00,
	0x00, 0x7D, 0x00, 0x00, 0x00, 0x80, 0x00, 0x00, 0x00, 0x81, 0x00, 0x00, 0x00, 0x8D, 0x00, 0x00,
	0x00, 0x91, 0x00, 0x00, 0x00, 0xAC, 0x00, 0x00, 0x00, 0xAD, 0x00, 0x00, 0x00, 0xAE, 0x00, 0x00,
	0x01, 0xEF, 0x00, 0x00, 0x01, 0xF8, 0x00, 0x00, 0x02, 0x06, 0x00, 0x00, 0x02, 0x09, 0x00, 0x00,
	0x02, 0x32, 0x00, 0x00, 0x02, 0x3D, 0x00, 0x00, 0x00, 0x3C, 0x00, 0x6A, 0xFF, 0xDC, 0x00, 0x6B,
	0xFF, 0xDC, 0x00, 0x6C, 0xFF, 0xDC, 0x00, 0x6D, 0xFF, 0xDC, 0x00, 0x6E, 0xFF, 0xDC, 0x00, 0x6F,
	0xFF, 0xDC, 0x00, 0x70, 0xFF, 0xDC, 0x00, 0x71, 0xFF, 0xDC, 0x00, 0x72, 0xFF, 0xDC, 0x00, 0x74,
	0xFF, 0xDC, 0x00, 0x85, 0xFF, 0xDC, 0x00, 0x86, 0xFF, 0xDC, 0x00, 0x87, 0xFF, 0xDC, 0x00, 0x88,
	0xFF, 0xDC, 0x00, 0x89, 0xFF, 0xDC, 0x00, 0x8A, 0xFF, 0xDC, 0x00, 0x8B, 0xFF, 0xDC, 0x00, 0x8E,
	0xFF, 0xDC, 0x00, 0x9F, 0xFF, 0xDC, 0x00, 0xA0, 0xFF, 0xDC, 0x00, 0xA1, 0xFF, 0xDC, 0x00, 0xA2,
	0xFF, 0xDC, 0x00, 0xA3, 0xFF, 0xDC, 0x00, 0xA4, 0xFF, 0xDC, 0x00, 0xA5, 0xFF, 0xDC, 0x00, 0xA7,
	0xFF, 0xDC, 0x00, 0xA8, 0xFF, 0xDC, 0x00, 0xA9, 0xFF, 0xDC, 0x00, 0xAA, 0xFF, 0xDC, 0x00, 0xAB,
	0xFF, 0xDC, 0x01, 0xC5, 0xFF, 0xDC, 0x01, 0xC6, 0xFF, 0xDC, 0x01, 0xC7, 0xFF, 0xDC, 0x01, 0xD3,
	0xFF, 0xDC, 0x01, 0xD6, 0xFF, 0xDC, 0x01, 0xDA, 0xFF, 0xDC, 0x01, 0xE7, 0xFF, 0xDC, 0x01, 0xF2,
	0xFF, 0xDC, 0x01, 0xFD, 0xFF, 0xDC, 0x01, 0xFE, 0xFF, 0xDC, 0x02, 0x14, 0xFF, 0xDC, 0x02, 0x15,
	0xFF, 0xDC, 0x02, 0x16, 0xFF, 0xDC, 0x02, 0x1C, 0xFF, 0xDC, 0x02, 0x1D, 0xFF, 0xDC, 0x02, 0x1E,
	0xFF, 0xDC, 0x02, 0x2A, 0xFF, 0xDC, 0x02, 0x2C, 0xFF, 0xDC, 0x02, 0x40, 0xFF, 0xDC, 0x02, 0x43,
	0xFF, 0xDC, 0x02, 0x44, 0xFF, 0xDC, 0x02, 0x45, 0xFF, 0xDC, 0x02, 0x46, 0xFF, 0xDC, 0x02, 0x47,
	0xFF, 0xDC, 0x02, 0x58, 0xFF, 0xDC, 0x02, 0x59, 0xFF, 0xDC, 0x02, 0x5B, 0xFF, 0xDC, 0x02, 0x5C,
	0xFF, 0xDC, 0x02, 0x5D, 0xFF, 0xDC, 0x03, 0x2D, 0xFF, 0xDC, 0x00, 0x03, 0x00, 0x79, 0x00, 0x1E,
	0x00, 0x7A, 0x00, 0x0F, 0x00, 0x7C, 0x00, 0x10, 0x00, 0x03, 0x00, 0x79, 0x00, 0x19, 0x00, 0x7A,
	0x00, 0x11, 0x00, 0x7C, 0x00, 0x1E, 0x00, 0x04, 0x00, 0x79, 0x00, 0x20, 0x00, 0x7A, 0x00, 0x0F,
	0x00, 0x7B, 0xFF, 0xE6, 0x00, 0x7C, 0x00, 0x11, 0x00, 0x02, 0x00, 0x79, 0x00, 0x09, 0x00, 0x7A,
	0x00, 0x04, 0x00, 0x01, 0x01, 0x41, 0xFF, 0xF2, 0x00, 0x02, 0x00, 0x7A, 0x00, 0x19, 0x00, 0x7C,
	0x00, 0x10, 0x00, 0x01, 0x01, 0x51, 0xFF, 0xF1, 0x00, 0x01, 0x01, 0x29, 0xFF, 0xFF, 0x00, 0x01,
	0x01, 0x29, 0x00, 0x09, 0x00, 0x02, 0x00, 0x79, 0x00, 0x19, 0x00, 0x7A, 0x00, 0x05, 0x00, 0x02,
	0x44, 0x98, 0x00, 0x04, 0x00, 0x00, 0x46, 0x16, 0x4C, 0x96, 0x00, 0x44, 0x00, 0x81, 0x00, 0x00,
	0x00, 0x00, 0x00, 0x00, 0x00, 0x00, 0x00, 0x00, 0x00, 0x00, 0x00, 0x00, 0x00, 0x00, 0xFF, 0xF1,
	0x00, 0x00, 0x00, 0x00, 0x00, 0x00, 0x00, 0x00, 0x00, 0x00, 0x00, 0x00, 0x00, 0x00, 0x00, 0x00,
	0x00, 0x00, 0x00, 0x00, 0x00, 0x00, 0xFF, 0xE5, 0x00, 0x00, 0x00, 0x00, 0xFF, 0xD4, 0x00, 0x00,
	0xFF, 0xFB, 0x00, 0x00, 0x00, 0x00, 0x00, 0x00, 0x00, 0x00, 0x00, 0x00, 0x00, 0x00, 0x00, 0x00,
	0x00, 0x00, 0x00, 0x00, 0xFF, 0xED, 0x00, 0x00, 0xFF, 0xCB, 0x00, 0x00, 0x00, 0x00, 0xFF, 0xFC,
	0x00, 0x00, 0xFF, 0xE9, 0x00, 0x00, 0x00, 0x00, 0x00, 0x00, 0x00, 0x00, 0x00, 0x00, 0x00, 0x00,
	0x00, 0x00, 0x00, 0x00, 0x00, 0x00, 0x00, 0x00, 0xFF, 0xD3, 0x00, 0x00, 0x00, 0x00, 0x00, 0x00,
	0x00, 0x00, 0x00, 0x00, 0x00, 0x00, 0x00, 0x00, 0x00, 0x00, 0x00, 0x00, 0x00, 0x00, 0x00, 0x00,
	0x00, 0x00, 0xFF, 0xE8, 0xFF, 0xBC, 0x00, 0x00, 0x00, 0x00, 0x00, 0x00, 0x00, 0x00, 0xFF, 0xED,
	0x00, 0x00, 0x00, 0x00, 0x00, 0x00, 0x00, 0x00, 0x00, 0x00, 0x00, 0x00, 0x00, 0x00, 0x00, 0x00,
	0x00, 0x00, 0x00, 0x00, 0x00, 0x00, 0x00, 0x00, 0x00, 0x00, 0x00, 0x00, 0xFF, 0xF8, 0x00, 0x00,
	0x00, 0x00, 0x00, 0x00, 0x00, 0x00, 0x00, 0x00, 0x00, 0x00, 0x00, 0x00, 0x00, 0x00, 0x00, 0x00,
	0x00, 0x00, 0x00, 0x00, 0x00, 0x00, 0x00, 0x00, 0x00, 0x00, 0x00, 0x00, 0x00, 0x00, 0x00, 0x00,
	0x00, 0x00, 0x00, 0x00, 0x00, 0x00, 0x00, 0x00, 0xFF, 0xF8, 0xFF, 0xF8, 0x00, 0x00, 0x00, 0x00,
	0x00, 0x00, 0x00, 0x00, 0x00, 0x1B, 0x00, 0x00, 0x00, 0x00, 0x00, 0x00, 0x00, 0x00, 0x00, 0x00,
	0x00, 0x00, 0x00, 0x00, 0x00, 0x00, 0x00, 0x00, 0x00, 0x00, 0x00, 0x00, 0x00, 0x00, 0x00, 0x00,
	0x00, 0x00, 0x00, 0x00, 0x00, 0x00, 0x00, 0x00, 0x00, 0x00, 0x00, 0x00, 0x00, 0x00, 0x00, 0x00,
	0x00, 0x00, 0x00, 0x00, 0x00, 0x00, 0x00, 0x00, 0x00, 0x00, 0x00, 0x00, 0x00, 0x00, 0x00, 0x00,
	0x00, 0x00, 0x00, 0x00, 0x00, 0x00, 0x00, 0x00, 0x00, 0x00, 0x00, 0x00, 0x00, 0x00, 0xFF, 0xEC,
	0x00, 0x00, 0xFF, 0xF1, 0x00, 0x14, 0x00, 0x00, 0x00, 0x00, 0x00, 0x00, 0x00, 0x00, 0x00, 0x00,
	0x00, 0x00, 0x00, 0x00, 0x00, 0x00, 0x00, 0x00, 0x00, 0x00, 0xFF, 0xF1, 0x00, 0x00, 0x00, 0x00,
	0x00, 0x00, 0x00, 0x00, 0x00, 0x00, 0x00, 0x00, 0x00, 0x00, 0x00, 0x00, 0x00, 0x00, 0x00, 0x00,
	0xFF, 0xF5, 0x00, 0x00, 0x00, 0x00, 0x00, 0x00, 0x00, 0x00, 0x00, 0x00, 0x00, 0x00, 0x00, 0x00,
	0x00, 0x00, 0x00, 0x00, 0x00, 0x00, 0x00, 0x00, 0x00, 0x00, 0x00, 0x00, 0x00, 0x00, 0x00, 0x00,
	0x00, 0x00, 0x00, 0x00, 0xFF, 0xF5, 0x00, 0x00, 0x00, 0x00, 0x00, 0x00, 0xFF, 0xF5, 0x00, 0x00,
	0x00, 0x00, 0x00, 0x00, 0x00, 0x00, 0x00, 0x00, 0x00, 0x00, 0x00, 0x00, 0x00, 0x00, 0x00, 0x00,
	0x00, 0x00, 0x00, 0x00, 0x00, 0x00, 0x00, 0x00, 0x00, 0x00, 0x00, 0x00, 0x00, 0x00, 0xFF, 0xF8,
	0x00, 0x00, 0x00, 0x00, 0x00, 0x00, 0x00, 0x00, 0x00, 0x00, 0x00, 0x00, 0xFF, 0xF3, 0x00, 0x00,
	0x00, 0x00, 0x00, 0x00, 0x00, 0x00, 0x00, 0x00, 0x00, 0x00, 0x00, 0x00, 0x00, 0x00, 0x00, 0x00,
	0x00, 0x00, 0x00, 0x00, 0x00, 0x00, 0x00, 0x00, 0x00, 0x00, 0x00, 0x00, 0x00, 0x00, 0x00, 0x00,
	0x00, 0x00, 0x00, 0x00, 0x00, 0x00, 0x00, 0x00, 0x00, 0x00, 0x00, 0x00, 0x00, 0x00, 0x00, 0x00,
	0x00, 0x00, 0x00, 0x00, 0x00, 0x00, 0x00, 0x00, 0x00, 0x00, 0x00, 0x00, 0x00, 0x00, 0x00, 0x00,
	0x00, 0x00, 0x00, 0x00, 0x00, 0x00, 0x00, 0x00, 0x00, 0x00, 0x00, 0x00, 0x00, 0x00, 0x00, 0x00,
	0x00, 0x00, 0x00, 0x00, 0x00, 0x00, 0x00, 0x00, 0x00, 0x00, 0x00, 0x00, 0x00, 0x00, 0x00, 0x00,
	0x00, 0x00, 0x00, 0x00, 0x00, 0x00, 0x00, 0x00, 0x00, 0x00, 0x00, 0x00, 0x00, 0x00, 0x00, 0x00,
	0x00, 0x00, 0x00, 0x00, 0x00, 0x00, 0x00, 0x00, 0x00, 0x00, 0x00, 0x00, 0x00, 0x00, 0x00, 0x00,
	0x00, 0x00, 0x00, 0x00, 0x00, 0x00, 0x00, 0x00, 0x00, 0x00, 0x00, 0x00, 0x00, 0x00, 0x00, 0x00,
	0x00, 0x00, 0x00, 0x00, 0x00, 0x00, 0x00, 0x00, 0x00, 0x00, 0x00, 0x00, 0x00, 0x00, 0x00, 0x00,
	0x00, 0x00, 0x00, 0x00, 0x00, 0x00, 0x00, 0x00, 0x00, 0x00, 0x00, 0x00, 0x00, 0x00, 0x00, 0x00,
	0x00, 0x00, 0x00, 0x00, 0x00, 0x00, 0x00, 0x00, 0x00, 0x00, 0x00, 0x00, 0x00, 0x00, 0x00, 0x00,
	0x00, 0x00, 0x00, 0x00, 0x00, 0x00, 0x00, 0x00, 0xFF, 0xCB, 0x00, 0x00, 0x00, 0x00, 0x00, 0x00,
	0x00, 0x00, 0x00, 0x00, 0x00, 0x00, 0x00, 0x00, 0x00, 0x00, 0x00, 0x00, 0x00, 0x00, 0x00, 0x00,
	0x00, 0x00, 0x00, 0x00, 0x00, 0x00, 0x00, 0x00, 0x00, 0x00, 0x00, 0x00, 0x00, 0x00, 0x00, 0x00,
	0x00, 0x00, 0x00, 0x00, 0x00, 0x00, 0x00, 0x00, 0x00, 0x00, 0x00, 0x00, 0x00, 0x00, 0x00, 0x00,
	0x00, 0x00, 0x00, 0x00, 0x00, 0x00, 0x00, 0x00, 0x00, 0x00, 0x00, 0x00, 0x00, 0x00, 0x00, 0x00,
	0x00, 0x00, 0x00, 0x00, 0x00, 0x00, 0x00, 0x00, 0x00, 0x00, 0x00, 0x00, 0x00, 0x00, 0x00, 0x00,
	0x00, 0x00, 0x00, 0x00, 0x00, 0x00, 0x00, 0x00, 0x00, 0x00, 0x00, 0x00, 0x00, 0x00, 0x00, 0x00,
	0x00, 0x00, 0x00, 0x00, 0x00, 0x00, 0x00, 0x00, 0x00, 0x00, 0x00, 0x00, 0x00, 0x00, 0x00, 0x00,
	0x00, 0x00, 0x00, 0x00, 0x00, 0x00, 0x00, 0x00, 0x00, 0x00, 0x00, 0x00, 0x00, 0x00, 0x00, 0x00,
	0x00, 0x00, 0x00, 0x00, 0x00, 0x00, 0x00, 0x00, 0x00, 0x00, 0x00, 0x00, 0x00, 0x00, 0x00, 0x00,
	0x00, 0x00, 0x00, 0x00, 0x00, 0x00, 0x00, 0x00, 0xFF, 0xF6, 0x00, 0x00, 0x00, 0x00, 0x00, 0x00,
	0x00, 0x00, 0x00, 0x00, 0x00, 0x00, 0x00, 0x00, 0x00, 0x00, 0x00, 0x00, 0x00, 0x00, 0x00, 0x00,
	0x00, 0x00, 0x00, 0x00, 0x00, 0x00, 0x00, 0x00, 0x00, 0x00, 0x00, 0x00, 0x00, 0x00, 0x00, 0x00,
	0x00, 0x00, 0x00, 0x00, 0xFF, 0xED, 0x00, 0x00, 0x00, 0x00, 0x00, 0x00, 0x00, 0x00, 0x00, 0x00,
	0x00, 0x00, 0x00, 0x00, 0x00, 0x00, 0x00, 0x00, 0x00, 0x00, 0xFF, 0xF7, 0x00, 0x00, 0xFF, 0xC8,
	0x00, 0x00, 0x00, 0x00, 0x00, 0x00, 0x00, 0x00, 0x00, 0x00, 0x00, 0x00, 0x00, 0x00, 0xFF, 0xF3,
	0x00, 0x00, 0x00, 0x00, 0x00, 0x00, 0x00, 0x00, 0xFF, 0xCA, 0xFF, 0xBC, 0x00, 0x00, 0x00, 0x00,
	0xFF, 0xFC, 0x00, 0x00, 0x00, 0x00, 0x00, 0x00, 0x00, 0x00, 0x00, 0x00, 0x00, 0x00, 0x00, 0x00,
	0x00, 0x00, 0xFF, 0xE4, 0xFF, 0xE3, 0x00, 0x00, 0x00, 0x00, 0x00, 0x00, 0x00, 0x00, 0xFF, 0xF8,
	0x00, 0x00, 0xFF, 0xF3, 0x00, 0x00, 0x00, 0x00, 0x00, 0x00, 0x00, 0x00, 0x00, 0x00, 0xFF, 0xE4,
	0xFF, 0xFB, 0x00, 0x00, 0xFF, 0xEB, 0x00, 0x00, 0x00, 0x00, 0x00, 0x00, 0x00, 0x00, 0x00, 0x00,
	0x00, 0x00, 0x00, 0x00, 0x00, 0x00, 0x00, 0x00, 0x00, 0x00, 0xFF, 0xF1, 0x00, 0x00, 0xFF, 0xE9,
	0xFF, 0xF6, 0xFF, 0xE7, 0x00, 0x00, 0x00, 0x00, 0x00, 0x00, 0xFF, 0xCE, 0x00, 0x00, 0x00, 0x00,
	0x00, 0x00, 0xFF, 0xE9, 0x00, 0x00, 0x00, 0x00, 0xFF, 0xEE, 0x00, 0x00, 0xFF, 0xFB, 0x00, 0x00,
	0x00, 0x00, 0x00, 0x00, 0x00, 0x00, 0x00, 0x00, 0x00, 0x00, 0x00, 0x00, 0x00, 0x00, 0x00, 0x00,
	0x00, 0x00, 0x00, 0x00, 0x00, 0x00, 0x00, 0x00, 0x00, 0x00, 0x00, 0x00, 0xFF, 0xF6, 0x00, 0x00,
	0x00, 0x00, 0x00, 0x00, 0xFF, 0xF6, 0x00, 0x00, 0x00, 0x00, 0x00, 0x00, 0x00, 0x00, 0xFF, 0xF6,
	0xFF, 0xFB, 0x00, 0x08, 0xFF, 0xE7, 0x00, 0x00, 0xFF, 0xEB, 0x00, 0x00, 0xFF, 0xFB, 0xFF, 0xF6,
	0x00, 0x00, 0x00, 0x05, 0xFF, 0xF8, 0x00, 0x00, 0xFF, 0xF7, 0x00, 0x00, 0x00, 0x00, 0xFF, 0xF6,
	0xFF, 0xE2, 0xFF, 0xF4, 0x00, 0x00, 0x00, 0x00, 0xFF, 0xF6, 0xFF, 0xEC, 0x00, 0x00, 0x00, 0x00,
	0xFF, 0xF0, 0x00, 0x00, 0x00, 0x00, 0xFF, 0xEC, 0x00, 0x00, 0xFF, 0xEC, 0xFF, 0xF1, 0xFF, 0xF6,
	0x00, 0x00, 0xFF, 0xF1, 0xFF, 0xE2, 0x00, 0x08, 0x00, 0x00, 0x00, 0x00, 0xFF, 0xEF, 0x00, 0x00,
	0xFF, 0xF1, 0xFF, 0xEC, 0xFF, 0xEC, 0x00, 0x00, 0xFF, 0xFB, 0x00, 0x00, 0xFF, 0xEC, 0x00, 0x05,
	0x00, 0x00, 0xFF, 0xED, 0x00, 0x00, 0x00, 0x00, 0x00, 0x00, 0x00, 0x00, 0x00, 0x00, 0x00, 0x00,
	0x00, 0x00, 0x00, 0x00, 0x00, 0x00, 0x00, 0x00, 0x00, 0x00, 0xFF, 0xEC, 0x00, 0x00, 0x00, 0x00,
	0xFF, 0xF1, 0x00, 0x00, 0xFF, 0xF2, 0x00, 0x00, 0x00, 0x00, 0x00, 0x00, 0x00, 0x00, 0x00, 0x00,
	0x00, 0x00, 0x00, 0x00, 0x00, 0x00, 0x00, 0x0A, 0x00, 0x00, 0x00, 0x00, 0x00, 0x00, 0x00, 0x00,
	0x00, 0x00, 0x00, 0x00, 0x00, 0x00, 0xFF, 0xEC, 0x00, 0x00, 0x00, 0x00, 0x00, 0x00, 0x00, 0x0A,
	0xFF, 0xF6, 0x00, 0x00, 0x00, 0x00, 0x00, 0x00, 0x00, 0x0F, 0x00, 0x08, 0xFF, 0xE2, 0x00, 0x00,
	0x00, 0x00, 0x00, 0x00, 0x00, 0x00, 0x00, 0x00, 0xFF, 0xF5, 0xFF, 0xFE, 0x00, 0x00, 0xFF, 0xF6,
	0x00, 0x00, 0xFF, 0xE2, 0x00, 0x00, 0x00, 0x00, 0x00, 0x00, 0x00, 0x00, 0x00, 0x00, 0x00, 0x00,
	0x00, 0x00, 0x00, 0x00, 0x00, 0x00, 0x00, 0x00, 0x00, 0x00, 0x00, 0x00, 0x00, 0x00, 0xFF, 0xF9,
	0xFF, 0xFD, 0x00, 0x00, 0x00, 0x00, 0x00, 0x00, 0x00, 0x00, 0x00, 0x00, 0xFF, 0xF1, 0x00, 0x00,
	0xFF, 0xAC, 0x00, 0x00, 0x00, 0x0A, 0xFF, 0xF9, 0x00, 0x00, 0xFF, 0xD8, 0xFF, 0xFD, 0x00, 0x00,
	0x00, 0x00, 0x00, 0x00, 0x00, 0x00, 0x00, 0x00, 0x00, 0x00, 0x00, 0x00, 0xFF, 0xF7, 0x00, 0x00,
	0xFF, 0xC9, 0xFF, 0xDE, 0xFF, 0xEF, 0x00, 0x00, 0xFF, 0xF1, 0x00, 0x00, 0xFF, 0xE8, 0x00, 0x00,
	0x00, 0x00, 0xFF, 0xFD, 0x00, 0x00, 0x00, 0x00, 0xFF, 0xF8, 0x00, 0x00, 0xFF, 0xF1, 0xFF, 0xEC,
	0x00, 0x00, 0xFF, 0xE6, 0x00, 0x00, 0xFF, 0xDF, 0x00, 0x00, 0x00, 0x00, 0x00, 0x00, 0xFF, 0xF1,
	0x00, 0x00, 0xFF, 0xF3, 0x00, 0x00, 0x00, 0x00, 0x00, 0x00, 0x00, 0x00, 0xFF, 0xDA, 0xFF, 0xBC,
	0x00, 0x00, 0x00, 0x00, 0xFF, 0xED, 0x00, 0x00, 0x00, 0x00, 0x00, 0x00, 0x00, 0x00, 0x00, 0x00,
	0x00, 0x00, 0x00, 0x00, 0x00, 0x00, 0xFF, 0xEF, 0xFF, 0xE4, 0x00, 0x00, 0xFF, 0xF6, 0x00, 0x00,
	0x00, 0x00, 0xFF, 0xFE, 0x00, 0x00, 0xFF, 0xF0, 0xFF, 0xF8, 0x00, 0x00, 0x00, 0x00, 0x00, 0x00,
	0x00, 0x00, 0xFF, 0xEF, 0x00, 0x00, 0x00, 0x00, 0xFF, 0xF0, 0x00, 0x00, 0x00, 0x00, 0x00, 0x00,
	0x00, 0x00, 0x00, 0x00, 0x00, 0x00, 0x00, 0x00, 0x00, 0x00, 0x00, 0x00, 0xFF, 0xDF, 0xFF, 0xF6,
	0x00, 0x00, 0xFF, 0xE4, 0xFF, 0xFB, 0xFF, 0xE8, 0x00, 0x00, 0x00, 0x00, 0x00, 0x00, 0xFF, 0xDF,
	0x00, 0x00, 0x00, 0x00, 0x00, 0x00, 0xFF, 0xE4, 0x00, 0x00, 0xFF, 0xE8, 0xFF, 0xEC, 0x00, 0x00,
	0xFF, 0xF6, 0xFF, 0xF9, 0xFF, 0xE4, 0x00, 0x00, 0x00, 0x00, 0x00, 0x00, 0x00, 0x00, 0x00, 0x00,
	0x00, 0x00, 0x00, 0x00, 0x00, 0x00, 0x00, 0x00, 0x00, 0x00, 0x00, 0x00, 0x00, 0x00, 0x00, 0x00,
	0x00, 0x00, 0xFF, 0xF1, 0x00, 0x00, 0x00, 0x00, 0x00, 0x00, 0x00, 0x00, 0x00, 0x00, 0xFF, 0xF6,
	0x00, 0x00, 0xFF, 0x9E, 0x00, 0x00, 0x00, 0x0A, 0xFF, 0xDC, 0x00, 0x00, 0xFF, 0xEC, 0xFF, 0xF9,
	0x00, 0x00, 0x00, 0x00, 0x00, 0x00, 0x00, 0x00, 0x00, 0x00, 0x00, 0x00, 0x00, 0x00, 0xFF, 0xFB,
	0x00, 0x00, 0x00, 0x00, 0xFF, 0xCE, 0xFF, 0xF1, 0x00, 0x00, 0xFF, 0xFA, 0x00, 0x00, 0x00, 0x00,
	0x00, 0x00, 0x00, 0x00, 0xFF, 0xF5, 0x00, 0x00, 0x00, 0x00, 0xFF, 0xED, 0x00, 0x00, 0x00, 0x00,
	0xFF, 0xE9, 0x00, 0x00, 0xFF, 0xE9, 0x00, 0x00, 0x00, 0x00, 0x00, 0x00, 0x00, 0x00, 0x00, 0x00,
	0xFF, 0xE7, 0x00, 0x00, 0xFF, 0xF3, 0x00, 0x00, 0x00, 0x00, 0x00, 0x00, 0x00, 0x00, 0xFF, 0xEC,
	0xFF, 0xBC, 0x00, 0x00, 0x00, 0x00, 0xFF, 0xF6, 0x00, 0x00, 0x00, 0x00, 0x00, 0x00, 0x00, 0x00,
	0x00, 0x00, 0x00, 0x00, 0x00, 0x00, 0x00, 0x00, 0xFF, 0xEC, 0xFF, 0xF8, 0x00, 0x00, 0xFF, 0xF6,
	0x00, 0x00, 0x00, 0x00, 0xFF, 0xFE, 0x00, 0x00, 0xFF, 0xED, 0x00, 0x00, 0x00, 0x00, 0x00, 0x00,
	0x00, 0x00, 0x00, 0x00, 0xFF, 0xEC, 0x00, 0x00, 0x00, 0x00, 0xFF, 0xF1, 0x00, 0x00, 0x00, 0x00,
	0x00, 0x00, 0x00, 0x00, 0x00, 0x00, 0x00, 0x00, 0x00, 0x00, 0xFF, 0xF6, 0x00, 0x00, 0x00, 0x00,
	0xFF, 0xF6, 0x00, 0x00, 0xFF, 0xE4, 0xFF, 0xFB, 0xFF, 0xEC, 0x00, 0x00, 0x00, 0x00, 0x00, 0x00,
	0xFF, 0xDA, 0x00, 0x00, 0x00, 0x00, 0x00, 0x00, 0xFF, 0xE3, 0x00, 0x00, 0xFF, 0xEC, 0xFF, 0xEC,
	0x00, 0x00, 0xFF, 0xF6, 0xFF, 0xFA, 0xFF, 0xFA, 0x00, 0x00, 0x00, 0x00, 0x00, 0x00, 0x00, 0x00,
	0x00, 0x00, 0x00, 0x00, 0x00, 0x00, 0x00, 0x00, 0x00, 0x00, 0x00, 0x00, 0x00, 0x00, 0x00, 0x00,
	0x00, 0x00, 0xFF, 0xF1, 0x00, 0x00, 0x00, 0x00, 0x00, 0x00, 0xFF, 0xFB, 0x00, 0x00, 0x00, 0x00,
	0x00, 0x00, 0x00, 0x00, 0xFF, 0xF2, 0x00, 0x00, 0x00, 0x00, 0xFF, 0xF6, 0x00, 0x00, 0x00, 0x00,
	0xFF, 0xFB, 0x00, 0x00, 0x00, 0x00, 0x00, 0x00, 0x00, 0x00, 0x00, 0x00, 0x00, 0x00, 0x00, 0x00,
	0x00, 0x00, 0x00, 0x00, 0xFF, 0xF4, 0xFF, 0xF6, 0xFF, 0xF8, 0x00, 0x00, 0x00, 0x00, 0x00, 0x00,
	0x00, 0x00, 0x00, 0x00, 0x00, 0x00, 0xFF, 0xF1, 0x00, 0x00, 0x00, 0x00, 0xFF, 0xEB, 0x00, 0x00,
	0xFF, 0xF7, 0xFF, 0xF1, 0x00, 0x00, 0x00, 0x00, 0x00, 0x00, 0xFF, 0xE7, 0x00, 0x00, 0x00, 0x00,
	0x00, 0x00, 0x00, 0x00, 0x00, 0x00, 0x00, 0x00, 0xFF, 0xF6, 0xFF, 0xF5, 0x00, 0x00, 0x00, 0x00,
	0xFF, 0xEF, 0x00, 0x00, 0x00, 0x00, 0x00, 0x00, 0xFF, 0xE4, 0x00, 0x00, 0x00, 0x00, 0x00, 0x00,
	0x00, 0x00, 0x00, 0x00, 0x00, 0x00, 0x00, 0x00, 0x00, 0x00, 0x00, 0x00, 0x00, 0x00, 0x00, 0x00,
	0xFF, 0xF8, 0x00, 0x00, 0x00, 0x00, 0x00, 0x00, 0x00, 0x00, 0xFF, 0xEF, 0xFF, 0xF8, 0x00, 0x00,
	0x00, 0x00, 0x00, 0x00, 0x00, 0x00, 0x00, 0x00, 0x00, 0x00, 0x00, 0x00, 0x00, 0x00, 0x00, 0x00,
	0x00, 0x00, 0x00, 0x00, 0x00, 0x00, 0x00, 0x00, 0x00, 0x00, 0x00, 0x00, 0xFF, 0xF0, 0x00, 0x00,
	0x00, 0x00, 0x00, 0x00, 0x00, 0x00, 0x00, 0x00, 0x00, 0x00, 0x00, 0x00, 0x00, 0x00, 0x00, 0x00,
	0x00, 0x00, 0x00, 0x00, 0x00, 0x00, 0x00, 0x00, 0x00, 0x00, 0x00, 0x00, 0x00, 0x00, 0x00, 0x00,
	0xFF, 0xF1, 0x00, 0x00, 0x00, 0x00, 0x00, 0x00, 0xFF, 0xF6, 0x00, 0x00, 0x00, 0x00, 0x00, 0x00,
	0x00, 0x00, 0x00, 0x00, 0x00, 0x00, 0x00, 0x00, 0x00, 0x00, 0x00, 0x00, 0x00, 0x00, 0x00, 0x00,
	0x00, 0x00, 0x00, 0x00, 0x00, 0x00, 0x00, 0x00, 0x00, 0x00, 0x00, 0x00, 0xFF, 0xF6, 0x00, 0x00,
	0x00, 0x00, 0x00, 0x00, 0xFF, 0xF6, 0x00, 0x00, 0x00, 0x00, 0x00, 0x12, 0x00, 0x00, 0x00, 0x00,
	0x00, 0x00, 0x00, 0x00, 0x00, 0x00, 0xFF, 0xEB, 0x00, 0x00, 0x00, 0x00, 0xFF, 0xF7, 0x00, 0x00,
	0x00, 0x00, 0x00, 0x00, 0x00, 0x00, 0x00, 0x00, 0x00, 0x00, 0x00, 0x00, 0x00, 0x00, 0x00, 0x00,
	0xFF, 0xE2, 0x00, 0x00, 0x00, 0x00, 0x00, 0x00, 0x00, 0x00, 0x00, 0x00, 0x00, 0x00, 0x00, 0x00,
	0x00, 0x00, 0xFF, 0xFB, 0x00, 0x00, 0xFF, 0xF1, 0x00, 0x00, 0x00, 0x00, 0x00, 0x00, 0x00, 0x00,
	0x00, 0x00, 0x00, 0x00, 0x00, 0x00, 0x00, 0x00, 0xFF, 0xF8, 0x00, 0x3C, 0x00, 0x00, 0x00, 0x00,
	0xFF, 0xE7, 0x00, 0x00, 0xFF, 0xC1, 0x00, 0x00, 0x00, 0x00, 0x00, 0x00, 0x00, 0x00, 0x00, 0x00,
	0x00, 0x00, 0x00, 0x00, 0x00, 0x00, 0x00, 0x00, 0x00, 0x00, 0x00, 0x00, 0x00, 0x00, 0x00, 0x00,
	0x00, 0x00, 0x00, 0x00, 0x00, 0x00, 0x00, 0x08, 0xFF, 0xF8, 0x00, 0x08, 0x00, 0x00, 0x00, 0x00,
	0x00, 0x00, 0x00, 0x00, 0x00, 0x00, 0x00, 0x00, 0x00, 0x00, 0x00, 0x00, 0x00, 0x00, 0x00, 0x00,
	0x00, 0x00, 0x00, 0x00, 0x00, 0x00, 0x00, 0x00, 0x00, 0x00, 0x00, 0x00, 0x00, 0x00, 0x00, 0x00,
	0x00, 0x00, 0x00, 0x00, 0xFF, 0xFE, 0x00, 0x00, 0xFF, 0xF4, 0xFF, 0xF8, 0x00, 0x00, 0x00, 0x00,
	0x00, 0x00, 0x00, 0x00, 0xFF, 0xD8, 0xFF, 0xF6, 0xFF, 0xF6, 0x00, 0x00, 0xFF, 0xED, 0xFF, 0xF8,
	0xFF, 0xF6, 0xFF, 0xF6, 0x00, 0x00, 0xFF, 0xFC, 0xFF, 0xF9, 0xFF, 0xF6, 0x00, 0x00, 0x00, 0x00,
	0x00, 0x00, 0x00, 0x00, 0x00, 0x00, 0x00, 0x00, 0x00, 0x00, 0x00, 0x00, 0x00, 0x00, 0x00, 0x00,
	0x00, 0x00, 0x00, 0x00, 0x00, 0x00, 0x00, 0x00, 0x00, 0x00, 0x00, 0x00, 0x00, 0x00, 0xFF, 0xF1,
	0x00, 0x00, 0x00, 0x00, 0x00, 0x00, 0x00, 0x00, 0x00, 0x00, 0x00, 0x00, 0x00, 0x00, 0x00, 0x00,
	0x00, 0x00, 0x00, 0x00, 0x00, 0x00, 0x00, 0x00, 0xFF, 0xF8, 0x00, 0x00, 0x00, 0x00, 0x00, 0x00,
	0x00, 0x00, 0x00, 0x00, 0x00, 0x00, 0x00, 0x00, 0x00, 0x00, 0x00, 0x00, 0x00, 0x00, 0x00, 0x00,
	0x00, 0x00, 0xFF, 0xF6, 0x00, 0x00, 0x00, 0x00, 0x00, 0x00, 0x00, 0x00, 0x00, 0x00, 0x00, 0x00,
	0x00, 0x00, 0x00, 0x00, 0xFF, 0xF1, 0x00, 0x00, 0x00, 0x00, 0x00, 0x00, 0x00, 0x00, 0x00, 0x00,
	0x00, 0x00, 0x00, 0x00, 0x00, 0x00, 0x00, 0x00, 0x00, 0x00, 0x00, 0x00, 0xFF, 0xF6, 0x00, 0x00,
	0x00, 0x00, 0xFF, 0xF6, 0x00, 0x00, 0xFF, 0xCB, 0x00, 0x00, 0x00, 0x00, 0x00, 0x00, 0x00, 0x00,
	0x00, 0x00, 0x00, 0x00, 0x00, 0x00, 0x00, 0x00, 0x00, 0x00, 0x00, 0x00, 0x00, 0x00, 0x00, 0x00,
	0x00, 0x00, 0x00, 0x00, 0xFF, 0xF6, 0x00, 0x00, 0x00, 0x00, 0x00, 0x00, 0x00, 0x00, 0x00, 0x00,
	0x00, 0x00, 0x00, 0x00, 0x00, 0x00, 0x00, 0x00, 0x00, 0x00, 0x00, 0x00, 0x00, 0x00, 0x00, 0x00,
	0x00, 0x00, 0x00, 0x00, 0x00, 0x00, 0x00, 0x00, 0x00, 0x00, 0x00, 0x00, 0x00, 0x00, 0x00, 0x00,
	0xFF, 0xF6, 0x00, 0x00, 0x00, 0x00, 0x00, 0x00, 0x00, 0x00, 0x00, 0x00, 0x00, 0x00, 0x00, 0x00,
	0x00, 0x00, 0x00, 0x00, 0x00, 0x00, 0x00, 0x00, 0x00, 0x00, 0x00, 0x00, 0x00, 0x00, 0x00, 0x00,
	0x00, 0x00, 0xFF, 0xF8, 0xFF, 0xF1, 0x00, 0x00, 0xFF, 0xF8, 0x00, 0x00, 0xFF, 0xF6, 0x00, 0x00,
	0x00, 0x00, 0x00, 0x00, 0x00, 0x00, 0xFF, 0xF8, 0x00, 0x00, 0xFF, 0xFE, 0x00, 0x00, 0x00, 0x00,
	0xFF, 0xF8, 0x00, 0x00, 0xFF, 0xF5, 0xFF, 0xF3, 0x00, 0x00, 0xFF, 0xF8, 0xFF, 0xF8, 0x00, 0x00,
	0x00, 0x00, 0xFF, 0xE8, 0xFF, 0xF8, 0xFF, 0xF5, 0xFF, 0xF5, 0x00, 0x00, 0x00, 0x00, 0xFF, 0xEC,
	0xFF, 0xF8, 0xFF, 0xF8, 0xFF, 0xF6, 0x00, 0x00, 0x00, 0x00, 0xFF, 0xF1, 0xFF, 0xF8, 0xFF, 0xF1,
	0xFF, 0xF8, 0xFF, 0xFE, 0x00, 0x00, 0xFF, 0xF5, 0x00, 0x00, 0x00, 0x00, 0xFF, 0xF7, 0xFF, 0xF1,
	0xFF, 0xF8, 0x00, 0x00, 0xFF, 0xF8, 0x00, 0x1A, 0x00, 0x00, 0x00, 0x00, 0x00, 0x00, 0xFF, 0xF8,
	0x00, 0x00, 0x00, 0x00, 0xFF, 0xF8, 0x00, 0x0A, 0x00, 0x00, 0x00, 0x05, 0x00, 0x00, 0x00, 0x00,
	0x00, 0x00, 0x00, 0x00, 0x00, 0x00, 0x00, 0x00, 0x00, 0x00, 0xFF, 0xF8, 0x00, 0x00, 0x00, 0x00,
	0xFF, 0xE9, 0xFF, 0xF0, 0xFF, 0xF8, 0x00, 0x00, 0x00, 0x00, 0x00, 0x00, 0x00, 0x00, 0xFF, 0xF9,
	0x00, 0x00, 0x00, 0x00, 0xFF, 0xF8, 0xFF, 0xF8, 0x00, 0x00, 0xFF, 0xEE, 0x00, 0x00, 0x00, 0x00,
	0x00, 0x00, 0x00, 0x00, 0x00, 0x00, 0x00, 0x00, 0x00, 0x00, 0x00, 0x00, 0x00, 0x00, 0x00, 0x00,
	0xFF, 0xF1, 0x00, 0x00, 0x00, 0x00, 0x00, 0x00, 0x00, 0x00, 0x00, 0x00, 0x00, 0x00, 0x00, 0x00,
	0x00, 0x00, 0x00, 0x00, 0x00, 0x00, 0x00, 0x00, 0x00, 0x00, 0x00, 0x00, 0xFF, 0xF8, 0xFF, 0xF1,
	0xFF, 0xDA, 0xFF, 0xE7, 0x00, 0x00, 0x00, 0x00, 0xFF, 0xFE, 0xFF, 0xED, 0x00, 0x00, 0xFF, 0xF5,
	0x00, 0x00, 0x00, 0x00, 0x00, 0x00, 0x00, 0x00, 0xFF, 0xF1, 0x00, 0x00, 0x00, 0x00, 0xFF, 0xF8,
	0xFF, 0xF8, 0xFF, 0xE9, 0xFF, 0xF1, 0xFF, 0xF1, 0x00, 0x00, 0xFF, 0xF8, 0xFF, 0xF1, 0x00, 0x0F,
	0x00, 0x00, 0xFF, 0xF1, 0x00, 0x00, 0x00, 0x00, 0xFF, 0xFB, 0x00, 0x00, 0xFF, 0xF6, 0x00, 0x00,
	0x00, 0x00, 0xFF, 0xF6, 0xFF, 0xF1, 0xFF, 0xFB, 0x00, 0x00, 0x00, 0x09, 0x00, 0x00, 0x00, 0x00,
	0x00, 0x00, 0x00, 0x00, 0x00, 0x00, 0x00, 0x08, 0xFF, 0xE6, 0xFF, 0xE6, 0xFF, 0xDD, 0x00, 0x00,
	0xFF, 0xF1, 0xFF, 0xE0, 0x00, 0x00, 0xFF, 0xDC, 0x00, 0x00, 0xFF, 0xE8, 0xFF, 0xF5, 0xFF, 0xFB,
	0xFF, 0xFB, 0x00, 0x00, 0xFF, 0xF6, 0x00, 0x00, 0x00, 0x00, 0x00, 0x00, 0xFF, 0xD8, 0xFF, 0xD1,
	0xFF, 0xE0, 0x00, 0x00, 0xFF, 0xE9, 0xFF, 0xE5, 0x00, 0x00, 0x00, 0x00, 0x00, 0x00, 0x00, 0x00,
	0xFF, 0xF1, 0x00, 0x00, 0x00, 0x00, 0xFF, 0xFB, 0x00, 0x22, 0xFF, 0xD4, 0x00, 0x1E, 0xFF, 0xDD,
	0x00, 0x0F, 0x00, 0x05, 0xFF, 0xDC, 0x00, 0x00, 0x00, 0x00, 0xFF, 0xD4, 0x00, 0x0A, 0xFF, 0xE0,
	0x00, 0x1E, 0x00, 0x1E, 0xFF, 0xF9, 0xFF, 0xEC, 0xFF, 0xC2, 0xFF, 0xC4, 0x00, 0x00, 0x00, 0x1E,
	0xFF, 0xDC, 0x00, 0x00, 0x00, 0x00, 0xFF, 0xFB, 0x00, 0x0A, 0x00, 0x0F, 0xFF, 0xF2, 0x00, 0x00,
	0x00, 0x00, 0xFF, 0xA4, 0x00, 0x00, 0x00, 0x00, 0x00, 0x14, 0x00, 0x00, 0x00, 0x00, 0xFF, 0xE0,
	0x00, 0x00, 0xFF, 0xE7, 0x00, 0x00, 0x00, 0x00, 0x00, 0x00, 0x00, 0x00, 0x00, 0x00, 0xFF, 0xA4,
	0xFF, 0xEB, 0x00, 0x00, 0xFF, 0xA4, 0x00, 0x00, 0x00, 0x00, 0x00, 0x00, 0x00, 0x00, 0x00, 0x00,
	0x00, 0x00, 0xFF, 0xF1, 0x00, 0x0C, 0xFF, 0xF5, 0xFF, 0xDD, 0xFF, 0xF2, 0xFF, 0xF7, 0xFF, 0xD7,
	0xFF, 0xE7, 0xFF, 0xB0, 0x00, 0x00, 0x00, 0x00, 0x00, 0x00, 0xFF, 0xBA, 0x00, 0x00, 0x00, 0x00,
	0x00, 0x00, 0xFF, 0xCE, 0xFF, 0xC9, 0x00, 0x0A, 0x00, 0x05, 0x00, 0x00, 0x00, 0x00, 0x00, 0x05,
	0x00, 0x3A, 0x00, 0x00, 0xFF, 0xFB, 0x00, 0x00, 0x00, 0x00, 0x00, 0x00, 0x00, 0x00, 0x00, 0x00,
	0x00, 0x00, 0x00, 0x00, 0x00, 0x00, 0x00, 0x00, 0x00, 0x00, 0x00, 0x00, 0x00, 0x00, 0x00, 0x00,
	0x00, 0x00, 0x00, 0x00, 0x00, 0x00, 0xFF, 0xFD, 0x00, 0x00, 0xFF, 0xFC, 0x00, 0x00, 0xFF, 0xF2,
	0x00, 0x00, 0x00, 0x00, 0xFF, 0xF1, 0x00, 0x00, 0xFF, 0xEC, 0x00, 0x00, 0xFF, 0xE9, 0x00, 0x00,
	0x00, 0x00, 0x00, 0x00, 0x00, 0x00, 0x00, 0x00, 0x00, 0x00, 0x00, 0x00, 0x00, 0x00, 0xFF, 0xF6,
	0xFF, 0xE6, 0x00, 0x00, 0x00, 0x00, 0x00, 0x00, 0x00, 0x00, 0x00, 0x00, 0x00, 0x00, 0x00, 0x00,
	0xFF, 0xF8, 0x00, 0x00, 0x00, 0x00, 0xFF, 0xF6, 0x00, 0x00, 0x00, 0x00, 0xFF, 0xF2, 0x00, 0x00,
	0xFF, 0xEF, 0x00, 0x00, 0x00, 0x00, 0x00, 0x00, 0x00, 0x00, 0xFF, 0xF5, 0x00, 0x00, 0x00, 0x00,
	0xFF, 0xF1, 0x00, 0x00, 0x00, 0x00, 0x00, 0x00, 0x00, 0x00, 0xFF, 0xF9, 0xFF, 0xE7, 0x00, 0x00,
	0x00, 0x00, 0xFF, 0xE6, 0x00, 0x00, 0x00, 0x00, 0x00, 0x00, 0x00, 0x00, 0x00, 0x00, 0x00, 0x00,
	0x00, 0x00, 0x00, 0x00, 0xFF, 0xF8, 0x00, 0x00, 0x00, 0x00, 0x00, 0x00, 0x00, 0x00, 0x00, 0x00,
	0xFF, 0xF1, 0x00, 0x00, 0xFF, 0xE3, 0x00, 0x00, 0x00, 0x00, 0x00, 0x00, 0x00, 0x00, 0x00, 0x00,
	0xFF, 0xF8, 0x00, 0x00, 0x00, 0x00, 0x00, 0x00, 0x00, 0x00, 0x00, 0x00, 0x00, 0x00, 0x00, 0x00,
	0x00, 0x00, 0x00, 0x00, 0x00, 0x00, 0x00, 0x00, 0x00, 0x00, 0xFF, 0xE5, 0x00, 0x00, 0x00, 0x00,
	0xFF, 0xF8, 0x00, 0x00, 0x00, 0x00, 0x00, 0x00, 0x00, 0x00, 0x00, 0x00, 0xFF, 0xEC, 0x00, 0x00,
	0x00, 0x00, 0x00, 0x00, 0x00, 0x00, 0x00, 0x00, 0x00, 0x00, 0x00, 0x00, 0x00, 0x00, 0x00, 0x00,
	0x00, 0x00, 0x00, 0x00, 0x00, 0x00, 0x00, 0x00, 0x00, 0x00, 0x00, 0x00, 0x00, 0x00, 0x00, 0x00,
	0x00, 0x00, 0x00, 0x00, 0x00, 0x00, 0x00, 0x00, 0x00, 0x00, 0x00, 0x00, 0x00, 0x00, 0x00, 0x00,
	0x00, 0x00, 0x00, 0x00, 0x00, 0x00, 0x00, 0x00, 0x00, 0x00, 0x00, 0x00, 0x00, 0x00, 0x00, 0x00,
	0x00, 0x00, 0x00, 0x00, 0x00, 0x00, 0x00, 0x00, 0x00, 0x00, 0x00, 0x00, 0x00, 0x00, 0x00, 0x00,
	0x00, 0x00, 0x00, 0x00, 0xFF, 0xF7, 0x00, 0x00, 0x00, 0x00, 0x00, 0x00, 0x00, 0x00, 0x00, 0x00,
	0x00, 0x00, 0x00, 0x00, 0x00, 0x00, 0x00, 0x00, 0xFF, 0xFC, 0x00, 0x00, 0x00, 0x00, 0x00, 0x00,
	0x00, 0x00, 0x00, 0x00, 0x00, 0x00, 0x00, 0x00, 0x00, 0x00, 0x00, 0x00, 0x00, 0x00, 0x00, 0x00,
	0x00, 0x00, 0x00, 0x00, 0x00, 0x00, 0x00, 0x00, 0x00, 0x00, 0x00, 0x00, 0x00, 0x00, 0x00, 0x00,
	0x00, 0x00, 0x00, 0x00, 0x00, 0x00, 0x00, 0x00, 0x00, 0x00, 0x00, 0x00, 0x00, 0x00, 0x00, 0x00,
	0x00, 0x00, 0x00, 0x00, 0xFF, 0xFC, 0x00, 0x00, 0x00, 0x00, 0x00, 0x00, 0x00, 0x00, 0x00, 0x00,
	0x00, 0x00, 0x00, 0x00, 0x00, 0x00, 0x00, 0x14, 0x00, 0x00, 0x00, 0x00, 0x00, 0x00, 0x00, 0x00,
	0x00, 0x00, 0x00, 0x00, 0x00, 0x00, 0x00, 0x00, 0x00, 0x00, 0x00, 0x00, 0x00, 0x00, 0x00, 0x00,
	0x00, 0x00, 0x00, 0x14, 0x00, 0x00, 0x00, 0x00, 0x00, 0x00, 0x00, 0x00, 0x00, 0x00, 0x00, 0x00,
	0x00, 0x00, 0x00, 0x00, 0x00, 0x00, 0x00, 0x00, 0x00, 0x00, 0x00, 0x00, 0x00, 0x00, 0x00, 0x00,
	0x00, 0x00, 0x00, 0x00, 0x00, 0x00, 0x00, 0x00, 0x00, 0x00, 0x00, 0x00, 0x00, 0x00, 0x00, 0x00,
	0x00, 0x00, 0x00, 0x00, 0x00, 0x00, 0x00, 0x00, 0x00, 0x00, 0x00, 0x00, 0x00, 0x00, 0x00, 0x00,
	0x00, 0x00, 0x00, 0x00, 0x00, 0x00, 0x00, 0x00, 0x00, 0x00, 0x00, 0x00, 0x00, 0x00, 0x00, 0x00,
	0x00, 0x00, 0xFF, 0xF8, 0x00, 0x00, 0x00, 0x00, 0x00, 0x00, 0x00, 0x00, 0xFF, 0xF1, 0xFF, 0xF6,
	0x00, 0x00, 0x00, 0x00, 0x00, 0x00, 0x00, 0x00, 0x00, 0x07, 0x00, 0x00, 0x00, 0x00, 0x00, 0x00,
	0xFF, 0xDD, 0x00, 0x00, 0x00, 0x00, 0xFF, 0xF1, 0x00, 0x00, 0x00, 0x00, 0x00, 0x00, 0x00, 0x00,
	0x00, 0x00, 0xFF, 0xDC, 0x00, 0x00, 0x00, 0x00, 0x00, 0x00, 0xFF, 0xF8, 0x00, 0x00, 0x00, 0x00,
	0x00, 0x00, 0x00, 0x00, 0x00, 0x00, 0x00, 0x00, 0x00, 0x00, 0x00, 0x00, 0xFF, 0xD7, 0x00, 0x00,
	0x00, 0x00, 0x00, 0x00, 0x00, 0x00, 0xFF, 0xF6, 0x00, 0x00, 0x00, 0x00, 0x00, 0x00, 0x00, 0x14,
	0x00, 0x00, 0x00, 0x0F, 0x00, 0x00, 0x00, 0x00, 0x00, 0x00, 0x00, 0x00, 0x00, 0x00, 0x00, 0x00,
	0x00, 0x00, 0x00, 0x00, 0xFF, 0xE0, 0x00, 0x1E, 0x00, 0x00, 0xFF, 0xF5, 0xFF, 0xE0, 0x00, 0x00,
	0xFF, 0xB7, 0x00, 0x00, 0x00, 0x00, 0x00, 0x00, 0x00, 0x00, 0x00, 0x00, 0x00, 0x00, 0x00, 0x0A,
	0x00, 0x08, 0x00, 0x00, 0xFF, 0xF6, 0x00, 0x00, 0xFF, 0xAB, 0x00, 0x00, 0x00, 0x00, 0x00, 0x0F,
	0x00, 0x00, 0xFF, 0xE0, 0xFF, 0xE0, 0xFF, 0xE0, 0x00, 0x00, 0x00, 0x00, 0x00, 0x00, 0x00, 0x00,
	0x00, 0x00, 0x00, 0x00, 0xFF, 0xAB, 0x00, 0x00, 0x00, 0x00, 0xFF, 0xA1, 0x00, 0x00, 0x00, 0x0A,
	0x00, 0x00, 0x00, 0x00, 0x00, 0x00, 0x00, 0x00, 0xFF, 0xF2, 0xFF, 0xFC, 0x00, 0x00, 0x00, 0x00,
	0xFF, 0xF8, 0xFF, 0xF6, 0xFF, 0xD6, 0xFF, 0xD9, 0xFF, 0xD3, 0x00, 0x00, 0x00, 0x00, 0x00, 0x00,
	0xFF, 0xC4, 0xFF, 0xCE, 0x00, 0x00, 0x00, 0x00, 0xFF, 0xD6, 0xFF, 0xD8, 0x00, 0x05, 0x00, 0x00,
	0x00, 0x00, 0x00, 0x00, 0x00, 0x00, 0x00, 0x32, 0x00, 0x00, 0xFF, 0xFA, 0x00, 0x00, 0x00, 0x00,
	0x00, 0x00, 0x00, 0x00, 0x00, 0x00, 0x00, 0x00, 0x00, 0x00, 0x00, 0x00, 0x00, 0x00, 0x00, 0x00,
	0xFF, 0xFE, 0x00, 0x00, 0x00, 0x00, 0x00, 0x00, 0x00, 0x00, 0x00, 0x00, 0x00, 0x00, 0x00, 0x00,
	0x00, 0x00, 0x00, 0x00, 0x00, 0x00, 0x00, 0x00, 0x00, 0x00, 0x00, 0x00, 0x00, 0x00, 0x00, 0x00,
	0x00, 0x00, 0x00, 0x00, 0xFF, 0xF8, 0x00, 0x00, 0x00, 0x00, 0x00, 0x00, 0x00, 0x00, 0x00, 0x00,
	0x00, 0x00, 0x00, 0x00, 0x00, 0x00, 0x00, 0x00, 0x00, 0x00, 0x00, 0x00, 0x00, 0x00, 0xFF, 0xF8,
	0x00, 0x00, 0x00, 0x00, 0x00, 0x00, 0x00, 0x00, 0x00, 0x00, 0x00, 0x00, 0x00, 0x00, 0x00, 0x00,
	0x00, 0x05, 0x00, 0x00, 0x00, 0x00, 0x00, 0x00, 0x00, 0x00, 0x00, 0x00, 0x00, 0x00, 0x00, 0x00,
	0x00, 0x00, 0x00, 0x00, 0xFF, 0xF8, 0x00, 0x00, 0x00, 0x0A, 0x00, 0x00, 0x00, 0x00, 0xFF, 0xF8,
	0x00, 0x00, 0xFF, 0xD0, 0x00, 0x00, 0x00, 0x00, 0x00, 0x00, 0x00, 0x00, 0x00, 0x00, 0xFF, 0xF8,
	0xFF, 0xF8, 0x00, 0x00, 0x00, 0x00, 0x00, 0x00, 0x00, 0x00, 0x00, 0x00, 0x00, 0x00, 0x00, 0x00,
	0x00, 0x00, 0x00, 0x00, 0x00, 0x00, 0x00, 0x00, 0x00, 0x00, 0x00, 0x00, 0x00, 0x00, 0x00, 0x00,
	0x00, 0x00, 0xFF, 0xF8, 0xFF, 0xF8, 0x00, 0x00, 0x00, 0x00, 0x00, 0x00, 0x00, 0x00, 0x00, 0x00,
	0x00, 0x00, 0x00, 0x00, 0x00, 0x00, 0x00, 0x00, 0x00, 0x00, 0xFF, 0xF1, 0x00, 0x00, 0x00, 0x00,
	0x00, 0x00, 0xFF, 0xF1, 0x00, 0x00, 0x00, 0x00, 0x00, 0x00, 0x00, 0x00, 0x00, 0x00, 0x00, 0x00,
	0x00, 0x00, 0x00, 0x00, 0xFF, 0xF8, 0x00, 0x00, 0x00, 0x00, 0x00, 0x00, 0x00, 0x00, 0xFF, 0xF5,
	0x00, 0x00, 0x00, 0x00, 0x00, 0x00, 0x00, 0x00, 0x00, 0x1C, 0x00, 0x00, 0x00, 0x00, 0x00, 0x00,
	0x00, 0x00, 0xFF, 0xF7, 0x00, 0x00, 0xFF, 0xF1, 0x00, 0x00, 0x00, 0x00, 0xFF, 0xF7, 0x00, 0x00,
	0xFF, 0xF8, 0xFF, 0xF6, 0x00, 0x00, 0xFF, 0xFE, 0x00, 0x00, 0xFF, 0xE7, 0x00, 0x00, 0xFF, 0xFB,
	0xFF, 0xF6, 0xFF, 0xF2, 0xFF, 0xFB, 0x00, 0x00, 0x00, 0x00, 0xFF, 0xF6, 0xFF, 0xF8, 0x00, 0x00,
	0x00, 0x00, 0x00, 0x00, 0xFF, 0xF6, 0xFF, 0xF6, 0xFF, 0xF6, 0xFF, 0xF1, 0xFF, 0xFE, 0xFF, 0xF1,
	0x00, 0x00, 0x00, 0x00, 0x00, 0x00, 0x00, 0x00, 0xFF, 0xF8, 0xFF, 0xF2, 0xFF, 0xF8, 0x00, 0x00,
	0x00, 0x00, 0x00, 0x00, 0x00, 0x00, 0x00, 0x00, 0x00, 0x00, 0xFF, 0xE4, 0x00, 0x00, 0x00, 0x00,
	0xFF, 0xF7, 0x00, 0x0A, 0xFF, 0xFB, 0x00, 0x16, 0x00, 0x00, 0x00, 0x0A, 0xFF, 0xEE, 0xFF, 0xE2,
	0x00, 0x00, 0x00, 0x00, 0x00, 0x00, 0x00, 0x00, 0xFF, 0xF7, 0x00, 0x0A, 0xFF, 0xF8, 0xFF, 0xED,
	0x00, 0x00, 0x00, 0x00, 0x00, 0x00, 0x00, 0x00, 0x00, 0x00, 0xFF, 0xE3, 0x00, 0x00, 0x00, 0x00,
	0xFF, 0xF2, 0x00, 0x00, 0x00, 0x00, 0xFF, 0xEC, 0x00, 0x00, 0x00, 0x00, 0x00, 0x00, 0x00, 0x00,
	0x00, 0x00, 0x00, 0x00, 0x00, 0x00, 0x00, 0x00, 0x00, 0x00, 0x00, 0x00, 0xFF, 0xE4, 0x00, 0x00,
	0x00, 0x00, 0x00, 0x00, 0x00, 0x00, 0x00, 0x00, 0x00, 0x00, 0xFF, 0xED, 0x00, 0x00, 0x00, 0x00,
	0x00, 0x00, 0x00, 0x00, 0x00, 0x00, 0x00, 0x00, 0x00, 0x00, 0xFF, 0xF1, 0xFF, 0xD8, 0xFF, 0xF1,
	0x00, 0x00, 0xFF, 0xF7, 0xFF, 0xF6, 0xFF, 0xF2, 0x00, 0x00, 0xFF, 0xFB, 0x00, 0x00, 0x00, 0x00,
	0xFF, 0xF5, 0x00, 0x00, 0xFF, 0xF1, 0x00, 0x00, 0x00, 0x00, 0x00, 0x00, 0x00, 0x00, 0xFF, 0xEC,
	0x00, 0x00, 0xFF, 0xE7, 0x00, 0x00, 0x00, 0x00, 0xFF, 0xF8, 0x00, 0x28, 0x00, 0x00, 0xFF, 0xF0,
	0x00, 0x00, 0x00, 0x00, 0x00, 0x00, 0x00, 0x00, 0x00, 0x00, 0x00, 0x00, 0x00, 0x00, 0x00, 0x00,
	0x00, 0x00, 0x00, 0x00, 0x00, 0x00, 0x00, 0x00, 0x00, 0x00, 0x00, 0x00, 0x00, 0x00, 0x00, 0x00,
	0x00, 0x00, 0x00, 0x00, 0x00, 0x00, 0x00, 0x00, 0x00, 0x00, 0x00, 0x00, 0x00, 0x00, 0x00, 0x00,
	0x00, 0x00, 0x00, 0x00, 0x00, 0x00, 0x00, 0x00, 0x00, 0x00, 0x00, 0x00, 0x00, 0x00, 0x00, 0x00,
	0x00, 0x00, 0x00, 0x00, 0x00, 0x00, 0x00, 0x00, 0x00, 0x00, 0x00, 0x00, 0x00, 0x00, 0x00, 0x00,
	0x00, 0x00, 0x00, 0x00, 0x00, 0x00, 0x00, 0x00, 0x00, 0x00, 0x00, 0x00, 0x00, 0x00, 0x00, 0x00,
	0x00, 0x00, 0x00, 0x00, 0x00, 0x00, 0x00, 0x00, 0x00, 0x00, 0x00, 0x00, 0x00, 0x00, 0x00, 0x00,
	0x00, 0x00, 0x00, 0x00, 0x00, 0x00, 0x00, 0x00, 0x00, 0x00, 0xFF, 0xF3, 0x00, 0x00, 0x00, 0x00,
	0x00, 0x00, 0x00, 0x00, 0x00, 0x00, 0xFF, 0xC8, 0x00, 0x00, 0x00, 0x00, 0x00, 0x00, 0x00, 0x00,
	0x00, 0x00, 0x00, 0x00, 0x00, 0x00, 0x00, 0x00, 0x00, 0x00, 0x00, 0x00, 0x00, 0x00, 0xFF, 0xF6,
	0x00, 0x00, 0x00, 0x00, 0x00, 0x00, 0x00, 0x00, 0xFF, 0xF8, 0xFF, 0xF1, 0xFF, 0xF1, 0x00, 0x00,
	0x00, 0x00, 0x00, 0x00, 0x00, 0x00, 0x00, 0x00, 0x00, 0x00, 0xFF, 0xF6, 0x00, 0x00, 0x00, 0x00,
	0xFF, 0xE4, 0x00, 0x00, 0x00, 0x00, 0x00, 0x00, 0x00, 0x00, 0x00, 0x00, 0x00, 0x00, 0x00, 0x00,
	0x00, 0x00, 0x00, 0x00, 0x00, 0x00, 0x00, 0x00, 0x00, 0x00, 0x00, 0x00, 0xFF, 0xF8, 0xFF, 0xF8,
	0x00, 0x00, 0x00, 0x00, 0x00, 0x00, 0xFF, 0xD8, 0xFF, 0xF3, 0x00, 0x00, 0x00, 0x00, 0xFF, 0xF6,
	0xFF, 0xF8, 0x00, 0x00, 0xFF, 0xF1, 0x00, 0x00, 0x00, 0x00, 0x00, 0x00, 0x00, 0x00, 0x00, 0x00,
	0x00, 0x00, 0x00, 0x00, 0x00, 0x00, 0xFF, 0xF1, 0x00, 0x00, 0xFF, 0xF8, 0x00, 0x00, 0x00, 0x00,
	0x00, 0x00, 0x00, 0x00, 0x00, 0x00, 0x00, 0x00, 0xFF, 0xE6, 0xFF, 0xEC, 0x00, 0x00, 0xFF, 0xFC,
	0x00, 0x00, 0x00, 0x00, 0x00, 0x00, 0xFF, 0xFB, 0x00, 0x00, 0xFF, 0xCE, 0x00, 0x00, 0xFF, 0xF4,
	0xFF, 0xE2, 0x00, 0x00, 0x00, 0x00, 0xFF, 0xEA, 0x00, 0x00, 0x00, 0x00, 0xFF, 0xFA, 0x00, 0x06,
	0x00, 0x00, 0xFF, 0xF8, 0x00, 0x00, 0xFF, 0xF6, 0xFF, 0xF8, 0x00, 0x00, 0xFF, 0xE4, 0xFF, 0xEC,
	0x00, 0x00, 0xFF, 0xFA, 0x00, 0x00, 0x00, 0x00, 0x00, 0x00, 0x00, 0x00, 0xFF, 0xE9, 0x00, 0x00,
	0x00, 0x00, 0xFF, 0xE7, 0xFF, 0xF1, 0xFF, 0xDE, 0x00, 0x00, 0x00, 0x00, 0xFF, 0xF1, 0x00, 0x00,
	0x00, 0x00, 0x00, 0x00, 0x00, 0x00, 0x00, 0x00, 0x00, 0x00, 0x00, 0x08, 0x00, 0x22, 0xFF, 0xE3,
	0x00, 0x00, 0x00, 0x08, 0x00, 0x00, 0xFF, 0xF1, 0xFF, 0xEC, 0x00, 0x00, 0x00, 0x00, 0xFF, 0xE4,
	0x00, 0x14, 0xFF, 0xF8, 0x00, 0x08, 0x00, 0x00, 0x00, 0x00, 0x00, 0x00, 0x00, 0x00, 0x00, 0x00,
	0x00, 0x2C, 0x00, 0x00, 0x00, 0x00, 0xFF, 0xE2, 0x00, 0x00, 0x00, 0x00, 0x00, 0x12, 0x00, 0x00,
	0xFF, 0xF8, 0xFF, 0xF4, 0x00, 0x00, 0x00, 0x00, 0xFF, 0xEA, 0x00, 0x00, 0x00, 0x2C, 0xFF, 0xF1,
	0x00, 0x00, 0x00, 0x26, 0x00, 0x00, 0x00, 0x00, 0x00, 0x00, 0x00, 0x00, 0x00, 0x08, 0x00, 0x0B,
	0xFF, 0xE7, 0xFF, 0xD6, 0x00, 0x00, 0x00, 0x00, 0x00, 0x1E, 0x00, 0x0B, 0x00, 0x07, 0x00, 0x1E,
	0x00, 0x1E, 0x00, 0x00, 0x00, 0x00, 0x00, 0x00, 0x00, 0x20, 0x00, 0x00, 0x00, 0x00, 0x00, 0x00,
	0x00, 0x0F, 0x00, 0x14, 0xFF, 0xFC, 0xFF, 0xF8, 0x00, 0x00, 0x00, 0x07, 0x00, 0x0A, 0xFF, 0xF4,
	0x00, 0x00, 0x00, 0x00, 0x00, 0x00, 0x00, 0x00, 0x00, 0x00, 0x00, 0x00, 0xFF, 0xF8, 0x00, 0x00,
	0x00, 0x00, 0x00, 0x00, 0x00, 0x00, 0x00, 0x00, 0xFF, 0xF6, 0x00, 0x00, 0x00, 0x00, 0x00, 0x00,
	0x00, 0x00, 0x00, 0x00, 0x00, 0x00, 0x00, 0x00, 0x00, 0x00, 0x00, 0x00, 0x00, 0x00, 0x00, 0x00,
	0xFF, 0xF6, 0x00, 0x00, 0x00, 0x00, 0x00, 0x00, 0x00, 0x00, 0x00, 0x00, 0xFF, 0xE9, 0x00, 0x00,
	0x00, 0x00, 0x00, 0x00, 0xFF, 0xF8, 0x00, 0x00, 0x00, 0x00, 0x00, 0x00, 0x00, 0x00, 0x00, 0x00,
	0x00, 0x00, 0x00, 0x00, 0x00, 0x00, 0x00, 0x00, 0x00, 0x00, 0x00, 0x00, 0x00, 0x00, 0x00, 0x00,
	0x00, 0x00, 0x00, 0x00, 0x00, 0x00, 0x00, 0x00, 0x00, 0x00, 0x00, 0x00, 0x00, 0x00, 0x00, 0x00,
	0x00, 0x00, 0x00, 0x00, 0x00, 0x00, 0x00, 0x00, 0x00, 0x00, 0x00, 0x00, 0x00, 0x00, 0x00, 0x00,
	0x00, 0x14, 0x00, 0x00, 0xFF, 0xEC, 0x00, 0x00, 0x00, 0x00, 0xFF, 0xC1, 0x00, 0x00, 0x00, 0x00,
	0x00, 0x00, 0x00, 0x00, 0x00, 0x00, 0xFF, 0xF6, 0xFF, 0xF8, 0xFF, 0xF6, 0x00, 0x00, 0xFF, 0xF6,
	0x00, 0x00, 0x00, 0x0A, 0x00, 0x00, 0x00, 0x00, 0x00, 0x00, 0x00, 0x00, 0xFF, 0xF6, 0x00, 0x00,
	0xFF, 0xF6, 0x00, 0x00, 0x00, 0x00, 0x00, 0x00, 0x00, 0x00, 0xFF, 0xF5, 0xFF, 0xF8, 0x00, 0x0A,
	0x00, 0x00, 0x00, 0x00, 0x00, 0x00, 0x00, 0x00, 0xFF, 0xFB, 0x00, 0x00, 0x00, 0x00, 0xFF, 0xF8,
	0x00, 0x00, 0xFF, 0xEC, 0xFF, 0xF8, 0x00, 0x00, 0x00, 0x00, 0xFF, 0xF1, 0x00, 0x00, 0x00, 0x00,
	0xFF, 0xF1, 0x00, 0x00, 0x00, 0x00, 0x00, 0x00, 0x00, 0x00, 0xFF, 0xF8, 0x00, 0x00, 0xFF, 0xEE,
	0x00, 0x00, 0x00, 0x00, 0x00, 0x00, 0xFF, 0xF1, 0xFF, 0xF1, 0x00, 0x00, 0x00, 0x00, 0x00, 0x00,
	0x00, 0x14, 0x00, 0x00, 0xFF, 0xF5, 0x00, 0x00, 0x00, 0x00, 0x00, 0x00, 0x00, 0x00, 0x00, 0x00,
	0x00, 0x00, 0x00, 0x00, 0x00, 0x00, 0x00, 0x00, 0xFF, 0xF3, 0xFF, 0xF2, 0x00, 0x00, 0x00, 0x00,
	0x00, 0x00, 0x00, 0x00, 0x00, 0x00, 0x00, 0x00, 0x00, 0x00, 0x00, 0x00, 0xFF, 0xBF, 0x00, 0x00,
	0x00, 0x00, 0xFF, 0xF6, 0x00, 0x00, 0x00, 0x00, 0x00, 0x00, 0x00, 0x00, 0x00, 0x00, 0xFF, 0xCB,
	0x00, 0x00, 0x00, 0x00, 0x00, 0x00, 0x00, 0x00, 0x00, 0x00, 0x00, 0x00, 0x00, 0x00, 0x00, 0x00,
	0x00, 0x00, 0x00, 0x00, 0xFF, 0xF8, 0x00, 0x00, 0xFF, 0xB6, 0x00, 0x00, 0x00, 0x00, 0x00, 0x00,
	0x00, 0x00, 0x00, 0x00, 0x00, 0x00, 0x00, 0x00, 0x00, 0x00, 0x00, 0x14, 0x00, 0x00, 0x00, 0x00,
	0x00, 0x00, 0x00, 0x00, 0x00, 0x00, 0x00, 0x00, 0x00, 0x00, 0x00, 0x00, 0x00, 0x00, 0x00, 0x14,
	0xFF, 0xE7, 0x00, 0x1C, 0x00, 0x00, 0xFF, 0xEE, 0xFF, 0xF6, 0x00, 0x00, 0xFF, 0xA8, 0x00, 0x00,
	0x00, 0x00, 0x00, 0x00, 0x00, 0x00, 0x00, 0x00, 0xFF, 0xFC, 0x00, 0x00, 0x00, 0x00, 0x00, 0x00,
	0x00, 0x00, 0x00, 0x00, 0xFF, 0xD6, 0x00, 0x00, 0xFF, 0x66, 0x00, 0x05, 0x00, 0x00, 0xFF, 0xEB,
	0xFF, 0xD6, 0xFF, 0xE6, 0x00, 0x00, 0x00, 0x00, 0x00, 0x00, 0x00, 0x00, 0x00, 0x00, 0x00, 0x00,
	0xFF, 0xD6, 0x00, 0x00, 0x00, 0x00, 0xFF, 0xDD, 0x00, 0x00, 0x00, 0x00, 0x00, 0x00, 0x00, 0x00,
	0x00, 0x00, 0x00, 0x00, 0xFF, 0xE2, 0xFF, 0xF7, 0x00, 0x00, 0x00, 0x00, 0xFF, 0xF8, 0xFF, 0xF7,
	0xFF, 0xEC, 0xFF, 0xEC, 0xFF, 0xD3, 0x00, 0x00, 0x00, 0x00, 0x00, 0x00, 0xFF, 0xBF, 0xFF, 0xC6,
	0xFF, 0xF8, 0x00, 0x00, 0xFF, 0xD8, 0xFF, 0xE7, 0x00, 0x05, 0x00, 0x00, 0x00, 0x00, 0x00, 0x0A,
	0x00, 0x0A, 0x00, 0x37, 0x00, 0x00, 0xFF, 0xF8, 0x00, 0x00, 0x00, 0x00, 0x00, 0x00, 0x00, 0x00,
	0x00, 0x00, 0x00, 0x00, 0x00, 0x00, 0x00, 0x00, 0x00, 0x00, 0x00, 0x00, 0xFF, 0xF6, 0x00, 0x00,
	0x00, 0x00, 0x00, 0x00, 0x00, 0x00, 0xFF, 0xDD, 0x00, 0x00, 0x00, 0x00, 0x00, 0x00, 0x00, 0x08,
	0x00, 0x00, 0x00, 0x00, 0x00, 0x00, 0x00, 0x00, 0x00, 0x00, 0x00, 0x00, 0x00, 0x00, 0x00, 0x00,
	0xFF, 0xF7, 0x00, 0x00, 0x00, 0x00, 0x00, 0x00, 0x00, 0x00, 0x00, 0x00, 0x00, 0x00, 0x00, 0x00,
	0x00, 0x00, 0x00, 0x00, 0x00, 0x00, 0x00, 0x00, 0x00, 0x00, 0xFF, 0xFD, 0x00, 0x00, 0x00, 0x00,
	0x00, 0x00, 0x00, 0x00, 0x00, 0x00, 0x00, 0x00, 0x00, 0x00, 0x00, 0x00, 0xFF, 0xF2, 0x00, 0x00,
	0xFF, 0xF6, 0x00, 0x00, 0x00, 0x00, 0x00, 0x00, 0x00, 0x00, 0x00, 0x00, 0x00, 0x00, 0x00, 0x00,
	0x00, 0x14, 0x00, 0x2D, 0xFF, 0xF4, 0x00, 0x00, 0xFF, 0xFE, 0xFF, 0xE2, 0x00, 0x00, 0xFF, 0xF6,
	0x00, 0x05, 0x00, 0x00, 0x00, 0x00, 0x00, 0x00, 0x00, 0x00, 0x00, 0x08, 0x00, 0x05, 0x00, 0x0C,
	0x00, 0x00, 0x00, 0x0A, 0x00, 0x00, 0x00, 0x3F, 0x00, 0x00, 0x00, 0x00, 0xFF, 0xCE, 0x00, 0x00,
	0x00, 0x23, 0x00, 0x26, 0x00, 0x2C, 0x00, 0x00, 0x00, 0x00, 0x00, 0x00, 0x00, 0x00, 0xFF, 0xF4,
	0xFF, 0xF6, 0x00, 0x3F, 0x00, 0x00, 0x00, 0x00, 0x00, 0x28, 0x00, 0x00, 0x00, 0x14, 0x00, 0x05,
	0x00, 0x00, 0x00, 0x08, 0x00, 0x00, 0xFF, 0xE6, 0xFF, 0xD8, 0x00, 0x00, 0x00, 0x00, 0x00, 0x1E,
	0x00, 0x0F, 0x00, 0x14, 0x00, 0x20, 0x00, 0x2D, 0x00, 0x00, 0x00, 0x00, 0x00, 0x00, 0x00, 0x16,
	0x00, 0x19, 0xFF, 0xDA, 0x00, 0x00, 0x00, 0x16, 0x00, 0x16, 0x00, 0x00, 0x00, 0x05, 0x00, 0x00,
	0x00, 0x0C, 0x00, 0x1D, 0x00, 0x00, 0x00, 0x00, 0x00, 0x00, 0x00, 0x00, 0x00, 0x00, 0xFF, 0xF7,
	0x00, 0x00, 0x00, 0x00, 0x00, 0x00, 0x00, 0x00, 0x00, 0x00, 0x00, 0x00, 0x00, 0x00, 0x00, 0x00,
	0x00, 0x00, 0x00, 0x00, 0x00, 0x00, 0x00, 0x00, 0x00, 0x00, 0x00, 0x00, 0x00, 0x00, 0xFF, 0xF6,
	0x00, 0x00, 0x00, 0x00, 0x00, 0x00, 0xFF, 0xF2, 0x00, 0x00, 0x00, 0x00, 0x00, 0x00, 0x00, 0x00,
	0x00, 0x00, 0x00, 0x00, 0x00, 0x00, 0x00, 0x00, 0x00, 0x00, 0x00, 0x00, 0x00, 0x00, 0x00, 0x00,
	0x00, 0x00, 0x00, 0x00, 0x00, 0x00, 0xFF, 0xF6, 0x00, 0x00, 0xFF, 0xEF, 0x00, 0x00, 0x00, 0x00,
	0x00, 0x00, 0x00, 0x00, 0x00, 0x00, 0x00, 0x00, 0x00, 0x00, 0x00, 0x00, 0xFF, 0xF7, 0x00, 0x00,
	0x00, 0x00, 0x00, 0x00, 0x00, 0x00, 0x00, 0x00, 0x00, 0x00, 0x00, 0x00, 0x00, 0x00, 0x00, 0x00,
	0x00, 0x00, 0x00, 0x00, 0x00, 0x00, 0x00, 0x00, 0x00, 0x00, 0x00, 0x00, 0x00, 0x00, 0x00, 0x00,
	0xFF, 0xBF, 0x00, 0x00, 0x00, 0x00, 0x00, 0x00, 0x00, 0x00, 0x00, 0x00, 0x00, 0x00, 0x00, 0x00,
	0x00, 0x00, 0x00, 0x00, 0x00, 0x00, 0x00, 0x00, 0x00, 0x0A, 0x00, 0x00, 0x00, 0x00, 0x00, 0x00,
	0x00, 0x00, 0x00, 0x00, 0x00, 0x00, 0x00, 0x00, 0x00, 0x00, 0x00, 0x00, 0x00, 0x00, 0x00, 0x00,
	0xFF, 0xF8, 0x00, 0x00, 0x00, 0x0A, 0x00, 0x00, 0x00, 0x00, 0x00, 0x00, 0x00, 0x00, 0x00, 0x00,
	0x00, 0x00, 0x00, 0x00, 0x00, 0x00, 0x00, 0x00, 0xFF, 0xF1, 0xFF, 0xED, 0x00, 0x00, 0x00, 0x00,
	0x00, 0x00, 0x00, 0x00, 0xFF, 0xF1, 0x00, 0x09, 0x00, 0x00, 0x00, 0x00, 0x00, 0x00, 0x00, 0x00,
	0x00, 0x00, 0x00, 0x00, 0x00, 0x00, 0x00, 0x00, 0x00, 0x00, 0x00, 0x00, 0x00, 0x00, 0xFF, 0xF8,
	0x00, 0x00, 0xFF, 0xF8, 0x00, 0x00, 0x00, 0x19, 0x00, 0x00, 0xFF, 0xF8, 0x00, 0x00, 0xFF, 0xF1,
	0xFF, 0xC9, 0xFF, 0xF4, 0xFF, 0xEB, 0xFF, 0xEE, 0xFF, 0xDD, 0xFF, 0xE1, 0x00, 0x00, 0xFF, 0xEB,
	0xFF, 0xDB, 0xFF, 0xDC, 0xFF, 0xC9, 0xFF, 0xD9, 0xFF, 0xEC, 0xFF, 0xCD, 0xFF, 0xEB, 0xFF, 0xD2,
	0xFF, 0xF0, 0xFF, 0xF9, 0xFF, 0xFB, 0x00, 0x00, 0xFF, 0xEA, 0xFF, 0xEA, 0xFF, 0xE7, 0x00, 0x00,
	0xFF, 0xEC, 0x00, 0x00, 0x00, 0x00, 0xFF, 0xC7, 0x00, 0x00, 0xFF, 0xEC, 0xFF, 0xEB, 0xFF, 0xF6,
	0xFF, 0xE5, 0xFF, 0xF1, 0x00, 0x12, 0xFF, 0xF1, 0xFF, 0xDE, 0xFF, 0xD6, 0x00, 0x00, 0x00, 0x00,
	0xFF, 0xFC, 0x00, 0x00, 0x00, 0x00, 0xFF, 0xDD, 0xFF, 0xE7, 0xFF, 0xF1, 0xFF, 0xEA, 0xFF, 0xC9,
	0xFF, 0xDC, 0xFF, 0xEC, 0xFF, 0xE1, 0x00, 0x00, 0xFF, 0xF1, 0xFF, 0xE7, 0xFF, 0xD6, 0x00, 0x00,
	0xFF, 0xE9, 0x00, 0x00, 0xFF, 0xEA, 0x00, 0x17, 0xFF, 0xD8, 0xFF, 0xD8, 0xFF, 0xE7, 0xFF, 0xEC,
	0xFF, 0xE4, 0x00, 0x1E, 0x00, 0x16, 0x00, 0x07, 0xFF, 0xC7, 0xFF, 0xEC, 0xFF, 0xF1, 0xFF, 0xF0,
	0xFF, 0xE2, 0xFF, 0xF4, 0xFF, 0xDE, 0x00, 0x00, 0xFF, 0xDD, 0x00, 0x22, 0x00, 0x00, 0x00, 0x00,
	0xFF, 0xB7, 0x00, 0x00, 0x00, 0x00, 0x00, 0x23, 0x00, 0x00, 0xFF, 0xDD, 0xFF, 0xE9, 0x00, 0x00,
	0x00, 0x00, 0xFF, 0xE4, 0x00, 0x00, 0x00, 0x22, 0xFF, 0xEB, 0x00, 0x00, 0x00, 0x1C, 0x00, 0x00,
	0x00, 0x0A, 0x00, 0x00, 0x00, 0x00, 0xFF, 0xF9, 0xFF, 0xEF, 0xFF, 0xB8, 0xFF, 0x9C, 0x00, 0x00,
	0x00, 0x00, 0xFF, 0xFA, 0xFF, 0xE5, 0x00, 0x1E, 0x00, 0x00, 0x00, 0x19, 0x00, 0x00, 0x00, 0x05,
	0x00, 0x00, 0x00, 0x00, 0x00, 0x00, 0x00, 0x00, 0x00, 0x00, 0x00, 0x0A, 0xFF, 0xEC, 0x00, 0x00,
	0xFF, 0xF1, 0x00, 0x11, 0x00, 0x00, 0xFF, 0xEB, 0xFF, 0xF6, 0x00, 0x00, 0xFF, 0xDB, 0x00, 0x00,
	0x00, 0x00, 0x00, 0x00, 0x00, 0x00, 0x00, 0x00, 0x00, 0x00, 0x00, 0x00, 0x00, 0x00, 0x00, 0x00,
	0x00, 0x00, 0x00, 0x00, 0xFF, 0xFC, 0x00, 0x00, 0x00, 0x00, 0x00, 0x00, 0x00, 0x00, 0x00, 0x00,
	0x00, 0x00, 0x00, 0x00, 0x00, 0x00, 0xFF, 0xEF, 0xFF, 0xFA, 0x00, 0x00, 0xFF, 0xF6, 0x00, 0x00,
	0xFF, 0xDC, 0x00, 0x00, 0x00, 0x00, 0x00, 0x00, 0x00, 0x00, 0x00, 0x00, 0x00, 0x00, 0x00, 0x00,
	0xFF, 0xFA, 0x00, 0x00, 0x00, 0x00, 0xFF, 0xE6, 0xFF, 0xD3, 0x00, 0x00, 0x00, 0x00, 0x00, 0x00,
	0xFF, 0xF6, 0xFF, 0xF3, 0x00, 0x00, 0x00, 0x00, 0x00, 0x00, 0x00, 0x00, 0x00, 0x00, 0xFF, 0xF6,
	0x00, 0x00, 0x00, 0x00, 0x00, 0x00, 0x00, 0x00, 0xFF, 0xFC, 0xFF, 0xFC, 0xFF, 0xE2, 0x00, 0x00,
	0x00, 0x00, 0x00, 0x00, 0x00, 0x00, 0x00, 0x00, 0xFF, 0xF6, 0x00, 0x00, 0xFF, 0xEC, 0x00, 0x00,
	0x00, 0x00, 0x00, 0x00, 0xFF, 0xEC, 0x00, 0x00, 0x00, 0x00, 0xFF, 0xFA, 0x00, 0x00, 0x00, 0x00,
	0x00, 0x00, 0x00, 0x00, 0x00, 0x00, 0x00, 0x00, 0x00, 0x00, 0x00, 0x00, 0x00, 0x00, 0x00, 0x00,
	0x00, 0x00, 0x00, 0x00, 0x00, 0x00, 0x00, 0x00, 0x00, 0x00, 0x00, 0x00, 0xFF, 0xEC, 0x00, 0x00,
	0xFF, 0xFC, 0x00, 0x00, 0x00, 0x00, 0x00, 0x00, 0x00, 0x00, 0x00, 0x00, 0x00, 0x00, 0x00, 0x00,
	0x00, 0x00, 0x00, 0x00, 0x00, 0x00, 0x00, 0x00, 0x00, 0x00, 0x00, 0x00, 0x00, 0x00, 0x00, 0x00,
	0x00, 0x00, 0x00, 0x00, 0x00, 0x00, 0x00, 0x00, 0x00, 0x00, 0x00, 0x00, 0x00, 0x00, 0x00, 0x00,
	0x00, 0x00, 0x00, 0x00, 0xFF, 0xE8, 0x00, 0x00, 0x00, 0x00, 0x00, 0x00, 0x00, 0x00, 0x00, 0x00,
	0x00, 0x00, 0xFF, 0xF7, 0x00, 0x00, 0x00, 0x00, 0x00, 0x00, 0xFF, 0xF6, 0x00, 0x00, 0x00, 0x00,
	0x00, 0x00, 0x00, 0x00, 0xFF, 0xED, 0x00, 0x00, 0x00, 0x00, 0x00, 0x00, 0x00, 0x00, 0x00, 0x00,
	0x00, 0x00, 0x00, 0x00, 0x00, 0x00, 0xFF, 0xEC, 0xFF, 0xEC, 0x00, 0x00, 0x00, 0x00, 0x00, 0x00,
	0x00, 0x00, 0x00, 0x00, 0xFF, 0xF6, 0x00, 0x00, 0x00, 0x00, 0x00, 0x00, 0xFF, 0xF6, 0x00, 0x00,
	0x00, 0x00, 0x00, 0x00, 0x00, 0x00, 0x00, 0x00, 0x00, 0x00, 0x00, 0x00, 0xFF, 0xF2, 0x00, 0x00,
	0x00, 0x00, 0x00, 0x00, 0x00, 0x00, 0x00, 0x00, 0x00, 0x00, 0x00, 0x00, 0x00, 0x00, 0x00, 0x00,
	0xFF, 0xDC, 0x00, 0x00, 0x00, 0x00, 0x00, 0x00, 0x00, 0x00, 0x00, 0x00, 0x00, 0x00, 0x00, 0x00,
	0x00, 0x00, 0xFF, 0xED, 0x00, 0x0A, 0x00, 0x00, 0x00, 0x00, 0x00, 0x00, 0x00, 0x00, 0x00, 0x00,
	0x00, 0x00, 0x00, 0x00, 0x00, 0x00, 0x00, 0x00, 0x00, 0x00, 0xFF, 0xF8, 0x00, 0x00, 0x00, 0x00,
	0xFF, 0xEE, 0x00, 0x00, 0x00, 0x00, 0xFF, 0xBC, 0x00, 0x00, 0x00, 0x00, 0x00, 0x00, 0x00, 0x00,
	0x00, 0x00, 0xFF, 0xFA, 0x00, 0x00, 0x00, 0x00, 0x00, 0x00, 0x00, 0x00, 0x00, 0x00, 0xFF, 0xEE,
	0x00, 0x00, 0x00, 0x00, 0x00, 0x00, 0x00, 0x00, 0x00, 0x00, 0x00, 0x00, 0x00, 0x00, 0x00, 0x00,
	0x00, 0x00, 0x00, 0x00, 0x00, 0x00, 0xFF, 0xF7, 0x00, 0x00, 0xFF, 0xEE, 0x00, 0x00, 0x00, 0x00,
	0xFF, 0xFB, 0x00, 0x00, 0x00, 0x00, 0x00, 0x00, 0x00, 0x00, 0xFF, 0xF8, 0x00, 0x00, 0xFF, 0xDF,
	0x00, 0x00, 0x00, 0x00, 0x00, 0x00, 0xFF, 0xF1, 0xFF, 0xF8, 0xFF, 0xEB, 0xFF, 0xF8, 0xFF, 0xEC,
	0x00, 0x00, 0x00, 0x00, 0x00, 0x00, 0xFF, 0xEE, 0x00, 0x00, 0x00, 0x00, 0xFF, 0xF5, 0xFF, 0xE7,
	0x00, 0x00, 0x00, 0x00, 0xFF, 0xE7, 0x00, 0x00, 0xFF, 0xF8, 0x00, 0x00, 0x00, 0x23, 0x00, 0x00,
	0xFF, 0xEE, 0x00, 0x00, 0x00, 0x00, 0xFF, 0xEF, 0x00, 0x00, 0xFF, 0xFB, 0x00, 0x00, 0x00, 0x00,
	0xFF, 0xF6, 0xFF, 0xF1, 0x00, 0x00, 0x00, 0x00, 0x00, 0x00, 0xFF, 0xF6, 0x00, 0x00, 0x00, 0x00,
	0x00, 0x00, 0x00, 0x00, 0x00, 0x00, 0xFF, 0xEC, 0x00, 0x00, 0xFF, 0xCF, 0x00, 0x00, 0xFF, 0xEA,
	0x00, 0x00, 0x00, 0x00, 0xFF, 0xEB, 0xFF, 0xFE, 0x00, 0x00, 0x00, 0x00, 0xFF, 0xF6, 0x00, 0x00,
	0x00, 0x00, 0xFF, 0xFB, 0x00, 0x00, 0xFF, 0xF6, 0xFF, 0xF5, 0x00, 0x00, 0xFF, 0xE2, 0x00, 0x00,
	0x00, 0x00, 0xFF, 0xE6, 0x00, 0x00, 0xFF, 0xFB, 0x00, 0x00, 0x00, 0x00, 0x00, 0x00, 0x00, 0x00,
	0x00, 0x00, 0x00, 0x00, 0xFF, 0xEF, 0x00, 0x00, 0xFF, 0xF5, 0x00, 0x00, 0xFF, 0xE7, 0x00, 0x00,
	0x00, 0x00, 0x00, 0x00, 0x00, 0x00, 0x00, 0x00, 0x00, 0x00, 0xFF, 0xF6, 0x00, 0x00, 0x00, 0x0A,
	0x00, 0x00, 0xFF, 0xF6, 0x00, 0x00, 0xFF, 0xED, 0xFF, 0xD0, 0x00, 0x00, 0x00, 0x00, 0xFF, 0xE2,
	0xFF, 0xF6, 0xFF, 0xF5, 0x00, 0x00, 0x00, 0x00, 0x00, 0x00, 0x00, 0x00, 0x00, 0x00, 0x00, 0x00,
	0x00, 0x0A, 0x00, 0x00, 0x00, 0x00, 0x00, 0x00, 0x00, 0x00, 0x00, 0x00, 0x00, 0x00, 0x00, 0x00,
	0xFF, 0xF0, 0x00, 0x00, 0x00, 0x00, 0x00, 0x00, 0xFF, 0xEC, 0x00, 0x00, 0x00, 0x0A, 0xFF, 0xE9,
	0x00, 0x00, 0x00, 0x0A, 0x00, 0x00, 0x00, 0x00, 0x00, 0x00, 0x00, 0x00, 0x00, 0x00, 0x00, 0x00,
	0xFF, 0xE0, 0x00, 0x00, 0x00, 0x00, 0x00, 0x00, 0x00, 0x00, 0xFF, 0xF8, 0x00, 0x05, 0x00, 0x0C,
	0x00, 0x00, 0x00, 0x00, 0x00, 0x00, 0x00, 0x00, 0x00, 0x07, 0x00, 0x00, 0x00, 0x00, 0x00, 0x00,
	0xFF, 0xF8, 0x00, 0x00, 0x00, 0x00, 0x00, 0x00, 0x00, 0x00, 0xFF, 0xFC, 0x00, 0x00, 0x00, 0x26,
	0x00, 0x00, 0xFF, 0xFA, 0x00, 0x00, 0x00, 0x00, 0x00, 0x00, 0x00, 0x00, 0xFF, 0xF8, 0x00, 0x00,
	0x00, 0x00, 0x00, 0x00, 0x00, 0x00, 0x00, 0x00, 0xFF, 0xF7, 0x00, 0x00, 0x00, 0x00, 0x00, 0x00,
	0x00, 0x00, 0x00, 0x00, 0x00, 0x00, 0x00, 0x00, 0x00, 0x00, 0x00, 0x00, 0x00, 0x00, 0x00, 0x00,
	0xFF, 0xF1, 0x00, 0x00, 0x00, 0x00, 0x00, 0x00, 0x00, 0x00, 0x00, 0x00, 0x00, 0x00, 0x00, 0x00,
	0x00, 0x00, 0x00, 0x00, 0xFF, 0xF8, 0x00, 0x00, 0x00, 0x00, 0x00, 0x00, 0x00, 0x00, 0x00, 0x00,
	0x00, 0x00, 0x00, 0x00, 0x00, 0x00, 0x00, 0x00, 0x00, 0x00, 0x00, 0x00, 0x00, 0x00, 0x00, 0x00,
	0x00, 0x00, 0x00, 0x00, 0x00, 0x00, 0x00, 0x00, 0x00, 0x0A, 0x00, 0x00, 0x00, 0x00, 0x00, 0x00,
	0x00, 0x00, 0x00, 0x00, 0x00, 0x00, 0x00, 0x00, 0x00, 0x00, 0x00, 0x00, 0x00, 0x00, 0x00, 0x00,
	0x00, 0x12, 0x00, 0x00, 0xFF, 0xFE, 0xFF, 0xF6, 0x00, 0x00, 0xFF, 0xCB, 0x00, 0x00, 0x00, 0x00,
	0x00, 0x00, 0x00, 0x00, 0x00, 0x00, 0x00, 0x00, 0x00, 0x00, 0x00, 0x00, 0x00, 0x00, 0x00, 0x00,
	0x00, 0x00, 0x00, 0x00, 0x00, 0x00, 0x00, 0x00, 0x00, 0x00, 0x00, 0x00, 0x00, 0x00, 0x00, 0x00,
	0x00, 0x00, 0x00, 0x00, 0x00, 0x00, 0x00, 0x00, 0x00, 0x00, 0x00, 0x00, 0x00, 0x00, 0x00, 0x00,
	0x00, 0x00, 0x00, 0x00, 0x00, 0x03, 0x00, 0x00, 0x00, 0x00, 0x00, 0x00, 0x00, 0x00, 0x00, 0x00,
	0x00, 0x00, 0xFF, 0xF1, 0xFF, 0xF1, 0x00, 0x00, 0x00, 0x00, 0x00, 0x00, 0x00, 0x00, 0x00, 0x00,
	0x00, 0x00, 0x00, 0x0A, 0x00, 0x00, 0x00, 0x00, 0x00, 0x00, 0x00, 0x00, 0x00, 0x0A, 0x00, 0x00,
	0x00, 0x00, 0x00, 0x00, 0x00, 0x08, 0xFF, 0xFC, 0x00, 0x00, 0x00, 0x00, 0x00, 0x00, 0x00, 0x00,
	0x00, 0x1E, 0x00, 0x00, 0xFF, 0xF8, 0x00, 0x00, 0x00, 0x00, 0xFF, 0xF1, 0x00, 0x00, 0xFF, 0xF7,
	0x00, 0x00, 0x00, 0x00, 0xFF, 0xF8, 0x00, 0x00, 0xFF, 0xED, 0xFF, 0xF5, 0x00, 0x00, 0x00, 0x00,
	0xFF, 0xF8, 0x00, 0x00, 0x00, 0x05, 0x00, 0x00, 0xFF, 0xF8, 0xFF, 0xF1, 0x00, 0x00, 0x00, 0x00,
	0x00, 0x00, 0xFF, 0xF1, 0xFF, 0xF6, 0xFF, 0xF8, 0x00, 0x00, 0x00, 0x00, 0xFF, 0xF8, 0xFF, 0xF1,
	0x00, 0x00, 0xFF, 0xF8, 0xFF, 0xF8, 0xFF, 0xF7, 0x00, 0x00, 0x00, 0x00, 0x00, 0x00, 0x00, 0x0A,
	0x00, 0x00, 0x00, 0x00, 0xFF, 0xF1, 0x00, 0x00, 0xFF, 0xFC, 0x00, 0x00, 0x00, 0x00, 0x00, 0x00,
	0x00, 0x00, 0xFF, 0xE6, 0x00, 0x00, 0x00, 0x00, 0xFF, 0xF1, 0x00, 0x14, 0x00, 0x00, 0x00, 0x0F,
	0x00, 0x00, 0x00, 0x00, 0x00, 0x00, 0xFF, 0xF8, 0x00, 0x00, 0x00, 0x00, 0x00, 0x00, 0x00, 0x00,
	0x00, 0x00, 0x00, 0x08, 0x00, 0x07, 0xFF, 0xEB, 0x00, 0x05, 0x00, 0x00, 0x00, 0x00, 0x00, 0x05,
	0x00, 0x00, 0x00, 0x00, 0x00, 0x00, 0x00, 0x00, 0xFF, 0xFE, 0x00, 0x00, 0x00, 0x00, 0xFF, 0xF1,
	0x00, 0x00, 0x00, 0x00, 0x00, 0x0A, 0x00, 0x00, 0x00, 0x00, 0x00, 0x00, 0x00, 0x00, 0x00, 0x00,
	0x00, 0x00, 0x00, 0x00, 0x00, 0x00, 0x00, 0x00, 0x00, 0x00, 0x00, 0x00, 0xFF, 0xF1, 0x00, 0x00,
	0x00, 0x0A, 0x00, 0x00, 0x00, 0x00, 0x00, 0x00, 0x00, 0x00, 0x00, 0x00, 0x00, 0x00, 0x00, 0x00,
	0xFF, 0xFE, 0xFF, 0xF8, 0xFF, 0xDA, 0xFF, 0xEC, 0x00, 0x00, 0x00, 0x00, 0x00, 0x00, 0xFF, 0xF1,
	0x00, 0x14, 0xFF, 0xF8, 0x00, 0x00, 0x00, 0x00, 0x00, 0x00, 0x00, 0x00, 0x00, 0x00, 0x00, 0x00,
	0x00, 0x00, 0x00, 0x00, 0x00, 0x00, 0xFF, 0xEC, 0x00, 0x00, 0xFF, 0xF1, 0x00, 0x00, 0x00, 0x00,
	0x00, 0x00, 0x00, 0x1E, 0x00, 0x00, 0xFF, 0xF1, 0x00, 0x00, 0x00, 0x00, 0x00, 0x00, 0x00, 0x00,
	0x00, 0x00, 0x00, 0x00, 0x00, 0x00, 0x00, 0x00, 0x00, 0x00, 0x00, 0x00, 0x00, 0x00, 0x00, 0x00,
	0x00, 0x00, 0x00, 0x00, 0x00, 0x00, 0x00, 0x00, 0x00, 0x00, 0x00, 0x00, 0x00, 0x00, 0xFF, 0xF6,
	0x00, 0x00, 0x00, 0x00, 0x00, 0x00, 0x00, 0x00, 0x00, 0x00, 0x00, 0x00, 0x00, 0x00, 0x00, 0x00,
	0x00, 0x00, 0x00, 0x00, 0x00, 0x00, 0x00, 0x00, 0x00, 0x00, 0x00, 0x00, 0x00, 0x00, 0x00, 0x00,
	0x00, 0x00, 0x00, 0x00, 0x00, 0x00, 0x00, 0x00, 0x00, 0x00, 0x00, 0x14, 0x00, 0x00, 0x00, 0x00,
	0x00, 0x00, 0x00, 0x00, 0x00, 0x00, 0x00, 0x00, 0x00, 0x00, 0x00, 0x00, 0x00, 0x0A, 0x00, 0x00,
	0x00, 0x00, 0x00, 0x00, 0x00, 0x00, 0xFF, 0xF6, 0x00, 0x00, 0x00, 0x00, 0x00, 0x00, 0x00, 0x00,
	0x00, 0x00, 0xFF, 0xF6, 0x00, 0x00, 0xFF, 0xF6, 0x00, 0x00, 0x00, 0x00, 0x00, 0x00, 0xFF, 0xEE,
	0x00, 0x00, 0x00, 0x00, 0x00, 0x00, 0x00, 0x00, 0x00, 0x00, 0x00, 0x00, 0x00, 0x00, 0x00, 0x00,
	0x00, 0x00, 0x00, 0x00, 0x00, 0x00, 0x00, 0x00, 0x00, 0x00, 0x00, 0x00, 0x00, 0x00, 0x00, 0x00,
	0x00, 0x00, 0x00, 0x00, 0x00, 0x00, 0x00, 0x00, 0x00, 0x00, 0x00, 0x00, 0x00, 0x00, 0x00, 0x00,
	0x00, 0x00, 0x00, 0x00, 0x00, 0x00, 0x00, 0x00, 0x00, 0x00, 0x00, 0x00, 0x00, 0x00, 0x00, 0x00,
	0x00, 0x00, 0x00, 0x00, 0x00, 0x00, 0x00, 0x00, 0x00, 0x00, 0x00, 0x00, 0x00, 0x00, 0x00, 0x00,
	0x00, 0x00, 0x00, 0x00, 0x00, 0x00, 0x00, 0x00, 0x00, 0x00, 0x00, 0x00, 0x00, 0x00, 0x00, 0x00,
	0x00, 0x00, 0x00, 0x00, 0x00, 0x00, 0x00, 0x00, 0x00, 0x00, 0x00, 0x00, 0x00, 0x00, 0x00, 0x00,
	0x00, 0x00, 0x00, 0x00, 0x00, 0x00, 0x00, 0x00, 0x00, 0x00, 0x00, 0x00, 0x00, 0x00, 0x00, 0x00,
	0x00, 0x00, 0x00, 0x00, 0x00, 0x00, 0x00, 0x00, 0x00, 0x00, 0x00, 0x00, 0x00, 0x00, 0x00, 0x00,
	0x00, 0x00, 0x00, 0x00, 0x00, 0x00, 0x00, 0x00, 0x00, 0x00, 0x00, 0x00, 0x00, 0x00, 0x00, 0x00,
	0x00, 0x00, 0x00, 0x00, 0x00, 0x00, 0x00, 0x00, 0x00, 0x00, 0x00, 0x00, 0x00, 0x00, 0x00, 0x00,
	0x00, 0x00, 0x00, 0x00, 0x00, 0x00, 0x00, 0x00, 0x00, 0x00, 0x00, 0x00, 0x00, 0x00, 0x00, 0x00,
	0x00, 0x00, 0x00, 0x00, 0x00, 0x00, 0x00, 0x00, 0x00, 0x00, 0x00, 0x00, 0x00, 0x00, 0x00, 0x00,
	0x00, 0x00, 0x00, 0x00, 0x00, 0x00, 0x00, 0x00, 0x00, 0x00, 0x00, 0x00, 0x00, 0x00, 0x00, 0x00,
	0x00, 0x00, 0x00, 0x00, 0x00, 0x00, 0x00, 0x00, 0x00, 0x00, 0x00, 0x00, 0x00, 0x00, 0x00, 0x00,
	0x00, 0x00, 0x00, 0x00, 0x00, 0x00, 0x00, 0x00, 0x00, 0x00, 0x00, 0x00, 0x00, 0x00, 0x00, 0x00,
	0xFF, 0xCB, 0x00, 0x00, 0x00, 0x00, 0x00, 0x00, 0x00, 0x00, 0x00, 0x00, 0x00, 0x00, 0x00, 0x00,
	0x00, 0x00, 0x00, 0x00, 0x00, 0x00, 0x00, 0x00, 0x00, 0x00, 0x00, 0x00, 0x00, 0x00, 0x00, 0x00,
	0x00, 0x00, 0x00, 0x00, 0x00, 0x00, 0x00, 0x00, 0x00, 0x00, 0x00, 0x00, 0x00, 0x00, 0x00, 0x00,
	0x00, 0x00, 0x00, 0x00, 0x00, 0x00, 0x00, 0x00, 0x00, 0x00, 0x00, 0x00, 0x00, 0x00, 0x00, 0x00,
	0x00, 0x00, 0x00, 0x00, 0x00, 0x00, 0x00, 0x00, 0xFF, 0xF8, 0x00, 0x00, 0x00, 0x00, 0x00, 0x00,
	0x00, 0x00, 0x00, 0x00, 0x00, 0x00, 0x00, 0x00, 0x00, 0x00, 0x00, 0x00, 0x00, 0x00, 0x00, 0x00,
	0x00, 0x00, 0x00, 0x00, 0x00, 0x00, 0x00, 0x00, 0x00, 0x00, 0x00, 0x00, 0x00, 0x00, 0x00, 0x00,
	0x00, 0x00, 0x00, 0x00, 0x00, 0x00, 0x00, 0x00, 0x00, 0x00, 0x00, 0x00, 0x00, 0x00, 0x00, 0x00,
	0x00, 0x00, 0x00, 0x00, 0xFF, 0xFB, 0x00, 0x00, 0x00, 0x00, 0x00, 0x00, 0x00, 0x00, 0x00, 0x00,
	0x00, 0x00, 0x00, 0x00, 0x00, 0x00, 0x00, 0x00, 0x00, 0x00, 0x00, 0x00, 0x00, 0x00, 0x00, 0x00,
	0x00, 0x00, 0x00, 0x00, 0x00, 0x00, 0x00, 0x00, 0x00, 0x00, 0x00, 0x00, 0x00, 0x00, 0x00, 0x00,
	0x00, 0x00, 0x00, 0x00, 0x00, 0x00, 0x00, 0x00, 0x00, 0x00, 0x00, 0x00, 0xFF, 0xFB, 0x00, 0x00,
	0x00, 0x00, 0x00, 0x00, 0x00, 0x00, 0x00, 0x00, 0x00, 0x00, 0x00, 0x00, 0x00, 0x00, 0x00, 0x00,
	0x00, 0x00, 0x00, 0x00, 0x00, 0x00, 0x00, 0x00, 0x00, 0x00, 0x00, 0x00, 0x00, 0x00, 0x00, 0x00,
	0x00, 0x00, 0x00, 0x00, 0x00, 0x00, 0x00, 0x00, 0x00, 0x00, 0x00, 0x00, 0xFF, 0xFB, 0x00, 0x00,
	0x00, 0x00, 0x00, 0x00, 0x00, 0x00, 0x00, 0x00, 0x00, 0x00, 0x00, 0x00, 0xFF, 0xF6, 0x00, 0x00,
	0x00, 0x00, 0x00, 0x00, 0x00, 0x00, 0x00, 0x00, 0x00, 0x00, 0x00, 0x00, 0x00, 0x00, 0xFF, 0xFE,
	0x00, 0x00, 0x00, 0x00, 0x00, 0x00, 0x00, 0x00, 0x00, 0x00, 0x00, 0x00, 0x00, 0x00, 0x00, 0x00,
	0x00, 0x00, 0x00, 0x00, 0x00, 0x00, 0x00, 0x00, 0x00, 0x00, 0x00, 0x00, 0x00, 0x00, 0x00, 0x00,
	0x00, 0x00, 0x00, 0x00, 0x00, 0x00, 0x00, 0x00, 0x00, 0x00, 0x00, 0x00, 0x00, 0x00, 0x00, 0x00,
	0x00, 0x00, 0x00, 0x00, 0x00, 0x00, 0x00, 0x00, 0x00, 0x00, 0xFF, 0xF6, 0x00, 0x00, 0x00, 0x00,
	0x00, 0x00, 0xFF, 0xFE, 0x00, 0x00, 0x00, 0x00, 0x00, 0x00, 0x00, 0x00, 0x00, 0x00, 0x00, 0x00,
	0x00, 0x00, 0x00, 0x00, 0x00, 0x00, 0x00, 0x00, 0x00, 0x00, 0x00, 0x00, 0x00, 0x00, 0x00, 0x00,
	0x00, 0x00, 0x00, 0x00, 0x00, 0x00, 0x00, 0x00, 0x00, 0x00, 0x00, 0x00, 0x00, 0x00, 0x00, 0x00,
	0x00, 0x00, 0x00, 0x00, 0x00, 0x00, 0x00, 0x00, 0x00, 0x00, 0x00, 0x00, 0x00, 0x00, 0x00, 0x00,
	0x00, 0x00, 0x00, 0x00, 0x00, 0x00, 0x00, 0x00, 0x00, 0x00, 0x00, 0x00, 0x00, 0x00, 0x00, 0x00,
	0x00, 0x00, 0x00, 0x00, 0x00, 0x00, 0x00, 0x00, 0x00, 0x00, 0x00, 0x00, 0x00, 0x00, 0x00, 0x00,
	0x00, 0x00, 0x00, 0x00, 0x00, 0x00, 0x00, 0x00, 0x00, 0x00, 0x00, 0x00, 0x00, 0x00, 0x00, 0x00,
	0x00, 0x00, 0x00, 0x00, 0x00, 0x00, 0x00, 0x00, 0x00, 0x00, 0x00, 0x00, 0x00, 0x00, 0x00, 0x00,
	0x00, 0x00, 0x00, 0x00, 0x00, 0x00, 0x00, 0x00, 0x00, 0x00, 0x00, 0x00, 0x00, 0x00, 0x00, 0x00,
	0x00, 0x00, 0x00, 0x00, 0x00, 0x00, 0x00, 0x00, 0x00, 0x00, 0x00, 0x00, 0x00, 0x00, 0x00, 0x00,
	0x00, 0x00, 0x00, 0x00, 0x00, 0x00, 0x00, 0x00, 0x00, 0x00, 0x00, 0x00, 0x00, 0x00, 0x00, 0x00,
	0x00, 0x00, 0x00, 0x00, 0xFF, 0xD0, 0x00, 0x00, 0x00, 0x00, 0x00, 0x00, 0x00, 0x00, 0x00, 0x00,
	0x00, 0x00, 0x00, 0x00, 0x00, 0x00, 0x00, 0x00, 0x00, 0x00, 0x00, 0x00, 0x00, 0x00, 0x00, 0x00,
	0x00, 0x00, 0x00, 0x00, 0x00, 0x00, 0x00, 0x00, 0x00, 0x00, 0x00, 0x00, 0x00, 0x00, 0x00, 0x00,
	0x00, 0x00, 0x00, 0x00, 0x00, 0x00, 0x00, 0x00, 0x00, 0x00, 0x00, 0x00, 0x00, 0x00, 0x00, 0x00,
	0x00, 0x00, 0x00, 0x00, 0x00, 0x00, 0x00, 0x00, 0x00, 0x00, 0x00, 0x00, 0x00, 0x00, 0x00, 0x00,
	0x00, 0x00, 0x00, 0x00, 0x00, 0x00, 0x00, 0x00, 0x00, 0x00, 0x00, 0x00, 0x00, 0x00, 0x00, 0x00,
	0x00, 0x00, 0x00, 0x00, 0xFF, 0xE2, 0x00, 0x00, 0x00, 0x00, 0x00, 0x00, 0xFF, 0xF8, 0x00, 0x00,
	0x00, 0x00, 0x00, 0x00, 0x00, 0x00, 0x00, 0x00, 0x00, 0x00, 0x00, 0x00, 0x00, 0x00, 0x00, 0x00,
	0x00, 0x00, 0xFF, 0xEC, 0xFF, 0xE2, 0xFF, 0xFA, 0xFF, 0xE7, 0x00, 0x00, 0xFF, 0xF6, 0xFF, 0xE6,
	0xFF, 0xF6, 0xFF, 0xE8, 0xFF, 0xE1, 0xFF, 0xE0, 0xFF, 0xF0, 0xFF, 0xF8, 0xFF, 0xF1, 0xFF, 0xEB,
	0xFF, 0xF1, 0xFF, 0xE5, 0xFF, 0xE7, 0xFF, 0xE0, 0xFF, 0xE2, 0x00, 0x00, 0xFF, 0xEF, 0xFF, 0xE9,
	0x00, 0x00, 0xFF, 0xEA, 0x00, 0x00, 0xFF, 0xED, 0xFF, 0xF1, 0xFF, 0xEC, 0xFF, 0xEA, 0xFF, 0xF8,
	0xFF, 0xE7, 0xFF, 0xF6, 0xFF, 0xF4, 0xFF, 0xF2, 0xFF, 0xF4, 0xFF, 0xE2, 0xFF, 0xDD, 0xFF, 0xF6,
	0x00, 0x00, 0xFF, 0xEC, 0xFF, 0xFF, 0x00, 0x00, 0x00, 0x00, 0xFF, 0xF1, 0xFF, 0xDD, 0xFF, 0xEC,
	0xFF, 0xF5, 0xFF, 0xE2, 0x00, 0x00, 0xFF, 0xCE, 0x00, 0x0A, 0xFF, 0xFB, 0x00, 0x00, 0x00, 0x00,
	0xFF, 0xD2, 0x00, 0x00, 0x00, 0x00, 0x00, 0x00, 0xFF, 0xFA, 0x00, 0x04, 0x00, 0x12, 0x00, 0x0A,
	0xFF, 0xE0, 0xFF, 0xE7, 0xFF, 0xC9, 0x00, 0x00, 0x00, 0x00, 0x00, 0x00, 0xFF, 0xB4, 0x00, 0x00,
	0xFF, 0xF2, 0xFF, 0xEB, 0xFF, 0xF6, 0xFF, 0xFB, 0xFF, 0xD3, 0x00, 0x00, 0xFF, 0xF6, 0xFF, 0xF6,
	0x00, 0x00, 0x00, 0x00, 0x00, 0x00, 0x00, 0x00, 0x00, 0x00, 0x00, 0x08, 0x00, 0x00, 0xFF, 0xDD,
	0x00, 0x00, 0x00, 0x00, 0x00, 0x00, 0xFF, 0xEC, 0x00, 0x00, 0xFF, 0xF6, 0xFF, 0xE6, 0x00, 0x00,
	0xFF, 0xEC, 0x00, 0x00, 0x00, 0x00, 0x00, 0x00, 0x00, 0x00, 0x00, 0x00, 0xFF, 0xF6, 0xFF, 0xCC,
	0xFF, 0xEE, 0x00, 0x00, 0x00, 0x00, 0xFF, 0xF0, 0xFF, 0xE7, 0x00, 0x0A, 0xFF, 0xF0, 0x00, 0x00,
	0xFF, 0xF5, 0x00, 0x00, 0x00, 0x00, 0xFF, 0xE2, 0x00, 0x00, 0x00, 0x00, 0x00, 0x00, 0xFF, 0xF6,
	0xFF, 0xC4, 0x00, 0x00, 0x00, 0x00, 0x00, 0x00, 0x00, 0x00, 0x00, 0x00, 0x00, 0x30, 0x00, 0x00,
	0xFF, 0xE5, 0x00, 0x00, 0x00, 0x00, 0x00, 0x0A, 0x00, 0x00, 0x00, 0x08, 0x00, 0x00, 0x00, 0x00,
	0x00, 0x00, 0x00, 0x00, 0x00, 0x00, 0x00, 0x12, 0xFF, 0xF1, 0x00, 0x00, 0x00, 0x00, 0x00, 0x00,
	0xFF, 0xF1, 0x00, 0x00, 0x00, 0x00, 0xFF, 0xF4, 0x00, 0x00, 0xFF, 0xE0, 0x00, 0x00, 0x00, 0x00,
	0xFF, 0xEF, 0x00, 0x00, 0xFF, 0xEA, 0x00, 0x00, 0xFF, 0xF8, 0xFF, 0xEF, 0x00, 0x00, 0x00, 0x0A,
	0x00, 0x00, 0x00, 0x00, 0x00, 0x00, 0xFF, 0xF2, 0xFF, 0xEE, 0xFF, 0xE0, 0xFF, 0xE1, 0xFF, 0xEA,
	0x00, 0x00, 0x00, 0x00, 0xFF, 0xEF, 0xFF, 0xF1, 0x00, 0x00, 0x00, 0x00, 0xFF, 0xF5, 0x00, 0x00,
	0x00, 0x00, 0xFF, 0xEC, 0x00, 0x00, 0x00, 0x00, 0xFF, 0xE9, 0xFF, 0xEC, 0xFF, 0xED, 0xFF, 0xEC,
	0xFF, 0xDD, 0x00, 0x00, 0x00, 0x00, 0x00, 0x00, 0x00, 0x00, 0x00, 0x00, 0x00, 0x00, 0x00, 0x00,
	0xFF, 0xE2, 0x00, 0x00, 0xFF, 0xEF, 0xFF, 0xEA, 0x00, 0x00, 0x00, 0x00, 0x00, 0x00, 0xFF, 0xFA,
	0x00, 0x00, 0x00, 0x00, 0x00, 0x00, 0x00, 0x00, 0x00, 0x00, 0x00, 0x00, 0x00, 0x00, 0x00, 0x00,
	0xFF, 0xF6, 0x00, 0x00, 0x00, 0x00, 0x00, 0x00, 0x00, 0x00, 0x00, 0x00, 0x00, 0x00, 0x00, 0x00,
	0xFF, 0xED, 0xFF, 0xF1, 0x00, 0x00, 0xFF, 0xE6, 0x00, 0x00, 0x00, 0x00, 0x00, 0x00, 0x00, 0x00,
	0x00, 0x00, 0x00, 0x00, 0x00, 0x00, 0x00, 0x00, 0x00, 0x00, 0x00, 0x00, 0x00, 0x00, 0x00, 0x00,
	0x00, 0x00, 0x00, 0x00, 0x00, 0x00, 0xFF, 0xDA, 0x00, 0x00, 0x00, 0x00, 0x00, 0x00, 0x00, 0x00,
	0x00, 0x00, 0x00, 0x00, 0x00, 0x00, 0x00, 0x00, 0x00, 0x00, 0x00, 0x00, 0x00, 0x00, 0x00, 0x00,
	0x00, 0x00, 0x00, 0x00, 0x00, 0x00, 0x00, 0x00, 0x00, 0x00, 0x00, 0x00, 0x00, 0x00, 0x00, 0x00,
	0x00, 0x00, 0x00, 0x00, 0x00, 0x00, 0x00, 0x00, 0xFF, 0xE9, 0xFF, 0xF8, 0xFF, 0xDD, 0x00, 0x00,
	0x00, 0x00, 0xFF, 0xEE, 0x00, 0x00, 0xFF, 0xEE, 0xFF, 0xEE, 0xFF, 0xEE, 0xFF, 0xF8, 0xFF, 0xF8,
	0x00, 0x00, 0xFF, 0xF6, 0xFF, 0xF3, 0xFF, 0xF2, 0x00, 0x00, 0xFF, 0xEC, 0xFF, 0xF1, 0x00, 0x00,
	0x00, 0x00, 0xFF, 0xEE, 0x00, 0x00, 0xFF, 0xF8, 0x00, 0x00, 0xFF, 0xF1, 0x00, 0x00, 0xFF, 0xEC,
	0x00, 0x00, 0xFF, 0xF8, 0xFF, 0xDD, 0x00, 0x00, 0xFF, 0xEE, 0xFF, 0xFE, 0x00, 0x00, 0xFF, 0xF1,
	0xFF, 0xEE, 0xFF, 0xED, 0x00, 0x00, 0x00, 0x16, 0x00, 0x00, 0x00, 0x00, 0x00, 0x00, 0xFF, 0xE7,
	0xFF, 0xD8, 0x00, 0x00, 0xFF, 0xED, 0xFF, 0xE9, 0x00, 0x0E, 0xFF, 0xF1, 0x00, 0x00, 0xFF, 0xF5,
	0x00, 0x00, 0xFF, 0xE2, 0xFF, 0xE7, 0x00, 0x00, 0x00, 0x00, 0x00, 0x00, 0xFF, 0xFC, 0x00, 0x02,
	0x00, 0x00, 0xFF, 0xE4, 0xFF, 0xE9, 0xFF, 0xFC, 0xFF, 0xDD, 0xFF, 0xF6, 0x00, 0x00, 0x00, 0x00,
	0xFF, 0xC9, 0x00, 0x00, 0xFF, 0xFE, 0xFF, 0xF2, 0xFF, 0xF6, 0x00, 0x00, 0xFF, 0xF8, 0x00, 0x00,
	0x00, 0x00, 0x00, 0x14, 0x00, 0x00, 0x00, 0x00, 0xFF, 0xF1, 0x00, 0x00, 0x00, 0x00, 0x00, 0x10,
	0x00, 0x00, 0xFF, 0xE1, 0x00, 0x00, 0x00, 0x00, 0x00, 0x00, 0xFF, 0xEC, 0x00, 0x00, 0x00, 0x14,
	0xFF, 0xFC, 0x00, 0x00, 0x00, 0x0A, 0x00, 0x00, 0x00, 0x00, 0x00, 0x00, 0x00, 0x00, 0xFF, 0xF6,
	0xFF, 0xEB, 0xFF, 0xE2, 0xFF, 0xE9, 0x00, 0x00, 0x00, 0x00, 0xFF, 0xF6, 0xFF, 0xEB, 0x00, 0x0A,
	0x00, 0x0A, 0x00, 0x08, 0x00, 0x00, 0x00, 0x00, 0x00, 0x00, 0x00, 0x00, 0x00, 0x00, 0x00, 0x00,
	0xFF, 0xF8, 0x00, 0x00, 0xFF, 0xF3, 0xFF, 0xFE, 0xFF, 0xEB, 0x00, 0x00, 0xFF, 0xF8, 0xFF, 0xF1,
	0x00, 0x0A, 0x00, 0x00, 0xFF, 0xE1, 0x00, 0x00, 0x00, 0x00, 0x00, 0x00, 0x00, 0x00, 0xFF, 0xF6,
	0x00, 0x00, 0x00, 0x00, 0x00, 0x00, 0x00, 0x00, 0xFF, 0xF8, 0xFF, 0xEB, 0x00, 0x00, 0x00, 0x00,
	0x00, 0x00, 0x00, 0x00, 0xFF, 0xDC, 0x00, 0x00, 0xFF, 0xEC, 0x00, 0x00, 0xFF, 0xF7, 0x00, 0x00,
	0x00, 0x00, 0xFF, 0xEF, 0x00, 0x00, 0x00, 0x00, 0x00, 0x00, 0x00, 0x00, 0x00, 0x00, 0x00, 0x00,
	0x00, 0x00, 0x00, 0x00, 0xFF, 0xF6, 0xFF, 0xF6, 0x00, 0x00, 0x00, 0x00, 0x00, 0x00, 0x00, 0x00,
	0x00, 0x00, 0x00, 0x00, 0xFF, 0xF1, 0x00, 0x00, 0xFF, 0xF3, 0x00, 0x00, 0x00, 0x00, 0x00, 0x00,
	0x00, 0x00, 0x00, 0x00, 0x00, 0x00, 0x00, 0x00, 0x00, 0x00, 0xFF, 0xE0, 0x00, 0x00, 0xFF, 0xF4,
	0x00, 0x00, 0x00, 0x00, 0x00, 0x00, 0x00, 0x00, 0x00, 0x00, 0x00, 0x00, 0x00, 0x00, 0x00, 0x00,
	0x00, 0x1C, 0xFF, 0xE2, 0x00, 0x00, 0x00, 0x00, 0xFF, 0xEA, 0x00, 0x00, 0xFF, 0xF8, 0x00, 0x07,
	0x00, 0x00, 0x00, 0x00, 0x00, 0x00, 0x00, 0x00, 0x00, 0x02, 0xFF, 0xF6, 0xFF, 0xF6, 0x00, 0x00,
	0xFF, 0xF6, 0x00, 0x00, 0x00, 0x30, 0x00, 0x00, 0x00, 0x00, 0xFF, 0xD8, 0x00, 0x00, 0x00, 0x08,
	0x00, 0x1C, 0x00, 0x18, 0x00, 0x00, 0x00, 0x00, 0x00, 0x00, 0x00, 0x00, 0xFF, 0xE2, 0xFF, 0xEC,
	0x00, 0x30, 0x00, 0x00, 0x00, 0x00, 0x00, 0x11, 0x00, 0x00, 0x00, 0x00, 0x00, 0x00, 0x00, 0x00,
	0x00, 0x08, 0x00, 0x00, 0xFF, 0xF4, 0xFF, 0xE5, 0x00, 0x00, 0x00, 0x00, 0x00, 0x0B, 0x00, 0x0A,
	0x00, 0x07, 0x00, 0x0F, 0x00, 0x16, 0x00, 0x00, 0x00, 0x00, 0x00, 0x00, 0x00, 0x23, 0x00, 0x05,
	0xFF, 0xD8, 0x00, 0x00, 0x00, 0x0C, 0x00, 0x0F, 0xFF, 0xFC, 0x00, 0x00, 0x00, 0x00, 0x00, 0x07,
	0x00, 0x08, 0xFF, 0xF6, 0x00, 0x00, 0xFF, 0xF6, 0x00, 0x00, 0x00, 0x00, 0x00, 0x00, 0x00, 0x00,
	0x00, 0x00, 0x00, 0x00, 0x00, 0x00, 0x00, 0x00, 0x00, 0x00, 0x00, 0x00, 0x00, 0x00, 0x00, 0x00,
	0x00, 0x00, 0x00, 0x00, 0x00, 0x00, 0x00, 0x00, 0x00, 0x00, 0x00, 0x00, 0xFF, 0xF6, 0x00, 0x00,
	0x00, 0x00, 0x00, 0x00, 0x00, 0x00, 0x00, 0x00, 0x00, 0x00, 0x00, 0x00, 0x00, 0x00, 0x00, 0x00,
	0x00, 0x00, 0x00, 0x00, 0x00, 0x00, 0x00, 0x00, 0x00, 0x00, 0x00, 0x00, 0x00, 0x00, 0x00, 0x00,
	0x00, 0x00, 0x00, 0x00, 0xFF, 0xF6, 0x00, 0x00, 0x00, 0x00, 0x00, 0x00, 0x00, 0x00, 0x00, 0x00,
	0x00, 0x00, 0x00, 0x00, 0x00, 0x00, 0x00, 0x00, 0x00, 0x00, 0x00, 0x00, 0x00, 0x00, 0x00, 0x00,
	0x00, 0x00, 0x00, 0x00, 0x00, 0x00, 0x00, 0x00, 0x00, 0x00, 0x00, 0x00, 0x00, 0x00, 0x00, 0x00,
	0x00, 0x00, 0x00, 0x00, 0x00, 0x00, 0x00, 0x00, 0x00, 0x00, 0x00, 0x00, 0x00, 0x00, 0xFF, 0xC4,
	0x00, 0x00, 0x00, 0x00, 0xFF, 0xF9, 0x00, 0x00, 0x00, 0x00, 0x00, 0x00, 0x00, 0x00, 0x00, 0x00,
	0x00, 0x00, 0x00, 0x00, 0x00, 0x00, 0x00, 0x00, 0x00, 0x00, 0x00, 0x00, 0x00, 0x00, 0x00, 0x00,
	0x00, 0x00, 0x00, 0x00, 0x00, 0x00, 0xFF, 0xFC, 0x00, 0x00, 0x00, 0x00, 0x00, 0x00, 0x00, 0x00,
	0x00, 0x00, 0x00, 0x00, 0x00, 0x00, 0x00, 0x00, 0xFF, 0xF2, 0x00, 0x00, 0x00, 0x00, 0x00, 0x00,
	0x00, 0x00, 0x00, 0x00, 0x00, 0x00, 0x00, 0x00, 0x00, 0x00, 0x00, 0x00, 0x00, 0x00, 0xFF, 0xFB,
	0xFF, 0xFB, 0xFF, 0xF8, 0x00, 0x00, 0xFF, 0xE8, 0x00, 0x00, 0x00, 0x00, 0x00, 0x00, 0xFF, 0xEE,
	0x00, 0x00, 0x00, 0x00, 0x00, 0x00, 0xFF, 0xE4, 0x00, 0x00, 0xFF, 0xF6, 0xFF, 0xED, 0x00, 0x00,
	0xFF, 0xF6, 0x00, 0x00, 0x00, 0x00, 0x00, 0x00, 0x00, 0x00, 0x00, 0x00, 0x00, 0x00, 0xFF, 0xF1,
	0x00, 0x00, 0x00, 0x00, 0x00, 0x00, 0x00, 0x00, 0x00, 0x00, 0x00, 0x00, 0x00, 0x00, 0x00, 0x00,
	0x00, 0x00, 0x00, 0x00, 0x00, 0x00, 0x00, 0x00, 0x00, 0x00, 0x00, 0x00, 0x00, 0x00, 0xFF, 0xDE,
	0x00, 0x00, 0xFF, 0xE8, 0x00, 0x00, 0xFF, 0xE8, 0x00, 0x00, 0x00, 0x00, 0xFF, 0xE8, 0x00, 0x00,
	0x00, 0x00, 0x00, 0x00, 0x00, 0x00, 0x00, 0x00, 0x00, 0x00, 0x00, 0x00, 0x00, 0x00, 0x00, 0x00,
	0x00, 0x00, 0x00, 0x00, 0xFF, 0xE3, 0xFF, 0xE9, 0x00, 0x00, 0x00, 0x00, 0x00, 0x00, 0x00, 0x00,
	0x00, 0x00, 0x00, 0x00, 0x00, 0x00, 0x00, 0x00, 0x00, 0x00, 0x00, 0x00, 0xFF, 0xF1, 0x00, 0x04,
	0xFF, 0xE2, 0x00, 0x00, 0xFF, 0xF1, 0x00, 0x00, 0x00, 0x00, 0x00, 0x00, 0x00, 0x00, 0x00, 0x04,
	0xFF, 0xEC, 0x00, 0x00, 0xFF, 0xEC, 0x00, 0x00, 0x00, 0x00, 0x00, 0x00, 0x00, 0x00, 0xFF, 0xD8,
	0x00, 0x00, 0x00, 0x04, 0x00, 0x00, 0xFF, 0xD1, 0x00, 0x00, 0x00, 0x00, 0x00, 0x00, 0x00, 0x00,
	0x00, 0x00, 0x00, 0x00, 0x00, 0x00, 0x00, 0x00, 0x00, 0x00, 0x00, 0x00, 0x00, 0x00, 0x00, 0x00,
	0x00, 0x00, 0x00, 0x00, 0xFF, 0xEC, 0x00, 0x00, 0x00, 0x00, 0x00, 0x00, 0x00, 0x00, 0x00, 0x00,
	0x00, 0x00, 0x00, 0x00, 0x00, 0x00, 0x00, 0x00, 0x00, 0x00, 0x00, 0x00, 0x00, 0x00, 0x00, 0x00,
	0x00, 0x00, 0x00, 0x00, 0x00, 0x00, 0x00, 0x00, 0x00, 0x00, 0x00, 0x00, 0x00, 0x00, 0x00, 0x00,
	0x00, 0x00, 0x00, 0x00, 0x00, 0x00, 0x00, 0x00, 0x00, 0x00, 0x00, 0x00, 0x00, 0x00, 0x00, 0x00,
	0xFF, 0xD0, 0x00, 0x00, 0x00, 0x00, 0x00, 0x00, 0x00, 0x00, 0x00, 0x00, 0x00, 0x00, 0x00, 0x00,
	0x00, 0x00, 0x00, 0x00, 0x00, 0x00, 0x00, 0x00, 0x00, 0x00, 0x00, 0x00, 0x00, 0x00, 0x00, 0x00,
	0xFF, 0xF7, 0x00, 0x00, 0x00, 0x00, 0xFF, 0xF8, 0x00, 0x00, 0x00, 0x00, 0xFF, 0xFB, 0x00, 0x00,
	0x00, 0x00, 0x00, 0x00, 0x00, 0x00, 0x00, 0x00, 0xFF, 0xF4, 0x00, 0x00, 0x00, 0x00, 0x00, 0x00,
	0xFF, 0xF8, 0x00, 0x00, 0xFF, 0xA1, 0x00, 0x00, 0xFF, 0xF9, 0x00, 0x00, 0x00, 0x00, 0xFF, 0xF6,
	0x00, 0x00, 0x00, 0x00, 0x00, 0x00, 0x00, 0x00, 0x00, 0x06, 0x00, 0x00, 0x00, 0x00, 0x00, 0x00,
	0xFF, 0xF8, 0x00, 0x00, 0x00, 0x00, 0xFF, 0xF1, 0xFF, 0xEE, 0x00, 0x00, 0xFF, 0xFC, 0x00, 0x00,
	0x00, 0x00, 0x00, 0x00, 0x00, 0x00, 0xFF, 0xEE, 0x00, 0x00, 0x00, 0x00, 0x00, 0x00, 0xFF, 0xF7,
	0x00, 0x14, 0xFF, 0xF6, 0x00, 0x00, 0x00, 0x00, 0x00, 0x00, 0x00, 0x00, 0x00, 0x00, 0x00, 0x00,
	0x00, 0x00, 0x00, 0x00, 0x00, 0x06, 0x00, 0x11, 0x00, 0x00, 0x00, 0x00, 0xFF, 0xF8, 0x00, 0x00,
	0xFF, 0xFB, 0xFF, 0xD0, 0xFF, 0xF5, 0x00, 0x00, 0xFF, 0xE1, 0x00, 0x14, 0x00, 0x00, 0xFF, 0xFB,
	0x00, 0x00, 0x00, 0x00, 0x00, 0x00, 0x00, 0x14, 0x00, 0x00, 0x00, 0x0C, 0x00, 0x00, 0x00, 0x00,
	0xFF, 0xF8, 0x00, 0x00, 0x00, 0x00, 0x00, 0x16, 0x00, 0x00, 0xFF, 0xEC, 0x00, 0x00, 0x00, 0x00,
	0x00, 0x00, 0xFF, 0xE7, 0x00, 0x00, 0x00, 0x0C, 0xFF, 0xEA, 0xFF, 0xF8, 0x00, 0x10, 0x00, 0x00,
	0x00, 0x00, 0x00, 0x00, 0x00, 0x00, 0x00, 0x00, 0x00, 0x00, 0xFF, 0xE9, 0xFF, 0xF8, 0x00, 0x00,
	0x00, 0x00, 0xFF, 0xF8, 0x00, 0x00, 0xFF, 0xE8, 0x00, 0x05, 0x00, 0x00, 0x00, 0x00, 0xFF, 0xEB,
	0x00, 0x00, 0xFF, 0xEE, 0x00, 0x00, 0x00, 0x00, 0xFF, 0xF5, 0xFF, 0xF1, 0x00, 0x0A, 0xFF, 0xEE,
	0xFF, 0xEE, 0x00, 0x00, 0xFF, 0xF8, 0x00, 0x00, 0x00, 0x00, 0x00, 0x00, 0xFF, 0xF6, 0x00, 0x00,
	0x00, 0x00, 0x00, 0x00, 0x00, 0x00, 0x00, 0x00, 0x00, 0x00, 0x00, 0x00, 0x00, 0x00, 0x00, 0x00,
	0x00, 0x00, 0x00, 0x00, 0x00, 0x00, 0x00, 0x00, 0x00, 0x00, 0x00, 0x00, 0x00, 0x00, 0x00, 0x00,
	0x00, 0x00, 0x00, 0x00, 0x00, 0x00, 0x00, 0x00, 0x00, 0x00, 0x00, 0x00, 0x00, 0x00, 0x00, 0x00,
	0x00, 0x00, 0x00, 0x00, 0x00, 0x00, 0x00, 0x00, 0x00, 0x00, 0x00, 0x00, 0x00, 0x00, 0x00, 0x00,
	0x00, 0x00, 0x00, 0x00, 0x00, 0x00, 0x00, 0x00, 0x00, 0x00, 0x00, 0x00, 0x00, 0x00, 0x00, 0x00,
	0x00, 0x00, 0x00, 0x00, 0x00, 0x00, 0x00, 0x00, 0x00, 0x00, 0x00, 0x00, 0x00, 0x00, 0x00, 0x00,
	0x00, 0x00, 0x00, 0x00, 0x00, 0x00, 0x00, 0x00, 0x00, 0x00, 0x00, 0x00, 0x00, 0x00, 0x00, 0x00,
	0x00, 0x00, 0x00, 0x00, 0x00, 0x00, 0x00, 0x00, 0xFF, 0xF8, 0x00, 0x00, 0x00, 0x00, 0x00, 0x00,
	0x00, 0x00, 0x00, 0x00, 0xFF, 0xCB, 0x00, 0x00, 0x00, 0x00, 0x00, 0x00, 0x00, 0x00, 0x00, 0x00,
	0x00, 0x00, 0x00, 0x00, 0x00, 0x00, 0x00, 0x00, 0x00, 0x00, 0x00, 0x00, 0xFF, 0xF8, 0x00, 0x00,
	0x00, 0x00, 0x00, 0x00, 0x00, 0x00, 0xFF, 0xF8, 0xFF, 0xF8, 0xFF, 0xF5, 0x00, 0x00, 0x00, 0x00,
	0x00, 0x00, 0x00, 0x00, 0x00, 0x00, 0x00, 0x00, 0xFF, 0xF8, 0x00, 0x00, 0x00, 0x00, 0xFF, 0xEC,
	0x00, 0x00, 0x00, 0x00, 0x00, 0x00, 0x00, 0x00, 0x00, 0x00, 0x00, 0x00, 0x00, 0x00, 0x00, 0x00,
	0x00, 0x00, 0x00, 0x00, 0x00, 0x00, 0x00, 0x00, 0x00, 0x00, 0x00, 0x00, 0xFF, 0xF6, 0x00, 0x00,
	0x00, 0x00, 0x00, 0x00, 0xFF, 0xE7, 0xFF, 0xF8, 0x00, 0x00, 0x00, 0x00, 0xFF, 0xF8, 0x00, 0x00,
	0x00, 0x00, 0x00, 0x00, 0x00, 0x00, 0x00, 0x00, 0x00, 0x00, 0x00, 0x00, 0x00, 0x00, 0x00, 0x00,
	0x00, 0x00, 0xFF, 0xF1, 0xFF, 0xF3, 0x00, 0x00, 0xFF, 0xE6, 0xFF, 0xF8, 0xFF, 0xF8, 0x00, 0x00,
	0xFF, 0xE9, 0x00, 0x00, 0x00, 0x00, 0xFF, 0xDA, 0xFF, 0xD7, 0x00, 0x00, 0xFF, 0xF1, 0x00, 0x00,
	0x00, 0x00, 0x00, 0x00, 0x00, 0x0F, 0x00, 0x00, 0xFF, 0xD3, 0x00, 0x00, 0xFF, 0xF5, 0xFF, 0xD5,
	0x00, 0x00, 0xFF, 0xE4, 0x00, 0x00, 0x00, 0x00, 0x00, 0x00, 0xFF, 0xFE, 0x00, 0x0F, 0x00, 0x00,
	0xFF, 0xE6, 0x00, 0x00, 0x00, 0x00, 0xFF, 0xED, 0x00, 0x00, 0xFF, 0xD7, 0xFF, 0xF8, 0x00, 0x00,
	0xFF, 0xFA, 0x00, 0x00, 0xFF, 0xE9, 0x00, 0x00, 0x00, 0x00, 0xFF, 0xDC, 0x00, 0x00, 0xFF, 0xF1,
	0xFF, 0xD7, 0xFF, 0xF3, 0xFF, 0xF6, 0x00, 0x00, 0x00, 0x00, 0xFF, 0xED, 0x00, 0x00, 0x00, 0x00,
	0x00, 0x00, 0x00, 0x00, 0x00, 0x00, 0x00, 0x00, 0x00, 0x00, 0x00, 0x20, 0xFF, 0xD8, 0x00, 0x00,
	0x00, 0x00, 0x00, 0x00, 0xFF, 0xF1, 0xFF, 0xEC, 0xFF, 0xF1, 0x00, 0x00, 0xFF, 0xDC, 0x00, 0x1E,
	0xFF, 0xED, 0x00, 0x00, 0x00, 0x00, 0x00, 0x00, 0x00, 0x00, 0x00, 0x00, 0xFF, 0xF8, 0x00, 0x1E,
	0x00, 0x00, 0x00, 0x00, 0xFF, 0xDA, 0x00, 0x00, 0x00, 0x00, 0x00, 0x20, 0x00, 0x00, 0xFF, 0xF1,
	0xFF, 0xD3, 0x00, 0x00, 0x00, 0x00, 0xFF, 0xDD, 0x00, 0x00, 0x00, 0x1E, 0xFF, 0xE4, 0xFF, 0xED,
	0x00, 0x1D, 0x00, 0x00, 0x00, 0x00, 0x00, 0x00, 0x00, 0x00, 0x00, 0x00, 0x00, 0x05, 0xFF, 0xE2,
	0xFF, 0xD8, 0x00, 0x00, 0x00, 0x00, 0x00, 0x05, 0x00, 0x15, 0xFF, 0xF7, 0x00, 0x0F, 0x00, 0x1E,
	0xFF, 0xF1, 0xFF, 0xF5, 0x00, 0x00, 0x00, 0x01, 0x00, 0x00, 0x00, 0x00, 0x00, 0x0A, 0x00, 0x15,
	0x00, 0x1E, 0xFF, 0xF8, 0xFF, 0xFC, 0x00, 0x00, 0x00, 0x00, 0x00, 0x0A, 0xFF, 0xF4, 0x00, 0x00,
	0xFF, 0xF5, 0x00, 0x00, 0x00, 0x00, 0x00, 0x00, 0x00, 0x00, 0x00, 0x00, 0x00, 0x00, 0x00, 0x00,
	0x00, 0x00, 0x00, 0x00, 0x00, 0x00, 0x00, 0x00, 0x00, 0x00, 0x00, 0x00, 0x00, 0x00, 0x00, 0x00,
	0x00, 0x00, 0x00, 0x00, 0x00, 0x00, 0xFF, 0xF6, 0xFF, 0xF4, 0xFF, 0xF6, 0x00, 0x00, 0x00, 0x12,
	0xFF, 0xF2, 0x00, 0x00, 0x00, 0x00, 0x00, 0x00, 0x00, 0x00, 0xFF, 0xF6, 0x00, 0x00, 0x00, 0x00,
	0x00, 0x00, 0x00, 0x00, 0x00, 0x00, 0x00, 0x00, 0x00, 0x00, 0xFF, 0xF7, 0xFF, 0xF1, 0xFF, 0xF6,
	0x00, 0x00, 0x00, 0x00, 0xFF, 0xEC, 0x00, 0x00, 0x00, 0x00, 0x00, 0x00, 0x00, 0x00, 0x00, 0x00,
	0x00, 0x00, 0xFF, 0xED, 0x00, 0x00, 0x00, 0x14, 0xFF, 0xF5, 0x00, 0x00, 0xFF, 0xFC, 0x00, 0x00,
	0xFF, 0xE2, 0x00, 0x00, 0x00, 0x00, 0x00, 0x00, 0xFF, 0xE2, 0xFF, 0xFB, 0xFF, 0xE7, 0x00, 0x00,
	0xFF, 0xE7, 0x00, 0x00, 0xFF, 0xF6, 0xFF, 0xE1, 0xFF, 0xF6, 0x00, 0x00, 0x00, 0x00, 0xFF, 0xEC,
	0x00, 0x00, 0x00, 0x00, 0x00, 0x00, 0x00, 0x00, 0x00, 0x00, 0x00, 0x00, 0x00, 0x00, 0x00, 0x00,
	0xFF, 0xEC, 0x00, 0x00, 0x00, 0x00, 0xFF, 0xF6, 0x00, 0x00, 0x00, 0x00, 0xFF, 0xF6, 0x00, 0x00,
	0xFF, 0xF1, 0x00, 0x00, 0x00, 0x00, 0x00, 0x00, 0x00, 0x00, 0x00, 0x00, 0xFF, 0xEC, 0x00, 0x00,
	0x00, 0x00, 0xFF, 0xF1, 0x00, 0x00, 0x00, 0x00, 0x00, 0x00, 0x00, 0x00, 0x00, 0x00, 0x00, 0x00,
	0x00, 0x0A, 0x00, 0x05, 0x00, 0x00, 0x00, 0x00, 0xFF, 0xF6, 0x00, 0x00, 0xFF, 0xF6, 0xFF, 0xF6,
	0x00, 0x00, 0x00, 0x00, 0x00, 0x00, 0x00, 0x00, 0xFF, 0xEC, 0x00, 0x00, 0x00, 0x00, 0x00, 0x00,
	0xFF, 0xF6, 0xFF, 0xED, 0xFF, 0xF8, 0xFF, 0xE7, 0x00, 0x00, 0x00, 0x00, 0xFF, 0xF6, 0xFF, 0xEC,
	0x00, 0x00, 0x00, 0x00, 0x00, 0x00, 0x00, 0x00, 0x00, 0x00, 0x00, 0x00, 0x00, 0x00, 0x00, 0x00,
	0x00, 0x00, 0x00, 0x00, 0x00, 0x00, 0x00, 0x00, 0x00, 0x00, 0x00, 0x00, 0x00, 0x00, 0x00, 0x00,
	0x00, 0x00, 0x00, 0x00, 0x00, 0x00, 0x00, 0x00, 0x00, 0x00, 0x00, 0x00, 0xFF, 0xEC, 0x00, 0x00,
	0x00, 0x00, 0x00, 0x00, 0x00, 0x00, 0x00, 0x00, 0x00, 0x00, 0x00, 0x00, 0x00, 0x00, 0x00, 0x00,
	0x00, 0x00, 0x00, 0x00, 0x00, 0x00, 0x00, 0x00, 0x00, 0x00, 0x00, 0x00, 0x00, 0x00, 0x00, 0x00,
	0x00, 0x00, 0x00, 0x00, 0x00, 0x00, 0x00, 0x00, 0x00, 0x00, 0x00, 0x00, 0x00, 0x00, 0x00, 0x00,
	0x00, 0x00, 0x00, 0x00, 0x00, 0x00, 0x00, 0x00, 0x00, 0x00, 0x00, 0x00, 0x00, 0x00, 0x00, 0x00,
	0x00, 0x00, 0x00, 0x00, 0x00, 0x00, 0x00, 0x00, 0x00, 0x00, 0x00, 0x00, 0x00, 0x00, 0xFF, 0xF5,
	0x00, 0x00, 0x00, 0x00, 0x00, 0x00, 0x00, 0x00, 0x00, 0x00, 0xFF, 0xF6, 0x00, 0x00, 0x00, 0x00,
	0x00, 0x00, 0x00, 0x00, 0x00, 0x00, 0x00, 0x00, 0x00, 0x00, 0x00, 0x00, 0x00, 0x00, 0x00, 0x00,
	0x00, 0x00, 0x00, 0x00, 0x00, 0x00, 0x00, 0x00, 0x00, 0x00, 0x00, 0x00, 0x00, 0x00, 0x00, 0x00,
	0x00, 0x00, 0x00, 0x00, 0x00, 0x00, 0x00, 0x00, 0x00, 0x00, 0x00, 0x00, 0x00, 0x00, 0x00, 0x00,
	0x00, 0x00, 0x00, 0x00, 0x00, 0x00, 0x00, 0x00, 0x00, 0x00, 0x00, 0x00, 0x00, 0x00, 0x00, 0x00,
	0x00, 0x00, 0x00, 0x00, 0x00, 0x00, 0x00, 0x00, 0x00, 0x00, 0x00, 0x00, 0x00, 0x00, 0xFF, 0xFE,
	0x00, 0x00, 0x00, 0x00, 0x00, 0x00, 0x00, 0x00, 0x00, 0x00, 0xFF, 0xFB, 0x00, 0x00, 0x00, 0x00,
	0x00, 0x00, 0x00, 0x00, 0x00, 0x00, 0x00, 0x00, 0x00, 0x00, 0x00, 0x00, 0x00, 0x00, 0x00, 0x00,
	0x00, 0x00, 0x00, 0x00, 0x00, 0x00, 0x00, 0x00, 0x00, 0x00, 0xFF, 0xF8, 0x00, 0x0A, 0xFF, 0xF2,
	0x00, 0x00, 0x00, 0x00, 0xFF, 0xF8, 0xFF, 0xF3, 0xFF, 0xF1, 0xFF, 0xF8, 0x00, 0x00, 0x00, 0x00,
	0x00, 0x05, 0x00, 0x00, 0x00, 0x1E, 0xFF, 0xF8, 0x00, 0x00, 0xFF, 0xD9, 0xFF, 0xD8, 0xFF, 0xB3,
	0x00, 0x00, 0xFF, 0xF3, 0xFF, 0xF6, 0x00, 0x00, 0xFF, 0xCB, 0x00, 0x00, 0xFF, 0xE4, 0xFF, 0xE3,
	0x00, 0x00, 0xFF, 0xFB, 0x00, 0x0A, 0xFF, 0xF2, 0x00, 0x00, 0x00, 0x00, 0xFF, 0xF8, 0xFF, 0xBC,
	0xFF, 0xB6, 0xFF, 0xF8, 0x00, 0x00, 0x00, 0x00, 0xFF, 0xC8, 0x00, 0x00, 0x00, 0x00, 0x00, 0x00,
	0x00, 0x00, 0xFF, 0xE7, 0x00, 0x00, 0x00, 0x00, 0xFF, 0xF8, 0x00, 0x1E, 0x00, 0x00, 0x00, 0x28,
	0xFF, 0xD8, 0x00, 0x03, 0x00, 0x18, 0xFF, 0xE2, 0x00, 0x00, 0x00, 0x00, 0x00, 0x00, 0x00, 0x14,
	0xFF, 0xD6, 0x00, 0x19, 0x00, 0x16, 0xFF, 0xE7, 0x00, 0x0C, 0xFF, 0xA6, 0xFF, 0xBA, 0x00, 0x00,
	0x00, 0x00, 0xFF, 0xC3, 0x00, 0x00, 0xFF, 0xF8, 0xFF, 0xF8, 0x00, 0x00, 0x00, 0x08, 0xFF, 0xF8,
	0x00, 0x00, 0x00, 0x00, 0xFF, 0xBA, 0x00, 0x00, 0xFF, 0x50, 0x00, 0x00, 0x00, 0x00, 0x00, 0x00,
	0xFF, 0xD2, 0x00, 0x00, 0x00, 0x00, 0x00, 0x00, 0x00, 0x00, 0xFF, 0xA6, 0x00, 0x00, 0x00, 0x00,
	0xFF, 0xBA, 0x00, 0x00, 0x00, 0x00, 0xFF, 0xBF, 0x00, 0x00, 0x00, 0x00, 0x00, 0x00, 0x00, 0x00,
	0x00, 0x00, 0x00, 0x00, 0xFF, 0xDA, 0xFF, 0xFC, 0x00, 0x00, 0x00, 0x00, 0xFF, 0xF6, 0xFF, 0xE9,
	0xFF, 0xDA, 0xFF, 0xD5, 0xFF, 0xB5, 0x00, 0x00, 0x00, 0x00, 0x00, 0x00, 0xFF, 0xA1, 0x00, 0x00,
	0x00, 0x00, 0x00, 0x00, 0xFF, 0xCE, 0xFF, 0xB7, 0x00, 0x00, 0x00, 0x00, 0x00, 0x00, 0x00, 0x00,
	0x00, 0x0A, 0x00, 0x3F, 0x00, 0x00, 0xFF, 0xF8, 0x00, 0x00, 0x00, 0x00, 0xFF, 0xC9, 0xFF, 0xF8,
	0xFF, 0xF6, 0x00, 0x00, 0xFF, 0xF2, 0xFF, 0xF2, 0xFF, 0xF2, 0xFF, 0xF5, 0xFF, 0xE1, 0xFF, 0xDD,
	0xFF, 0xE3, 0xFF, 0xE8, 0xFF, 0xF2, 0xFF, 0xC8, 0xFF, 0xFE, 0xFF, 0xE6, 0xFF, 0xDE, 0x00, 0x07,
	0x00, 0x0A, 0x00, 0x00, 0xFF, 0xE0, 0xFF, 0xE2, 0xFF, 0xF8, 0xFF, 0xFB, 0xFF, 0xEF, 0x00, 0x00,
	0x00, 0x00, 0xFF, 0xD9, 0x00, 0x00, 0xFF, 0xF5, 0xFF, 0xF6, 0x00, 0x00, 0xFF, 0xF6, 0xFF, 0xF5,
	0x00, 0x0A, 0xFF, 0xFB, 0xFF, 0xDE, 0xFF, 0xE9, 0x00, 0x00, 0x00, 0x00, 0x00, 0x00, 0x00, 0x00,
	0x00, 0x00, 0xFF, 0xBC, 0xFF, 0xF1, 0x00, 0x00, 0xFF, 0xE1, 0xFF, 0xC9, 0xFF, 0xE1, 0xFF, 0xE9,
	0xFF, 0xFA, 0xFF, 0xFF, 0xFF, 0xF6, 0xFF, 0xF6, 0xFF, 0xF0, 0x00, 0x00, 0xFF, 0xE6, 0x00, 0x05,
	0xFF, 0xF6, 0x00, 0x1C, 0xFF, 0xEC, 0xFF, 0xF1, 0xFF, 0xEC, 0xFF, 0xFC, 0xFF, 0xE2, 0x00, 0x1E,
	0x00, 0x14, 0x00, 0x05, 0xFF, 0x94, 0x00, 0x00, 0xFF, 0xF5, 0xFF, 0xF6, 0xFF, 0xEC, 0xFF, 0xF4,
	0xFF, 0xF1, 0x00, 0x00, 0xFF, 0xF2, 0x00, 0x1E, 0x00, 0x00, 0x00, 0x00, 0xFF, 0xC4, 0x00, 0x00,
	0x00, 0x00, 0x00, 0x1C, 0x00, 0x00, 0xFF, 0xDE, 0xFF, 0xDB, 0x00, 0x00, 0x00, 0x00, 0xFF, 0xDD,
	0x00, 0x00, 0x00, 0x1E, 0xFF, 0xEC, 0x00, 0x00, 0x00, 0x28, 0x00, 0x00, 0x00, 0x14, 0x00, 0x00,
	0x00, 0x00, 0xFF, 0xFA, 0xFF, 0xEE, 0xFF, 0xA8, 0xFF, 0xA6, 0x00, 0x00, 0xFF, 0xDA, 0x00, 0x00,
	0xFF, 0xF2, 0x00, 0x28, 0x00, 0x0F, 0x00, 0x1E, 0xFF, 0xED, 0x00, 0x00, 0x00, 0x00, 0x00, 0x07,
	0x00, 0x00, 0x00, 0x00, 0x00, 0x00, 0x00, 0x14, 0xFF, 0xF0, 0x00, 0x0A, 0xFF, 0xF6, 0x00, 0x1C,
	0x00, 0x0F, 0xFF, 0xEB, 0x00, 0x00, 0x00, 0x00, 0xFF, 0xE2, 0x00, 0x00, 0x00, 0x00, 0xFF, 0xC9,
	0xFF, 0xF2, 0xFF, 0xF6, 0x00, 0x00, 0xFF, 0xF6, 0xFF, 0xED, 0xFF, 0xF4, 0xFF, 0xF6, 0xFF, 0xDC,
	0xFF, 0xD8, 0xFF, 0xE2, 0xFF, 0xD9, 0xFF, 0xF6, 0xFF, 0xCA, 0xFF, 0xF6, 0xFF, 0xE0, 0xFF, 0xDE,
	0x00, 0x05, 0x00, 0x0A, 0x00, 0x00, 0xFF, 0xE0, 0xFF, 0xF4, 0xFF, 0xF8, 0x00, 0x12, 0xFF, 0xF6,
	0x00, 0x00, 0x00, 0x00, 0xFF, 0xE0, 0x00, 0x00, 0xFF, 0xF6, 0xFF, 0xF6, 0x00, 0x00, 0xFF, 0xEC,
	0xFF, 0xF5, 0x00, 0x06, 0x00, 0x14, 0xFF, 0xEB, 0xFF, 0xE7, 0x00, 0x00, 0x00, 0x02, 0x00, 0x00,
	0x00, 0x00, 0x00, 0x00, 0xFF, 0xDD, 0xFF, 0xF1, 0x00, 0x00, 0xFF, 0xF1, 0xFF, 0xC9, 0xFF, 0xE1,
	0xFF, 0xE9, 0xFF, 0xF6, 0xFF, 0xFF, 0xFF, 0xF6, 0xFF, 0xF8, 0xFF, 0xDC, 0x00, 0x00, 0xFF, 0xF3,
	0x00, 0x0F, 0xFF, 0xF6, 0x00, 0x23, 0xFF, 0xEC, 0xFF, 0xEE, 0xFF, 0xF1, 0xFF, 0xFC, 0xFF, 0xE2,
	0x00, 0x14, 0x00, 0x10, 0x00, 0x05, 0xFF, 0xB6, 0xFF, 0xF6, 0xFF, 0xF5, 0xFF, 0xFB, 0xFF, 0xEC,
	0xFF, 0xF4, 0xFF, 0xEE, 0x00, 0x00, 0xFF, 0xF6, 0x00, 0x28, 0x00, 0x00, 0x00, 0x00, 0xFF, 0xCB,
	0x00, 0x00, 0x00, 0x00, 0x00, 0x26, 0x00, 0x00, 0xFF, 0xE7, 0xFF, 0xEC, 0x00, 0x00, 0x00, 0x00,
	0xFF, 0xE2, 0x00, 0x00, 0x00, 0x28, 0xFF, 0xEC, 0x00, 0x00, 0x00, 0x1E, 0xFF, 0xD6, 0x00, 0x14,
	0x00, 0x00, 0x00, 0x00, 0x00, 0x08, 0xFF, 0xEE, 0xFF, 0xB0, 0xFF, 0xAA, 0x00, 0x00, 0xFF, 0xD3,
	0x00, 0x00, 0xFF, 0xEE, 0x00, 0x28, 0x00, 0x16, 0x00, 0x2D, 0xFF, 0xF1, 0x00, 0x00, 0x00, 0x00,
	0x00, 0x1E, 0x00, 0x00, 0x00, 0x00, 0x00, 0x00, 0x00, 0x1E, 0xFF, 0xF0, 0x00, 0x0A, 0xFF, 0xF5,
	0x00, 0x1C, 0x00, 0x14, 0xFF, 0xF1, 0xFF, 0xF8, 0x00, 0x00, 0xFF, 0xDD, 0x00, 0x00, 0xFF, 0xF1,
	0xFF, 0xC4, 0xFF, 0xEC, 0xFF, 0xE2, 0xFF, 0xF5, 0xFF, 0xD9, 0xFF, 0xDD, 0xFF, 0xF6, 0xFF, 0xEB,
	0xFF, 0xC3, 0xFF, 0xD1, 0xFF, 0xBF, 0xFF, 0xD4, 0xFF, 0xE6, 0xFF, 0xBD, 0xFF, 0xF5, 0xFF, 0xB8,
	0xFF, 0xD7, 0xFF, 0xF6, 0xFF, 0xFB, 0x00, 0x00, 0xFF, 0xE1, 0xFF, 0xE2, 0xFF, 0xEC, 0xFF, 0xF1,
	0xFF, 0xE2, 0x00, 0x00, 0xFF, 0xF8, 0xFF, 0xBD, 0xFF, 0xEC, 0xFF, 0xEC, 0xFF, 0xE2, 0x00, 0x00,
	0xFF, 0xE0, 0xFF, 0xF1, 0x00, 0x14, 0x00, 0x25, 0xFF, 0xCE, 0xFF, 0xD1, 0x00, 0x00, 0xFF, 0xF6,
	0x00, 0x00, 0x00, 0x00, 0x00, 0x00, 0xFF, 0xC7, 0xFF, 0xD8, 0xFF, 0xF1, 0xFF, 0xE3, 0xFF, 0xC4,
	0xFF, 0xDA, 0xFF, 0xEA, 0xFF, 0xD7, 0xFF, 0xFE, 0xFF, 0xF6, 0xFF, 0xEC, 0xFF, 0xDC, 0x00, 0x00,
	0xFF, 0xE9, 0x00, 0x00, 0xFF, 0xDC, 0x00, 0x0F, 0xFF, 0xEC, 0xFF, 0xC4, 0xFF, 0xE0, 0xFF, 0xE2,
	0xFF, 0xE8, 0x00, 0x1E, 0x00, 0x19, 0x00, 0x07, 0xFF, 0xAB, 0xFF, 0xEC, 0xFF, 0xF1, 0xFF, 0xEB,
	0xFF, 0xD8, 0xFF, 0xF1, 0xFF, 0xD3, 0x00, 0x00, 0xFF, 0xD9, 0x00, 0x14, 0x00, 0x00, 0x00, 0x00,
	0xFF, 0xAD, 0x00, 0x00, 0x00, 0x00, 0x00, 0x1C, 0x00, 0x00, 0xFF, 0xDD, 0xFF, 0xE9, 0x00, 0x00,
	0x00, 0x00, 0xFF, 0xCE, 0x00, 0x00, 0x00, 0x14, 0xFF, 0xED, 0x00, 0x00, 0x00, 0x14, 0x00, 0x00,
	0x00, 0x14, 0x00, 0x00, 0x00, 0x00, 0xFF, 0xEF, 0xFF, 0xE5, 0xFF, 0xA4, 0xFF, 0x99, 0x00, 0x00,
	0x00, 0x00, 0xFF, 0xF0, 0xFF, 0xD3, 0x00, 0x20, 0x00, 0x00, 0x00, 0x19, 0xFF, 0xF1, 0x00, 0x04,
	0x00, 0x00, 0x00, 0x00, 0x00, 0x00, 0x00, 0x00, 0xFF, 0xEC, 0x00, 0x14, 0xFF, 0xE7, 0x00, 0x05,
	0xFF, 0xE2, 0x00, 0x0E, 0xFF, 0xF6, 0xFF, 0xDD, 0xFF, 0xF8, 0x00, 0x00, 0xFF, 0xD6, 0x00, 0x00,
	0x00, 0x00, 0x00, 0x00, 0x00, 0x00, 0x00, 0x00, 0x00, 0x00, 0x00, 0x00, 0x00, 0x00, 0x00, 0x00,
	0x00, 0x00, 0x00, 0x00, 0x00, 0x00, 0xFF, 0xFB, 0x00, 0x00, 0x00, 0x00, 0xFF, 0xF6, 0x00, 0x00,
	0x00, 0x00, 0x00, 0x00, 0x00, 0x0A, 0xFF, 0xF6, 0x00, 0x00, 0x00, 0x00, 0xFF, 0xEC, 0x00, 0x00,
	0x00, 0x00, 0x00, 0x00, 0x00, 0x00, 0x00, 0x00, 0x00, 0x00, 0x00, 0x05, 0x00, 0x00, 0x00, 0x00,
	0x00, 0x00, 0x00, 0x00, 0x00, 0x00, 0x00, 0x00, 0xFF, 0xF6, 0x00, 0x00, 0x00, 0x00, 0x00, 0x00,
	0x00, 0x00, 0x00, 0x00, 0x00, 0x00, 0x00, 0x00, 0x00, 0x00, 0x00, 0x00, 0x00, 0x00, 0x00, 0x00,
	0x00, 0x00, 0x00, 0x00, 0x00, 0x00, 0x00, 0x00, 0x00, 0x00, 0xFF, 0xF6, 0xFF, 0xE2, 0x00, 0x00,
	0x00, 0x00, 0x00, 0x00, 0x00, 0x00, 0x00, 0x00, 0x00, 0x05, 0x00, 0x00, 0x00, 0x05, 0x00, 0x00,
	0x00, 0x00, 0x00, 0x00, 0xFF, 0xEC, 0x00, 0x00, 0x00, 0x00, 0x00, 0x00, 0x00, 0x00, 0x00, 0x00,
	0x00, 0x00, 0x00, 0x00, 0x00, 0x00, 0x00, 0x00, 0x00, 0x00, 0x00, 0x00, 0x00, 0x00, 0x00, 0x00,
	0x00, 0x00, 0xFF, 0xF6, 0x00, 0x00, 0x00, 0x00, 0x00, 0x00, 0x00, 0x00, 0x00, 0x00, 0x00, 0x00,
	0x00, 0x00, 0x00, 0x00, 0x00, 0x00, 0x00, 0x00, 0x00, 0x00, 0x00, 0x00, 0x00, 0x00, 0x00, 0x0F,
	0x00, 0x00, 0x00, 0x00, 0x00, 0x00, 0x00, 0x00, 0x00, 0x00, 0xFF, 0xFB, 0xFF, 0xEC, 0x00, 0x00,
	0x00, 0x00, 0x00, 0x00, 0x00, 0x00, 0x00, 0x00, 0x00, 0x00, 0x00, 0x00, 0x00, 0x00, 0x00, 0x00,
	0x00, 0x00, 0x00, 0x00, 0xFF, 0xFB, 0x00, 0x00, 0x00, 0x00, 0x00, 0x00, 0x00, 0x00, 0x00, 0x05,
	0xFF, 0xF8, 0xFF, 0xF1, 0x00, 0x00, 0x00, 0x00, 0x00, 0x00, 0x00, 0x12, 0x00, 0x00, 0x00, 0x00,
	0x00, 0x00, 0x00, 0x00, 0x00, 0x00, 0x00, 0x00, 0x00, 0x00, 0x00, 0x00, 0x00, 0x00, 0x00, 0x00,
	0x00, 0x00, 0x00, 0x00, 0x00, 0x00, 0x00, 0x00, 0x00, 0x00, 0x00, 0x00, 0x00, 0x00, 0x00, 0x00,
	0x00, 0x00, 0x00, 0x00, 0x00, 0x00, 0xFF, 0xF6, 0x00, 0x00, 0x00, 0x00, 0x00, 0x00, 0x00, 0x00,
	0x00, 0x00, 0x00, 0x00, 0x00, 0x00, 0x00, 0x00, 0x00, 0x00, 0x00, 0x00, 0x00, 0x00, 0x00, 0x00,
	0x00, 0x00, 0x00, 0x00, 0x00, 0x00, 0x00, 0x00, 0x00, 0x00, 0x00, 0x00, 0x00, 0x00, 0x00, 0x00,
	0x00, 0x00, 0xFF, 0xF6, 0x00, 0x00, 0x00, 0x00, 0x00, 0x00, 0x00, 0x00, 0x00, 0x00, 0x00, 0x00,
	0x00, 0x00, 0x00, 0x00, 0x00, 0x00, 0x00, 0x00, 0xFF, 0xF6, 0x00, 0x00, 0x00, 0x00, 0x00, 0x00,
	0x00, 0x00, 0x00, 0x00, 0x00, 0x00, 0x00, 0x00, 0x00, 0x00, 0x00, 0x00, 0x00, 0x00, 0x00, 0x00,
	0x00, 0x00, 0xFF, 0xEC, 0x00, 0x00, 0xFF, 0xCB, 0x00, 0x00, 0x00, 0x00, 0x00, 0x00, 0x00, 0x00,
	0x00, 0x00, 0x00, 0x00, 0x00, 0x00, 0x00, 0x00, 0x00, 0x00, 0x00, 0x00, 0x00, 0x00, 0x00, 0x00,
	0x00, 0x00, 0x00, 0x00, 0xFF, 0xEC, 0x00, 0x00, 0x00, 0x00, 0x00, 0x00, 0x00, 0x00, 0x00, 0x00,
	0x00, 0x00, 0x00, 0x00, 0x00, 0x00, 0x00, 0x00, 0x00, 0x00, 0x00, 0x00, 0x00, 0x00, 0x00, 0x00,
	0x00, 0x00, 0x00, 0x00, 0xFF, 0xFB, 0x00, 0x00, 0x00, 0x00, 0x00, 0x00, 0x00, 0x00, 0x00, 0x00,
	0x00, 0x00, 0x00, 0x00, 0x00, 0x00, 0x00, 0x00, 0x00, 0x00, 0x00, 0x00, 0x00, 0x00, 0x00, 0x00,
	0x00, 0x00, 0x00, 0x00, 0x00, 0x00, 0xFF, 0xD3, 0x00, 0x00, 0xFF, 0xFB, 0x00, 0x00, 0xFF, 0xF8,
	0x00, 0x00, 0x00, 0x00, 0xFF, 0xEE, 0x00, 0x00, 0x00, 0x00, 0x00, 0x00, 0x00, 0x1C, 0x00, 0x00,
	0x00, 0x00, 0x00, 0x00, 0x00, 0x00, 0x00, 0x00, 0x00, 0x00, 0x00, 0x00, 0x00, 0x00, 0x00, 0x00,
	0x00, 0x00, 0x00, 0x00, 0x00, 0x00, 0x00, 0x00, 0x00, 0x00, 0x00, 0x00, 0x00, 0x00, 0x00, 0x00,
	0x00, 0x00, 0x00, 0x00, 0x00, 0x00, 0x00, 0x00, 0xFF, 0xF6, 0x00, 0x00, 0x00, 0x00, 0x00, 0x0A,
	0x00, 0x00, 0x00, 0x00, 0x00, 0x00, 0x00, 0x00, 0x00, 0x00, 0x00, 0x00, 0x00, 0x00, 0x00, 0x00,
	0x00, 0x00, 0x00, 0x00, 0x00, 0x00, 0x00, 0x00, 0x00, 0x00, 0x00, 0x00, 0x00, 0x00, 0x00, 0x00,
	0x00, 0x00, 0x00, 0x00, 0xFF, 0xF1, 0x00, 0x00, 0x00, 0x00, 0x00, 0x00, 0x00, 0x00, 0x00, 0x00,
	0x00, 0x00, 0x00, 0x00, 0x00, 0x00, 0x00, 0x0A, 0x00, 0x00, 0x00, 0x00, 0x00, 0x00, 0x00, 0x00,
	0x00, 0x00, 0x00, 0x00, 0x00, 0x00, 0x00, 0x00, 0x00, 0x00, 0x00, 0x00, 0x00, 0x00, 0x00, 0x00,
	0x00, 0x00, 0x00, 0x00, 0xFF, 0xF2, 0x00, 0x00, 0xFF, 0xCB, 0x00, 0x00, 0x00, 0x00, 0x00, 0x00,
	0x00, 0x00, 0x00, 0x00, 0x00, 0x00, 0x00, 0x00, 0x00, 0x00, 0x00, 0x00, 0x00, 0x00, 0x00, 0x00,
	0xFF, 0xF6, 0x00, 0x00, 0x00, 0x00, 0xFF, 0xF6, 0x00, 0x00, 0xFF, 0xF6, 0x00, 0x00, 0x00, 0x00,
	0x00, 0x00, 0x00, 0x00, 0x00, 0x00, 0x00, 0x00, 0x00, 0x0A, 0x00, 0x00, 0xFF, 0xF6, 0x00, 0x00,
	0x00, 0x00, 0x00, 0x00, 0x00, 0x00, 0x00, 0x00, 0x00, 0x00, 0x00, 0x00, 0x00, 0x00, 0x00, 0x00,
	0x00, 0x00, 0x00, 0x00, 0x00, 0x00, 0x00, 0x00, 0xFF, 0xF8, 0x00, 0x00, 0x00, 0x00, 0x00, 0x00,
	0x00, 0x00, 0x00, 0x00, 0x00, 0x00, 0x00, 0x00, 0xFF, 0xF8, 0xFF, 0xF6, 0x00, 0x00, 0x00, 0x00,
	0xFF, 0xF8, 0x00, 0x00, 0x00, 0x00, 0xFF, 0xF1, 0x00, 0x00, 0x00, 0x00, 0x00, 0x00, 0x00, 0x00,
	0x00, 0x00, 0x00, 0x00, 0x00, 0x00, 0x00, 0x00, 0x00, 0x00, 0x00, 0x00, 0xFF, 0xF6, 0x00, 0x00,
	0x00, 0x00, 0x00, 0x00, 0x00, 0x00, 0xFF, 0xF6, 0xFF, 0xE2, 0x00, 0x00, 0x00, 0x00, 0x00, 0x00,
	0x00, 0x00, 0xFF, 0xD7, 0x00, 0x00, 0x00, 0x00, 0x00, 0x00, 0xFF, 0xFD, 0x00, 0x00, 0x00, 0x00,
	0xFF, 0xEF, 0x00, 0x00, 0x00, 0x00, 0x00, 0x00, 0x00, 0x00, 0x00, 0x00, 0xFF, 0xF3, 0x00, 0x00,
	0x00, 0x00, 0x00, 0x00, 0xFF, 0xF6, 0x00, 0x00, 0x00, 0x00, 0x00, 0x00, 0x00, 0x00, 0x00, 0x00,
	0x00, 0x00, 0xFF, 0xF1, 0x00, 0x00, 0x00, 0x02, 0x00, 0x00, 0x00, 0x00, 0x00, 0x00, 0x00, 0x00,
	0x00, 0x00, 0x00, 0x00, 0x00, 0x00, 0x00, 0x00, 0xFF, 0xE6, 0x00, 0x00, 0xFF, 0xF6, 0x00, 0x00,
	0x00, 0x00, 0x00, 0x00, 0x00, 0x00, 0x00, 0x00, 0x00, 0x00, 0x00, 0x00, 0xFF, 0xFA, 0x00, 0x14,
	0xFF, 0xE2, 0x00, 0x00, 0xFF, 0xF6, 0xFF, 0xE2, 0x00, 0x00, 0xFF, 0xF8, 0x00, 0x0A, 0x00, 0x00,
	0x00, 0x00, 0x00, 0x00, 0x00, 0x00, 0x00, 0x00, 0xFF, 0xF6, 0xFF, 0xF1, 0x00, 0x00, 0xFF, 0xEC,
	0x00, 0x00, 0x00, 0x32, 0x00, 0x00, 0x00, 0x00, 0xFF, 0xCE, 0x00, 0x00, 0x00, 0x00, 0x00, 0x1E,
	0x00, 0x0E, 0x00, 0x00, 0x00, 0x00, 0x00, 0x00, 0x00, 0x00, 0xFF, 0xE2, 0xFF, 0xE2, 0x00, 0x32,
	0x00, 0x00, 0x00, 0x00, 0x00, 0x11, 0x00, 0x00, 0x00, 0x00, 0x00, 0x05, 0x00, 0x00, 0x00, 0x08,
	0x00, 0x00, 0xFF, 0xE7, 0xFF, 0xE0, 0x00, 0x00, 0x00, 0x00, 0x00, 0x06, 0x00, 0x0A, 0x00, 0x0A,
	0x00, 0x11, 0x00, 0x0A, 0x00, 0x00, 0x00, 0x00, 0x00, 0x00, 0x00, 0x23, 0x00, 0x00, 0xFF, 0xCC,
	0x00, 0x00, 0x00, 0x0F, 0x00, 0x11, 0xFF, 0xFC, 0x00, 0x00, 0x00, 0x00, 0x00, 0x0C, 0x00, 0x0A,
	0xFF, 0xF8, 0x00, 0x00, 0xFF, 0xF4, 0x00, 0x00, 0x00, 0x00, 0x00, 0x00, 0x00, 0x00, 0x00, 0x00,
	0x00, 0x00, 0x00, 0x00, 0x00, 0x00, 0x00, 0x00, 0x00, 0x00, 0x00, 0x00, 0xFF, 0xF6, 0x00, 0x00,
	0x00, 0x00, 0x00, 0x00, 0xFF, 0xF6, 0x00, 0x00, 0x00, 0x00, 0x00, 0x00, 0x00, 0x00, 0xFF, 0xF6,
	0xFF, 0xFB, 0x00, 0x00, 0xFF, 0xE7, 0x00, 0x00, 0xFF, 0xEB, 0x00, 0x00, 0xFF, 0xFB, 0xFF, 0xF6,
	0x00, 0x00, 0x00, 0x05, 0xFF, 0xF8, 0x00, 0x00, 0xFF, 0xF7, 0x00, 0x00, 0x00, 0x00, 0xFF, 0xF6,
	0xFF, 0xE2, 0xFF, 0xF4, 0x00, 0x00, 0x00, 0x00, 0xFF, 0xF6, 0xFF, 0xEC, 0x00, 0x00, 0x00, 0x00,
	0xFF, 0xF0, 0x00, 0x00, 0x00, 0x00, 0xFF, 0xEC, 0x00, 0x00, 0x00, 0x00, 0xFF, 0xF1, 0xFF, 0xF6,
	0x00, 0x00, 0xFF, 0xF1, 0xFF, 0xE2, 0x00, 0x00, 0x00, 0x00, 0x00, 0x00, 0x00, 0x00, 0x00, 0x00,
	0x00, 0x00, 0x00, 0x00, 0xFF, 0xEC, 0x00, 0x00, 0xFF, 0xFB, 0x00, 0x00, 0x00, 0x00, 0x00, 0x00,
	0x00, 0x00, 0xFF, 0xED, 0x00, 0x00, 0x00, 0x00, 0x00, 0x00, 0x00, 0x00, 0x00, 0x00, 0x00, 0x00,
	0x00, 0x00, 0x00, 0x00, 0x00, 0x00, 0x00, 0x00, 0x00, 0x00, 0x00, 0x00, 0x00, 0x00, 0x00, 0x00,
	0x00, 0x00, 0x00, 0x00, 0xFF, 0xF2, 0x00, 0x00, 0x00, 0x00, 0x00, 0x00, 0x00, 0x00, 0x00, 0x00,
	0x00, 0x00, 0x00, 0x00, 0x00, 0x00, 0x00, 0x00, 0x00, 0x00, 0x00, 0x00, 0x00, 0x00, 0x00, 0x00,
	0x00, 0x00, 0x00, 0x00, 0x00, 0x00, 0x00, 0x00, 0x00, 0x00, 0x00, 0x00, 0x00, 0x00, 0x00, 0x00,
	0x00, 0x00, 0x00, 0x00, 0x00, 0x00, 0x00, 0x00, 0x00, 0x00, 0x00, 0x00, 0x00, 0x00, 0x00, 0x00,
	0x00, 0x00, 0x00, 0x00, 0x00, 0x00, 0x00, 0x00, 0x00, 0x00, 0x00, 0x00, 0x00, 0x00, 0x00, 0x00,
	0x00, 0x00, 0x00, 0x00, 0x00, 0x00, 0x00, 0x00, 0x00, 0x00, 0x00, 0x00, 0xFF, 0xE8, 0xFF, 0xF6,
	0xFF, 0xD9, 0x00, 0x00, 0xFF, 0xF6, 0xFF, 0xED, 0xFF, 0xF6, 0xFF, 0xE7, 0xFF, 0xEB, 0xFF, 0xE5,
	0xFF, 0xF2, 0xFF, 0xF8, 0xFF, 0xF6, 0xFF, 0xF1, 0xFF, 0xF6, 0xFF, 0xE7, 0xFF, 0xDC, 0xFF, 0xCC,
	0xFF, 0xE0, 0x00, 0x00, 0xFF, 0xE0, 0xFF, 0xDB, 0xFF, 0xF8, 0xFF, 0xD8, 0xFF, 0xFE, 0xFF, 0xE4,
	0xFF, 0xED, 0xFF, 0xEE, 0xFF, 0xE4, 0xFF, 0xF5, 0xFF, 0xD9, 0x00, 0x00, 0xFF, 0xEA, 0xFF, 0xF1,
	0xFF, 0xEC, 0xFF, 0xD1, 0xFF, 0xD9, 0xFF, 0xF1, 0x00, 0x00, 0xFF, 0xDC, 0xFF, 0xE8, 0x00, 0x00,
	0x00, 0x00, 0x00, 0x00, 0xFF, 0xDD, 0x00, 0x00, 0xFF, 0xFC, 0xFF, 0xE8, 0x00, 0x00, 0xFF, 0xD8,
	0x00, 0x14, 0xFF, 0xEE, 0x00, 0x00, 0x00, 0x00, 0xFF, 0xE6, 0x00, 0x00, 0x00, 0x00, 0x00, 0x00,
	0x00, 0x00, 0xFF, 0xF1, 0x00, 0x08, 0x00, 0x0C, 0xFF, 0xEB, 0xFF, 0xEC, 0xFF, 0xC9, 0x00, 0x00,
	0x00, 0x05, 0x00, 0x05, 0xFF, 0xB4, 0x00, 0x00, 0xFF, 0xF1, 0xFF, 0xEB, 0x00, 0x00, 0x00, 0x00,
	0xFF, 0xE4, 0x00, 0x00, 0xFF, 0xF6, 0x00, 0x00, 0x00, 0x00, 0x00, 0x00, 0x00, 0x00, 0x00, 0x00,
	0x00, 0x00, 0x00, 0x00, 0x00, 0x00, 0xFF, 0xD4, 0x00, 0x00, 0x00, 0x00, 0x00, 0x00, 0xFF, 0xEC,
	0x00, 0x00, 0x00, 0x00, 0xFF, 0xE7, 0xFF, 0xE2, 0xFF, 0xF6, 0x00, 0x00, 0x00, 0x00, 0x00, 0x00,
	0x00, 0x00, 0x00, 0x00, 0xFF, 0xF1, 0xFF, 0xD0, 0xFF, 0xF1, 0x00, 0x00, 0xFF, 0xC7, 0xFF, 0xF6,
	0xFF, 0xE9, 0x00, 0x14, 0xFF, 0xF1, 0xFF, 0xFB, 0x00, 0x00, 0x00, 0x00, 0x00, 0x00, 0xFF, 0xD8,
	0x00, 0x00, 0x00, 0x00, 0x00, 0x00, 0x00, 0x00, 0xFF, 0xD0, 0xFF, 0xF8, 0xFF, 0xFA, 0x00, 0x00,
	0x00, 0x00, 0x00, 0x00, 0x00, 0x44, 0x00, 0x00, 0xFF, 0xE7, 0x00, 0x00, 0x00, 0x00, 0x00, 0x00,
	0x00, 0x00, 0x00, 0x00, 0x00, 0x00, 0x00, 0x00, 0x00, 0x00, 0x00, 0x00, 0x00, 0x00, 0x00, 0x00,
	0x00, 0x00, 0x00, 0x00, 0x00, 0x00, 0x00, 0x00, 0x00, 0x00, 0x00, 0x00, 0x00, 0x00, 0x00, 0x00,
	0xFF, 0xF6, 0x00, 0x00, 0x00, 0x00, 0x00, 0x00, 0x00, 0x00, 0x00, 0x00, 0x00, 0x00, 0x00, 0x00,
	0x00, 0x00, 0xFF, 0xEC, 0x00, 0x00, 0x00, 0x00, 0x00, 0x00, 0x00, 0x00, 0x00, 0x00, 0x00, 0x00,
	0x00, 0x00, 0x00, 0x00, 0x00, 0x00, 0x00, 0x00, 0x00, 0x00, 0x00, 0x00, 0xFF, 0xF1, 0x00, 0x00,
	0x00, 0x00, 0x00, 0x00, 0x00, 0x00, 0x00, 0x00, 0x00, 0x00, 0x00, 0x00, 0x00, 0x00, 0x00, 0x0A,
	0x00, 0x00, 0x00, 0x00, 0x00, 0x00, 0x00, 0x00, 0x00, 0x00, 0x00, 0x00, 0x00, 0x00, 0x00, 0x00,
	0x00, 0x00, 0x00, 0x00, 0x00, 0x00, 0x00, 0x00, 0x00, 0x00, 0x00, 0x00, 0xFF, 0xF6, 0x00, 0x00,
	0xFF, 0xC6, 0x00, 0x00, 0x00, 0x00, 0x00, 0x00, 0x00, 0x00, 0x00, 0x00, 0x00, 0x00, 0x00, 0x00,
	0x00, 0x00, 0x00, 0x00, 0x00, 0x00, 0x00, 0x00, 0x00, 0x00, 0x00, 0x00, 0x00, 0x00, 0x00, 0x00,
	0x00, 0x00, 0x00, 0x00, 0x00, 0x00, 0x00, 0x00, 0x00, 0x00, 0x00, 0x00, 0x00, 0x00, 0x00, 0x00,
	0x00, 0x00, 0x00, 0x00, 0x00, 0x00, 0x00, 0x00, 0x00, 0x00, 0x00, 0x00, 0x00, 0x00, 0x00, 0x00,
	0x00, 0x00, 0x00, 0x00, 0x00, 0x00, 0x00, 0x00, 0x00, 0x00, 0x00, 0x00, 0x00, 0x00, 0x00, 0x00,
	0x00, 0x00, 0x00, 0x00, 0xFF, 0xF6, 0xFF, 0xF8, 0x00, 0x00, 0x00, 0x00, 0x00, 0x00, 0x00, 0x00,
	0xFF, 0xE2, 0x00, 0x00, 0x00, 0x00, 0x00, 0x00, 0x00, 0x00, 0x00, 0x00, 0x00, 0x00, 0x00, 0x00,
	0x00, 0x00, 0x00, 0x00, 0x00, 0x00, 0x00, 0x00, 0x00, 0x00, 0x00, 0x00, 0x00, 0x00, 0x00, 0x00,
	0xFF, 0xEB, 0x00, 0x00, 0x00, 0x00, 0x00, 0x00, 0xFF, 0xF8, 0xFF, 0xF6, 0x00, 0x00, 0x00, 0x00,
	0x00, 0x00, 0xFF, 0xEC, 0xFF, 0xF6, 0x00, 0x00, 0x00, 0x00, 0x00, 0x00, 0x00, 0x00, 0x00, 0x00,
	0xFF, 0xE5, 0x00, 0x00, 0xFF, 0xE1, 0x00, 0x00, 0xFF, 0xEA, 0xFF, 0xF8, 0x00, 0x00, 0xFF, 0xF5,
	0xFF, 0xEC, 0x00, 0x00, 0x00, 0x00, 0xFF, 0xF0, 0x00, 0x00, 0x00, 0x00, 0x00, 0x00, 0x00, 0x00,
	0xFF, 0xF5, 0x00, 0x00, 0x00, 0x00, 0xFF, 0xEC, 0xFF, 0xEC, 0x00, 0x00, 0xFF, 0xE7, 0x00, 0x00,
	0x00, 0x00, 0x00, 0x00, 0x00, 0x00, 0x00, 0x05, 0x00, 0x00, 0x00, 0x00, 0x00, 0x00, 0xFF, 0xEB,
	0x00, 0x0A, 0x00, 0x00, 0x00, 0x00, 0xFF, 0xED, 0x00, 0x00, 0x00, 0x00, 0x00, 0x00, 0x00, 0x00,
	0x00, 0x00, 0x00, 0x00, 0x00, 0x00, 0x00, 0x00, 0x00, 0x00, 0x00, 0x00, 0xFF, 0xF6, 0x00, 0x00,
	0xFF, 0xF1, 0xFF, 0xD8, 0x00, 0x00, 0x00, 0x00, 0xFF, 0xD8, 0x00, 0x00, 0x00, 0x00, 0xFF, 0xF9,
	0x00, 0x00, 0x00, 0x00, 0x00, 0x00, 0x00, 0x00, 0xFF, 0xF8, 0x00, 0x00, 0x00, 0x00, 0x00, 0x00,
	0x00, 0x00, 0x00, 0x00, 0x00, 0x00, 0x00, 0x00, 0x00, 0x00, 0xFF, 0xE9, 0x00, 0x00, 0x00, 0x00,
	0x00, 0x00, 0xFF, 0xFB, 0x00, 0x00, 0x00, 0x00, 0xFF, 0xEB, 0xFF, 0xF5, 0x00, 0x00, 0x00, 0x00,
	0x00, 0x00, 0x00, 0x00, 0x00, 0x00, 0x00, 0x00, 0x00, 0x05, 0xFF, 0xE2, 0x00, 0x00, 0x00, 0x00,
	0x00, 0x00, 0x00, 0x0A, 0xFF, 0xF6, 0x00, 0x05, 0x00, 0x14, 0x00, 0x00, 0x00, 0x00, 0x00, 0x00,
	0x00, 0x00, 0x00, 0x05, 0x00, 0x00, 0x00, 0x00, 0x00, 0x00, 0xFF, 0xFC, 0x00, 0x08, 0x00, 0x0A,
	0x00, 0x0C, 0x00, 0x00, 0x00, 0x0F, 0x00, 0x12, 0x00, 0x41, 0x00, 0x00, 0xFF, 0xF4, 0x00, 0x00,
	0x00, 0x00, 0x00, 0x00, 0x00, 0x00, 0xFF, 0xF8, 0x00, 0x00, 0x00, 0x00, 0x00, 0x00, 0x00, 0x00,
	0x00, 0x00, 0xFF, 0xE3, 0x00, 0x00, 0x00, 0x00, 0x00, 0x00, 0x00, 0x00, 0xFF, 0xEE, 0x00, 0x00,
	0x00, 0x00, 0x00, 0x00, 0x00, 0x00, 0x00, 0x00, 0x00, 0x00, 0xFF, 0xF4, 0x00, 0x00, 0x00, 0x00,
	0x00, 0x00, 0x00, 0x00, 0x00, 0x00, 0xFF, 0xF8, 0x00, 0x00, 0x00, 0x00, 0x00, 0x00, 0xFF, 0xF8,
	0x00, 0x00, 0x00, 0x00, 0x00, 0x00, 0x00, 0x00, 0x00, 0x00, 0x00, 0x00, 0xFF, 0xFE, 0x00, 0x00,
	0xFF, 0xF1, 0x00, 0x00, 0x00, 0x00, 0x00, 0x00, 0x00, 0x00, 0x00, 0x00, 0x00, 0x00, 0x00, 0x00,
	0x00, 0x00, 0x00, 0x00, 0x00, 0x00, 0x00, 0x00, 0x00, 0x00, 0x00, 0x00, 0x00, 0x00, 0x00, 0x00,
	0x00, 0x00, 0x00, 0x00, 0x00, 0x00, 0x00, 0x00, 0x00, 0x14, 0x00, 0x00, 0x00, 0x00, 0xFF, 0xED,
	0xFF, 0xEE, 0x00, 0x00, 0xFF, 0xD0, 0x00, 0x00, 0x00, 0x00, 0x00, 0x00, 0x00, 0x00, 0x00, 0x00,
	0xFF, 0xF2, 0xFF, 0xF6, 0x00, 0x00, 0x00, 0x00, 0x00, 0x00, 0x00, 0x00, 0x00, 0x12, 0x00, 0x00,
	0x00, 0x00, 0x00, 0x00, 0x00, 0x00, 0x00, 0x00, 0x00, 0x0E, 0x00, 0x00, 0x00, 0x00, 0x00, 0x00,
	0x00, 0x00, 0x00, 0x00, 0xFF, 0xEC, 0xFF, 0xF8, 0x00, 0x12, 0x00, 0x00, 0x00, 0x00, 0x00, 0x0C,
	0x00, 0x00, 0x00, 0x00, 0x00, 0x00, 0x00, 0x00, 0x00, 0x00, 0xFF, 0xF9, 0xFF, 0xE7, 0xFF, 0xE8,
	0x00, 0x00, 0x00, 0x00, 0xFF, 0xF8, 0xFF, 0xF7, 0xFF, 0xF8, 0x00, 0x00, 0x00, 0x00, 0x00, 0x00,
	0x00, 0x00, 0x00, 0x00, 0xFF, 0xE2, 0x00, 0x05, 0xFF, 0xF8, 0x00, 0x00, 0x00, 0x00, 0x00, 0x00,
	0xFF, 0xF2, 0xFF, 0xF0, 0x00, 0x00, 0xFF, 0xF8, 0x00, 0x00, 0x00, 0x00, 0x00, 0x00, 0xFF, 0xF0,
	0x00, 0x00, 0x00, 0x00, 0x00, 0x00, 0x00, 0x00, 0x00, 0x00, 0x00, 0x00, 0x00, 0x00, 0x00, 0x00,
	0x00, 0x00, 0x00, 0x00, 0x00, 0x00, 0x00, 0x00, 0x00, 0x00, 0x00, 0x00, 0x00, 0x00, 0x00, 0x00,
	0x00, 0x00, 0x00, 0x00, 0xFF, 0xE0, 0x00, 0x00, 0xFF, 0x92, 0x00, 0x00, 0x00, 0x00, 0xFF, 0xE2,
	0x00, 0x00, 0xFF, 0xD9, 0x00, 0x00, 0x00, 0x00, 0x00, 0x00, 0x00, 0x00, 0x00, 0x00, 0x00, 0x00,
	0x00, 0x00, 0x00, 0x00, 0x00, 0x00, 0x00, 0x00, 0x00, 0x00, 0xFF, 0xE0, 0xFF, 0xD9, 0x00, 0x00,
	0x00, 0x00, 0x00, 0x00, 0x00, 0x00, 0xFF, 0xF6, 0x00, 0x00, 0xFF, 0xED, 0x00, 0x00, 0x00, 0x00,
	0xFF, 0xF1, 0x00, 0x00, 0xFF, 0xF8, 0xFF, 0xCB, 0x00, 0x00, 0xFF, 0xB6, 0x00, 0x00, 0x00, 0x00,
	0x00, 0x00, 0x00, 0x00, 0x00, 0x00, 0x00, 0x00, 0x00, 0x00, 0xFF, 0xCF, 0x00, 0x00, 0x00, 0x00,
	0x00, 0x00, 0x00, 0x00, 0xFF, 0xCF, 0x00, 0x00, 0xFF, 0xF2, 0x00, 0x00, 0xFF, 0xDC, 0x00, 0x00,
	0x00, 0x00, 0x00, 0x00, 0x00, 0x00, 0x00, 0x00, 0x00, 0x00, 0x00, 0x00, 0x00, 0x00, 0x00, 0x00,
	0x00, 0x00, 0x00, 0x00, 0x00, 0x00, 0x00, 0x00, 0x00, 0x00, 0xFF, 0xD2, 0x00, 0x00, 0xFF, 0xF0,
	0x00, 0x00, 0x00, 0x00, 0x00, 0x00, 0x00, 0x00, 0x00, 0x00, 0x00, 0x00, 0x00, 0x00, 0x00, 0x00,
	0x00, 0x00, 0x00, 0x00, 0x00, 0x00, 0x00, 0x00, 0x00, 0x00, 0x00, 0x00, 0x00, 0x00, 0x00, 0x00,
	0x00, 0x00, 0x00, 0x00, 0x00, 0x00, 0x00, 0x00, 0x00, 0x00, 0x00, 0x00, 0x00, 0x00, 0x00, 0x00,
	0x00, 0x00, 0x00, 0x00, 0x00, 0x00, 0xFF, 0xD6, 0x00, 0x00, 0x00, 0x00, 0x00, 0x00, 0x00, 0x00,
	0x00, 0x00, 0x00, 0x00, 0x00, 0x00, 0x00, 0x00, 0x00, 0x00, 0x00, 0x00, 0x00, 0x00, 0x00, 0x00,
	0x00, 0x00, 0x00, 0x00, 0x00, 0x00, 0x00, 0x00, 0x00, 0x00, 0x00, 0x00, 0x00, 0x00, 0x00, 0x00,
	0x00, 0x00, 0x00, 0x00, 0x00, 0x00, 0x00, 0x00, 0xFF, 0xFB, 0x00, 0x00, 0x00, 0x00, 0xFF, 0xF8,
	0x00, 0x00, 0x00, 0x00, 0x00, 0x00, 0xFF, 0xEC, 0x00, 0x00, 0xFF, 0xBF, 0x00, 0x00, 0x00, 0x00,
	0xFF, 0xD5, 0x00, 0x00, 0xFF, 0xE1, 0x00, 0x00, 0x00, 0x00, 0x00, 0x00, 0x00, 0x00, 0x00, 0x00,
	0x00, 0x00, 0x00, 0x00, 0x00, 0x00, 0x00, 0x00, 0xFF, 0xED, 0xFF, 0xD6, 0xFF, 0xD8, 0xFF, 0xEF,
	0x00, 0x00, 0x00, 0x00, 0x00, 0x00, 0xFF, 0xEC, 0x00, 0x00, 0x00, 0x00, 0xFF, 0xF1, 0x00, 0x00,
	0x00, 0x00, 0xFF, 0xE6, 0x00, 0x00, 0xFF, 0xE6, 0xFF, 0xE8, 0x00, 0x00, 0xFF, 0xF4, 0x00, 0x00,
	0xFF, 0xF9, 0x00, 0x00, 0x00, 0x00, 0x00, 0x00, 0xFF, 0xE3, 0x00, 0x00, 0xFF, 0xE6, 0x00, 0x00,
	0x00, 0x00, 0x00, 0x00, 0x00, 0x00, 0xFF, 0xDF, 0x00, 0x00, 0x00, 0x00, 0x00, 0x00, 0xFF, 0xF1,
	0x00, 0x00, 0xFF, 0xED, 0x00, 0x00, 0x00, 0x00, 0x00, 0x00, 0x00, 0x00, 0x00, 0x00, 0x00, 0x00,
	0x00, 0x00, 0x00, 0x00, 0x00, 0x00, 0x00, 0x00, 0x00, 0x00, 0x00, 0x00, 0xFF, 0xE4, 0x00, 0x00,
	0xFF, 0xF0, 0x00, 0x00, 0x00, 0x00, 0x00, 0x00, 0x00, 0x00, 0x00, 0x00, 0x00, 0x00, 0x00, 0x00,
	0x00, 0x00, 0x00, 0x00, 0x00, 0x00, 0x00, 0x00, 0x00, 0x00, 0x00, 0x00, 0x00, 0x00, 0x00, 0x00,
	0x00, 0x00, 0x00, 0x00, 0x00, 0x00, 0x00, 0x00, 0x00, 0x00, 0x00, 0x00, 0x00, 0x00, 0x00, 0x00,
	0x00, 0x00, 0x00, 0x00, 0xFF, 0xF1, 0x00, 0x00, 0xFF, 0xD9, 0x00, 0x00, 0x00, 0x00, 0x00, 0x00,
	0x00, 0x00, 0x00, 0x00, 0x00, 0x00, 0x00, 0x00, 0x00, 0x00, 0x00, 0x00, 0x00, 0x00, 0x00, 0x00,
	0x00, 0x00, 0x00, 0x00, 0x00, 0x00, 0x00, 0x00, 0xFF, 0xF6, 0x00, 0x00, 0x00, 0x00, 0x00, 0x00,
	0x00, 0x00, 0x00, 0x00, 0x00, 0x00, 0x00, 0x00, 0x00, 0x00, 0x00, 0x10, 0x00, 0x00, 0x00, 0x00,
	0x00, 0x00, 0x00, 0x00, 0x00, 0x00, 0x00, 0x00, 0xFF, 0xE7, 0x00, 0x00, 0x00, 0x00, 0x00, 0x00,
	0xFF, 0xB0, 0x00, 0x00, 0x00, 0x00, 0x00, 0x00, 0x00, 0x29, 0x00, 0x00, 0x00, 0x00, 0x00, 0x00,
	0xFF, 0xFB, 0x00, 0x00, 0x00, 0x00, 0x00, 0x00, 0x00, 0x00, 0x00, 0x00, 0x00, 0x00, 0x00, 0x00,
	0x00, 0x08, 0x00, 0x00, 0xFF, 0xF2, 0x00, 0x00, 0x00, 0x00, 0x00, 0x00, 0x00, 0x00, 0x00, 0x00,
	0x00, 0x00, 0x00, 0x00, 0x00, 0x00, 0xFF, 0xF6, 0x00, 0x1C, 0x00, 0x00, 0x00, 0x00, 0x00, 0x00,
	0x00, 0x00, 0x00, 0x00, 0x00, 0x00, 0x00, 0x00, 0x00, 0x00, 0x00, 0x00, 0x00, 0x12, 0xFF, 0xF6,
	0x00, 0x1E, 0x00, 0x00, 0x00, 0x04, 0x00, 0x00, 0x00, 0x00, 0xFF, 0xD6, 0x00, 0x00, 0x00, 0x00,
	0x00, 0x00, 0x00, 0x00, 0x00, 0x00, 0x00, 0x08, 0x00, 0x00, 0x00, 0x00, 0x00, 0x00, 0x00, 0x00,
	0x00, 0x00, 0xFF, 0xE7, 0x00, 0x00, 0xFF, 0xE9, 0x00, 0x08, 0x00, 0x00, 0x00, 0x00, 0xFF, 0xF6,
	0x00, 0x00, 0x00, 0x00, 0x00, 0x00, 0x00, 0x00, 0x00, 0x00, 0x00, 0x00, 0x00, 0x00, 0xFF, 0xE7,
	0x00, 0x00, 0x00, 0x00, 0xFF, 0xEC, 0x00, 0x00, 0x00, 0x00, 0x00, 0x00, 0x00, 0x00, 0x00, 0x02,
	0x00, 0x12, 0x00, 0x00, 0x00, 0x14, 0x00, 0x00, 0x00, 0x00, 0x00, 0x00, 0x00, 0x00, 0xFF, 0xEC,
	0xFF, 0xF0, 0xFF, 0xFB, 0x00, 0x00, 0x00, 0x00, 0x00, 0x00, 0xFF, 0xEC, 0x00, 0x00, 0x00, 0x00,
	0x00, 0x00, 0xFF, 0xF1, 0xFF, 0xFB, 0x00, 0x0A, 0x00, 0x08, 0x00, 0x00, 0x00, 0x12, 0x00, 0x0F,
	0x00, 0x44, 0x00, 0x00, 0x00, 0x00, 0x00, 0x00, 0x00, 0x00, 0x00, 0x00, 0x00, 0x00, 0xFF, 0xF6,
	0x00, 0x00, 0x00, 0x00, 0x00, 0x00, 0x00, 0x00, 0xFF, 0xF6, 0xFF, 0xE7, 0x00, 0x00, 0x00, 0x00,
	0x00, 0x00, 0x00, 0x00, 0xFF, 0xE5, 0x00, 0x00, 0x00, 0x00, 0x00, 0x00, 0xFF, 0xD8, 0x00, 0x00,
	0x00, 0x00, 0xFF, 0xE0, 0x00, 0x00, 0x00, 0x00, 0x00, 0x00, 0x00, 0x00, 0x00, 0x00, 0xFF, 0xD8,
	0x00, 0x00, 0x00, 0x00, 0x00, 0x00, 0xFF, 0xF6, 0x00, 0x00, 0x00, 0x00, 0x00, 0x00, 0x00, 0x00,
	0x00, 0x00, 0x00, 0x00, 0xFF, 0xF1, 0x00, 0x00, 0xFF, 0xD1, 0x00, 0x00, 0x00, 0x00, 0x00, 0x00,
	0x00, 0x00, 0x00, 0x00, 0x00, 0x00, 0x00, 0x00, 0x00, 0x00, 0x00, 0x08, 0x00, 0x00, 0x00, 0x00,
	0x00, 0x00, 0x00, 0x00, 0x00, 0x00, 0x00, 0x00, 0x00, 0x00, 0x00, 0x00, 0x00, 0x00, 0xFF, 0xF7,
	0x00, 0x00, 0x00, 0x00, 0x00, 0x00, 0xFF, 0xEC, 0xFF, 0xDB, 0x00, 0x00, 0xFF, 0xE4, 0x00, 0x05,
	0x00, 0x00, 0x00, 0x00, 0x00, 0x00, 0x00, 0x00, 0x00, 0x00, 0x00, 0x00, 0x00, 0x00, 0x00, 0x00,
	0xFF, 0xF6, 0x00, 0x00, 0x00, 0x0C, 0x00, 0x00, 0x00, 0x00, 0xFF, 0xF8, 0x00, 0x00, 0xFF, 0xEC,
	0x00, 0x12, 0xFF, 0xF6, 0x00, 0x00, 0x00, 0x00, 0x00, 0x00, 0x00, 0x00, 0xFF, 0xEC, 0xFF, 0xEC,
	0x00, 0x0C, 0x00, 0x00, 0x00, 0x00, 0x00, 0x0A, 0x00, 0x00, 0x00, 0x00, 0x00, 0x00, 0x00, 0x00,
	0x00, 0x00, 0x00, 0x00, 0xFF, 0xDD, 0xFF, 0xF1, 0x00, 0x00, 0x00, 0x00, 0x00, 0x00, 0xFF, 0xF4,
	0x00, 0x05, 0x00, 0x05, 0x00, 0x05, 0x00, 0x00, 0xFF, 0xF6, 0x00, 0x00, 0x00, 0x07, 0xFF, 0xEC,
	0xFF, 0xEC, 0x00, 0x00, 0x00, 0x00, 0x00, 0x00, 0xFF, 0xFC, 0x00, 0x00, 0x00, 0x00, 0x00, 0x05,
	0x00, 0x00, 0x00, 0x32, 0x00, 0x00, 0xFF, 0xED, 0x00, 0x00, 0xFF, 0xF6, 0xFF, 0xF3, 0x00, 0x00,
	0x00, 0x00, 0x00, 0x00, 0xFF, 0xE9, 0x00, 0x00, 0xFF, 0xFB, 0x00, 0x00, 0x00, 0x00, 0xFF, 0xD3,
	0xFF, 0xF1, 0xFF, 0xF2, 0xFF, 0xEB, 0xFF, 0xD3, 0xFF, 0xFB, 0xFF, 0xF6, 0xFF, 0xF8, 0x00, 0x0A,
	0xFF, 0xDA, 0xFF, 0xF6, 0x00, 0x00, 0xFF, 0xE1, 0x00, 0x00, 0xFF, 0xF0, 0xFF, 0xF6, 0xFF, 0xF0,
	0x00, 0x00, 0x00, 0x00, 0x00, 0x05, 0x00, 0x00, 0x00, 0x00, 0xFF, 0xEE, 0x00, 0x00, 0x00, 0x00,
	0x00, 0x00, 0xFF, 0xF6, 0xFF, 0xDE, 0x00, 0x00, 0x00, 0x00, 0x00, 0x00, 0xFF, 0xED, 0xFF, 0xEC,
	0x00, 0x00, 0xFF, 0xD3, 0x00, 0x00, 0xFF, 0xF6, 0xFF, 0xDD, 0xFF, 0xF3, 0xFF, 0xE3, 0xFF, 0xF5,
	0xFF, 0xF6, 0xFF, 0xED, 0xFF, 0xDE, 0xFF, 0xD0, 0x00, 0x0E, 0x00, 0x00, 0xFF, 0xE9, 0x00, 0x00,
	0x00, 0x00, 0x00, 0x00, 0xFF, 0xD0, 0xFF, 0xF6, 0x00, 0x00, 0xFF, 0xF6, 0xFF, 0xFC, 0xFF, 0xEC,
	0xFF, 0xF5, 0x00, 0x00, 0xFF, 0xED, 0x00, 0x00, 0x00, 0x00, 0xFF, 0xFA, 0x00, 0x00, 0x00, 0x00,
	0x00, 0x00, 0x00, 0x00, 0xFF, 0xE9, 0x00, 0x00, 0x00, 0x00, 0x00, 0x00, 0xFF, 0xCB, 0x00, 0x00,
	0x00, 0x00, 0x00, 0x0A, 0x00, 0x00, 0xFF, 0xE7, 0xFF, 0xE7, 0xFF, 0xF5, 0x00, 0x00, 0xFF, 0xDF,
	0x00, 0x00, 0x00, 0x00, 0xFF, 0xE4, 0x00, 0x00, 0x00, 0x14, 0x00, 0x00, 0x00, 0x00, 0x00, 0x00,
	0x00, 0x00, 0xFF, 0xF6, 0x00, 0x00, 0xFF, 0xE2, 0xFF, 0xB9, 0x00, 0x00, 0x00, 0x00, 0x00, 0x00,
	0x00, 0x05, 0x00, 0x00, 0x00, 0x05, 0x00, 0x00, 0x00, 0x00, 0xFF, 0xF5, 0x00, 0x00, 0x00, 0x00,
	0x00, 0x00, 0x00, 0x00, 0x00, 0x00, 0x00, 0x00, 0x00, 0x05, 0xFF, 0xF1, 0xFF, 0xF8, 0x00, 0x00,
	0xFF, 0xFB, 0x00, 0x00, 0xFF, 0xE0, 0x00, 0x00, 0x00, 0x00, 0x00, 0x00, 0x00, 0x00, 0x00, 0x00,
	0x00, 0x00, 0x00, 0x00, 0x00, 0x00, 0x00, 0x00, 0x00, 0x00, 0xFF, 0xF1, 0x00, 0x00, 0x00, 0x00,
	0x00, 0x00, 0x00, 0x00, 0x00, 0x00, 0x00, 0x00, 0x00, 0x00, 0x00, 0x00, 0x00, 0x00, 0x00, 0x00,
	0x00, 0x00, 0xFF, 0xE5, 0x00, 0x00, 0x00, 0x00, 0xFF, 0xD4, 0x00, 0x00, 0xFF, 0xFB, 0x00, 0x00,
	0x00, 0x00, 0x00, 0x00, 0x00, 0x00, 0x00, 0x00, 0x00, 0x00, 0x00, 0x00, 0x00, 0x00, 0x00, 0x00,
	0xFF, 0xED, 0x00, 0x00, 0xFF, 0xCB, 0x00, 0x00, 0x00, 0x00, 0xFF, 0xFC, 0x00, 0x00, 0xFF, 0xE9,
	0x00, 0x00, 0x00, 0x00, 0x00, 0x00, 0x00, 0x00, 0x00, 0x00, 0x00, 0x00, 0x00, 0x00, 0x00, 0x00,
	0x00, 0x00, 0x00, 0x00, 0xFF, 0xD3, 0x00, 0x00, 0x00, 0x00, 0x00, 0x00, 0x00, 0x00, 0x00, 0x00,
	0x00, 0x00, 0x00, 0x00, 0x00, 0x00, 0x00, 0x00, 0x00, 0x00, 0x00, 0x00, 0x00, 0x00, 0xFF, 0xE8,
	0x00, 0x00, 0x00, 0x00, 0x00, 0x00, 0x00, 0x00, 0x00, 0x00, 0x00, 0x00, 0x00, 0x00, 0x00, 0x00,
	0x00, 0x00, 0x00, 0x00, 0x00, 0x00, 0x00, 0x00, 0x00, 0x00, 0x00, 0x00, 0x00, 0x00, 0x00, 0x00,
	0x00, 0x00, 0x00, 0x00, 0x00, 0x00, 0x00, 0x00, 0xFF, 0xF8, 0x00, 0x00, 0x00, 0x00, 0x00, 0x00,
	0x00, 0x00, 0x00, 0x00, 0x00, 0x00, 0x00, 0x00, 0x00, 0x00, 0x00, 0x00, 0x00, 0x00, 0x00, 0x00,
	0x00, 0x00, 0x00, 0x00, 0x00, 0x00, 0x00, 0x00, 0x00, 0x00, 0x00, 0x00, 0x00, 0x00, 0x00, 0x00,
	0x00, 0x00, 0x00, 0x00, 0x00, 0x00, 0x00, 0x00, 0x00, 0x00, 0x00, 0x00, 0x00, 0x00, 0x00, 0x00,
	0x00, 0x00, 0x00, 0x00, 0x00, 0x00, 0x00, 0x00, 0x00, 0x00, 0x00, 0x00, 0x00, 0x00, 0x00, 0x00,
	0x00, 0x00, 0x00, 0x00, 0x00, 0x00, 0x00, 0x00, 0x00, 0x00, 0x00, 0x00, 0x00, 0x00, 0x00, 0x00,
	0xFF, 0xF1, 0x00, 0x00, 0xFF, 0xEC, 0x00, 0x00, 0x00, 0x00, 0xFF, 0xF1, 0xFF, 0xF7, 0xFF, 0xF1,
	0xFF, 0xFB, 0x00, 0x22, 0x00, 0x0A, 0x00, 0x00, 0x00, 0x00, 0x00, 0x14, 0x00, 0x00, 0x00, 0x00,
	0xFF, 0xDE, 0xFF, 0xF2, 0xFF, 0xE1, 0x00, 0x00, 0x00, 0x00, 0x00, 0x00, 0x00, 0x00, 0xFF, 0xDC,
	0x00, 0x0A, 0xFF, 0xF6, 0xFF, 0xEA, 0x00, 0x00, 0xFF, 0xF8, 0x00, 0x00, 0x00, 0x00, 0x00, 0x12,
	0x00, 0x00, 0x00, 0x0A, 0xFF, 0xE1, 0xFF, 0xDC, 0x00, 0x00, 0x00, 0x00, 0x00, 0x00, 0xFF, 0xE6,
	0x00, 0x00, 0x00, 0x00, 0x00, 0x00, 0x00, 0x14, 0x00, 0x00, 0x00, 0x00, 0x00, 0x1A, 0x00, 0x00,
	0x00, 0x00, 0xFF, 0xDB, 0x00, 0x37, 0xFF, 0xCD, 0x00, 0x3A, 0x00, 0x08, 0x00, 0x00, 0x00, 0x00,
	0x00, 0x00, 0x00, 0x00, 0x00, 0x00, 0x00, 0x00, 0x00, 0x00, 0x00, 0x00, 0x00, 0x00, 0x00, 0x00,
	0xFF, 0xBF, 0x00, 0x00, 0x00, 0x00, 0x00, 0x00, 0xFF, 0xE8, 0x00, 0x00, 0x00, 0x00, 0x00, 0x00,
	0x00, 0x00, 0x00, 0x00, 0x00, 0x00, 0x00, 0x00, 0x00, 0x00, 0xFF, 0xE0, 0x00, 0x00, 0x00, 0x00,
	0x00, 0x00, 0x00, 0x00, 0x00, 0x00, 0x00, 0x00, 0x00, 0x00, 0x00, 0x00, 0x00, 0x00, 0x00, 0x00,
	0x00, 0x00, 0x00, 0x00, 0x00, 0x00, 0x00, 0x00, 0x00, 0x00, 0x00, 0x00, 0x00, 0x00, 0x00, 0x00,
	0x00, 0x00, 0x00, 0x00, 0x00, 0x00, 0x00, 0x00, 0x00, 0x00, 0x00, 0x00, 0x00, 0x00, 0x00, 0x00,
	0x00, 0x00, 0x00, 0x00, 0x00, 0x00, 0x00, 0x00, 0x00, 0x00, 0x00, 0x00, 0x00, 0x00, 0x00, 0x00,
	0x00, 0x00, 0x00, 0x00, 0x00, 0x00, 0x00, 0x00, 0x00, 0x00, 0x00, 0x00, 0x00, 0x00, 0x00, 0x00,
	0x00, 0x00, 0x00, 0x00, 0x00, 0x00, 0x00, 0x00, 0x00, 0x00, 0x00, 0x00, 0x00, 0x00, 0x00, 0x00,
	0x00, 0x00, 0x00, 0x00, 0x00, 0x00, 0x00, 0x00, 0x00, 0x00, 0x00, 0x00, 0x00, 0x00, 0x00, 0x00,
	0x00, 0x00, 0x00, 0x00, 0x00, 0x00, 0x00, 0x00, 0x00, 0x00, 0x00, 0x00, 0x00, 0x00, 0x00, 0x00,
	0x00, 0x00, 0x00, 0x00, 0x00, 0x00, 0x00, 0x00, 0x00, 0x00, 0x00, 0x00, 0x00, 0x00, 0x00, 0x00,
	0x00, 0x00, 0x00, 0x00, 0x00, 0x00, 0x00, 0x00, 0x00, 0x00, 0x00, 0x00, 0x00, 0x00, 0x00, 0x00,
	0x00, 0x00, 0x00, 0x00, 0x00, 0x00, 0x00, 0x00, 0x00, 0x00, 0x00, 0x00, 0x00, 0x00, 0x00, 0x00,
	0x00, 0x00, 0x00, 0x00, 0x00, 0x00, 0x00, 0x00, 0x00, 0x00, 0x00, 0x00, 0x00, 0x00, 0x00, 0x00,
	0x00, 0x00, 0x00, 0x00, 0x00, 0x00, 0x00, 0x00, 0x00, 0x00, 0x00, 0x00, 0x00, 0x00, 0x00, 0x00,
	0x00, 0x00, 0x00, 0x00, 0x00, 0x00, 0x00, 0x00, 0x00, 0x00, 0x00, 0x00, 0x00, 0x00, 0x00, 0x00,
	0x00, 0x00, 0x00, 0x00, 0x00, 0x00, 0x00, 0x00, 0x00, 0x00, 0xFF, 0xFB, 0x00, 0x00, 0x00, 0x00,
	0x00, 0x00, 0x00, 0x00, 0x00, 0x00, 0x00, 0x00, 0x00, 0x00, 0x00, 0x00, 0x00, 0x00, 0x00, 0x00,
	0x00, 0x00, 0x00, 0x00, 0x00, 0x00, 0x00, 0x00, 0x00, 0x00, 0x00, 0x00, 0x00, 0x00, 0x00, 0x00,
	0x00, 0x00, 0x00, 0x00, 0x00, 0x00, 0x00, 0x00, 0x00, 0x00, 0x00, 0x00, 0x00, 0x00, 0x00, 0x00,
	0x00, 0x00, 0x00, 0x00, 0x00, 0x00, 0x00, 0x00, 0x00, 0x00, 0x00, 0x00, 0x00, 0x00, 0x00, 0x00,
	0x00, 0x00, 0x00, 0x00, 0x00, 0x00, 0x00, 0x00, 0x00, 0x00, 0x00, 0x00, 0x00, 0x00, 0x00, 0x00,
	0x00, 0x00, 0x00, 0x00, 0x00, 0x00, 0x00, 0x00, 0x00, 0x00, 0x00, 0x00, 0x00, 0x00, 0x00, 0x00,
	0x00, 0x00, 0x00, 0x00, 0x00, 0x00, 0x00, 0x00, 0x00, 0x00, 0x00, 0x00, 0x00, 0x00, 0x00, 0x00,
	0x00, 0x00, 0x00, 0x00, 0xFF, 0xE8, 0x00, 0x00, 0x00, 0x00, 0x00, 0x00, 0x00, 0x00, 0x00, 0x00,
	0x00, 0x00, 0x00, 0x00, 0x00, 0x00, 0xFF, 0xD9, 0x00, 0x00, 0x00, 0x00, 0x00, 0x00, 0x00, 0x00,
	0x00, 0x00, 0x00, 0x00, 0x00, 0x00, 0x00, 0x00, 0x00, 0x00, 0x00, 0x00, 0xFF, 0xE9, 0xFF, 0xDE,
	0x00, 0x00, 0xFF, 0xFB, 0x00, 0x00, 0x00, 0x00, 0x00, 0x00, 0x00, 0x00, 0x00, 0x00, 0x00, 0x00,
	0x00, 0x00, 0x00, 0x00, 0x00, 0x00, 0x00, 0x00, 0x00, 0x00, 0xFF, 0xEB, 0xFF, 0xF5, 0x00, 0x00,
	0x00, 0x00, 0x00, 0x00, 0x00, 0x00, 0x00, 0x00, 0x00, 0x00, 0xFF, 0xE0, 0x00, 0x00, 0x00, 0x00,
	0xFF, 0xD7, 0xFF, 0xE8, 0xFF, 0xD3, 0x00, 0x0C, 0x00, 0x00, 0xFF, 0xF6, 0x00, 0x00, 0x00, 0x00,
	0x00, 0x00, 0x00, 0x00, 0x00, 0x00, 0x00, 0x00, 0x00, 0x00, 0x00, 0x00, 0x00, 0x00, 0x00, 0x00,
	0x00, 0x00, 0x00, 0x00, 0x00, 0x00, 0x00, 0x00, 0x00, 0x00, 0x00, 0x00, 0xFF, 0xE9, 0x00, 0x00,
	0x00, 0x00, 0x00, 0x00, 0x00, 0x00, 0x00, 0x00, 0x00, 0x00, 0x00, 0x00, 0x00, 0x00, 0x00, 0x00,
	0x00, 0x00, 0x00, 0x00, 0x00, 0x00, 0x00, 0x00, 0x00, 0x00, 0x00, 0x12, 0x00, 0x00, 0xFF, 0xF5,
	0xFF, 0xEA, 0x00, 0x00, 0x00, 0x00, 0x00, 0x00, 0x00, 0x00, 0x00, 0x00, 0xFF, 0xE9, 0x00, 0x00,
	0x00, 0x00, 0x00, 0x00, 0x00, 0x00, 0x00, 0x00, 0x00, 0x00, 0x00, 0x00, 0x00, 0x00, 0x00, 0x00,
	0x00, 0x00, 0x00, 0x00, 0x00, 0x00, 0x00, 0x00, 0x00, 0x00, 0x00, 0x00, 0x00, 0x00, 0x00, 0x00,
	0x00, 0x00, 0xFF, 0xFB, 0x00, 0x00, 0x00, 0x00, 0x00, 0x00, 0x00, 0x00, 0x00, 0x00, 0x00, 0x00,
	0x00, 0x00, 0x00, 0x00, 0x00, 0x00, 0x00, 0x00, 0x00, 0x00, 0x00, 0x00, 0x00, 0x00, 0x00, 0x00,
	0x00, 0x00, 0x00, 0x00, 0x00, 0x00, 0x00, 0x00, 0x00, 0x00, 0x00, 0x00, 0x00, 0x00, 0x00, 0x00,
	0x00, 0x00, 0x00, 0x00, 0x00, 0x00, 0x00, 0x00, 0x00, 0x00, 0x00, 0x00, 0x00, 0x00, 0x00, 0x00,
	0x00, 0x00, 0x00, 0x00, 0x00, 0x00, 0x00, 0x00, 0x00, 0x00, 0x00, 0x00, 0x00, 0x00, 0x00, 0x00,
	0x00, 0x00, 0x00, 0x00, 0x00, 0x00, 0x00, 0x00, 0x00, 0x00, 0x00, 0x00, 0x00, 0x00, 0x00, 0x00,
	0x00, 0x00, 0x00, 0x00, 0x00, 0x00, 0x00, 0x00, 0x00, 0x00, 0x00, 0x00, 0x00, 0x00, 0x00, 0x00,
	0x00, 0x00, 0x00, 0x00, 0x00, 0x00, 0x00, 0x00, 0x00, 0x00, 0x00, 0x00, 0x00, 0x00, 0x00, 0x00,
	0x00, 0x00, 0x00, 0x00, 0x00, 0x00, 0xFF, 0xF1, 0x00, 0x00, 0x00, 0x00, 0x00, 0x00, 0x00, 0x00,
	0x00, 0x00, 0x00, 0x00, 0x00, 0x00, 0x00, 0x00, 0x00, 0x00, 0x00, 0x00, 0x00, 0x00, 0x00, 0x00,
	0x00, 0x00, 0x00, 0x00, 0x00, 0x00, 0x00, 0x00, 0xFF, 0xCE, 0x00, 0x00, 0x00, 0x00, 0x00, 0x00,
	0x00, 0x00, 0x00, 0x00, 0x00, 0x00, 0x00, 0x00, 0x00, 0x00, 0x00, 0x00, 0x00, 0x00, 0x00, 0x00,
	0x00, 0x00, 0x00, 0x00, 0x00, 0x00, 0x00, 0x00, 0x00, 0x00, 0x00, 0x00, 0x00, 0x00, 0x00, 0x00,
	0x00, 0x00, 0x00, 0x00, 0x00, 0x00, 0x00, 0x00, 0x00, 0x00, 0x00, 0x00, 0x00, 0x00, 0x00, 0x00,
	0x00, 0x00, 0x00, 0x00, 0x00, 0x00, 0x00, 0x00, 0x00, 0x00, 0x00, 0x00, 0x00, 0x00, 0x00, 0x00,
	0x00, 0x00, 0x00, 0x00, 0x00, 0x00, 0x00, 0x00, 0x00, 0x00, 0x00, 0x00, 0xFF, 0xF8, 0x00, 0x00,
	0x00, 0x00, 0x00, 0x00, 0x00, 0x00, 0x00, 0x00, 0x00, 0x00, 0x00, 0x00, 0x00, 0x00, 0x00, 0x00,
	0x00, 0x00, 0x00, 0x00, 0xFF, 0xF6, 0x00, 0x00, 0x00, 0x00, 0xFF, 0xF8, 0x00, 0x00, 0xFF, 0xE4,
	0x00, 0x00, 0x00, 0x00, 0x00, 0x00, 0x00, 0x00, 0x00, 0x00, 0x00, 0x00, 0x00, 0x00, 0x00, 0x00,
	0x00, 0x00, 0x00, 0x00, 0x00, 0x00, 0x00, 0x00, 0x00, 0x00, 0x00, 0x00, 0x00, 0x00, 0x00, 0x00,
	0x00, 0x00, 0x00, 0x00, 0x00, 0x00, 0x00, 0x00, 0x00, 0x00, 0x00, 0x00, 0x00, 0x00, 0x00, 0x00,
	0x00, 0x00, 0xFF, 0xEC, 0x00, 0x00, 0xFF, 0xF1, 0x00, 0x14, 0x00, 0x00, 0x00, 0x00, 0x00, 0x00,
	0x00, 0x00, 0x00, 0x00, 0x00, 0x00, 0x00, 0x00, 0x00, 0x00, 0x00, 0x00, 0x00, 0x00, 0xFF, 0xF1,
	0x00, 0x00, 0x00, 0x00, 0x00, 0x00, 0x00, 0x00, 0x00, 0x00, 0x00, 0x00, 0x00, 0x00, 0x00, 0x00,
	0x00, 0x00, 0x00, 0x00, 0xFF, 0xF5, 0x00, 0x00, 0x00, 0x00, 0x00, 0x00, 0x00, 0x00, 0x00, 0x00,
	0x00, 0x00, 0x00, 0x00, 0x00, 0x00, 0x00, 0x00, 0x00, 0x00, 0x00, 0x00, 0x00, 0x00, 0x00, 0x00,
	0x00, 0x00, 0x00, 0x00, 0x00, 0x00, 0x00, 0x00, 0xFF, 0xF5, 0x00, 0x00, 0x00, 0x00, 0x00, 0x00,
	0xFF, 0xF5, 0x00, 0x00, 0x00, 0x00, 0x00, 0x00, 0x00, 0x00, 0x00, 0x00, 0x00, 0x00, 0x00, 0x00,
	0x00, 0x00, 0x00, 0x00, 0x00, 0x00, 0x00, 0x00, 0x00, 0x00, 0x00, 0x00, 0x00, 0x00, 0x00, 0x00,
	0x00, 0x00, 0xFF, 0xF8, 0x00, 0x00, 0x00, 0x00, 0x00, 0x00, 0x00, 0x00, 0x00, 0x00, 0x00, 0x00,
	0xFF, 0xF3, 0x00, 0x00, 0x00, 0x00, 0x00, 0x00, 0x00, 0x00, 0x00, 0x00, 0x00, 0x00, 0x00, 0x00,
	0x00, 0x00, 0x00, 0x00, 0x00, 0x00, 0x00, 0x00, 0x00, 0x00, 0x00, 0x00, 0x00, 0x00, 0x00, 0x00,
	0x00, 0x00, 0x00, 0x00, 0x00, 0x00, 0x00, 0x00, 0x00, 0x00, 0x00, 0x00, 0x00, 0x00, 0x00, 0x00,
	0x00, 0x00, 0x00, 0x00, 0x00, 0x00, 0x00, 0x00, 0x00, 0x00, 0x00, 0x00, 0x00, 0x00, 0x00, 0x00,
	0x00, 0x00, 0x00, 0x00, 0x00, 0x00, 0x00, 0x02, 0x00, 0x3F, 0x00, 0x01, 0x00, 0x12, 0x00, 0x00,
	0x00, 0x14, 0x00, 0x29, 0x00, 0x12, 0x00, 0x2B, 0x00, 0x46, 0x00, 0x28, 0x00, 0x4A, 0x00, 0x4F,
	0x00, 0x44, 0x00, 0x51, 0x00, 0x5F, 0x00, 0x4A, 0x00, 0x61, 0x00, 0x6C, 0x00, 0x59, 0x00, 0x6E,
	0x00, 0x72, 0x00, 0x65, 0x00, 0x74, 0x00, 0x76, 0x00, 0x6A, 0x00, 0x78, 0x00, 0x7E, 0x00, 0x6D,
	0x00, 0x80, 0x00, 0xAB, 0x00, 0x74, 0x00, 0xAD, 0x00, 0xCB, 0x00, 0xA0, 0x00, 0xCD, 0x00, 0xE1,
	0x00, 0xBF, 0x00, 0xE4, 0x00, 0xEF, 0x00, 0xD4, 0x00, 0xF1, 0x01, 0x01, 0x00, 0xE0, 0x01, 0x03,
	0x01, 0x1D, 0x00, 0xF1, 0x01, 0x20, 0x01, 0x20, 0x01, 0x0C, 0x01, 0x22, 0x01, 0x22, 0x01, 0x0D,
	0x01, 0x29, 0x01, 0x50, 0x01, 0x0E, 0x01, 0x52, 0x01, 0x53, 0x01, 0x36, 0x01, 0x56, 0x01, 0x5F,
	0x01, 0x38, 0x01, 0x62, 0x01, 0x6A, 0x01, 0x42, 0x01, 0x6C, 0x01, 0x89, 0x01, 0x4B, 0x01, 0x8B,
	0x01, 0x91, 0x01, 0x69, 0x01, 0x93, 0x01, 0x96, 0x01, 0x70, 0x01, 0x98, 0x01, 0xA9, 0x01, 0x74,
	0x01, 0xAC, 0x01, 0xB9, 0x01, 0x86, 0x01, 0xBB, 0x01, 0xC2, 0x01, 0x94, 0x01, 0xC5, 0x01, 0xCC,
	0x01, 0x9C, 0x01, 0xCE, 0x01, 0xDC, 0x01, 0xA4, 0x01, 0xDE, 0x01, 0xDE, 0x01, 0xB3, 0x01, 0xE0,
	0x01, 0xEF, 0x01, 0xB4, 0x01, 0xF1, 0x01, 0xF2, 0x01, 0xC4, 0x01, 0xF4, 0x01, 0xF9, 0x01, 0xC6,
	0x01, 0xFB, 0x02, 0x02, 0x01, 0xCC, 0x02, 0x05, 0x02, 0x0B, 0x01, 0xD4, 0x02, 0x0D, 0x02, 0x0D,
	0x01, 0xDB, 0x02, 0x11, 0x02, 0x27, 0x01, 0xDC, 0x02, 0x29, 0x02, 0x37, 0x01, 0xF3, 0x02, 0x39,
	0x02, 0x39, 0x02, 0x02, 0x02, 0x3B, 0x02, 0x49, 0x02, 0x03, 0x02, 0x4B, 0x02, 0x55, 0x02, 0x12,
	0x02, 0x58, 0x02, 0x63, 0x02, 0x1D, 0x02, 0xCE, 0x02, 0xCF, 0x02, 0x29, 0x02, 0xD2, 0x02, 0xD2,
	0x02, 0x2B, 0x02, 0xD7, 0x02, 0xD8, 0x02, 0x2C, 0x02, 0xE4, 0x02, 0xE4, 0x02, 0x2E, 0x02, 0xEA,
	0x02, 0xEB, 0x02, 0x2F, 0x02, 0xED, 0x02, 0xEF, 0x02, 0x31, 0x02, 0xF2, 0x02, 0xF2, 0x02, 0x34,
	0x03, 0x00, 0x03, 0x01, 0x02, 0x35, 0x03, 0x07, 0x03, 0x07, 0x02, 0x37, 0x03, 0x09, 0x03, 0x09,
	0x02, 0x38, 0x03, 0x10, 0x03, 0x11, 0x02, 0x39, 0x03, 0x17, 0x03, 0x17, 0x02, 0x3B, 0x03, 0x19,
	0x03, 0x19, 0x02, 0x3C, 0x03, 0x1C, 0x03, 0x1C, 0x02, 0x3D, 0x03, 0x1E, 0x03, 0x1E, 0x02, 0x3E,
	0x03, 0x20, 0x03, 0x21, 0x02, 0x3F, 0x03, 0x2A, 0x03, 0x2A, 0x02, 0x41, 0x03, 0x33, 0x03, 0x33,
	0x02, 0x42, 0x03, 0x35, 0x03, 0x35, 0x02, 0x43, 0x03, 0x39, 0x03, 0x3A, 0x02, 0x44, 0x03, 0x3D,
	0x03, 0x3D, 0x02, 0x46, 0x00, 0x01, 0x00, 0x01, 0x03, 0x3D, 0x00, 0x0B, 0x00, 0x0B, 0x00, 0x0B,
	0x00, 0x0B, 0x00, 0x0B, 0x00, 0x0B, 0x00, 0x0B, 0x00, 0x0A, 0x00, 0x18, 0x00, 0x23, 0x00, 0x23,
	0x00, 0x04, 0x00, 0x04, 0x00, 0x0A, 0x00, 0x0A, 0x00, 0x0A, 0x00, 0x0A, 0x00, 0x0A, 0x00, 0x00,
	0x00, 0x1D, 0x00, 0x01, 0x00, 0x01, 0x00, 0x07, 0x00, 0x01, 0x00, 0x01, 0x00, 0x01, 0x00, 0x01,
	0x00, 0x07, 0x00, 0x35, 0x00, 0x2C, 0x00, 0x01, 0x00, 0x01, 0x00, 0x01, 0x00, 0x04, 0x00, 0x04,
	0x00, 0x04, 0x00, 0x04, 0x00, 0x04, 0x00, 0x04, 0x00, 0x04, 0x00, 0x3D, 0x00, 0x00, 0x00, 0x04,
	0x00, 0x30, 0x00, 0x2A, 0x00, 0x2D, 0x00, 0x07, 0x00, 0x07, 0x00, 0x07, 0x00, 0x07, 0x00, 0x07,
	0x00, 0x17, 0x00, 0x17, 0x00, 0x21, 0x00, 0x2F, 0x00, 0x2F, 0x00, 0x1C, 0x00, 0x0C, 0x00, 0x0C,
	0x00, 0x0C, 0x00, 0x0C, 0x00, 0x0C, 0x00, 0x0C, 0x00, 0x0C, 0x00, 0x0A, 0x00, 0x10, 0x00, 0x10,
	0x00, 0x10, 0x00, 0x10, 0x00, 0x10, 0x00, 0x00, 0x00, 0x00, 0x00, 0x00, 0x00, 0x1D, 0x00, 0x1F,
	0x00, 0x1F, 0x00, 0x1F, 0x00, 0x1F, 0x00, 0x1F, 0x00, 0x00, 0x00, 0x2B, 0x00, 0x2B, 0x00, 0x2B,
	0x00, 0x04, 0x00, 0x2E, 0x00, 0x01, 0x00, 0x01, 0x00, 0x01, 0x00, 0x01, 0x00, 0x01, 0x00, 0x07,
	0x00, 0x07, 0x00, 0x07, 0x00, 0x1C, 0x00, 0x03, 0x00, 0x00, 0x00, 0x03, 0x00, 0x03, 0x00, 0x03,
	0x00, 0x03, 0x00, 0x03, 0x00, 0x03, 0x00, 0x03, 0x00, 0x06, 0x00, 0x05, 0x00, 0x27, 0x00, 0x27,
	0x00, 0x0D, 0x00, 0x00, 0x00, 0x06, 0x00, 0x06, 0x00, 0x06, 0x00, 0x06, 0x00, 0x06, 0x00, 0x00,
	0x00, 0x00, 0x00, 0x03, 0x00, 0x0D, 0x00, 0x00, 0x00, 0x0D, 0x00, 0x0D, 0x00, 0x0D, 0x00, 0x0D,
	0x00, 0x0D, 0x00, 0x00, 0x00, 0x00, 0x00, 0x00, 0x00, 0x37, 0x00, 0x0D, 0x00, 0x03, 0x00, 0x03,
	0x00, 0x03, 0x00, 0x05, 0x00, 0x05, 0x00, 0x05, 0x00, 0x05, 0x00, 0x05, 0x00, 0x05, 0x00, 0x05,
	0x00, 0x05, 0x00, 0x05, 0x00, 0x00, 0x00, 0x29, 0x00, 0x25, 0x00, 0x05, 0x00, 0x19, 0x00, 0x00,
	0x00, 0x00, 0x00, 0x00, 0x00, 0x00, 0x00, 0x00, 0x00, 0x12, 0x00, 0x12, 0x00, 0x1A, 0x00, 0x12,
	0x00, 0x12, 0x00, 0x12, 0x00, 0x16, 0x00, 0x00, 0x00, 0x00, 0x00, 0x00, 0x00, 0x00, 0x00, 0x00,
	0x00, 0x00, 0x00, 0x00, 0x00, 0x06, 0x00, 0x06, 0x00, 0x06, 0x00, 0x06, 0x00, 0x06, 0x00, 0x06,
	0x00, 0x00, 0x00, 0x3B, 0x00, 0x19, 0x00, 0x42, 0x00, 0x00, 0x00, 0x00, 0x00, 0x00, 0x00, 0x16,
	0x00, 0x00, 0x00, 0x0D, 0x00, 0x00, 0x00, 0x3B, 0x00, 0x09, 0x00, 0x09, 0x00, 0x0E, 0x00, 0x0E,
	0x00, 0x0E, 0x00, 0x0E, 0x00, 0x0E, 0x00, 0x0E, 0x00, 0x0E, 0x00, 0x0F, 0x00, 0x36, 0x00, 0x38,
	0x00, 0x38, 0x00, 0x08, 0x00, 0x08, 0x00, 0x0F, 0x00, 0x0F, 0x00, 0x0F, 0x00, 0x0F, 0x00, 0x0F,
	0x00, 0x00, 0x00, 0x20, 0x00, 0x02, 0x00, 0x02, 0x00, 0x02, 0x00, 0x02, 0x00, 0x02, 0x00, 0x02,
	0x00, 0x02, 0x00, 0x09, 0x00, 0x3C, 0x00, 0x14, 0x00, 0x02, 0x00, 0x02, 0x00, 0x02, 0x00, 0x08,
	0x00, 0x08, 0x00, 0x08, 0x00, 0x08, 0x00, 0x08, 0x00, 0x08, 0x00, 0x08, 0x00, 0x00, 0x00, 0x00,
	0x00, 0x08, 0x00, 0x31, 0x00, 0x32, 0x00, 0x36, 0x00, 0x15, 0x00, 0x09, 0x00, 0x09, 0x00, 0x09,
	0x00, 0x09, 0x00, 0x09, 0x00, 0x24, 0x00, 0x24, 0x00, 0x00, 0x00, 0x33, 0x00, 0x33, 0x00, 0x33,
	0x00, 0x1B, 0x00, 0x11, 0x00, 0x11, 0x00, 0x11, 0x00, 0x11, 0x00, 0x11, 0x00, 0x11, 0x00, 0x11,
	0x00, 0x0F, 0x00, 0x13, 0x00, 0x13, 0x00, 0x13, 0x00, 0x13, 0x00, 0x13, 0x00, 0x00, 0x00, 0x20,
	0x00, 0x1E, 0x00, 0x1E, 0x00, 0x1E, 0x00, 0x1E, 0x00, 0x1E, 0x00, 0x02, 0x00, 0x14, 0x00, 0x28,
	0x00, 0x28, 0x00, 0x28, 0x00, 0x08, 0x00, 0x15, 0x00, 0x02, 0x00, 0x02, 0x00, 0x02, 0x00, 0x02,
	0x00, 0x02, 0x00, 0x09, 0x00, 0x02, 0x00, 0x02, 0x00, 0x02, 0x00, 0x1B, 0x00, 0x02, 0x00, 0x14,
	0x00, 0x1E, 0x00, 0x14, 0x00, 0x00, 0x00, 0x00, 0x00, 0x0B, 0x00, 0x00, 0x00, 0x18, 0x00, 0x00,
	0x00, 0x00, 0x00, 0x00, 0x00, 0x00, 0x00, 0x00, 0x00, 0x00, 0x00, 0x26, 0x00, 0x0A, 0x00, 0x0A,
	0x00, 0x0A, 0x00, 0x21, 0x00, 0x18, 0x00, 0x01, 0x00, 0x01, 0x00, 0x01, 0x00, 0x26, 0x00, 0x21,
	0x00, 0x21, 0x00, 0x01, 0x00, 0x01, 0x00, 0x01, 0x00, 0x04, 0x00, 0x01, 0x00, 0x3D, 0x00, 0x23,
	0x00, 0x2D, 0x00, 0x17, 0x00, 0x17, 0x00, 0x04, 0x00, 0x21, 0x00, 0x01, 0x00, 0x26, 0x00, 0x01,
	0x00, 0x26, 0x00, 0x01, 0x00, 0x3A, 0x00, 0x01, 0x00, 0x3A, 0x00, 0x3A, 0x00, 0x3A, 0x00, 0x2A,
	0x00, 0x23, 0x00, 0x04, 0x00, 0x01, 0x00, 0x01, 0x00, 0x07, 0x00, 0x00, 0x00, 0x04, 0x00, 0x01,
	0x00, 0x00, 0x00, 0x00, 0x00, 0x21, 0x00, 0x04, 0x00, 0x17, 0x00, 0x21, 0x00, 0x18, 0x00, 0x21,
	0x00, 0x21, 0x00, 0x35, 0x00, 0x21, 0x00, 0x26, 0x00, 0x00, 0x00, 0x00, 0x00, 0x04, 0x00, 0x23,
	0x00, 0x2D, 0x00, 0x2F, 0x00, 0x2F, 0x00, 0x21, 0x00, 0x26, 0x00, 0x26, 0x00, 0x01, 0x00, 0x00,
	0x00, 0x04, 0x00, 0x04, 0x00, 0x01, 0x00, 0x21, 0x00, 0x35, 0x00, 0x26, 0x00, 0x01, 0x00, 0x26,
	0x00, 0x01, 0x00, 0x26, 0x00, 0x0B, 0x00, 0x0B, 0x00, 0x0A, 0x00, 0x0A, 0x00, 0x04, 0x00, 0x04,
	0x00, 0x21, 0x00, 0x18, 0x00, 0x18, 0x00, 0x01, 0x00, 0x01, 0x00, 0x04, 0x00, 0x04, 0x00, 0x04,
	0x00, 0x04, 0x00, 0x17, 0x00, 0x17, 0x00, 0x17, 0x00, 0x01, 0x00, 0x01, 0x00, 0x00, 0x00, 0x21,
	0x00, 0x21, 0x00, 0x3A, 0x00, 0x3D, 0x00, 0x26, 0x00, 0x0B, 0x00, 0x04, 0x00, 0x00, 0x00, 0x18,
	0x00, 0x23, 0x00, 0x23, 0x00, 0x0C, 0x00, 0x00, 0x00, 0x10, 0x00, 0x10, 0x00, 0x10, 0x00, 0x01,
	0x00, 0x01, 0x00, 0x26, 0x00, 0x01, 0x00, 0x0C, 0x00, 0x3D, 0x00, 0x2E, 0x00, 0x07, 0x00, 0x07,
	0x00, 0x04, 0x00, 0x3A, 0x00, 0x01, 0x00, 0x3A, 0x00, 0x3A, 0x00, 0x3A, 0x00, 0x00, 0x00, 0x00,
	0x00, 0x2E, 0x00, 0x26, 0x00, 0x0C, 0x00, 0x0C, 0x00, 0x0A, 0x00, 0x10, 0x00, 0x04, 0x00, 0x04,
	0x00, 0x01, 0x00, 0x01, 0x00, 0x07, 0x00, 0x07, 0x00, 0x07, 0x00, 0x01, 0x00, 0x00, 0x00, 0x00,
	0x00, 0x05, 0x00, 0x40, 0x00, 0x41, 0x00, 0x41, 0x00, 0x41, 0x00, 0x41, 0x00, 0x41, 0x00, 0x00,
	0x00, 0x00, 0x00, 0x06, 0x00, 0x06, 0x00, 0x06, 0x00, 0x1A, 0x00, 0x40, 0x00, 0x00, 0x00, 0x00,
	0x00, 0x00, 0x00, 0x00, 0x00, 0x1A, 0x00, 0x1A, 0x00, 0x00, 0x00, 0x00, 0x00, 0x00, 0x00, 0x05,
	0x00, 0x00, 0x00, 0x05, 0x00, 0x27, 0x00, 0x41, 0x00, 0x12, 0x00, 0x12, 0x00, 0x05, 0x00, 0x1A,
	0x00, 0x00, 0x00, 0x00, 0x00, 0x00, 0x00, 0x00, 0x00, 0x00, 0x00, 0x39, 0x00, 0x00, 0x00, 0x39,
	0x00, 0x39, 0x00, 0x39, 0x00, 0x25, 0x00, 0x27, 0x00, 0x05, 0x00, 0x00, 0x00, 0x00, 0x00, 0x00,
	0x00, 0x03, 0x00, 0x05, 0x00, 0x00, 0x00, 0x00, 0x00, 0x00, 0x00, 0x1A, 0x00, 0x05, 0x00, 0x00,
	0x00, 0x1A, 0x00, 0x40, 0x00, 0x1A, 0x00, 0x1A, 0x00, 0x37, 0x00, 0x1A, 0x00, 0x00, 0x00, 0x41,
	0x00, 0x00, 0x00, 0x05, 0x00, 0x27, 0x00, 0x29, 0x00, 0x12, 0x00, 0x12, 0x00, 0x1A, 0x00, 0x00,
	0x00, 0x00, 0x00, 0x00, 0x00, 0x03, 0x00, 0x06, 0x00, 0x06, 0x00, 0x0D, 0x00, 0x1A, 0x00, 0x1A,
	0x00, 0x00, 0x00, 0x00, 0x00, 0x00, 0x00, 0x00, 0x00, 0x00, 0x00, 0x03, 0x00, 0x03, 0x00, 0x06,
	0x00, 0x06, 0x00, 0x05, 0x00, 0x05, 0x00, 0x1A, 0x00, 0x40, 0x00, 0x40, 0x00, 0x00, 0x00, 0x00,
	0x00, 0x05, 0x00, 0x05, 0x00, 0x05, 0x00, 0x05, 0x00, 0x12, 0x00, 0x12, 0x00, 0x12, 0x00, 0x00,
	0x00, 0x00, 0x00, 0x29, 0x00, 0x1A, 0x00, 0x1A, 0x00, 0x00, 0x00, 0x05, 0x00, 0x18, 0x00, 0x25,
	0x00, 0x00, 0x00, 0x1A, 0x00, 0x40, 0x00, 0x00, 0x00, 0x00, 0x00, 0x00, 0x00, 0x37, 0x00, 0x00,
	0x00, 0x03, 0x00, 0x03, 0x00, 0x03, 0x00, 0x00, 0x00, 0x00, 0x00, 0x00, 0x00, 0x00, 0x00, 0x39,
	0x00, 0x39, 0x00, 0x05, 0x00, 0x41, 0x00, 0x40, 0x00, 0x27, 0x00, 0x29, 0x00, 0x05, 0x00, 0x00,
	0x00, 0x00, 0x00, 0x06, 0x00, 0x06, 0x00, 0x06, 0x00, 0x00, 0x00, 0x00, 0x00, 0x00, 0x00, 0x00,
	0x00, 0x03, 0x00, 0x05, 0x00, 0x03, 0x00, 0x00, 0x00, 0x00, 0x00, 0x39, 0x00, 0x00, 0x00, 0x39,
	0x00, 0x39, 0x00, 0x39, 0x00, 0x00, 0x00, 0x00, 0x00, 0x00, 0x00, 0x00, 0x00, 0x06, 0x00, 0x06,
	0x00, 0x05, 0x00, 0x05, 0x00, 0x00, 0x00, 0x00, 0x00, 0x00, 0x00, 0x00, 0x00, 0x00, 0x00, 0x00,
	0x00, 0x00, 0x00, 0x00, 0x00, 0x00, 0x00, 0x00, 0x00, 0x00, 0x00, 0x00, 0x00, 0x00, 0x00, 0x00,
	0x00, 0x00, 0x00, 0x00, 0x00, 0x00, 0x00, 0x00, 0x00, 0x00, 0x00, 0x00, 0x00, 0x00, 0x00, 0x00,
	0x00, 0x00, 0x00, 0x00, 0x00, 0x00, 0x00, 0x00, 0x00, 0x00, 0x00, 0x00, 0x00, 0x00, 0x00, 0x00,
	0x00, 0x00, 0x00, 0x00, 0x00, 0x00, 0x00, 0x00, 0x00, 0x00, 0x00, 0x00, 0x00, 0x00, 0x00, 0x00,
	0x00, 0x00, 0x00, 0x00, 0x00, 0x00, 0x00, 0x00, 0x00, 0x00, 0x00, 0x00, 0x00, 0x00, 0x00, 0x00,
	0x00, 0x00, 0x00, 0x00, 0x00, 0x00, 0x00, 0x00, 0x00, 0x00, 0x00, 0x00, 0x00, 0x00, 0x00, 0x00,
	0x00, 0x00, 0x00, 0x00, 0x00, 0x00, 0x00, 0x00, 0x00, 0x00, 0x00, 0x00, 0x00, 0x00, 0x00, 0x00,
	0x00, 0x00, 0x00, 0x00, 0x00, 0x00, 0x00, 0x00, 0x00, 0x00, 0x00, 0x00, 0x00, 0x00, 0x00, 0x00,
	0x00, 0x00, 0x00, 0x00, 0x00, 0x00, 0x00, 0x00, 0x00, 0x00, 0x00, 0x00, 0x00, 0x00, 0x00, 0x00,
	0x00, 0x00, 0x00, 0x00, 0x00, 0x00, 0x00, 0x00, 0x00, 0x00, 0x00, 0x00, 0x00, 0x00, 0x00, 0x00,
	0x00, 0x00, 0x00, 0x00, 0x00, 0x00, 0x00, 0x00, 0x00, 0x00, 0x00, 0x00, 0x00, 0x00, 0x00, 0x00,
	0x00, 0x00, 0x00, 0x00, 0x00, 0x00, 0x00, 0x00, 0x00, 0x00, 0x00, 0x00, 0x00, 0x00, 0x00, 0x00,
	0x00, 0x00, 0x00, 0x00, 0x00, 0x00, 0x00, 0x00, 0x00, 0x00, 0x00, 0x00, 0x00, 0x00, 0x00, 0x00,
	0x00, 0x00, 0x00, 0x00, 0x00, 0x3F, 0x00, 0x3F, 0x00, 0x00, 0x00, 0x00, 0x00, 0x3F, 0x00, 0x00,
	0x00, 0x00, 0x00, 0x00, 0x00, 0x00, 0x00, 0x22, 0x00, 0x22, 0x00, 0x00, 0x00, 0x00, 0x00, 0x00,
	0x00, 0x00, 0x00, 0x00, 0x00, 0x00, 0x00, 0x00, 0x00, 0x00, 0x00, 0x00, 0x00, 0x00, 0x00, 0x00,
	0x00, 0x3F, 0x00, 0x00, 0x00, 0x00, 0x00, 0x00, 0x00, 0x00, 0x00, 0x00, 0x00, 0x22, 0x00, 0x22,
	0x00, 0x00, 0x00, 0x22, 0x00, 0x22, 0x00, 0x22, 0x00, 0x00, 0x00, 0x00, 0x00, 0x22, 0x00, 0x00,
	0x00, 0x00, 0x00, 0x00, 0x00, 0x00, 0x00, 0x00, 0x00, 0x00, 0x00, 0x00, 0x00, 0x00, 0x00, 0x00,
	0x00, 0x00, 0x00, 0x00, 0x00, 0x00, 0x00, 0x00, 0x00, 0x3F, 0x00, 0x3F, 0x00, 0x00, 0x00, 0x00,
	0x00, 0x00, 0x00, 0x00, 0x00, 0x00, 0x00, 0x22, 0x00, 0x00, 0x00, 0x22, 0x00, 0x00, 0x00, 0x00,
	0x00, 0x00, 0x00, 0x00, 0x00, 0x00, 0x00, 0x00, 0x00, 0x3F, 0x00, 0x3F, 0x00, 0x00, 0x00, 0x00,
	0x00, 0x00, 0x00, 0x00, 0x00, 0x00, 0x00, 0x22, 0x00, 0x00, 0x00, 0x22, 0x00, 0x00, 0x00, 0x00,
	0x00, 0x34, 0x00, 0x00, 0x00, 0x43, 0x00, 0x00, 0x00, 0x34, 0x00, 0x34, 0x00, 0x00, 0x00, 0x00,
	0x00, 0x00, 0x00, 0x00, 0x00, 0x00, 0x00, 0x00, 0x00, 0x00, 0x00, 0x00, 0x00, 0x34, 0x00, 0x00,
	0x00, 0x00, 0x00, 0x00, 0x00, 0x00, 0x00, 0x00, 0x00, 0x00, 0x00, 0x00, 0x00, 0x00, 0x00, 0x22,
	0x00, 0x00, 0x00, 0x22, 0x00, 0x00, 0x00, 0x00, 0x00, 0x00, 0x00, 0x22, 0x00, 0x22, 0x00, 0x00,
	0x00, 0x00, 0x00, 0x3E, 0x00, 0x01, 0x00, 0x01, 0x03, 0x3F, 0x00, 0x0B, 0x00, 0x0B, 0x00, 0x0B,
	0x00, 0x0B, 0x00, 0x0B, 0x00, 0x0B, 0x00, 0x0B, 0x00, 0x0B, 0x00, 0x01, 0x00, 0x04, 0x00, 0x04,
	0x00, 0x01, 0x00, 0x01, 0x00, 0x01, 0x00, 0x01, 0x00, 0x01, 0x00, 0x01, 0x00, 0x01, 0x00, 0x01,
	0x00, 0x04, 0x00, 0x01, 0x00, 0x01, 0x00, 0x01, 0x00, 0x01, 0x00, 0x01, 0x00, 0x01, 0x00, 0x01,
	0x00, 0x36, 0x00, 0x01, 0x00, 0x01, 0x00, 0x01, 0x00, 0x01, 0x00, 0x01, 0x00, 0x04, 0x00, 0x04,
	0x00, 0x04, 0x00, 0x04, 0x00, 0x04, 0x00, 0x04, 0x00, 0x04, 0x00, 0x01, 0x00, 0x01, 0x00, 0x04,
	0x00, 0x01, 0x00, 0x23, 0x00, 0x14, 0x00, 0x08, 0x00, 0x08, 0x00, 0x08, 0x00, 0x08, 0x00, 0x08,
	0x00, 0x19, 0x00, 0x19, 0x00, 0x17, 0x00, 0x25, 0x00, 0x25, 0x00, 0x21, 0x00, 0x0E, 0x00, 0x0E,
	0x00, 0x0E, 0x00, 0x0E, 0x00, 0x0E, 0x00, 0x0E, 0x00, 0x0E, 0x00, 0x0E, 0x00, 0x10, 0x00, 0x10,
	0x00, 0x10, 0x00, 0x10, 0x00, 0x10, 0x00, 0x00, 0x00, 0x00, 0x00, 0x0E, 0x00, 0x04, 0x00, 0x15,
	0x00, 0x15, 0x00, 0x15, 0x00, 0x15, 0x00, 0x15, 0x00, 0x37, 0x00, 0x01, 0x00, 0x01, 0x00, 0x01,
	0x00, 0x04, 0x00, 0x24, 0x00, 0x08, 0x00, 0x08, 0x00, 0x08, 0x00, 0x08, 0x00, 0x08, 0x00, 0x08,
	0x00, 0x1B, 0x00, 0x1B, 0x00, 0x21, 0x00, 0x14, 0x00, 0x15, 0x00, 0x0C, 0x00, 0x0C, 0x00, 0x0C,
	0x00, 0x0C, 0x00, 0x0C, 0x00, 0x0C, 0x00, 0x0C, 0x00, 0x0C, 0x00, 0x05, 0x00, 0x02, 0x00, 0x02,
	0x00, 0x02, 0x00, 0x02, 0x00, 0x02, 0x00, 0x02, 0x00, 0x02, 0x00, 0x02, 0x00, 0x02, 0x00, 0x39,
	0x00, 0x02, 0x00, 0x05, 0x00, 0x05, 0x00, 0x00, 0x00, 0x05, 0x00, 0x05, 0x00, 0x05, 0x00, 0x05,
	0x00, 0x05, 0x00, 0x05, 0x00, 0x1A, 0x00, 0x00, 0x00, 0x05, 0x00, 0x05, 0x00, 0x06, 0x00, 0x06,
	0x00, 0x06, 0x00, 0x02, 0x00, 0x02, 0x00, 0x02, 0x00, 0x02, 0x00, 0x02, 0x00, 0x02, 0x00, 0x02,
	0x00, 0x06, 0x00, 0x05, 0x00, 0x02, 0x00, 0x06, 0x00, 0x1D, 0x00, 0x05, 0x00, 0x1E, 0x00, 0x07,
	0x00, 0x07, 0x00, 0x07, 0x00, 0x07, 0x00, 0x07, 0x00, 0x12, 0x00, 0x12, 0x00, 0x26, 0x00, 0x28,
	0x00, 0x28, 0x00, 0x28, 0x00, 0x22, 0x00, 0x02, 0x00, 0x02, 0x00, 0x02, 0x00, 0x02, 0x00, 0x02,
	0x00, 0x02, 0x00, 0x02, 0x00, 0x0C, 0x00, 0x02, 0x00, 0x02, 0x00, 0x02, 0x00, 0x02, 0x00, 0x02,
	0x00, 0x05, 0x00, 0x05, 0x00, 0x05, 0x00, 0x07, 0x00, 0x07, 0x00, 0x07, 0x00, 0x07, 0x00, 0x22,
	0x00, 0x1E, 0x00, 0x1E, 0x00, 0x39, 0x00, 0x1E, 0x00, 0x03, 0x00, 0x03, 0x00, 0x0F, 0x00, 0x0F,
	0x00, 0x0F, 0x00, 0x0F, 0x00, 0x0F, 0x00, 0x0F, 0x00, 0x0F, 0x00, 0x0F, 0x00, 0x03, 0x00, 0x0A,
	0x00, 0x0A, 0x00, 0x03, 0x00, 0x03, 0x00, 0x03, 0x00, 0x03, 0x00, 0x03, 0x00, 0x03, 0x00, 0x03,
	0x00, 0x03, 0x00, 0x0A, 0x00, 0x03, 0x00, 0x03, 0x00, 0x03, 0x00, 0x03, 0x00, 0x03, 0x00, 0x03,
	0x00, 0x03, 0x00, 0x34, 0x00, 0x03, 0x00, 0x03, 0x00, 0x03, 0x00, 0x03, 0x00, 0x03, 0x00, 0x0A,
	0x00, 0x0A, 0x00, 0x0A, 0x00, 0x0A, 0x00, 0x0A, 0x00, 0x0A, 0x00, 0x0A, 0x00, 0x03, 0x00, 0x03,
	0x00, 0x0A, 0x00, 0x03, 0x00, 0x27, 0x00, 0x0D, 0x00, 0x13, 0x00, 0x09, 0x00, 0x09, 0x00, 0x09,
	0x00, 0x09, 0x00, 0x09, 0x00, 0x1C, 0x00, 0x1C, 0x00, 0x41, 0x00, 0x29, 0x00, 0x29, 0x00, 0x29,
	0x00, 0x1F, 0x00, 0x0D, 0x00, 0x0D, 0x00, 0x0D, 0x00, 0x0D, 0x00, 0x0D, 0x00, 0x0D, 0x00, 0x0D,
	0x00, 0x0D, 0x00, 0x11, 0x00, 0x11, 0x00, 0x11, 0x00, 0x11, 0x00, 0x11, 0x00, 0x0D, 0x00, 0x0A,
	0x00, 0x18, 0x00, 0x18, 0x00, 0x18, 0x00, 0x18, 0x00, 0x18, 0x00, 0x3F, 0x00, 0x03, 0x00, 0x03,
	0x00, 0x03, 0x00, 0x03, 0x00, 0x0A, 0x00, 0x13, 0x00, 0x09, 0x00, 0x09, 0x00, 0x09, 0x00, 0x09,
	0x00, 0x09, 0x00, 0x09, 0x00, 0x2E, 0x00, 0x2E, 0x00, 0x2E, 0x00, 0x1F, 0x00, 0x03, 0x00, 0x03,
	0x00, 0x0D, 0x00, 0x0D, 0x00, 0x4F, 0x00, 0x4F, 0x00, 0x0B, 0x00, 0x01, 0x00, 0x01, 0x00, 0x01,
	0x00, 0x01, 0x00, 0x01, 0x00, 0x01, 0x00, 0x59, 0x00, 0x01, 0x00, 0x30, 0x00, 0x01, 0x00, 0x01,
	0x00, 0x01, 0x00, 0x17, 0x00, 0x2A, 0x00, 0x01, 0x00, 0x01, 0x00, 0x01, 0x00, 0x01, 0x00, 0x01,
	0x00, 0x01, 0x00, 0x30, 0x00, 0x01, 0x00, 0x01, 0x00, 0x04, 0x00, 0x01, 0x00, 0x01, 0x00, 0x04,
	0x00, 0x14, 0x00, 0x17, 0x00, 0x17, 0x00, 0x04, 0x00, 0x17, 0x00, 0x35, 0x00, 0x01, 0x00, 0x01,
	0x00, 0x01, 0x00, 0x01, 0x00, 0x01, 0x00, 0x01, 0x00, 0x14, 0x00, 0x30, 0x00, 0x01, 0x00, 0x23,
	0x00, 0x04, 0x00, 0x2A, 0x00, 0x01, 0x00, 0x01, 0x00, 0x36, 0x00, 0x14, 0x00, 0x01, 0x00, 0x17,
	0x00, 0x14, 0x00, 0x14, 0x00, 0x17, 0x00, 0x04, 0x00, 0x19, 0x00, 0x17, 0x00, 0x2A, 0x00, 0x01,
	0x00, 0x01, 0x00, 0x01, 0x00, 0x14, 0x00, 0x01, 0x00, 0x01, 0x00, 0x01, 0x00, 0x04, 0x00, 0x04,
	0x00, 0x14, 0x00, 0x25, 0x00, 0x25, 0x00, 0x17, 0x00, 0x14, 0x00, 0x35, 0x00, 0x35, 0x00, 0x01,
	0x00, 0x42, 0x00, 0x42, 0x00, 0x01, 0x00, 0x17, 0x00, 0x01, 0x00, 0x30, 0x00, 0x01, 0x00, 0x01,
	0x00, 0x35, 0x00, 0x01, 0x00, 0x0B, 0x00, 0x0B, 0x00, 0x0B, 0x00, 0x01, 0x00, 0x04, 0x00, 0x04,
	0x00, 0x17, 0x00, 0x2A, 0x00, 0x2A, 0x00, 0x01, 0x00, 0x01, 0x00, 0x04, 0x00, 0x04, 0x00, 0x04,
	0x00, 0x2A, 0x00, 0x17, 0x00, 0x17, 0x00, 0x17, 0x00, 0x35, 0x00, 0x01, 0x00, 0x00, 0x00, 0x17,
	0x00, 0x17, 0x00, 0x01, 0x00, 0x01, 0x00, 0x30, 0x00, 0x0B, 0x00, 0x04, 0x00, 0x01, 0x00, 0x2A,
	0x00, 0x04, 0x00, 0x04, 0x00, 0x0E, 0x00, 0x58, 0x00, 0x10, 0x00, 0x10, 0x00, 0x10, 0x00, 0x01,
	0x00, 0x01, 0x00, 0x01, 0x00, 0x01, 0x00, 0x3A, 0x00, 0x0E, 0x00, 0x24, 0x00, 0x1B, 0x00, 0x1B,
	0x00, 0x04, 0x00, 0x08, 0x00, 0x08, 0x00, 0x14, 0x00, 0x30, 0x00, 0x01, 0x00, 0x37, 0x00, 0x5A,
	0x00, 0x24, 0x00, 0x3A, 0x00, 0x0E, 0x00, 0x0E, 0x00, 0x0B, 0x00, 0x10, 0x00, 0x04, 0x00, 0x04,
	0x00, 0x01, 0x00, 0x01, 0x00, 0x1B, 0x00, 0x1B, 0x00, 0x1B, 0x00, 0x08, 0x00, 0x08, 0x00, 0x0C,
	0x00, 0x04, 0x00, 0x06, 0x00, 0x06, 0x00, 0x06, 0x00, 0x06, 0x00, 0x06, 0x00, 0x69, 0x00, 0x06,
	0x00, 0x2D, 0x00, 0x02, 0x00, 0x02, 0x00, 0x02, 0x00, 0x26, 0x00, 0x2B, 0x00, 0x06, 0x00, 0x06,
	0x00, 0x06, 0x00, 0x06, 0x00, 0x06, 0x00, 0x06, 0x00, 0x2D, 0x00, 0x06, 0x00, 0x06, 0x00, 0x02,
	0x00, 0x06, 0x00, 0x06, 0x00, 0x02, 0x00, 0x33, 0x00, 0x12, 0x00, 0x12, 0x00, 0x02, 0x00, 0x26,
	0x00, 0x07, 0x00, 0x06, 0x00, 0x06, 0x00, 0x06, 0x00, 0x06, 0x00, 0x06, 0x00, 0x06, 0x00, 0x33,
	0x00, 0x2D, 0x00, 0x06, 0x00, 0x1D, 0x00, 0x02, 0x00, 0x2B, 0x00, 0x06, 0x00, 0x06, 0x00, 0x1A,
	0x00, 0x7B, 0x00, 0x06, 0x00, 0x26, 0x00, 0x05, 0x00, 0x33, 0x00, 0x26, 0x00, 0x02, 0x00, 0x12,
	0x00, 0x26, 0x00, 0x2B, 0x00, 0x06, 0x00, 0x06, 0x00, 0x05, 0x00, 0x33, 0x00, 0x06, 0x00, 0x06,
	0x00, 0x06, 0x00, 0x02, 0x00, 0x02, 0x00, 0x33, 0x00, 0x12, 0x00, 0x12, 0x00, 0x26, 0x00, 0x33,
	0x00, 0x07, 0x00, 0x07, 0x00, 0x05, 0x00, 0x46, 0x00, 0x46, 0x00, 0x05, 0x00, 0x26, 0x00, 0x06,
	0x00, 0x2D, 0x00, 0x06, 0x00, 0x06, 0x00, 0x07, 0x00, 0x06, 0x00, 0x0C, 0x00, 0x0C, 0x00, 0x0C,
	0x00, 0x02, 0x00, 0x02, 0x00, 0x02, 0x00, 0x26, 0x00, 0x2B, 0x00, 0x2B, 0x00, 0x06, 0x00, 0x06,
	0x00, 0x02, 0x00, 0x02, 0x00, 0x02, 0x00, 0x2B, 0x00, 0x12, 0x00, 0x12, 0x00, 0x12, 0x00, 0x07,
	0x00, 0x06, 0x00, 0x06, 0x00, 0x26, 0x00, 0x26, 0x00, 0x57, 0x00, 0x06, 0x00, 0x02, 0x00, 0x1D,
	0x00, 0x02, 0x00, 0x26, 0x00, 0x2B, 0x00, 0x07, 0x00, 0x07, 0x00, 0x07, 0x00, 0x05, 0x00, 0x2D,
	0x00, 0x06, 0x00, 0x06, 0x00, 0x06, 0x00, 0x07, 0x00, 0x07, 0x00, 0x07, 0x00, 0x07, 0x00, 0x07,
	0x00, 0x33, 0x00, 0x05, 0x00, 0x06, 0x00, 0x2B, 0x00, 0x02, 0x00, 0x06, 0x00, 0x5E, 0x00, 0x02,
	0x00, 0x02, 0x00, 0x02, 0x00, 0x02, 0x00, 0x02, 0x00, 0x07, 0x00, 0x07, 0x00, 0x07, 0x00, 0x07,
	0x00, 0x2D, 0x00, 0x61, 0x00, 0x06, 0x00, 0x07, 0x00, 0x07, 0x00, 0x07, 0x00, 0x07, 0x00, 0x6A,
	0x00, 0x2D, 0x00, 0x06, 0x00, 0x33, 0x00, 0x2D, 0x00, 0x02, 0x00, 0x02, 0x00, 0x0C, 0x00, 0x02,
	0x00, 0x02, 0x00, 0x02, 0x00, 0x07, 0x00, 0x07, 0x00, 0x07, 0x00, 0x07, 0x00, 0x07, 0x00, 0x07,
	0x00, 0x57, 0x00, 0x00, 0x00, 0x40, 0x00, 0x6D, 0x00, 0x7C, 0x00, 0x79, 0x00, 0x67, 0x00, 0x65,
	0x00, 0x40, 0x00, 0x77, 0x00, 0x49, 0x00, 0x6B, 0x00, 0x80, 0x00, 0x6E, 0x00, 0x7D, 0x00, 0x7A,
	0x00, 0x68, 0x00, 0x66, 0x00, 0x40, 0x00, 0x78, 0x00, 0x49, 0x00, 0x6C, 0x00, 0x00, 0x00, 0x00,
	0x00, 0x00, 0x00, 0x00, 0x00, 0x00, 0x00, 0x00, 0x00, 0x00, 0x00, 0x00, 0x00, 0x00, 0x00, 0x00,
	0x00, 0x00, 0x00, 0x00, 0x00, 0x00, 0x00, 0x00, 0x00, 0x00, 0x00, 0x00, 0x00, 0x00, 0x00, 0x00,
	0x00, 0x00, 0x00, 0x00, 0x00, 0x00, 0x00, 0x00, 0x00, 0x00, 0x00, 0x00, 0x00, 0x00, 0x00, 0x00,
	0x00, 0x00, 0x00, 0x00, 0x00, 0x00, 0x00, 0x00, 0x00, 0x00, 0x00, 0x00, 0x00, 0x00, 0x00, 0x00,
	0x00, 0x00, 0x00, 0x00, 0x00, 0x00, 0x00, 0x00, 0x00, 0x00, 0x00, 0x00, 0x00, 0x00, 0x00, 0x00,
	0x00, 0x00, 0x00, 0x00, 0x00, 0x00, 0x00, 0x00, 0x00, 0x00, 0x00, 0x00, 0x00, 0x00, 0x00, 0x00,
	0x00, 0x00, 0x00, 0x00, 0x00, 0x00, 0x00, 0x00, 0x00, 0x00, 0x00, 0x00, 0x00, 0x00, 0x00, 0x00,
	0x00, 0x00, 0x00, 0x00, 0x00, 0x00, 0x00, 0x00, 0x00, 0x00, 0x00, 0x00, 0x00, 0x00, 0x00, 0x00,
	0x00, 0x00, 0x00, 0x00, 0x00, 0x00, 0x00, 0x00, 0x00, 0x00, 0x00, 0x00, 0x00, 0x00, 0x00, 0x00,
	0x00, 0x00, 0x00, 0x00, 0x00, 0x00, 0x00, 0x00, 0x00, 0x00, 0x00, 0x00, 0x00, 0x00, 0x00, 0x00,
	0x00, 0x00, 0x00, 0x00, 0x00, 0x32, 0x00, 0x32, 0x00, 0x3C, 0x00, 0x3C, 0x00, 0x32, 0x00, 0x62,
	0x00, 0x4A, 0x00, 0x73, 0x00, 0x52, 0x00, 0x16, 0x00, 0x16, 0x00, 0x5D, 0x00, 0x00, 0x00, 0x3E,
	0x00, 0x43, 0x00, 0x4A, 0x00, 0x52, 0x00, 0x38, 0x00, 0x38, 0x00, 0x3E, 0x00, 0x43, 0x00, 0x51,
	0x00, 0x32, 0x00, 0x63, 0x00, 0x64, 0x00, 0x74, 0x00, 0x75, 0x00, 0x51, 0x00, 0x16, 0x00, 0x16,
	0x00, 0x00, 0x00, 0x16, 0x00, 0x16, 0x00, 0x16, 0x00, 0x7E, 0x00, 0x38, 0x00, 0x16, 0x00, 0x00,
	0x00, 0x70, 0x00, 0x71, 0x00, 0x00, 0x00, 0x44, 0x00, 0x5F, 0x00, 0x44, 0x00, 0x00, 0x00, 0x72,
	0x00, 0x00, 0x00, 0x45, 0x00, 0x00, 0x00, 0x45, 0x00, 0x32, 0x00, 0x32, 0x00, 0x3D, 0x00, 0x55,
	0x00, 0x3D, 0x00, 0x55, 0x00, 0x16, 0x00, 0x4B, 0x00, 0x16, 0x00, 0x4B, 0x00, 0x3B, 0x00, 0x3B,
	0x00, 0x38, 0x00, 0x4C, 0x00, 0x38, 0x00, 0x4C, 0x00, 0x32, 0x00, 0x32, 0x00, 0x54, 0x00, 0x56,
	0x00, 0x54, 0x00, 0x56, 0x00, 0x16, 0x00, 0x4D, 0x00, 0x16, 0x00, 0x4D, 0x00, 0x53, 0x00, 0x53,
	0x00, 0x20, 0x00, 0x5B, 0x00, 0x6F, 0x00, 0x76, 0x00, 0x20, 0x00, 0x20, 0x00, 0x60, 0x00, 0x3B,
	0x00, 0x3B, 0x00, 0x00, 0x00, 0x00, 0x00, 0x47, 0x00, 0x47, 0x00, 0x2F, 0x00, 0x20, 0x00, 0x5C,
	0x00, 0x2F, 0x00, 0x31, 0x00, 0x2C, 0x00, 0x48, 0x00, 0x00, 0x00, 0x7F, 0x00, 0x00, 0x00, 0x16,
	0x00, 0x00, 0x00, 0x16, 0x00, 0x00, 0x00, 0x00, 0x00, 0x00, 0x00, 0x16, 0x00, 0x16, 0x00, 0x16,
	0x00, 0x00, 0x00, 0x4E, 0x00, 0x50, 0x00, 0x50, 0x00, 0x02, 0x29, 0x62, 0x00, 0x04, 0x00, 0x00,
	0x2A, 0x1E, 0x2B, 0xF6, 0x00, 0x29, 0x00, 0x81, 0x00, 0x00, 0x00, 0x00, 0x00, 0x00, 0x00, 0x00,
	0x00, 0x00, 0x00, 0x00, 0x00, 0x00, 0x00, 0x00, 0x00, 0x00, 0x00, 0x00, 0x00, 0x00, 0x00, 0x00,
	0x00, 0x00, 0x00, 0x00, 0x00, 0x00, 0x00, 0x00, 0x00, 0x00, 0x00, 0x00, 0x00, 0x00, 0x00, 0x00,
	0x00, 0x00, 0x00, 0x00, 0x00, 0x00, 0x00, 0x00, 0x00, 0x00, 0x00, 0x00, 0x00, 0x00, 0x00, 0x00,
	0x00, 0x00, 0x00, 0x00, 0x00, 0x00, 0x00, 0x00, 0x00, 0x00, 0x00, 0x00, 0x00, 0x00, 0x00, 0x00,
	0x00, 0x00, 0x00, 0x00, 0x00, 0x00, 0x00, 0x00, 0x00, 0x00, 0x00, 0x00, 0x00, 0x00, 0x00, 0x00,
	0x00, 0x00, 0x00, 0x00, 0x00, 0x00, 0x00, 0x00, 0x00, 0x00, 0x00, 0x00, 0x00, 0x00, 0x00, 0x00,
	0x00, 0x00, 0x00, 0x00, 0x00, 0x00, 0xFF, 0xEC, 0x00, 0x00, 0x00, 0x00, 0x00, 0x00, 0x00, 0x00,
	0x00, 0x00, 0x00, 0x00, 0x00, 0x00, 0xFF, 0xF6, 0x00, 0x00, 0x00, 0x00, 0x00, 0x00, 0x00, 0x00,
	0x00, 0x00, 0x00, 0x00, 0x00, 0x00, 0x00, 0x00, 0x00, 0x00, 0x00, 0x00, 0x00, 0x00, 0x00, 0x00,
	0x00, 0x00, 0x00, 0x00, 0x00, 0x00, 0x00, 0x00, 0x00, 0x00, 0x00, 0x00, 0x00, 0x00, 0x00, 0x00,
	0x00, 0x00, 0x00, 0x00, 0x00, 0x00, 0x00, 0x00, 0x00, 0x00, 0x00, 0x00, 0x00, 0x00, 0x00, 0x00,
	0x00, 0x00, 0x00, 0x00, 0x00, 0x00, 0x00, 0x00, 0x00, 0x00, 0x00, 0x00, 0x00, 0x00, 0x00, 0x00,
	0x00, 0x00, 0x00, 0x00, 0x00, 0x00, 0x00, 0x00, 0x00, 0x00, 0x00, 0x00, 0x00, 0x00, 0x00, 0x00,
	0x00, 0x00, 0x00, 0x00, 0x00, 0x00, 0x00, 0x00, 0x00, 0x00, 0x00, 0x00, 0x00, 0x00, 0x00, 0x00,
	0x00, 0x00, 0x00, 0x00, 0x00, 0x00, 0x00, 0x00, 0x00, 0x00, 0x00, 0x00, 0xFF, 0xF8, 0x00, 0x00,
	0x00, 0x00, 0x00, 0x00, 0xFF, 0xF6, 0x00, 0x00, 0x00, 0x00, 0x00, 0x00, 0x00, 0x00, 0x00, 0x00,
	0x00, 0x00, 0x00, 0x00, 0x00, 0x00, 0x00, 0x00, 0x00, 0x00, 0x00, 0x00, 0x00, 0x00, 0x00, 0x00,
	0x00, 0x00, 0x00, 0x00, 0x00, 0x00, 0x00, 0x00, 0x00, 0x00, 0x00, 0x00, 0x00, 0x00, 0x00, 0x00,
	0x00, 0x00, 0x00, 0x00, 0x00, 0x00, 0x00, 0x00, 0x00, 0x00, 0x00, 0x00, 0x00, 0x00, 0x00, 0x00,
	0x00, 0x00, 0x00, 0x00, 0x00, 0x00, 0x00, 0x00, 0x00, 0x00, 0x00, 0x00, 0x00, 0x00, 0x00, 0x00,
	0x00, 0x00, 0x00, 0x00, 0x00, 0x00, 0x00, 0x00, 0x00, 0x00, 0x00, 0x00, 0x00, 0x00, 0x00, 0x00,
	0x00, 0x00, 0x00, 0x00, 0x00, 0x00, 0x00, 0x00, 0x00, 0x00, 0x00, 0x00, 0x00, 0x00, 0x00, 0x00,
	0x00, 0x00, 0x00, 0x00, 0x00, 0x00, 0x00, 0x00, 0x00, 0x00, 0x00, 0x00, 0x00, 0x00, 0x00, 0x00,
	0x00, 0x00, 0x00, 0x00, 0x00, 0x00, 0x00, 0x00, 0x00, 0x00, 0x00, 0x00, 0x00, 0x00, 0x00, 0x00,
	0x00, 0x00, 0x00, 0x00, 0x00, 0x00, 0x00, 0x00, 0x00, 0x00, 0x00, 0x00, 0x00, 0x00, 0x00, 0x00,
	0x00, 0x00, 0x00, 0x00, 0x00, 0x00, 0x00, 0x00, 0x00, 0x08, 0x00, 0x00, 0x00, 0x00, 0x00, 0x00,
	0x00, 0x00, 0x00, 0x00, 0x00, 0x00, 0x00, 0x00, 0x00, 0x00, 0x00, 0x00, 0x00, 0x00, 0x00, 0x00,
	0x00, 0x00, 0x00, 0x00, 0x00, 0x00, 0x00, 0x00, 0x00, 0x00, 0x00, 0x00, 0x00, 0x00, 0x00, 0x00,
	0x00, 0x00, 0x00, 0x00, 0x00, 0x00, 0x00, 0x00, 0x00, 0x00, 0x00, 0x00, 0x00, 0x00, 0x00, 0x00,
	0x00, 0x00, 0x00, 0x00, 0x00, 0x00, 0x00, 0x00, 0x00, 0x00, 0x00, 0x00, 0x00, 0x00, 0x00, 0x00,
	0x00, 0x00, 0x00, 0x00, 0x00, 0x00, 0x00, 0x00, 0x00, 0x00, 0x00, 0x00, 0x00, 0x00, 0x00, 0x00,
	0x00, 0x00, 0x00, 0x00, 0x00, 0x00, 0x00, 0x00, 0x00, 0x00, 0x00, 0x00, 0x00, 0x00, 0x00, 0x00,
	0xFF, 0xF7, 0x00, 0x00, 0x00, 0x00, 0x00, 0x00, 0x00, 0x00, 0x00, 0x00, 0x00, 0x00, 0x00, 0x00,
	0x00, 0x00, 0xFF, 0xEC, 0xFF, 0xF6, 0x00, 0x00, 0x00, 0x00, 0x00, 0x00, 0x00, 0x00, 0x00, 0x00,
	0x00, 0x0A, 0x00, 0x00, 0x00, 0x00, 0x00, 0x00, 0xFF, 0xF6, 0x00, 0x00, 0x00, 0x00, 0x00, 0x00,
	0x00, 0x00, 0x00, 0x00, 0x00, 0x00, 0x00, 0x00, 0x00, 0x00, 0x00, 0x00, 0x00, 0x00, 0x00, 0x00,
	0x00, 0x00, 0x00, 0x00, 0x00, 0x00, 0x00, 0x00, 0x00, 0x00, 0x00, 0x00, 0xFF, 0xF7, 0x00, 0x00,
	0x00, 0x00, 0x00, 0x00, 0x00, 0x00, 0x00, 0x00, 0x00, 0x00, 0x00, 0x00, 0x00, 0x00, 0xFF, 0xF7,
	0xFF, 0xF6, 0x00, 0x00, 0x00, 0x00, 0x00, 0x00, 0x00, 0x00, 0x00, 0x00, 0x00, 0x00, 0x00, 0x02,
	0x00, 0x00, 0x00, 0x00, 0x00, 0x19, 0x00, 0x37, 0xFF, 0xE2, 0x00, 0x00, 0x00, 0x0F, 0x00, 0x00,
	0x00, 0x00, 0x00, 0x40, 0x00, 0x30, 0x00, 0x00, 0x00, 0x00, 0x00, 0x14, 0x00, 0x00, 0x00, 0x0F,
	0x00, 0x00, 0x00, 0x00, 0x00, 0x00, 0x00, 0x00, 0x00, 0x00, 0x00, 0x35, 0x00, 0x12, 0x00, 0x00,
	0xFF, 0xF4, 0x00, 0x00, 0x00, 0x00, 0x00, 0x4E, 0x00, 0x00, 0x00, 0x00, 0x00, 0x00, 0x00, 0x00,
	0x00, 0x00, 0xFF, 0xF4, 0x00, 0x00, 0x00, 0x35, 0x00, 0x00, 0x00, 0x00, 0x00, 0x26, 0x00, 0x00,
	0x00, 0x00, 0x00, 0x00, 0x00, 0x00, 0x00, 0x0F, 0x00, 0x0B, 0xFF, 0xE4, 0xFF, 0xEC, 0x00, 0x00,
	0x00, 0x00, 0x00, 0x1F, 0x00, 0x1E, 0x00, 0x35, 0x00, 0x30, 0x00, 0x2D, 0x00, 0x00, 0x00, 0x1B,
	0x00, 0x00, 0x00, 0x1C, 0x00, 0x00, 0x00, 0x00, 0x00, 0x00, 0x00, 0x2D, 0x00, 0x2D, 0x00, 0x19,
	0x00, 0x0A, 0x00, 0x00, 0x00, 0x12, 0x00, 0x19, 0xFF, 0xF1, 0x00, 0x00, 0x00, 0x00, 0x00, 0x00,
	0x00, 0x00, 0x00, 0x00, 0x00, 0x00, 0xFF, 0xF1, 0x00, 0x00, 0x00, 0x00, 0x00, 0x00, 0x00, 0x00,
	0x00, 0x00, 0xFF, 0xF7, 0x00, 0x00, 0x00, 0x00, 0x00, 0x00, 0x00, 0x00, 0xFF, 0xDF, 0x00, 0x00,
	0x00, 0x00, 0x00, 0x00, 0x00, 0x05, 0x00, 0x00, 0x00, 0x00, 0x00, 0x0D, 0x00, 0x00, 0x00, 0x00,
	0x00, 0x00, 0xFF, 0xEB, 0x00, 0x00, 0x00, 0x00, 0x00, 0x00, 0x00, 0x00, 0x00, 0x00, 0xFF, 0xF1,
	0x00, 0x00, 0x00, 0x00, 0x00, 0x00, 0x00, 0x00, 0x00, 0x00, 0x00, 0x00, 0xFF, 0xFE, 0x00, 0x00,
	0x00, 0x00, 0x00, 0x00, 0x00, 0x00, 0x00, 0x00, 0x00, 0x00, 0x00, 0x00, 0x00, 0x00, 0x00, 0x00,
	0x00, 0x00, 0xFF, 0xF6, 0x00, 0x00, 0xFF, 0xF1, 0x00, 0x00, 0x00, 0x00, 0x00, 0x00, 0x00, 0x00,
	0x00, 0x00, 0x00, 0x00, 0x00, 0x00, 0x00, 0x00, 0x00, 0x1C, 0xFF, 0xEE, 0x00, 0x00, 0xFF, 0xF6,
	0xFF, 0xEE, 0x00, 0x00, 0xFF, 0xDD, 0x00, 0x00, 0x00, 0x00, 0x00, 0x00, 0x00, 0x00, 0x00, 0x00,
	0x00, 0x00, 0xFF, 0xF8, 0x00, 0x00, 0x00, 0x00, 0x00, 0x00, 0x00, 0x00, 0x00, 0x23, 0x00, 0x00,
	0x00, 0x00, 0xFF, 0xDF, 0x00, 0x00, 0x00, 0x0A, 0x00, 0x1C, 0x00, 0x14, 0x00, 0x00, 0x00, 0x00,
	0x00, 0x00, 0x00, 0x00, 0xFF, 0xE4, 0xFF, 0xEE, 0x00, 0x23, 0x00, 0x00, 0x00, 0x00, 0x00, 0x0F,
	0x00, 0x00, 0x00, 0x00, 0x00, 0x00, 0x00, 0x00, 0x00, 0x00, 0x00, 0x00, 0xFF, 0xF1, 0xFF, 0xCE,
	0x00, 0x00, 0x00, 0x00, 0x00, 0x0C, 0x00, 0x05, 0x00, 0x05, 0x00, 0x0F, 0x00, 0x0C, 0x00, 0x00,
	0x00, 0x00, 0x00, 0x00, 0x00, 0x14, 0x00, 0x05, 0xFF, 0xE7, 0x00, 0x00, 0x00, 0x07, 0x00, 0x0F,
	0xFF, 0xF8, 0x00, 0x00, 0x00, 0x00, 0xFF, 0xF3, 0x00, 0x0A, 0xFF, 0xF6, 0x00, 0x00, 0x00, 0x00,
	0x00, 0x00, 0x00, 0x00, 0xFF, 0xEE, 0xFF, 0xF8, 0xFF, 0xF7, 0x00, 0x00, 0xFF, 0xF6, 0xFF, 0xEE,
	0x00, 0x00, 0xFF, 0xEE, 0xFF, 0xF7, 0xFF, 0xDF, 0xFF, 0xEB, 0xFF, 0xEB, 0xFF, 0xF7, 0xFF, 0xCE,
	0xFF, 0xFE, 0xFF, 0xEE, 0x00, 0x05, 0x00, 0x07, 0x00, 0x05, 0x00, 0x00, 0x00, 0x00, 0xFF, 0xEE,
	0xFF, 0xF8, 0x00, 0x00, 0xFF, 0xF1, 0xFF, 0xF8, 0x00, 0x05, 0xFF, 0xF6, 0x00, 0x00, 0xFF, 0xE9,
	0xFF, 0xF7, 0x00, 0x00, 0xFF, 0xEE, 0xFF, 0xFE, 0x00, 0x1E, 0x00, 0x00, 0xFF, 0xEB, 0xFF, 0xF5,
	0x00, 0x00, 0x00, 0x02, 0xFF, 0xF1, 0x00, 0x00, 0x00, 0x00, 0xFF, 0xD8, 0xFF, 0xF1, 0x00, 0x00,
	0xFF, 0xD7, 0xFF, 0xEE, 0xFF, 0xF6, 0xFF, 0xF1, 0xFF, 0xE9, 0xFF, 0xF5, 0xFF, 0xF1, 0xFF, 0xE2,
	0x00, 0x0E, 0x00, 0x00, 0x00, 0x00, 0x00, 0x28, 0x00, 0x00, 0x00, 0x12, 0xFF, 0xD5, 0xFF, 0xD8,
	0xFF, 0xF2, 0xFF, 0xF5, 0xFF, 0xE7, 0x00, 0x0A, 0x00, 0x0A, 0x00, 0x00, 0xFF, 0xEA, 0x00, 0x00,
	0xFF, 0xFE, 0xFF, 0xEE, 0xFF, 0xF6, 0xFF, 0xF2, 0xFF, 0xF5, 0xFF, 0xF8, 0xFF, 0xF6, 0x00, 0x14,
	0x00, 0x00, 0x00, 0x00, 0xFF, 0xD0, 0x00, 0x00, 0x00, 0x00, 0x00, 0x1C, 0x00, 0x00, 0xFF, 0xE7,
	0xFF, 0xE2, 0x00, 0x00, 0x00, 0x00, 0xFF, 0xE2, 0x00, 0x00, 0x00, 0x14, 0xFF, 0xEC, 0x00, 0x00,
	0x00, 0x1E, 0x00, 0x00, 0x00, 0x05, 0xFF, 0xF1, 0xFF, 0xF1, 0xFF, 0xEE, 0xFF, 0xEC, 0xFF, 0xCE,
	0xFF, 0xB5, 0x00, 0x00, 0xFF, 0xD8, 0x00, 0x06, 0xFF, 0xE9, 0x00, 0x0F, 0x00, 0x0A, 0x00, 0x0A,
	0x00, 0x00, 0xFF, 0xF8, 0x00, 0x00, 0xFF, 0xF5, 0x00, 0x00, 0x00, 0x00, 0xFF, 0xF8, 0x00, 0x0A,
	0xFF, 0xF7, 0x00, 0x00, 0xFF, 0xE9, 0x00, 0x00, 0xFF, 0xFE, 0xFF, 0xE9, 0xFF, 0xEC, 0x00, 0x00,
	0xFF, 0xF3, 0x00, 0x00, 0x00, 0x00, 0xFF, 0x88, 0xFF, 0xF8, 0xFF, 0xA1, 0xFF, 0xF8, 0xFF, 0x88,
	0xFF, 0xF2, 0xFF, 0xF2, 0xFF, 0xF5, 0xFF, 0xE1, 0xFF, 0x7C, 0xFF, 0xE3, 0xFF, 0xE8, 0xFF, 0xF2,
	0xFF, 0xC8, 0xFF, 0xFE, 0xFF, 0xE6, 0xFF, 0x88, 0x00, 0x07, 0x00, 0x0A, 0x00, 0x00, 0xFF, 0x6E,
	0xFF, 0xE2, 0xFF, 0xF8, 0xFF, 0xFB, 0xFF, 0xEC, 0x00, 0x00, 0x00, 0x00, 0xFF, 0xD9, 0x00, 0x00,
	0xFF, 0xF5, 0xFF, 0xA1, 0x00, 0x00, 0xFF, 0xF6, 0xFF, 0xF5, 0x00, 0x00, 0xFF, 0xFB, 0xFF, 0x8A,
	0xFF, 0xE9, 0x00, 0x00, 0x00, 0x00, 0x00, 0x00, 0x00, 0x00, 0x00, 0x00, 0xFF, 0x63, 0xFF, 0xF1,
	0x00, 0x00, 0xFF, 0xA7, 0xFF, 0x88, 0xFF, 0x4A, 0xFF, 0x8F, 0xFF, 0xFA, 0xFF, 0xFA, 0xFF, 0xF6,
	0xFF, 0xF6, 0xFF, 0xF0, 0x00, 0x00, 0xFF, 0xE6, 0x00, 0x05, 0xFF, 0xF6, 0x00, 0x1C, 0xFF, 0xEC,
	0xFF, 0xF1, 0xFF, 0xEC, 0xFF, 0xFC, 0xFF, 0x92, 0x00, 0x1E, 0x00, 0x14, 0x00, 0x05, 0xFF, 0x2E,
	0x00, 0x00, 0xFF, 0xF5, 0xFF, 0xF6, 0xFF, 0xEC, 0xFF, 0xF4, 0xFF, 0xF1, 0x00, 0x00, 0xFF, 0x88,
	0x00, 0x1E, 0x00, 0x00, 0x00, 0x00, 0xFF, 0xC4, 0x00, 0x00, 0x00, 0x00, 0x00, 0x1C, 0x00, 0x00,
	0xFF, 0xDE, 0xFF, 0xD3, 0x00, 0x00, 0x00, 0x00, 0xFF, 0xDD, 0x00, 0x00, 0x00, 0x1E, 0xFF, 0xEC,
	0x00, 0x00, 0x00, 0x28, 0x00, 0x00, 0x00, 0x14, 0x00, 0x00, 0x00, 0x00, 0xFF, 0xFA, 0xFF, 0xEE,
	0xFF, 0xA8, 0xFF, 0xA6, 0x00, 0x00, 0xFF, 0xDA, 0x00, 0x00, 0xFF, 0xF2, 0x00, 0x28, 0x00, 0x0F,
	0x00, 0x1E, 0xFF, 0xED, 0x00, 0x00, 0x00, 0x00, 0x00, 0x07, 0x00, 0x00, 0x00, 0x00, 0x00, 0x00,
	0x00, 0x14, 0xFF, 0xF0, 0x00, 0x0A, 0xFF, 0xF6, 0x00, 0x1C, 0x00, 0x0F, 0xFF, 0xEB, 0x00, 0x00,
	0x00, 0x00, 0xFF, 0xE2, 0x00, 0x00, 0x00, 0x00, 0x00, 0x00, 0x00, 0x00, 0x00, 0x08, 0x00, 0x00,
	0x00, 0x00, 0x00, 0x00, 0x00, 0x00, 0x00, 0x00, 0x00, 0x00, 0xFF, 0xDC, 0x00, 0x00, 0x00, 0x00,
	0x00, 0x00, 0x00, 0x00, 0x00, 0x00, 0x00, 0x00, 0x00, 0x00, 0x00, 0x00, 0xFF, 0xF0, 0xFF, 0xFB,
	0x00, 0x00, 0xFF, 0xD2, 0x00, 0x00, 0xFF, 0xD6, 0x00, 0x00, 0x00, 0x00, 0x00, 0x00, 0x00, 0x00,
	0x00, 0x00, 0x00, 0x00, 0x00, 0x00, 0x00, 0x00, 0x00, 0x00, 0x00, 0x00, 0xFF, 0xDC, 0xFF, 0xDC,
	0x00, 0x00, 0x00, 0x00, 0x00, 0x00, 0x00, 0x00, 0x00, 0x00, 0x00, 0x00, 0x00, 0x00, 0x00, 0x00,
	0x00, 0x00, 0x00, 0x00, 0x00, 0x00, 0x00, 0x00, 0x00, 0x00, 0x00, 0x00, 0x00, 0x00, 0x00, 0x00,
	0xFF, 0xDF, 0xFF, 0xDB, 0x00, 0x00, 0x00, 0x00, 0x00, 0x00, 0x00, 0x00, 0x00, 0x00, 0x00, 0x00,
	0x00, 0x00, 0x00, 0x00, 0x00, 0x00, 0x00, 0x00, 0x00, 0x00, 0x00, 0x00, 0x00, 0x00, 0x00, 0x00,
	0x00, 0x00, 0x00, 0x00, 0x00, 0x00, 0x00, 0x00, 0x00, 0x00, 0x00, 0x00, 0x00, 0x00, 0x00, 0x00,
	0x00, 0x00, 0x00, 0x00, 0x00, 0x00, 0x00, 0x00, 0x00, 0x00, 0x00, 0x00, 0x00, 0x00, 0x00, 0x00,
	0x00, 0x00, 0x00, 0x00, 0x00, 0x00, 0x00, 0x00, 0x00, 0x00, 0x00, 0x00, 0x00, 0x00, 0x00, 0x00,
	0x00, 0x00, 0x00, 0x00, 0x00, 0x00, 0x00, 0x00, 0x00, 0x00, 0x00, 0x00, 0x00, 0x00, 0x00, 0x00,
	0x00, 0x00, 0x00, 0x00, 0x00, 0x00, 0x00, 0x00, 0x00, 0x00, 0x00, 0x00, 0x00, 0x00, 0x00, 0x00,
	0x00, 0x00, 0x00, 0x00, 0x00, 0x00, 0x00, 0x00, 0x00, 0x00, 0x00, 0x00, 0x00, 0x00, 0x00, 0x00,
	0x00, 0x00, 0x00, 0x00, 0x00, 0x00, 0x00, 0x00, 0x00, 0x00, 0x00, 0x00, 0x00, 0x00, 0x00, 0x00,
	0x00, 0x00, 0x00, 0x00, 0x00, 0x00, 0x00, 0x00, 0x00, 0x00, 0xFF, 0xF8, 0x00, 0x00, 0x00, 0x00,
	0x00, 0x00, 0x00, 0x00, 0x00, 0x00, 0x00, 0x00, 0x00, 0x00, 0x00, 0x00, 0x00, 0x00, 0x00, 0x00,
	0x00, 0x00, 0xFF, 0xFC, 0x00, 0x00, 0x00, 0x00, 0x00, 0x00, 0xFF, 0xE6, 0x00, 0x00, 0xFF, 0xF0,
	0x00, 0x00, 0x00, 0x00, 0x00, 0x00, 0x00, 0x00, 0x00, 0x00, 0x00, 0x00, 0x00, 0x00, 0x00, 0x00,
	0x00, 0x00, 0x00, 0x00, 0x00, 0x00, 0x00, 0x00, 0x00, 0x00, 0x00, 0x00, 0x00, 0x00, 0x00, 0x00,
	0x00, 0x00, 0xFF, 0xE8, 0x00, 0x00, 0x00, 0x00, 0x00, 0x00, 0x00, 0x00, 0x00, 0x00, 0x00, 0x00,
	0xFF, 0xF8, 0x00, 0x00, 0x00, 0x00, 0x00, 0x00, 0xFF, 0xF8, 0x00, 0x00, 0xFF, 0xD8, 0x00, 0x00,
	0x00, 0x00, 0x00, 0x00, 0x00, 0x00, 0x00, 0x00, 0x00, 0x00, 0x00, 0x00, 0xFF, 0xEC, 0xFF, 0xF8,
	0xFF, 0xDA, 0x00, 0x00, 0x00, 0x00, 0x00, 0x00, 0x00, 0x00, 0x00, 0x00, 0x00, 0x00, 0x00, 0x00,
	0x00, 0x00, 0xFF, 0xEA, 0x00, 0x00, 0x00, 0x00, 0x00, 0x00, 0x00, 0x00, 0x00, 0x00, 0x00, 0x00,
	0x00, 0x00, 0x00, 0x00, 0x00, 0x00, 0x00, 0x00, 0x00, 0x00, 0x00, 0x00, 0x00, 0x00, 0x00, 0x00,
	0xFF, 0xE3, 0x00, 0x00, 0xFF, 0xDB, 0x00, 0x00, 0x00, 0x00, 0x00, 0x00, 0x00, 0x00, 0x00, 0x00,
	0x00, 0x00, 0x00, 0x00, 0x00, 0x00, 0x00, 0x00, 0x00, 0x00, 0x00, 0x00, 0x00, 0x00, 0x00, 0x00,
	0x00, 0x00, 0x00, 0x00, 0x00, 0x00, 0x00, 0x00, 0x00, 0x00, 0xFF, 0xDA, 0x00, 0x00, 0x00, 0x00,
	0x00, 0x00, 0x00, 0x00, 0x00, 0x00, 0xFF, 0xF1, 0x00, 0x00, 0x00, 0x00, 0xFF, 0xC7, 0x00, 0x00,
	0x00, 0x00, 0x00, 0x00, 0x00, 0x00, 0x00, 0x00, 0x00, 0x00, 0x00, 0x00, 0x00, 0x00, 0x00, 0x00,
	0x00, 0x00, 0x00, 0x00, 0x00, 0x00, 0x00, 0x00, 0x00, 0x00, 0x00, 0x00, 0xFF, 0xD1, 0x00, 0x00,
	0x00, 0x00, 0x00, 0x00, 0x00, 0x00, 0x00, 0x00, 0x00, 0x00, 0x00, 0x00, 0x00, 0x00, 0x00, 0x00,
	0x00, 0x00, 0x00, 0x00, 0x00, 0x00, 0x00, 0x00, 0x00, 0x00, 0x00, 0x00, 0xFF, 0xFC, 0x00, 0x00,
	0x00, 0x00, 0x00, 0x00, 0x00, 0x00, 0x00, 0x00, 0x00, 0x00, 0x00, 0x00, 0x00, 0x00, 0x00, 0x00,
	0x00, 0x00, 0x00, 0x00, 0x00, 0x00, 0x00, 0x00, 0x00, 0x00, 0x00, 0x00, 0x00, 0x00, 0x00, 0x00,
	0x00, 0x00, 0x00, 0x00, 0xFF, 0xE6, 0x00, 0x00, 0xFF, 0xF5, 0x00, 0x00, 0x00, 0x00, 0x00, 0x00,
	0x00, 0x00, 0x00, 0x00, 0x00, 0x00, 0x00, 0x00, 0x00, 0x00, 0xFF, 0xD1, 0x00, 0x00, 0x00, 0x00,
	0x00, 0x00, 0x00, 0x00, 0x00, 0x00, 0x00, 0x00, 0x00, 0x00, 0x00, 0x00, 0x00, 0x00, 0x00, 0x00,
	0x00, 0x00, 0x00, 0x00, 0x00, 0x00, 0x00, 0x00, 0x00, 0x00, 0x00, 0x00, 0x00, 0x00, 0x00, 0x00,
	0x00, 0x00, 0x00, 0x00, 0x00, 0x00, 0x00, 0x00, 0x00, 0x00, 0x00, 0x00, 0x00, 0x00, 0x00, 0x00,
	0x00, 0x00, 0x00, 0x00, 0x00, 0x00, 0x00, 0x00, 0x00, 0x00, 0x00, 0x00, 0x00, 0x00, 0x00, 0x00,
	0x00, 0x00, 0x00, 0x00, 0x00, 0x00, 0x00, 0x00, 0x00, 0x00, 0x00, 0x00, 0x00, 0x00, 0x00, 0x00,
	0x00, 0x00, 0x00, 0x00, 0x00, 0x00, 0x00, 0x00, 0x00, 0x00, 0x00, 0x00, 0x00, 0x00, 0x00, 0x00,
	0x00, 0x00, 0x00, 0x00, 0x00, 0x00, 0x00, 0x00, 0x00, 0x00, 0x00, 0x00, 0x00, 0x00, 0x00, 0x00,
	0x00, 0x00, 0x00, 0x00, 0x00, 0x00, 0x00, 0x00, 0x00, 0x00, 0x00, 0x00, 0x00, 0x00, 0x00, 0x00,
	0x00, 0x00, 0x00, 0x00, 0x00, 0x00, 0x00, 0x00, 0x00, 0x00, 0x00, 0x00, 0x00, 0x00, 0x00, 0x00,
	0x00, 0x00, 0x00, 0x00, 0x00, 0x00, 0x00, 0x00, 0x00, 0x00, 0x00, 0x00, 0x00, 0x00, 0x00, 0x00,
	0x00, 0x00, 0x00, 0x00, 0x00, 0x00, 0x00, 0x00, 0x00, 0x00, 0x00, 0x00, 0x00, 0x00, 0x00, 0x00,
	0x00, 0x00, 0x00, 0x00, 0x00, 0x00, 0x00, 0x00, 0xFF, 0xD3, 0x00, 0x00, 0x00, 0x00, 0x00, 0x00,
	0x00, 0x00, 0x00, 0x00, 0x00, 0x00, 0x00, 0x00, 0x00, 0x00, 0x00, 0x00, 0x00, 0x00, 0x00, 0x00,
	0x00, 0x00, 0x00, 0x00, 0x00, 0x00, 0x00, 0x00, 0xFF, 0xEE, 0x00, 0x00, 0x00, 0x00, 0x00, 0x00,
	0x00, 0x00, 0x00, 0x00, 0x00, 0x00, 0x00, 0x00, 0x00, 0x00, 0x00, 0x00, 0xFF, 0xF6, 0x00, 0x00,
	0x00, 0x00, 0x00, 0x00, 0x00, 0x00, 0x00, 0x00, 0x00, 0x00, 0x00, 0x00, 0x00, 0x00, 0xFF, 0xE2,
	0x00, 0x00, 0xFF, 0xDE, 0x00, 0x00, 0x00, 0x00, 0x00, 0x00, 0x00, 0x00, 0x00, 0x00, 0x00, 0x00,
	0x00, 0x00, 0x00, 0x00, 0x00, 0x00, 0xFF, 0xE2, 0x00, 0x00, 0x00, 0x00, 0xFF, 0xE7, 0x00, 0x00,
	0xFF, 0xCB, 0x00, 0x00, 0x00, 0x00, 0x00, 0x00, 0x00, 0x00, 0x00, 0x00, 0x00, 0x00, 0x00, 0x00,
	0xFF, 0xF6, 0x00, 0x00, 0x00, 0x00, 0x00, 0x00, 0x00, 0x00, 0x00, 0x00, 0x00, 0x00, 0xFF, 0xD0,
	0x00, 0x00, 0x00, 0x00, 0x00, 0x00, 0x00, 0x00, 0x00, 0x00, 0x00, 0x00, 0x00, 0x00, 0x00, 0x00,
	0xFF, 0xEC, 0xFF, 0xF6, 0x00, 0x00, 0x00, 0x00, 0x00, 0x00, 0x00, 0x00, 0x00, 0x00, 0x00, 0x00,
	0x00, 0x00, 0x00, 0x00, 0x00, 0x00, 0x00, 0x00, 0x00, 0x00, 0xFF, 0xD6, 0x00, 0x00, 0x00, 0x00,
	0x00, 0x00, 0x00, 0x00, 0x00, 0x00, 0xFF, 0xF8, 0x00, 0x00, 0x00, 0x00, 0x00, 0x00, 0x00, 0x00,
	0xFF, 0xD8, 0x00, 0x00, 0xFF, 0xE7, 0x00, 0x00, 0xFF, 0xE9, 0x00, 0x00, 0xFF, 0xE3, 0xFF, 0xEC,
	0x00, 0x00, 0xFF, 0xEA, 0x00, 0x00, 0xFF, 0xF6, 0x00, 0x00, 0x00, 0x00, 0x00, 0x00, 0x00, 0x00,
	0x00, 0x00, 0x00, 0x00, 0xFF, 0xE8, 0x00, 0x00, 0x00, 0x00, 0x00, 0x00, 0xFF, 0xEC, 0x00, 0x00,
	0x00, 0x00, 0x00, 0x00, 0x00, 0x00, 0x00, 0x00, 0xFF, 0xF5, 0x00, 0x00, 0x00, 0x00, 0x00, 0x00,
	0x00, 0x00, 0x00, 0x00, 0xFF, 0xAE, 0x00, 0x00, 0x00, 0x00, 0xFF, 0xE5, 0x00, 0x00, 0xFF, 0xF1,
	0x00, 0x00, 0xFF, 0xF8, 0x00, 0x00, 0x00, 0x00, 0x00, 0x00, 0x00, 0x00, 0xFF, 0xE8, 0x00, 0x00,
	0x00, 0x00, 0xFF, 0xED, 0xFF, 0xE2, 0xFF, 0xEE, 0xFF, 0xF1, 0x00, 0x00, 0x00, 0x00, 0x00, 0x00,
	0xFF, 0xE8, 0x00, 0x00, 0x00, 0x00, 0x00, 0x00, 0x00, 0x00, 0x00, 0x00, 0xFF, 0xED, 0x00, 0x00,
	0x00, 0x00, 0xFF, 0xEA, 0x00, 0x00, 0xFF, 0xE7, 0x00, 0x00, 0x00, 0x00, 0x00, 0x00, 0x00, 0x00,
	0x00, 0x00, 0xFF, 0xE1, 0x00, 0x00, 0xFF, 0xDA, 0x00, 0x00, 0x00, 0x00, 0x00, 0x00, 0x00, 0x00,
	0xFF, 0xE0, 0x00, 0x00, 0xFF, 0xF5, 0x00, 0x00, 0xFF, 0xE7, 0x00, 0x00, 0xFF, 0xED, 0x00, 0x00,
	0x00, 0x00, 0x00, 0x00, 0x00, 0x00, 0x00, 0x00, 0x00, 0x00, 0x00, 0x00, 0x00, 0x00, 0x00, 0x00,
	0x00, 0x00, 0x00, 0x00, 0x00, 0x00, 0xFF, 0xD8, 0x00, 0x00, 0xFF, 0xF2, 0x00, 0x00, 0x00, 0x00,
	0x00, 0x00, 0x00, 0x00, 0x00, 0x00, 0x00, 0x00, 0x00, 0x00, 0x00, 0x00, 0x00, 0x00, 0x00, 0x00,
	0x00, 0x00, 0x00, 0x00, 0x00, 0x00, 0x00, 0x00, 0x00, 0x00, 0x00, 0x00, 0x00, 0x00, 0x00, 0x00,
	0x00, 0x00, 0x00, 0x00, 0x00, 0x00, 0x00, 0x00, 0x00, 0x00, 0x00, 0x00, 0x00, 0x00, 0x00, 0x00,
	0x00, 0x00, 0xFF, 0xBE, 0x00, 0x00, 0x00, 0x00, 0x00, 0x00, 0x00, 0x00, 0x00, 0x00, 0x00, 0x00,
	0x00, 0x00, 0x00, 0x00, 0x00, 0x00, 0x00, 0x00, 0x00, 0x00, 0x00, 0x00, 0x00, 0x00, 0x00, 0x00,
	0x00, 0x00, 0x00, 0x00, 0x00, 0x00, 0x00, 0x00, 0x00, 0x00, 0x00, 0x00, 0x00, 0x00, 0x00, 0x00,
	0x00, 0x00, 0x00, 0x00, 0x00, 0x00, 0x00, 0x00, 0x00, 0x00, 0x00, 0x00, 0x00, 0x00, 0x00, 0x00,
	0x00, 0x00, 0x00, 0x00, 0x00, 0x00, 0xFF, 0xC2, 0x00, 0x00, 0x00, 0x00, 0x00, 0x00, 0x00, 0x00,
	0xFF, 0xE5, 0x00, 0x00, 0x00, 0x00, 0x00, 0x00, 0x00, 0x00, 0x00, 0x00, 0x00, 0x00, 0x00, 0x00,
	0x00, 0x00, 0x00, 0x00, 0x00, 0x00, 0xFF, 0xD3, 0xFF, 0xEA, 0x00, 0x00, 0x00, 0x00, 0x00, 0x00,
	0x00, 0x00, 0x00, 0x00, 0x00, 0x00, 0x00, 0x00, 0x00, 0x00, 0x00, 0x00, 0x00, 0x00, 0x00, 0x00,
	0x00, 0x00, 0x00, 0x00, 0x00, 0x00, 0x00, 0x00, 0xFF, 0xFB, 0x00, 0x00, 0x00, 0x00, 0x00, 0x00,
	0x00, 0x00, 0x00, 0x00, 0x00, 0x00, 0x00, 0x00, 0xFF, 0xE9, 0x00, 0x00, 0x00, 0x00, 0x00, 0x00,
	0x00, 0x00, 0x00, 0x00, 0x00, 0x00, 0x00, 0x00, 0x00, 0x00, 0xFF, 0xFC, 0x00, 0x00, 0x00, 0x00,
	0x00, 0x00, 0x00, 0x00, 0x00, 0x00, 0x00, 0x00, 0x00, 0x00, 0x00, 0x00, 0x00, 0x00, 0x00, 0x00,
	0x00, 0x00, 0x00, 0x00, 0x00, 0x00, 0x00, 0x00, 0xFF, 0xE4, 0x00, 0x00, 0xFF, 0xF0, 0x00, 0x00,
	0x00, 0x00, 0x00, 0x00, 0x00, 0x00, 0x00, 0x00, 0x00, 0x00, 0x00, 0x00, 0x00, 0x00, 0x00, 0x00,
	0x00, 0x00, 0x00, 0x00, 0x00, 0x00, 0x00, 0x00, 0x00, 0x00, 0x00, 0x00, 0x00, 0x00, 0x00, 0x00,
	0x00, 0x00, 0x00, 0x00, 0x00, 0x00, 0x00, 0x00, 0x00, 0x00, 0x00, 0x00, 0x00, 0x00, 0x00, 0x00,
	0x00, 0x00, 0x00, 0x00, 0x00, 0x00, 0x00, 0x00, 0x00, 0x00, 0x00, 0x00, 0x00, 0x00, 0x00, 0x00,
	0x00, 0x00, 0x00, 0x00, 0x00, 0x00, 0x00, 0x00, 0x00, 0x00, 0x00, 0x00, 0x00, 0x00, 0x00, 0x00,
	0x00, 0x00, 0x00, 0x00, 0xFF, 0xF1, 0x00, 0x00, 0xFF, 0xEF, 0x00, 0x00, 0x00, 0x00, 0x00, 0x00,
	0x00, 0x00, 0x00, 0x00, 0x00, 0x00, 0xFF, 0xD4, 0x00, 0x00, 0x00, 0x00, 0x00, 0x00, 0x00, 0x00,
	0x00, 0x00, 0x00, 0x00, 0x00, 0x00, 0x00, 0x00, 0x00, 0x05, 0x00, 0x00, 0x00, 0x00, 0x00, 0x00,
	0x00, 0x00, 0x00, 0x00, 0x00, 0x00, 0x00, 0x00, 0x00, 0x00, 0x00, 0x00, 0x00, 0x00, 0x00, 0x00,
	0x00, 0x00, 0x00, 0x00, 0x00, 0x00, 0x00, 0x00, 0x00, 0x0F, 0x00, 0x00, 0x00, 0x00, 0x00, 0x00,
	0x00, 0x00, 0x00, 0x00, 0x00, 0x00, 0x00, 0x00, 0x00, 0x00, 0x00, 0x00, 0x00, 0x00, 0x00, 0x00,
	0xFF, 0xD7, 0x00, 0x00, 0x00, 0x00, 0x00, 0x00, 0x00, 0x00, 0x00, 0x00, 0x00, 0x00, 0x00, 0x00,
	0x00, 0x00, 0x00, 0x00, 0x00, 0x00, 0x00, 0x00, 0x00, 0x00, 0x00, 0x00, 0x00, 0x00, 0x00, 0x00,
	0x00, 0x00, 0x00, 0x00, 0x00, 0x00, 0x00, 0x00, 0x00, 0x00, 0x00, 0x00, 0x00, 0x00, 0x00, 0x00,
	0x00, 0x00, 0x00, 0x00, 0x00, 0x00, 0x00, 0x00, 0x00, 0x00, 0x00, 0x00, 0x00, 0x00, 0x00, 0x14,
	0x00, 0x00, 0x00, 0x00, 0x00, 0x00, 0x00, 0x00, 0x00, 0x00, 0x00, 0x00, 0x00, 0x00, 0x00, 0x00,
	0xFF, 0xF1, 0x00, 0x00, 0x00, 0x00, 0x00, 0x00, 0x00, 0x00, 0x00, 0x00, 0x00, 0x00, 0x00, 0x00,
	0x00, 0x00, 0x00, 0x00, 0x00, 0x00, 0x00, 0x00, 0x00, 0x00, 0x00, 0x00, 0x00, 0x00, 0x00, 0x00,
	0x00, 0x00, 0x00, 0x00, 0x00, 0x00, 0x00, 0x00, 0x00, 0x00, 0x00, 0x00, 0x00, 0x00, 0x00, 0x00,
	0x00, 0x00, 0x00, 0x00, 0x00, 0x00, 0x00, 0x00, 0x00, 0x00, 0x00, 0x00, 0x00, 0x00, 0x00, 0x00,
	0x00, 0x00, 0x00, 0x00, 0x00, 0x00, 0x00, 0x1E, 0x00, 0x00, 0x00, 0x00, 0x00, 0x00, 0x00, 0x00,
	0x00, 0x00, 0x00, 0x00, 0x00, 0x00, 0xFF, 0xE2, 0xFF, 0xEC, 0xFF, 0xF2, 0x00, 0x00, 0xFF, 0xEC,
	0xFF, 0xE4, 0x00, 0x00, 0xFF, 0xEC, 0xFF, 0xDE, 0xFF, 0xD3, 0xFF, 0xD8, 0xFF, 0xD5, 0xFF, 0xE7,
	0xFF, 0xBD, 0xFF, 0xEC, 0xFF, 0xC4, 0xFF, 0xEC, 0x00, 0x00, 0x00, 0x00, 0x00, 0x00, 0xFF, 0xE2,
	0xFF, 0xF6, 0xFF, 0xF1, 0x00, 0x00, 0xFF, 0xE7, 0x00, 0x00, 0x00, 0x00, 0xFF, 0xD8, 0xFF, 0xEC,
	0xFF, 0xEC, 0xFF, 0xF2, 0x00, 0x00, 0xFF, 0xD8, 0xFF, 0xF6, 0x00, 0x00, 0x00, 0x0A, 0xFF, 0xE7,
	0xFF, 0xDD, 0x00, 0x00, 0xFF, 0xF1, 0x00, 0x00, 0x00, 0x00, 0x00, 0x00, 0x00, 0x00, 0xFF, 0xD3,
	0x00, 0x00, 0xFF, 0xF1, 0xFF, 0xE2, 0x00, 0x00, 0x00, 0x00, 0xFF, 0xE2, 0x00, 0x00, 0xFF, 0xEC,
	0xFF, 0xDD, 0xFF, 0xF6, 0x00, 0x00, 0xFF, 0xF8, 0x00, 0x00, 0xFF, 0xE2, 0x00, 0x00, 0x00, 0x0B,
	0xFF, 0xD5, 0xFF, 0xDA, 0xFF, 0xEC, 0x00, 0x00, 0x00, 0x12, 0x00, 0x00, 0x00, 0x00, 0xFF, 0xF7,
	0xFF, 0xEC, 0xFF, 0xF6, 0xFF, 0xDE, 0xFF, 0xE7, 0xFF, 0xF4, 0xFF, 0xE4, 0xFF, 0xF1, 0xFF, 0xEC,
	0x00, 0x1E, 0x00, 0x00, 0x00, 0x00, 0xFF, 0xE9, 0x00, 0x00, 0x00, 0x00, 0x00, 0x00, 0x00, 0x00,
	0xFF, 0xE3, 0xFF, 0xC9, 0x00, 0x00, 0x00, 0x00, 0xFF, 0xD8, 0x00, 0x00, 0x00, 0x1E, 0xFF, 0xE7,
	0x00, 0x00, 0x00, 0x00, 0x00, 0x00, 0x00, 0x00, 0x00, 0x00, 0x00, 0x00, 0xFF, 0xF4, 0xFF, 0xEC,
	0xFF, 0xDA, 0xFF, 0xC5, 0x00, 0x00, 0x00, 0x00, 0xFF, 0xEC, 0xFF, 0xDD, 0x00, 0x12, 0x00, 0x00,
	0x00, 0x0F, 0x00, 0x00, 0x00, 0x00, 0x00, 0x00, 0x00, 0x00, 0x00, 0x00, 0x00, 0x00, 0xFF, 0xF6,
	0x00, 0x08, 0xFF, 0xEE, 0xFF, 0xF6, 0xFF, 0xE3, 0x00, 0x00, 0xFF, 0xF6, 0xFF, 0xF1, 0x00, 0x12,
	0x00, 0x00, 0xFF, 0xDE, 0x00, 0x00, 0x00, 0x00, 0xFF, 0xEF, 0x00, 0x00, 0x00, 0x00, 0x00, 0x14,
	0x00, 0x00, 0x00, 0x00, 0x00, 0x00, 0x00, 0x00, 0x00, 0x00, 0xFF, 0xA4, 0x00, 0x00, 0xFF, 0xF6,
	0xFF, 0xF8, 0xFF, 0xAB, 0x00, 0x00, 0x00, 0x00, 0x00, 0x2C, 0x00, 0x3F, 0x00, 0x1E, 0x00, 0x00,
	0x00, 0x00, 0xFF, 0xF6, 0x00, 0x00, 0x00, 0x22, 0x00, 0x00, 0x00, 0x00, 0x00, 0x30, 0x00, 0x00,
	0x00, 0x1E, 0x00, 0x00, 0x00, 0x00, 0x00, 0x0A, 0x00, 0x12, 0x00, 0x0A, 0x00, 0x28, 0x00, 0x14,
	0x00, 0x0A, 0x00, 0x0A, 0x00, 0x00, 0x00, 0x32, 0x00, 0x00, 0x00, 0x00, 0x00, 0x00, 0x00, 0x00,
	0x00, 0x00, 0x00, 0x00, 0x00, 0x00, 0x00, 0x00, 0x00, 0x00, 0x00, 0x00, 0x00, 0x00, 0x00, 0x00,
	0xFF, 0xF5, 0x00, 0x00, 0x00, 0x00, 0x00, 0x00, 0x00, 0x00, 0x00, 0x00, 0x00, 0x00, 0x00, 0x00,
	0x00, 0x00, 0x00, 0x00, 0x00, 0x00, 0x00, 0x1E, 0x00, 0x00, 0x00, 0x00, 0x00, 0x00, 0x00, 0x00,
	0x00, 0x00, 0x00, 0x00, 0x00, 0x00, 0x00, 0x00, 0x00, 0x00, 0x00, 0x00, 0x00, 0x00, 0x00, 0x00,
	0x00, 0x00, 0x00, 0x14, 0x00, 0x00, 0x00, 0x00, 0x00, 0x00, 0x00, 0x00, 0x00, 0x00, 0x00, 0x00,
	0x00, 0x00, 0x00, 0x00, 0x00, 0x00, 0x00, 0x00, 0x00, 0x00, 0x00, 0x00, 0x00, 0x00, 0x00, 0x00,
	0x00, 0x00, 0x00, 0x00, 0x00, 0x00, 0x00, 0x00, 0x00, 0x00, 0x00, 0x00, 0x00, 0x00, 0x00, 0x00,
	0x00, 0x00, 0x00, 0x00, 0x00, 0x00, 0x00, 0x00, 0x00, 0x00, 0x00, 0x00, 0x00, 0x00, 0x00, 0x00,
	0x00, 0x00, 0x00, 0x00, 0x00, 0x00, 0x00, 0x00, 0x00, 0x00, 0x00, 0x00, 0x00, 0x00, 0x00, 0x00,
	0x00, 0x00, 0x00, 0x00, 0x00, 0x00, 0x00, 0x00, 0x00, 0x00, 0x00, 0x00, 0x00, 0x00, 0x00, 0x00,
	0x00, 0x00, 0x00, 0x00, 0x00, 0x00, 0x00, 0x00, 0x00, 0x00, 0x00, 0x00, 0x00, 0x00, 0x00, 0x00,
	0x00, 0x00, 0x00, 0x00, 0x00, 0x00, 0x00, 0x00, 0x00, 0x00, 0x00, 0x00, 0x00, 0x0A, 0x00, 0x00,
	0x00, 0x00, 0x00, 0x00, 0x00, 0x00, 0x00, 0x00, 0x00, 0x00, 0x00, 0x08, 0x00, 0x14, 0xFF, 0xF6,
	0x00, 0x00, 0x00, 0x00, 0xFF, 0xFA, 0x00, 0x00, 0xFF, 0xEA, 0x00, 0x00, 0x00, 0x00, 0x00, 0x00,
	0x00, 0x00, 0x00, 0x05, 0x00, 0x00, 0x00, 0x00, 0x00, 0x00, 0x00, 0x00, 0x00, 0x00, 0xFF, 0xF6,
	0xFF, 0xDC, 0xFF, 0xF6, 0x00, 0x00, 0x00, 0x00, 0xFF, 0xFA, 0x00, 0x00, 0x00, 0x00, 0x00, 0x00,
	0x00, 0x00, 0x00, 0x00, 0x00, 0x00, 0x00, 0x00, 0x00, 0x00, 0x00, 0x00, 0x00, 0x00, 0x00, 0x1E,
	0x00, 0x00, 0x00, 0x26, 0x00, 0x08, 0x00, 0x00, 0x00, 0x00, 0x00, 0x00, 0x00, 0x00, 0x00, 0x00,
	0x00, 0x00, 0x00, 0x00, 0x00, 0x00, 0x00, 0x00, 0x00, 0x00, 0x00, 0x00, 0x00, 0x00, 0x00, 0x00,
	0x00, 0x00, 0x00, 0x00, 0x00, 0x00, 0x00, 0x00, 0x00, 0x00, 0x00, 0x00, 0x00, 0x00, 0x00, 0x00,
	0x00, 0x00, 0x00, 0x00, 0x00, 0x00, 0x00, 0x00, 0x00, 0x00, 0x00, 0x00, 0x00, 0x00, 0x00, 0x00,
	0x00, 0x00, 0x00, 0x00, 0x00, 0x07, 0x00, 0x00, 0x00, 0x00, 0x00, 0x00, 0x00, 0x00, 0x00, 0x00,
	0x00, 0x00, 0x00, 0x00, 0x00, 0x00, 0x00, 0x00, 0x00, 0x00, 0x00, 0x00, 0x00, 0x00, 0x00, 0x00,
	0x00, 0x00, 0x00, 0x00, 0x00, 0x00, 0x00, 0x00, 0x00, 0x00, 0x00, 0x00, 0x00, 0x00, 0x00, 0x00,
	0x00, 0x00, 0x00, 0x00, 0x00, 0x00, 0x00, 0x00, 0x00, 0x00, 0x00, 0x00, 0x00, 0x00, 0x00, 0x00,
	0x00, 0x00, 0x00, 0x00, 0x00, 0x00, 0x00, 0x00, 0x00, 0x00, 0x00, 0x00, 0x00, 0x00, 0x00, 0x00,
	0x00, 0x00, 0x00, 0x00, 0x00, 0x00, 0x00, 0x00, 0x00, 0x00, 0x00, 0x00, 0xFF, 0xF3, 0x00, 0x00,
	0x00, 0x00, 0x00, 0x00, 0x00, 0x1E, 0x00, 0x00, 0x00, 0x00, 0x00, 0x00, 0xFF, 0xF8, 0xFF, 0xE0,
	0xFF, 0xFC, 0xFF, 0xF3, 0xFF, 0xF1, 0xFF, 0xE0, 0x00, 0x00, 0x00, 0x00, 0x00, 0x22, 0x00, 0x2D,
	0x00, 0x1C, 0x00, 0x00, 0x00, 0x00, 0x00, 0x04, 0x00, 0x00, 0x00, 0x17, 0x00, 0x00, 0x00, 0x00,
	0x00, 0x1C, 0x00, 0x00, 0x00, 0x0F, 0x00, 0x00, 0x00, 0x00, 0x00, 0x00, 0x00, 0x00, 0x00, 0x0A,
	0x00, 0x23, 0x00, 0x0F, 0x00, 0x00, 0x00, 0x0A, 0x00, 0x00, 0x00, 0x14, 0x00, 0x00, 0x00, 0x00,
	0x00, 0x00, 0xFF, 0xE2, 0x00, 0x00, 0x00, 0x00, 0xFF, 0xD7, 0x00, 0x00, 0x00, 0x00, 0x00, 0x00,
	0x00, 0x00, 0x00, 0x00, 0x00, 0x00, 0xFF, 0xFB, 0x00, 0x00, 0x00, 0x00, 0x00, 0x00, 0x00, 0x00,
	0x00, 0x00, 0x00, 0x00, 0x00, 0x00, 0x00, 0x00, 0x00, 0x00, 0x00, 0x00, 0x00, 0x00, 0x00, 0x00,
	0x00, 0x00, 0x00, 0x00, 0xFF, 0xEB, 0x00, 0x00, 0x00, 0x00, 0x00, 0x00, 0x00, 0x00, 0x00, 0x00,
	0x00, 0x00, 0x00, 0x00, 0x00, 0x00, 0x00, 0x1E, 0x00, 0x00, 0x00, 0x00, 0x00, 0x00, 0x00, 0x00,
	0x00, 0x00, 0x00, 0x00, 0x00, 0x00, 0x00, 0x00, 0xFF, 0xED, 0x00, 0x00, 0x00, 0x00, 0x00, 0x00,
	0x00, 0x00, 0x00, 0x00, 0x00, 0x00, 0x00, 0x00, 0x00, 0x00, 0x00, 0x00, 0x00, 0x00, 0x00, 0x00,
	0x00, 0x00, 0x00, 0x00, 0x00, 0x00, 0x00, 0x00, 0x00, 0x00, 0x00, 0x00, 0x00, 0x00, 0x00, 0x00,
	0x00, 0x00, 0x00, 0x00, 0x00, 0x00, 0x00, 0x00, 0x00, 0x00, 0x00, 0x00, 0x00, 0x00, 0x00, 0x00,
	0x00, 0x00, 0x00, 0x00, 0x00, 0x00, 0x00, 0x00, 0x00, 0x00, 0x00, 0x00, 0x00, 0x00, 0x00, 0x11,
	0x00, 0x00, 0x00, 0x00, 0x00, 0x00, 0x00, 0x00, 0x00, 0x00, 0x00, 0x00, 0x00, 0x00, 0xFF, 0xBC,
	0xFF, 0xCB, 0xFF, 0xEC, 0x00, 0x05, 0xFF, 0xBC, 0xFF, 0xBC, 0x00, 0x00, 0xFF, 0xCB, 0xFF, 0xC1,
	0xFF, 0xD8, 0xFF, 0xBC, 0xFF, 0xC1, 0xFF, 0xF6, 0xFF, 0xB7, 0xFF, 0xEC, 0xFF, 0xC6, 0xFF, 0xE2,
	0xFF, 0xF6, 0x00, 0x1E, 0x00, 0x00, 0x00, 0x00, 0x00, 0x00, 0xFF, 0xD3, 0x00, 0x1E, 0x00, 0x00,
	0x00, 0x00, 0xFF, 0xF1, 0xFF, 0xBC, 0xFF, 0xE4, 0xFF, 0xCB, 0x00, 0x00, 0x00, 0x00, 0xFF, 0xBC,
	0xFF, 0xEC, 0x00, 0x1E, 0x00, 0x1E, 0xFF, 0xC1, 0xFF, 0xC1, 0x00, 0x00, 0xFF, 0xF8, 0x00, 0x00,
	0x00, 0x00, 0x00, 0x00, 0x00, 0x00, 0xFF, 0xD8, 0x00, 0x00, 0x00, 0x00, 0x00, 0x00, 0x00, 0x00,
	0x00, 0x00, 0xFF, 0xE4, 0x00, 0x00, 0xFF, 0xF6, 0xFF, 0xF6, 0x00, 0x00, 0x00, 0x00, 0x00, 0x00,
	0x00, 0x00, 0x00, 0x00, 0x00, 0x00, 0x00, 0x00, 0xFF, 0xD8, 0x00, 0x00, 0xFF, 0xE4, 0x00, 0x00,
	0x00, 0x00, 0x00, 0x00, 0x00, 0x00, 0x00, 0x00, 0x00, 0x00, 0x00, 0x00, 0x00, 0x00, 0x00, 0x00,
	0x00, 0x00, 0x00, 0x00, 0x00, 0x00, 0x00, 0x00, 0x00, 0x00, 0x00, 0x00, 0x00, 0x00, 0x00, 0x00,
	0x00, 0x00, 0x00, 0x00, 0x00, 0x00, 0x00, 0x00, 0x00, 0x00, 0x00, 0x00, 0x00, 0x00, 0x00, 0x00,
	0x00, 0x00, 0x00, 0x00, 0x00, 0x00, 0x00, 0x00, 0x00, 0x00, 0x00, 0x00, 0x00, 0x00, 0x00, 0x00,
	0x00, 0x00, 0x00, 0x00, 0x00, 0x00, 0x00, 0x00, 0x00, 0x00, 0x00, 0x00, 0x00, 0x00, 0x00, 0x00,
	0x00, 0x00, 0x00, 0x00, 0x00, 0x00, 0x00, 0x00, 0x00, 0x00, 0x00, 0x00, 0x00, 0x00, 0x00, 0x00,
	0x00, 0x00, 0x00, 0x00, 0x00, 0x00, 0x00, 0x00, 0x00, 0x00, 0x00, 0x00, 0x00, 0x00, 0x00, 0x00,
	0x00, 0x00, 0x00, 0x00, 0x00, 0x00, 0x00, 0x00, 0x00, 0x00, 0x00, 0x00, 0x00, 0x00, 0x00, 0x00,
	0x00, 0x00, 0x00, 0x00, 0x00, 0x00, 0x00, 0x00, 0x00, 0x00, 0x00, 0x00, 0x00, 0x00, 0xFF, 0xF6,
	0xFF, 0xE7, 0x00, 0x00, 0x00, 0x00, 0x00, 0x00, 0x00, 0x00, 0xFF, 0xE0, 0x00, 0x00, 0x00, 0x00,
	0x00, 0x00, 0xFF, 0xE2, 0x00, 0x00, 0x00, 0x00, 0xFF, 0xEF, 0x00, 0x00, 0x00, 0x00, 0x00, 0x00,
	0x00, 0x00, 0x00, 0x00, 0xFF, 0xEA, 0x00, 0x00, 0x00, 0x00, 0xFF, 0xF6, 0x00, 0x00, 0x00, 0x00,
	0x00, 0x00, 0x00, 0x00, 0x00, 0x00, 0x00, 0x00, 0x00, 0x00, 0xFF, 0xF2, 0x00, 0x00, 0xFF, 0xE2,
	0x00, 0x00, 0x00, 0x00, 0x00, 0x00, 0x00, 0x00, 0x00, 0x00, 0x00, 0x00, 0x00, 0x00, 0x00, 0x00,
	0x00, 0x00, 0x00, 0x00, 0x00, 0x00, 0x00, 0x00, 0x00, 0x00, 0x00, 0x00, 0x00, 0x00, 0x00, 0x00,
	0x00, 0x00, 0x00, 0x00, 0x00, 0x00, 0x00, 0x00, 0x00, 0x1C, 0x00, 0x00, 0xFF, 0xF4, 0xFF, 0xEE,
	0x00, 0x00, 0xFF, 0xDA, 0x00, 0x00, 0x00, 0x00, 0x00, 0x00, 0x00, 0x00, 0x00, 0x00, 0x00, 0x00,
	0x00, 0x00, 0xFF, 0xF6, 0x00, 0x00, 0xFF, 0xEC, 0x00, 0x00, 0x00, 0x1E, 0x00, 0x00, 0x00, 0x00,
	0x00, 0x14, 0x00, 0x00, 0xFF, 0xF4, 0x00, 0x08, 0x00, 0x04, 0x00, 0x00, 0x00, 0x00, 0x00, 0x00,
	0x00, 0x00, 0xFF, 0xF6, 0xFF, 0xF8, 0x00, 0x1E, 0x00, 0x00, 0x00, 0x00, 0x00, 0x00, 0x00, 0x00,
	0x00, 0x00, 0x00, 0x00, 0x00, 0x00, 0x00, 0x00, 0x00, 0x00, 0xFF, 0xF4, 0xFF, 0xFC, 0x00, 0x00,
	0x00, 0x00, 0x00, 0x00, 0x00, 0x00, 0xFF, 0xFE, 0x00, 0x00, 0x00, 0x00, 0x00, 0x00, 0x00, 0x00,
	0x00, 0x00, 0x00, 0x05, 0xFF, 0xEC, 0xFF, 0xEC, 0x00, 0x00, 0x00, 0x00, 0x00, 0x0A, 0x00, 0x00,
	0x00, 0x00, 0x00, 0x00, 0x00, 0x00, 0x00, 0x00, 0x00, 0x30, 0x00, 0x00, 0xFF, 0xF4, 0x00, 0x00,
	0x00, 0x00, 0x00, 0x00, 0x00, 0x00, 0xFF, 0xEC, 0x00, 0x00, 0x00, 0x00, 0x00, 0x00, 0xFF, 0xF6,
	0xFF, 0xFB, 0xFF, 0xF6, 0x00, 0x1E, 0x00, 0x00, 0x00, 0x00, 0x00, 0x00, 0x00, 0x1E, 0x00, 0x00,
	0x00, 0x00, 0x00, 0x14, 0xFF, 0xF6, 0xFF, 0xEC, 0x00, 0x00, 0x00, 0x00, 0x00, 0x14, 0x00, 0x00,
	0xFF, 0xD8, 0x00, 0x78, 0x00, 0x00, 0xFF, 0xE2, 0x00, 0x00, 0x00, 0x00, 0x00, 0x00, 0x00, 0x00,
	0x00, 0x00, 0x00, 0x00, 0x00, 0x00, 0xFF, 0xEC, 0xFF, 0xEC, 0x00, 0x00, 0x00, 0x00, 0x00, 0x00,
	0xFF, 0xF6, 0x00, 0x00, 0x00, 0x00, 0x00, 0x00, 0x00, 0x00, 0x00, 0x00, 0x00, 0x00, 0x00, 0x00,
	0x00, 0x00, 0x00, 0x00, 0x00, 0x00, 0x00, 0x14, 0x00, 0x00, 0x00, 0x1E, 0x00, 0x32, 0x00, 0x00,
	0x00, 0x00, 0x00, 0x00, 0x00, 0x00, 0x00, 0x00, 0x00, 0x00, 0x00, 0x00, 0x00, 0x3C, 0x00, 0x00,
	0x00, 0x14, 0x00, 0x00, 0x00, 0x00, 0x00, 0x00, 0x00, 0x00, 0x00, 0x00, 0x00, 0x00, 0x00, 0x00,
	0x00, 0x00, 0x00, 0x00, 0x00, 0x00, 0x00, 0x00, 0x00, 0x00, 0x00, 0x00, 0xFF, 0x74, 0x00, 0x00,
	0x00, 0x00, 0x00, 0x00, 0x00, 0x00, 0x00, 0x00, 0x00, 0x00, 0x00, 0x00, 0x00, 0x00, 0x00, 0x00,
	0x00, 0x00, 0x00, 0x00, 0x00, 0x00, 0x00, 0x00, 0x00, 0x00, 0x00, 0x00, 0x00, 0x00, 0x00, 0x00,
	0x00, 0x00, 0x00, 0x00, 0x00, 0x00, 0x00, 0x00, 0x00, 0x00, 0x00, 0x00, 0x00, 0x00, 0x00, 0x00,
	0x00, 0x00, 0x00, 0x00, 0x00, 0x00, 0x00, 0x00, 0x00, 0x00, 0x00, 0x00, 0x00, 0x00, 0x00, 0x00,
	0x00, 0x00, 0x00, 0x00, 0x00, 0x00, 0x00, 0x00, 0x00, 0x00, 0x00, 0x00, 0x00, 0x00, 0x00, 0x00,
	0x00, 0x00, 0x00, 0x00, 0x00, 0x00, 0x00, 0x00, 0x00, 0x00, 0x00, 0x00, 0x00, 0x00, 0x00, 0x00,
	0x00, 0x00, 0x00, 0x00, 0x00, 0x00, 0x00, 0x00, 0x00, 0x00, 0x00, 0x00, 0x00, 0x00, 0x00, 0x00,
	0x00, 0x00, 0x00, 0x00, 0x00, 0x00, 0x00, 0x00, 0xFF, 0xF5, 0x00, 0x00, 0x00, 0x00, 0x00, 0x00,
	0x00, 0x00, 0x00, 0x00, 0x00, 0x00, 0x00, 0x05, 0x00, 0x14, 0x00, 0x00, 0x00, 0x00, 0x00, 0x00,
	0x00, 0x00, 0x00, 0x16, 0x00, 0x64, 0xFF, 0xED, 0x00, 0x07, 0x00, 0x00, 0x00, 0x00, 0x00, 0x00,
	0x00, 0x00, 0x00, 0x00, 0x00, 0x00, 0x00, 0x00, 0x00, 0x07, 0x00, 0x19, 0x00, 0x00, 0x00, 0x00,
	0x00, 0x00, 0x00, 0x0A, 0xFF, 0xF5, 0x00, 0x00, 0x00, 0x00, 0xFF, 0xEC, 0x00, 0x00, 0x00, 0x00,
	0xFF, 0xF4, 0x00, 0x00, 0x00, 0x00, 0xFF, 0xF8, 0x00, 0x00, 0xFF, 0xF5, 0x00, 0x00, 0x00, 0x05,
	0x00, 0x00, 0x00, 0x00, 0x00, 0x00, 0x00, 0x00, 0x00, 0x00, 0x00, 0x00, 0x00, 0x00, 0x00, 0x07,
	0x00, 0x00, 0x00, 0x00, 0xFF, 0xDE, 0x00, 0x00, 0x00, 0x00, 0x00, 0x00, 0xFF, 0xE3, 0x00, 0x00,
	0x00, 0x00, 0x00, 0x00, 0x00, 0x00, 0x00, 0x00, 0x00, 0x00, 0x00, 0x00, 0x00, 0x00, 0x00, 0x00,
	0x00, 0x00, 0x00, 0x00, 0x00, 0x00, 0x00, 0x00, 0x00, 0x00, 0x00, 0x00, 0x00, 0x00, 0xFF, 0xE1,
	0x00, 0x00, 0x00, 0x00, 0xFF, 0xE9, 0x00, 0x00, 0x00, 0x00, 0x00, 0x00, 0x00, 0x00, 0x00, 0x00,
	0x00, 0x00, 0x00, 0x00, 0x00, 0x00, 0x00, 0x00, 0x00, 0x00, 0x00, 0x00, 0x00, 0x00, 0x00, 0x00,
	0x00, 0x00, 0x00, 0x00, 0xFF, 0xED, 0x00, 0x00, 0x00, 0x00, 0x00, 0x00, 0x00, 0x00, 0x00, 0x00,
	0x00, 0x00, 0x00, 0x00, 0x00, 0x00, 0x00, 0x00, 0x00, 0x00, 0x00, 0x00, 0x00, 0x00, 0x00, 0x00,
	0x00, 0x00, 0x00, 0x00, 0x00, 0x00, 0x00, 0x17, 0x00, 0x00, 0x00, 0x00, 0x00, 0x00, 0x00, 0x00,
	0x00, 0x00, 0x00, 0x00, 0x00, 0x00, 0x00, 0x00, 0x00, 0x00, 0x00, 0x00, 0x00, 0x00, 0x00, 0x00,
	0x00, 0x00, 0x00, 0x00, 0x00, 0x00, 0x00, 0x00, 0x00, 0x1E, 0x00, 0x00, 0x00, 0x00, 0x00, 0x00,
	0x00, 0x00, 0x00, 0x00, 0x00, 0x00, 0x00, 0x00, 0x00, 0x00, 0x00, 0x05, 0x00, 0x00, 0x00, 0x00,
	0x00, 0x00, 0x00, 0x00, 0x00, 0x07, 0x00, 0x00, 0x00, 0x00, 0x00, 0x00, 0x00, 0x00, 0x00, 0x00,
	0x00, 0x00, 0x00, 0x00, 0x00, 0x00, 0x00, 0x00, 0x00, 0x00, 0x00, 0x05, 0x00, 0x07, 0x00, 0x00,
	0x00, 0x00, 0x00, 0x00, 0x00, 0x00, 0x00, 0x00, 0x00, 0x00, 0x00, 0x00, 0x00, 0x00, 0x00, 0x00,
	0x00, 0x00, 0x00, 0x00, 0x00, 0x00, 0x00, 0x00, 0x00, 0x00, 0x00, 0x00, 0x00, 0x00, 0x00, 0x00,
	0x00, 0x0F, 0x00, 0x00, 0x00, 0x00, 0x00, 0x00, 0x00, 0x00, 0x00, 0x00, 0x00, 0x00, 0x00, 0x00,
	0x00, 0x00, 0x00, 0x00, 0x00, 0x00, 0x00, 0x00, 0x00, 0x00, 0x00, 0x00, 0x00, 0x00, 0x00, 0x00,
	0x00, 0x00, 0x00, 0x00, 0x00, 0x00, 0x00, 0x00, 0x00, 0x00, 0x00, 0x00, 0x00, 0x00, 0x00, 0x00,
	0x00, 0x00, 0x00, 0x00, 0x00, 0x00, 0x00, 0x00, 0x00, 0x00, 0x00, 0x00, 0x00, 0x00, 0x00, 0x00,
	0x00, 0x00, 0x00, 0x00, 0x00, 0x00, 0x00, 0x00, 0x00, 0x00, 0x00, 0x00, 0x00, 0x00, 0x00, 0x00,
	0x00, 0x00, 0x00, 0x00, 0x00, 0x00, 0x00, 0x00, 0x00, 0x00, 0x00, 0x00, 0x00, 0x00, 0x00, 0x00,
	0x00, 0x00, 0x00, 0x00, 0x00, 0x00, 0x00, 0x00, 0x00, 0x00, 0x00, 0x00, 0x00, 0x00, 0x00, 0x00,
	0x00, 0x00, 0x00, 0x00, 0x00, 0x00, 0x00, 0x00, 0x00, 0x00, 0x00, 0x00, 0x00, 0x00, 0x00, 0x00,
	0x00, 0x00, 0x00, 0x00, 0x00, 0x00, 0x00, 0x00, 0x00, 0x00, 0x00, 0x00, 0x00, 0x00, 0x00, 0x00,
	0x00, 0x00, 0x00, 0x00, 0x00, 0x00, 0x00, 0x00, 0xFF, 0xF7, 0x00, 0x00, 0x00, 0x00, 0xFF, 0xF8,
	0x00, 0x00, 0x00, 0x00, 0xFF, 0xFB, 0x00, 0x00, 0x00, 0x00, 0x00, 0x00, 0x00, 0x00, 0x00, 0x00,
	0xFF, 0xF4, 0x00, 0x00, 0x00, 0x00, 0x00, 0x00, 0xFF, 0xF8, 0x00, 0x00, 0xFF, 0xA1, 0x00, 0x00,
	0x00, 0x00, 0x00, 0x00, 0x00, 0x00, 0xFF, 0xF6, 0x00, 0x00, 0x00, 0x00, 0x00, 0x00, 0x00, 0x00,
	0x00, 0x06, 0x00, 0x00, 0x00, 0x00, 0x00, 0x00, 0xFF, 0xF8, 0x00, 0x00, 0x00, 0x00, 0xFF, 0xF1,
	0xFF, 0xEE, 0x00, 0x00, 0xFF, 0xFC, 0x00, 0x00, 0x00, 0x00, 0x00, 0x00, 0x00, 0x00, 0xFF, 0xEE,
	0x00, 0x00, 0x00, 0x00, 0x00, 0x00, 0x00, 0x00, 0x00, 0x00, 0xFF, 0xF6, 0x00, 0x00, 0x00, 0x00,
	0x00, 0x00, 0x00, 0x00, 0x00, 0x00, 0x00, 0x00, 0x00, 0x00, 0x00, 0x00, 0x00, 0x00, 0x00, 0x00,
	0x00, 0x00, 0x00, 0x00, 0x00, 0x00, 0x00, 0x00, 0xFF, 0xFB, 0x00, 0x00, 0x00, 0x00, 0x00, 0x00,
	0xFF, 0xE1, 0x00, 0x00, 0x00, 0x00, 0x00, 0x00, 0x00, 0x00, 0x00, 0x00, 0x00, 0x00, 0x00, 0x00,
	0x00, 0x00, 0x00, 0x0C, 0x00, 0x00, 0x00, 0x00, 0x00, 0x00, 0x00, 0x00, 0x00, 0x00, 0x00, 0x00,
	0x00, 0x00, 0xFF, 0xEC, 0x00, 0x00, 0x00, 0x00, 0x00, 0x00, 0x00, 0x00, 0x00, 0x00, 0x00, 0x00,
	0xFF, 0xEA, 0x00, 0x00, 0x00, 0x00, 0x00, 0x00, 0x00, 0x00, 0x00, 0x00, 0x00, 0x00, 0x00, 0x00,
	0x00, 0x00, 0x00, 0x00, 0x00, 0x00, 0x00, 0x00, 0x00, 0x00, 0x00, 0x00, 0x00, 0x00, 0x00, 0x00,
	0x00, 0x00, 0x00, 0x00, 0x00, 0x00, 0x00, 0x00, 0x00, 0x00, 0x00, 0x00, 0x00, 0x00, 0x00, 0x00,
	0x00, 0x00, 0x00, 0x00, 0x00, 0x00, 0x00, 0x00, 0x00, 0x00, 0x00, 0x00, 0x00, 0x00, 0x00, 0x00,
	0x00, 0x00, 0x00, 0x00, 0x00, 0x00, 0x00, 0x00, 0x00, 0x00, 0x00, 0x00, 0x00, 0x00, 0x00, 0x00,
	0x00, 0x00, 0x00, 0x00, 0x00, 0x00, 0x00, 0x00, 0x00, 0x00, 0x00, 0x00, 0x00, 0x00, 0x00, 0x00,
	0x00, 0x00, 0x00, 0x00, 0x00, 0x00, 0x00, 0x00, 0x00, 0x00, 0x00, 0x14, 0x00, 0x00, 0x00, 0x00,
	0x00, 0x00, 0x00, 0x00, 0x00, 0x00, 0x00, 0x00, 0xFF, 0xEC, 0x00, 0x00, 0x00, 0x00, 0x00, 0x00,
	0x00, 0x00, 0x00, 0x28, 0x00, 0x00, 0x00, 0x00, 0x00, 0x00, 0x00, 0x00, 0x00, 0x00, 0xFF, 0xF6,
	0xFF, 0xEC, 0xFF, 0xF6, 0x00, 0x00, 0x00, 0x00, 0x00, 0x00, 0x00, 0x00, 0x00, 0x00, 0x00, 0x00,
	0x00, 0x00, 0x00, 0x00, 0x00, 0x00, 0x00, 0x00, 0x00, 0x00, 0x00, 0x00, 0x00, 0x00, 0x00, 0x00,
	0x00, 0x00, 0x00, 0x0A, 0x00, 0x00, 0x00, 0x00, 0x00, 0x00, 0x00, 0x00, 0x00, 0x00, 0x00, 0x00,
	0x00, 0x00, 0x00, 0x00, 0x00, 0x00, 0x00, 0x00, 0x00, 0x00, 0x00, 0x00, 0x00, 0x00, 0x00, 0x00,
	0x00, 0x00, 0x00, 0x00, 0x00, 0x00, 0x00, 0x00, 0x00, 0x00, 0x00, 0x00, 0x00, 0x00, 0x00, 0x00,
	0x00, 0x00, 0x00, 0x00, 0x00, 0x00, 0x00, 0x00, 0x00, 0x00, 0x00, 0x00, 0x00, 0x00, 0x00, 0x00,
	0x00, 0x00, 0x00, 0x00, 0x00, 0x00, 0x00, 0x00, 0x00, 0x00, 0x00, 0x00, 0x00, 0x00, 0x00, 0x00,
	0x00, 0x00, 0x00, 0x00, 0x00, 0x00, 0x00, 0x00, 0x00, 0x00, 0x00, 0x00, 0x00, 0x00, 0x00, 0x00,
	0x00, 0x00, 0x00, 0x00, 0x00, 0x00, 0x00, 0x00, 0x00, 0x00, 0x00, 0x00, 0x00, 0x00, 0x00, 0x00,
	0x00, 0x00, 0x00, 0x00, 0x00, 0x00, 0x00, 0x00, 0x00, 0x00, 0x00, 0x00, 0x00, 0x00, 0x00, 0x00,
	0x00, 0x00, 0x00, 0x00, 0x00, 0x00, 0x00, 0x00, 0x00, 0x00, 0x00, 0x00, 0x00, 0x00, 0x00, 0x00,
	0x00, 0x00, 0x00, 0x00, 0x00, 0x00, 0x00, 0x00, 0x00, 0x00, 0x00, 0x00, 0x00, 0x00, 0x00, 0x00,
	0x00, 0x00, 0x00, 0x00, 0x00, 0x00, 0x00, 0x00, 0x00, 0x00, 0x00, 0x00, 0x00, 0x00, 0x00, 0x00,
	0x00, 0x00, 0x00, 0x00, 0x00, 0x00, 0x00, 0x00, 0x00, 0x00, 0x00, 0x00, 0xFF, 0xF6, 0xFF, 0xF4,
	0xFF, 0xF6, 0x00, 0x00, 0x00, 0x00, 0xFF, 0xF2, 0x00, 0x00, 0x00, 0x00, 0x00, 0x00, 0x00, 0x00,
	0xFF, 0xF6, 0x00, 0x00, 0x00, 0x00, 0x00, 0x00, 0x00, 0x00, 0x00, 0x00, 0x00, 0x00, 0x00, 0x00,
	0xFF, 0xF7, 0xFF, 0xF1, 0xFF, 0xF6, 0x00, 0x00, 0x00, 0x00, 0xFF, 0xEC, 0x00, 0x00, 0x00, 0x00,
	0x00, 0x00, 0x00, 0x00, 0x00, 0x00, 0x00, 0x00, 0xFF, 0xED, 0x00, 0x00, 0x00, 0x00, 0xFF, 0xF5,
	0x00, 0x00, 0xFF, 0xFC, 0x00, 0x00, 0xFF, 0xE2, 0x00, 0x00, 0x00, 0x00, 0x00, 0x00, 0x00, 0x00,
	0x00, 0x00, 0x00, 0x00, 0x00, 0x00, 0xFF, 0xE7, 0x00, 0x00, 0xFF, 0xF6, 0xFF, 0xE1, 0x00, 0x00,
	0x00, 0x00, 0x00, 0x00, 0xFF, 0xEC, 0x00, 0x00, 0x00, 0x00, 0x00, 0x00, 0x00, 0x00, 0x00, 0x00,
	0x00, 0x00, 0x00, 0x00, 0x00, 0x00, 0xFF, 0xEC, 0x00, 0x00, 0x00, 0x00, 0x00, 0x00, 0x00, 0x00,
	0x00, 0x00, 0x00, 0x00, 0x00, 0x00, 0xFF, 0xF1, 0x00, 0x00, 0x00, 0x00, 0x00, 0x00, 0x00, 0x00,
	0x00, 0x00, 0x00, 0x00, 0x00, 0x00, 0x00, 0x00, 0x00, 0x00, 0x00, 0x00, 0x00, 0x00, 0x00, 0x00,
	0x00, 0x00, 0x00, 0x00, 0x00, 0x00, 0x00, 0x00, 0x00, 0x00, 0x00, 0x00, 0x00, 0x00, 0x00, 0x00,
	0x00, 0x00, 0x00, 0x00, 0x00, 0x00, 0x00, 0x00, 0x00, 0x00, 0x00, 0x00, 0x00, 0x00, 0x00, 0x00,
	0x00, 0x00, 0x00, 0x00, 0x00, 0x00, 0x00, 0x00, 0x00, 0x00, 0x00, 0x00, 0x00, 0x00, 0x00, 0x00,
	0x00, 0x00, 0x00, 0x00, 0x00, 0x00, 0x00, 0x00, 0x00, 0x00, 0x00, 0x00, 0x00, 0x00, 0x00, 0x00,
	0x00, 0x00, 0x00, 0x00, 0x00, 0x00, 0x00, 0x00, 0x00, 0x00, 0x00, 0x00, 0x00, 0x00, 0x00, 0x00,
	0xFF, 0xFB, 0x00, 0x00, 0x00, 0x00, 0x00, 0x00, 0x00, 0x00, 0x00, 0x00, 0x00, 0x00, 0x00, 0x04,
	0x00, 0x08, 0xFF, 0xF6, 0xFF, 0xFE, 0x00, 0x00, 0xFF, 0xEB, 0x00, 0x00, 0xFF, 0xF0, 0xFF, 0xF8,
	0x00, 0x00, 0x00, 0x02, 0x00, 0x00, 0x00, 0x00, 0x00, 0x00, 0x00, 0x00, 0xFF, 0xFE, 0x00, 0x00,
	0x00, 0x00, 0xFF, 0xFB, 0xFF, 0xEB, 0xFF, 0xFC, 0x00, 0x00, 0x00, 0x00, 0x00, 0x00, 0x00, 0x00,
	0x00, 0x00, 0x00, 0x00, 0x00, 0x00, 0x00, 0x00, 0x00, 0x00, 0x00, 0x00, 0x00, 0x00, 0x00, 0x00,
	0x00, 0x00, 0x00, 0x00, 0x00, 0x00, 0xFF, 0xFE, 0xFF, 0xDC, 0x00, 0x00, 0x00, 0x00, 0x00, 0x00,
	0x00, 0x00, 0x00, 0x00, 0x00, 0x00, 0x00, 0x00, 0xFF, 0xF4, 0x00, 0x00, 0x00, 0x00, 0x00, 0x00,
	0x00, 0x00, 0x00, 0x00, 0x00, 0x00, 0x00, 0x00, 0x00, 0x00, 0x00, 0x00, 0x00, 0x00, 0x00, 0x00,
	0x00, 0x00, 0x00, 0x00, 0x00, 0x00, 0x00, 0x00, 0x00, 0x08, 0x00, 0x00, 0x00, 0x00, 0x00, 0x00,
	0x00, 0x00, 0x00, 0x00, 0x00, 0x00, 0x00, 0x00, 0x00, 0x00, 0x00, 0x00, 0x00, 0x00, 0x00, 0x00,
	0x00, 0x00, 0x00, 0x00, 0x00, 0x00, 0x00, 0x00, 0x00, 0x00, 0x00, 0x00, 0x00, 0x00, 0x00, 0x00,
	0x00, 0x00, 0x00, 0x00, 0x00, 0x00, 0x00, 0x00, 0x00, 0x00, 0x00, 0x00, 0x00, 0x00, 0x00, 0x00,
	0x00, 0x00, 0x00, 0x00, 0x00, 0x00, 0x00, 0x00, 0x00, 0x00, 0x00, 0x00, 0x00, 0x00, 0x00, 0x00,
	0x00, 0x00, 0x00, 0x00, 0x00, 0x00, 0x00, 0x00, 0x00, 0x00, 0x00, 0x00, 0x00, 0x00, 0x00, 0x00,
	0x00, 0x00, 0x00, 0x00, 0x00, 0x00, 0x00, 0x00, 0x00, 0x00, 0x00, 0x00, 0x00, 0x00, 0x00, 0x00,
	0x00, 0x00, 0x00, 0x00, 0x00, 0x00, 0x00, 0x00, 0x00, 0x00, 0x00, 0x00, 0x00, 0x00, 0x00, 0x00,
	0x00, 0x00, 0x00, 0x0A, 0x00, 0x00, 0x00, 0x00, 0x00, 0x00, 0x00, 0x0A, 0x00, 0x00, 0x00, 0x00,
	0x00, 0x00, 0x00, 0x05, 0xFF, 0xEC, 0x00, 0x00, 0x00, 0x00, 0xFF, 0xF6, 0x00, 0x00, 0xFF, 0xE2,
	0x00, 0x41, 0x00, 0x00, 0xFF, 0xF6, 0x00, 0x00, 0x00, 0x04, 0x00, 0x00, 0x00, 0x00, 0x00, 0x00,
	0x00, 0x00, 0x00, 0x00, 0xFF, 0xEC, 0xFF, 0xD8, 0x00, 0x00, 0x00, 0x00, 0x00, 0x00, 0xFF, 0xF6,
	0x00, 0x00, 0x00, 0x00, 0x00, 0x00, 0x00, 0x00, 0x00, 0x00, 0x00, 0x00, 0x00, 0x00, 0x00, 0x00,
	0x00, 0x00, 0x00, 0x00, 0x00, 0x14, 0x00, 0x00, 0x00, 0x0A, 0x00, 0x14, 0x00, 0x00, 0x00, 0x00,
	0x00, 0x00, 0x00, 0x00, 0x00, 0x00, 0x00, 0x00, 0x00, 0x00, 0x00, 0x0A, 0x00, 0x00, 0x00, 0x00,
	0x00, 0x00, 0x00, 0x00, 0x00, 0x00, 0x00, 0x00, 0x00, 0x00, 0x00, 0x00, 0x00, 0x00, 0x00, 0x00,
	0x00, 0x00, 0x00, 0x00, 0x00, 0x00, 0x00, 0x00, 0x00, 0x00, 0x00, 0x00, 0x00, 0x00, 0x00, 0x00,
	0x00, 0x00, 0x00, 0x00, 0x00, 0x00, 0x00, 0x00, 0x00, 0x00, 0x00, 0x00, 0x00, 0x00, 0x00, 0x00,
	0x00, 0x00, 0x00, 0x00, 0x00, 0x00, 0x00, 0x00, 0x00, 0x00, 0x00, 0x00, 0x00, 0x00, 0x00, 0x00,
	0x00, 0x00, 0x00, 0x00, 0x00, 0x00, 0x00, 0x00, 0x00, 0x00, 0x00, 0x00, 0x00, 0x00, 0x00, 0x00,
	0x00, 0x00, 0x00, 0x00, 0x00, 0x00, 0x00, 0x00, 0x00, 0x00, 0x00, 0x00, 0x00, 0x00, 0x00, 0x00,
	0x00, 0x00, 0x00, 0x00, 0x00, 0x00, 0x00, 0x00, 0x00, 0x00, 0x00, 0x00, 0x00, 0x00, 0x00, 0x00,
	0x00, 0x00, 0x00, 0x00, 0x00, 0x00, 0x00, 0x00, 0x00, 0x00, 0x00, 0x00, 0x00, 0x00, 0x00, 0x00,
	0x00, 0x00, 0x00, 0x00, 0x00, 0x00, 0x00, 0x00, 0x00, 0x00, 0x00, 0x00, 0x00, 0x00, 0x00, 0x00,
	0x00, 0x00, 0x00, 0x00, 0x00, 0x0F, 0x00, 0x00, 0x00, 0x00, 0x00, 0x00, 0x00, 0x08, 0x00, 0x00,
	0x00, 0x00, 0x00, 0x00, 0x00, 0x0C, 0xFF, 0xF4, 0x00, 0x00, 0x00, 0x00, 0xFF, 0xFB, 0x00, 0x00,
	0xFF, 0xF4, 0x00, 0x00, 0x00, 0x00, 0xFF, 0xF6, 0x00, 0x00, 0x00, 0x00, 0x00, 0x00, 0x00, 0x00,
	0x00, 0x00, 0x00, 0x00, 0x00, 0x00, 0xFF, 0xF4, 0xFF, 0xF1, 0x00, 0x00, 0x00, 0x00, 0x00, 0x00,
	0xFF, 0xF1, 0x00, 0x00, 0x00, 0x00, 0x00, 0x00, 0x00, 0x00, 0x00, 0x00, 0x00, 0x00, 0x00, 0x00,
	0x00, 0x00, 0x00, 0x00, 0x00, 0x00, 0x00, 0x1E, 0x00, 0x00, 0x00, 0x1E, 0x00, 0x00, 0x00, 0x00,
	0x00, 0x00, 0x00, 0x00, 0x00, 0x00, 0x00, 0x00, 0x00, 0x00, 0x00, 0x00, 0xFF, 0xF6, 0x00, 0x00,
	0xFF, 0xF6, 0x00, 0x00, 0x00, 0x00, 0x00, 0x00, 0x00, 0x00, 0x00, 0x00, 0x00, 0x00, 0x00, 0x00,
	0x00, 0x00, 0x00, 0x00, 0x00, 0x00, 0x00, 0x00, 0x00, 0x00, 0x00, 0x00, 0x00, 0x0C, 0x00, 0x00,
	0x00, 0x00, 0x00, 0x00, 0x00, 0x00, 0x00, 0x00, 0x00, 0x00, 0x00, 0x00, 0x00, 0x00, 0x00, 0x00,
	0x00, 0x00, 0x00, 0x00, 0x00, 0x00, 0x00, 0x00, 0x00, 0x00, 0x00, 0x00, 0x00, 0x00, 0x00, 0x00,
	0x00, 0x00, 0x00, 0x00, 0x00, 0x00, 0x00, 0x00, 0x00, 0x00, 0x00, 0x00, 0x00, 0x00, 0x00, 0x00,
	0x00, 0x00, 0x00, 0x00, 0x00, 0x00, 0x00, 0x00, 0x00, 0x00, 0x00, 0x00, 0x00, 0x00, 0x00, 0x00,
	0x00, 0x00, 0x00, 0x00, 0x00, 0x00, 0x00, 0x00, 0x00, 0x00, 0x00, 0x00, 0x00, 0x00, 0x00, 0x00,
	0x00, 0x00, 0x00, 0x00, 0x00, 0x00, 0x00, 0x00, 0x00, 0x00, 0x00, 0x00, 0x00, 0x00, 0x00, 0x00,
	0x00, 0x00, 0x00, 0x00, 0x00, 0x00, 0x00, 0x00, 0x00, 0x00, 0x00, 0x00, 0x00, 0x00, 0x00, 0x00,
	0x00, 0x00, 0x00, 0x00, 0x00, 0x00, 0xFF, 0xF2, 0x00, 0x00, 0x00, 0x00, 0x00, 0x00, 0x00, 0x00,
	0x00, 0x00, 0x00, 0x00, 0x00, 0x00, 0x00, 0x00, 0xFF, 0xF1, 0x00, 0x00, 0x00, 0x00, 0xFF, 0xD3,
	0x00, 0x00, 0xFF, 0xDE, 0x00, 0x00, 0x00, 0x00, 0x00, 0x00, 0x00, 0x00, 0x00, 0x00, 0x00, 0x00,
	0x00, 0x00, 0xFF, 0xF8, 0x00, 0x00, 0x00, 0x00, 0xFF, 0xEE, 0xFF, 0xD3, 0x00, 0x00, 0x00, 0x00,
	0x00, 0x00, 0x00, 0x00, 0x00, 0x00, 0x00, 0x00, 0x00, 0x00, 0x00, 0x00, 0x00, 0x00, 0x00, 0x00,
	0x00, 0x00, 0x00, 0x00, 0x00, 0x00, 0x00, 0x00, 0x00, 0x00, 0x00, 0x00, 0x00, 0x00, 0xFF, 0xE8,
	0x00, 0x00, 0x00, 0x00, 0x00, 0x00, 0x00, 0x00, 0x00, 0x00, 0x00, 0x00, 0x00, 0x00, 0x00, 0x00,
	0x00, 0x00, 0x00, 0x00, 0x00, 0x00, 0x00, 0x00, 0x00, 0x00, 0x00, 0x00, 0x00, 0x00, 0x00, 0x00,
	0x00, 0x00, 0x00, 0x00, 0x00, 0x00, 0x00, 0x00, 0x00, 0x00, 0x00, 0x00, 0x00, 0x00, 0x00, 0x12,
	0x00, 0x00, 0x00, 0x00, 0x00, 0x00, 0x00, 0x00, 0x00, 0x00, 0x00, 0x00, 0x00, 0x00, 0x00, 0x00,
	0x00, 0x00, 0x00, 0x00, 0x00, 0x00, 0x00, 0x00, 0x00, 0x00, 0x00, 0x00, 0x00, 0x00, 0x00, 0x00,
	0x00, 0x00, 0x00, 0x00, 0x00, 0x00, 0x00, 0x00, 0x00, 0x00, 0x00, 0x00, 0x00, 0x00, 0x00, 0x00,
	0x00, 0x00, 0x00, 0x00, 0x00, 0x00, 0x00, 0x00, 0x00, 0x00, 0x00, 0x00, 0x00, 0x00, 0x00, 0x00,
	0x00, 0x00, 0x00, 0x00, 0x00, 0x00, 0x00, 0x00, 0x00, 0x00, 0x00, 0x00, 0x00, 0x00, 0x00, 0x00,
	0x00, 0x00, 0x00, 0x00, 0x00, 0x00, 0x00, 0x00, 0x00, 0x00, 0x00, 0x00, 0x00, 0x00, 0x00, 0x00,
	0x00, 0x00, 0x00, 0x00, 0x00, 0x00, 0x00, 0x00, 0x00, 0x00, 0x00, 0x00, 0x00, 0x00, 0x00, 0x00,
	0x00, 0x00, 0x00, 0x00, 0x00, 0x00, 0x00, 0x00, 0x00, 0x00, 0x00, 0x00, 0x00, 0x00, 0x00, 0x00,
	0xFF, 0xF6, 0x00, 0x00, 0x00, 0x00, 0x00, 0x00, 0x00, 0x0A, 0x00, 0x00, 0x00, 0x00, 0x00, 0x00,
	0x00, 0x00, 0x00, 0x00, 0x00, 0x00, 0x00, 0x00, 0x00, 0x00, 0xFF, 0xF6, 0x00, 0x00, 0x00, 0x00,
	0x00, 0x00, 0x00, 0x00, 0x00, 0x00, 0x00, 0x00, 0x00, 0x00, 0x00, 0x00, 0x00, 0x00, 0x00, 0x00,
	0x00, 0x00, 0x00, 0x00, 0xFF, 0xEC, 0x00, 0x00, 0x00, 0x00, 0x00, 0x00, 0x00, 0x00, 0x00, 0x00,
	0x00, 0x00, 0x00, 0x00, 0x00, 0x00, 0x00, 0x00, 0x00, 0x00, 0x00, 0x0A, 0x00, 0x00, 0x00, 0x00,
	0x00, 0x00, 0x00, 0x00, 0x00, 0x00, 0x00, 0x00, 0x00, 0x00, 0x00, 0x00, 0x00, 0x00, 0x00, 0x00,
	0xFF, 0xF6, 0x00, 0x00, 0xFF, 0xEC, 0x00, 0x00, 0x00, 0x00, 0x00, 0x00, 0x00, 0x00, 0x00, 0x00,
	0x00, 0x00, 0x00, 0x00, 0x00, 0x00, 0x00, 0x00, 0x00, 0x00, 0x00, 0x00, 0x00, 0x00, 0x00, 0x00,
	0x00, 0x12, 0x00, 0x00, 0x00, 0x00, 0x00, 0x00, 0x00, 0x00, 0x00, 0x00, 0x00, 0x00, 0x00, 0x00,
	0x00, 0x00, 0x00, 0x00, 0x00, 0x00, 0x00, 0x00, 0x00, 0x00, 0x00, 0x00, 0x00, 0x00, 0x00, 0x00,
	0x00, 0x00, 0x00, 0x00, 0x00, 0x00, 0x00, 0x00, 0x00, 0x00, 0x00, 0x00, 0x00, 0x00, 0x00, 0x00,
	0x00, 0x00, 0x00, 0x00, 0x00, 0x00, 0x00, 0x00, 0x00, 0x00, 0x00, 0x00, 0x00, 0x00, 0x00, 0x00,
	0x00, 0x00, 0x00, 0x00, 0x00, 0x00, 0x00, 0x00, 0x00, 0x00, 0x00, 0x00, 0x00, 0x00, 0x00, 0x00,
	0x00, 0x00, 0x00, 0x00, 0x00, 0x00, 0x00, 0x00, 0x00, 0x00, 0x00, 0x00, 0x00, 0x00, 0x00, 0x00,
	0x00, 0x00, 0x00, 0x00, 0x00, 0x00, 0x00, 0x00, 0xFF, 0xE2, 0xFF, 0xEC, 0xFF, 0xF2, 0x00, 0x00,
	0xFF, 0xEC, 0xFF, 0xE4, 0x00, 0x00, 0xFF, 0xEC, 0xFF, 0xDE, 0xFF, 0xD3, 0xFF, 0xD8, 0xFF, 0xD5,
	0xFF, 0xE7, 0xFF, 0xBD, 0xFF, 0xEC, 0xFF, 0xC4, 0xFF, 0xEC, 0x00, 0x00, 0x00, 0x00, 0x00, 0x00,
	0x00, 0x00, 0xFF, 0xF6, 0xFF, 0xF1, 0x00, 0x00, 0xFF, 0xE7, 0x00, 0x00, 0x00, 0x00, 0xFF, 0xD8,
	0xFF, 0xEC, 0xFF, 0xEC, 0x00, 0x00, 0x00, 0x00, 0xFF, 0xD8, 0xFF, 0xF6, 0x00, 0x00, 0x00, 0x0A,
	0xFF, 0xE7, 0xFF, 0xDD, 0x00, 0x00, 0xFF, 0xF1, 0x00, 0x00, 0x00, 0x00, 0x00, 0x00, 0x00, 0x00,
	0xFF, 0xD3, 0x00, 0x00, 0xFF, 0xF1, 0x00, 0x00, 0x00, 0x00, 0x00, 0x00, 0xFF, 0xE2, 0x00, 0x00,
	0xFF, 0xEC, 0xFF, 0xDD, 0x00, 0x00, 0x00, 0x00, 0xFF, 0xF8, 0x00, 0x00, 0x00, 0x00, 0x00, 0x00,
	0x00, 0x00, 0xFF, 0xD5, 0x00, 0x00, 0xFF, 0xEC, 0x00, 0x00, 0x00, 0x00, 0x00, 0x00, 0x00, 0x00,
	0xFF, 0xF7, 0x00, 0x00, 0x00, 0x00, 0x00, 0x00, 0x00, 0x00, 0x00, 0x00, 0x00, 0x00, 0x00, 0x00,
	0x00, 0x00, 0x00, 0x1E, 0x00, 0x00, 0x00, 0x00, 0x00, 0x00, 0x00, 0x00, 0x00, 0x00, 0x00, 0x00,
	0x00, 0x00, 0xFF, 0xE3, 0xFF, 0xC9, 0x00, 0x00, 0x00, 0x00, 0x00, 0x00, 0x00, 0x00, 0x00, 0x00,
	0xFF, 0xE7, 0x00, 0x00, 0x00, 0x00, 0x00, 0x00, 0x00, 0x00, 0x00, 0x00, 0x00, 0x00, 0x00, 0x00,
	0x00, 0x00, 0x00, 0x00, 0x00, 0x00, 0x00, 0x00, 0x00, 0x00, 0x00, 0x00, 0x00, 0x00, 0x00, 0x00,
	0x00, 0x00, 0x00, 0x00, 0x00, 0x00, 0x00, 0x00, 0x00, 0x00, 0x00, 0x00, 0x00, 0x00, 0x00, 0x00,
	0x00, 0x00, 0x00, 0x00, 0x00, 0x00, 0x00, 0x00, 0x00, 0x00, 0x00, 0x00, 0x00, 0x00, 0x00, 0x00,
	0x00, 0x00, 0x00, 0x00, 0x00, 0x00, 0x00, 0x00, 0x00, 0x00, 0x00, 0x00, 0x00, 0x00, 0x00, 0x00,
	0x00, 0x00, 0x00, 0x00, 0x00, 0x00, 0x00, 0x00, 0x00, 0x00, 0x00, 0x00, 0x00, 0x00, 0x00, 0x00,
	0x00, 0x00, 0x00, 0x00, 0x00, 0x00, 0x00, 0x00, 0x00, 0x00, 0x00, 0x00, 0x00, 0x00, 0xFF, 0xDA,
	0x00, 0x00, 0x00, 0x00, 0x00, 0x00, 0x00, 0x00, 0x00, 0x00, 0x00, 0x00, 0x00, 0x00, 0x00, 0x00,
	0x00, 0x00, 0x00, 0x00, 0x00, 0x00, 0x00, 0x00, 0x00, 0x00, 0x00, 0x00, 0x00, 0x00, 0x00, 0x00,
	0x00, 0x00, 0x00, 0x00, 0x00, 0x00, 0x00, 0x00, 0x00, 0x00, 0x00, 0x00, 0x00, 0x00, 0x00, 0x00,
	0x00, 0x00, 0x00, 0x00, 0x00, 0x00, 0x00, 0x00, 0x00, 0x00, 0x00, 0x00, 0x00, 0x00, 0x00, 0x00,
	0xFF, 0xDE, 0x00, 0x00, 0x00, 0x00, 0x00, 0x00, 0x00, 0x00, 0x00, 0x00, 0x00, 0x00, 0x00, 0x00,
	0x00, 0x00, 0x00, 0x00, 0x00, 0x00, 0x00, 0x00, 0x00, 0x00, 0x00, 0x00, 0x00, 0x00, 0x00, 0x00,
	0x00, 0x00, 0x00, 0x00, 0x00, 0x00, 0x00, 0x00, 0x00, 0x00, 0x00, 0x00, 0x00, 0x00, 0x00, 0x00,
	0x00, 0x00, 0x00, 0x00, 0x00, 0x00, 0x00, 0x00, 0x00, 0x00, 0x00, 0x00, 0x00, 0x00, 0x00, 0x00,
	0x00, 0x00, 0x00, 0x00, 0x00, 0x00, 0x00, 0x00, 0x00, 0x00, 0x00, 0x00, 0x00, 0x00, 0x00, 0x00,
	0x00, 0x00, 0x00, 0x00, 0x00, 0x00, 0x00, 0x00, 0x00, 0x00, 0x00, 0x00, 0x00, 0x00, 0x00, 0x00,
	0x00, 0x00, 0x00, 0x00, 0x00, 0x00, 0x00, 0x00, 0x00, 0x00, 0x00, 0x00, 0x00, 0x00, 0x00, 0x00,
	0x00, 0x00, 0x00, 0x00, 0x00, 0x00, 0x00, 0x00, 0x00, 0x00, 0x00, 0x00, 0x00, 0x00, 0x00, 0x00,
	0x00, 0x00, 0x00, 0x00, 0x00, 0x00, 0x00, 0x00, 0x00, 0x00, 0x00, 0x00, 0x00, 0x00, 0x00, 0x00,
	0x00, 0x00, 0x00, 0x00, 0x00, 0x00, 0x00, 0x00, 0x00, 0x00, 0x00, 0x00, 0x00, 0x00, 0x00, 0x00,
	0x00, 0x00, 0x00, 0x00, 0x00, 0x00, 0x00, 0x00, 0x00, 0x00, 0x00, 0x00, 0x00, 0x00, 0xFF, 0xF9,
	0x00, 0x00, 0x00, 0x00, 0x00, 0x00, 0xFF, 0xF5, 0x00, 0x00, 0x00, 0x00, 0x00, 0x08, 0xFF, 0xFE,
	0xFF, 0xEC, 0xFF, 0xF6, 0x00, 0x00, 0xFF, 0xE0, 0x00, 0x00, 0xFF, 0xE7, 0xFF, 0xF8, 0x00, 0x00,
	0x00, 0x00, 0x00, 0x00, 0x00, 0x0A, 0xFF, 0xFE, 0x00, 0x00, 0xFF, 0xEB, 0x00, 0x00, 0x00, 0x00,
	0xFF, 0xF1, 0xFF, 0xE0, 0xFF, 0xF6, 0x00, 0x00, 0x00, 0x00, 0xFF, 0xF6, 0x00, 0x00, 0x00, 0x00,
	0x00, 0x00, 0x00, 0x00, 0x00, 0x00, 0x00, 0x00, 0x00, 0x00, 0x00, 0x00, 0x00, 0x00, 0x00, 0x00,
	0xFF, 0xF5, 0x00, 0x00, 0xFF, 0xEA, 0xFF, 0xCE, 0x00, 0x00, 0x00, 0x00, 0x00, 0x00, 0x00, 0x00,
	0x00, 0x00, 0x00, 0x00, 0x00, 0x00, 0xFF, 0xE2, 0x00, 0x00, 0xFF, 0xF4, 0x00, 0x00, 0x00, 0x00,
	0x00, 0x00, 0x00, 0x00, 0x00, 0x00, 0x00, 0x00, 0x00, 0x00, 0x00, 0x00, 0x00, 0x00, 0x00, 0x00,
	0x00, 0x00, 0x00, 0x00, 0x00, 0x00, 0x00, 0x08, 0x00, 0x00, 0x00, 0x00, 0x00, 0x00, 0x00, 0x00,
	0x00, 0x00, 0x00, 0x00, 0x00, 0x00, 0x00, 0x00, 0x00, 0x00, 0x00, 0x00, 0x00, 0x00, 0x00, 0x00,
	0x00, 0x00, 0x00, 0x00, 0x00, 0x00, 0x00, 0x00, 0x00, 0x00, 0x00, 0x00, 0x00, 0x00, 0x00, 0x00,
	0x00, 0x00, 0x00, 0x00, 0x00, 0x00, 0x00, 0x00, 0x00, 0x00, 0x00, 0x00, 0x00, 0x00, 0x00, 0x00,
	0x00, 0x00, 0x00, 0x00, 0x00, 0x00, 0x00, 0x00, 0x00, 0x00, 0x00, 0x00, 0x00, 0x00, 0x00, 0x00,
	0x00, 0x00, 0x00, 0x00, 0x00, 0x00, 0x00, 0x00, 0x00, 0x00, 0x00, 0x00, 0x00, 0x00, 0x00, 0x00,
	0x00, 0x00, 0x00, 0x00, 0x00, 0x00, 0x00, 0x00, 0x00, 0x00, 0x00, 0x00, 0x00, 0x00, 0xFF, 0xEF,
	0x00, 0x00, 0x00, 0x00, 0x00, 0x14, 0x00, 0x00, 0x00, 0x00, 0x00, 0x00, 0x00, 0x00, 0x00, 0x00,
	0xFF, 0xA4, 0x00, 0x00, 0xFF, 0xF6, 0xFF, 0xF8, 0xFF, 0xAB, 0x00, 0x00, 0x00, 0x00, 0x00, 0x2C,
	0x00, 0x3F, 0x00, 0x1E, 0x00, 0x00, 0xFF, 0xF6, 0xFF, 0xF6, 0x00, 0x00, 0x00, 0x22, 0x00, 0x00,
	0x00, 0x00, 0x00, 0x30, 0x00, 0x00, 0x00, 0x1E, 0x00, 0x00, 0x00, 0x00, 0x00, 0x0A, 0x00, 0x12,
	0x00, 0x0A, 0x00, 0x28, 0x00, 0x14, 0x00, 0x0A, 0x00, 0x0A, 0x00, 0x00, 0x00, 0x32, 0x00, 0x00,
	0x00, 0x00, 0x00, 0x08, 0x00, 0x00, 0x00, 0x00, 0x00, 0x00, 0x00, 0x00, 0xFF, 0xEF, 0xFF, 0xE0,
	0x00, 0x00, 0x00, 0x00, 0x00, 0x00, 0xFF, 0xF5, 0x00, 0x00, 0x00, 0x00, 0x00, 0x00, 0x00, 0x00,
	0x00, 0x14, 0x00, 0x00, 0x00, 0x1E, 0xFF, 0x74, 0x00, 0x00, 0x00, 0x08, 0x00, 0x1E, 0x00, 0x00,
	0x00, 0x00, 0x00, 0x00, 0x00, 0x00, 0x00, 0x00, 0x00, 0x00, 0x00, 0x0A, 0x00, 0x00, 0x00, 0x00,
	0x00, 0x0C, 0x00, 0x12, 0x00, 0x12, 0x00, 0x00, 0x00, 0x14, 0x00, 0x1E, 0x00, 0x00, 0xFF, 0xAB,
	0x00, 0x14, 0x00, 0x12, 0x00, 0x1E, 0x00, 0x12, 0x00, 0x00, 0x00, 0x00, 0x00, 0x00, 0x00, 0x00,
	0xFF, 0xF6, 0x00, 0x00, 0x00, 0x14, 0x00, 0x00, 0x00, 0x00, 0x00, 0x1E, 0x00, 0x00, 0x00, 0x06,
	0x00, 0x14, 0x00, 0x12, 0x00, 0x00, 0x00, 0x00, 0xFF, 0xF2, 0xFF, 0xD5, 0x00, 0x00, 0x00, 0x00,
	0x00, 0x23, 0x00, 0x1E, 0x00, 0x1C, 0x00, 0x30, 0x00, 0x26, 0x00, 0x00, 0x00, 0x00, 0x00, 0x00,
	0x00, 0x23, 0x00, 0x35, 0xFF, 0xC4, 0x00, 0x00, 0x00, 0x28, 0x00, 0x32, 0x00, 0x02, 0x00, 0x14,
	0x00, 0x00, 0x00, 0x14, 0x00, 0x28, 0xFF, 0xF6, 0x00, 0x00, 0xFF, 0xF6, 0x00, 0x00, 0x00, 0x00,
	0x00, 0x16, 0x00, 0x00, 0x00, 0x00, 0x00, 0x00, 0x00, 0x00, 0x00, 0x00, 0x00, 0x00, 0x00, 0x00,
	0x00, 0x00, 0x00, 0x00, 0x00, 0x0F, 0x00, 0x00, 0x00, 0x00, 0x00, 0x00, 0x00, 0x00, 0x00, 0x00,
	0x00, 0x00, 0x00, 0x00, 0x00, 0x00, 0x00, 0x00, 0x00, 0x00, 0x00, 0x00, 0x00, 0x00, 0x00, 0x00,
	0x00, 0x00, 0x00, 0x00, 0x00, 0x00, 0x00, 0x00, 0x00, 0x00, 0x00, 0x00, 0x00, 0x00, 0x00, 0x00,
	0x00, 0x00, 0x00, 0x00, 0x00, 0x00, 0x00, 0x00, 0x00, 0x00, 0x00, 0x00, 0x00, 0x00, 0x00, 0x00,
	0x00, 0x00, 0x00, 0x00, 0x00, 0x00, 0x00, 0x00, 0x00, 0x00, 0x00, 0x00, 0x00, 0x00, 0x00, 0x00,
	0x00, 0x00, 0x00, 0x00, 0x00, 0x00, 0x00, 0x00, 0x00, 0x00, 0x00, 0x00, 0x00, 0x00, 0x00, 0x00,
	0x00, 0x00, 0x00, 0x00, 0x00, 0x00, 0x00, 0x00, 0x00, 0x00, 0x00, 0x00, 0x00, 0x00, 0x00, 0x00,
	0x00, 0x00, 0x00, 0x00, 0x00, 0x00, 0x00, 0x00, 0x00, 0x00, 0x00, 0x00, 0x00, 0x00, 0x00, 0x00,
	0x00, 0x00, 0x00, 0x00, 0x00, 0x00, 0x00, 0x00, 0x00, 0x00, 0xFF, 0xCE, 0x00, 0x00, 0x00, 0x00,
	0x00, 0x00, 0x00, 0x00, 0x00, 0x00, 0x00, 0x00, 0x00, 0x00, 0x00, 0x00, 0x00, 0x00, 0x00, 0x00,
	0x00, 0x00, 0x00, 0x00, 0x00, 0x00, 0x00, 0x00, 0x00, 0x00, 0x00, 0x00, 0x00, 0x00, 0x00, 0x00,
	0x00, 0x00, 0x00, 0x00, 0x00, 0x00, 0x00, 0x00, 0x00, 0x00, 0x00, 0x00, 0x00, 0x00, 0x00, 0x00,
	0x00, 0x00, 0x00, 0x00, 0x00, 0x00, 0x00, 0x00, 0x00, 0x00, 0x00, 0x00, 0x00, 0x00, 0x00, 0x00,
	0x00, 0x00, 0x00, 0x00, 0x00, 0x00, 0x00, 0x00, 0x00, 0x00, 0x00, 0x00, 0x00, 0x00, 0x00, 0x00,
	0x00, 0x00, 0x00, 0x00, 0x00, 0x00, 0x00, 0x00, 0x00, 0x00, 0x00, 0x00, 0x00, 0x00, 0x00, 0x00,
	0x00, 0x55, 0x00, 0x00, 0x00, 0x37, 0x00, 0x00, 0x00, 0x00, 0x00, 0x00, 0x00, 0x00, 0x00, 0x00,
	0x00, 0x00, 0x00, 0x00, 0x00, 0x00, 0x00, 0x00, 0x00, 0x00, 0x00, 0x00, 0x00, 0x00, 0x00, 0x00,
	0x00, 0x00, 0x00, 0x00, 0x00, 0x00, 0x00, 0x00, 0x00, 0x00, 0x00, 0x00, 0x00, 0x00, 0x00, 0x00,
	0x00, 0x00, 0x00, 0x00, 0x00, 0x00, 0x00, 0x00, 0x00, 0x00, 0x00, 0x00, 0x00, 0x00, 0x00, 0x00,
	0x00, 0x00, 0x00, 0x00, 0x00, 0x00, 0x00, 0x00, 0x00, 0x00, 0x00, 0x00, 0x00, 0x00, 0x00, 0x00,
	0x00, 0x00, 0x00, 0x00, 0x00, 0x00, 0x00, 0x00, 0x00, 0x00, 0x00, 0x00, 0x00, 0x00, 0x00, 0x00,
	0x00, 0x00, 0x00, 0x00, 0x00, 0x00, 0x00, 0x00, 0x00, 0x00, 0x00, 0x00, 0x00, 0x00, 0x00, 0x00,
	0x00, 0x00, 0x00, 0x00, 0x00, 0x00, 0x00, 0x00, 0x00, 0x00, 0x00, 0x00, 0x00, 0x00, 0x00, 0x00,
	0x00, 0x00, 0x00, 0x00, 0x00, 0x00, 0x00, 0x00, 0x00, 0x00, 0x00, 0x00, 0x00, 0x00, 0x00, 0x00,
	0x00, 0x00, 0x00, 0x00, 0x00, 0x00, 0x00, 0x00, 0x00, 0x00, 0x00, 0x00, 0x00, 0x00, 0x00, 0x00,
	0x00, 0x00, 0x00, 0x00, 0x00, 0x00, 0x00, 0x00, 0x00, 0x00, 0x00, 0x00, 0x00, 0x00, 0x00, 0x00,
	0x00, 0x00, 0x00, 0x00, 0x00, 0x00, 0x00, 0x00, 0x00, 0x00, 0x00, 0x00, 0x00, 0x00, 0x00, 0x00,
	0x00, 0x00, 0x00, 0x00, 0x00, 0x00, 0x00, 0x00, 0x00, 0x00, 0x00, 0x00, 0x00, 0x00, 0x00, 0x00,
	0x00, 0x00, 0x00, 0x00, 0x00, 0x00, 0x00, 0x00, 0x00, 0x00, 0x00, 0x00, 0x00, 0x00, 0x00, 0x00,
	0x00, 0x00, 0x00, 0x00, 0x00, 0x00, 0x00, 0x00, 0x00, 0x00, 0x00, 0x00, 0x00, 0x00, 0x00, 0x00,
	0x00, 0x00, 0x00, 0x00, 0x00, 0x00, 0x00, 0x00, 0x00, 0x00, 0x00, 0x00, 0x00, 0x00, 0x00, 0x00,
	0x00, 0x00, 0x00, 0x00, 0xFF, 0xDF, 0x00, 0x00, 0xFF, 0xCC, 0x00, 0x00, 0xFF, 0xF1, 0xFF, 0xCE,
	0xFF, 0xDD, 0xFF, 0xE2, 0xFF, 0xD8, 0x00, 0x0A, 0xFF, 0xEE, 0x00, 0x00, 0x00, 0x00, 0x00, 0x0A,
	0xFF, 0xEA, 0x00, 0x00, 0xFF, 0xD3, 0xFF, 0xD6, 0xFF, 0xC7, 0x00, 0x00, 0x00, 0x00, 0x00, 0x05,
	0x00, 0x00, 0xFF, 0xBD, 0x00, 0x46, 0xFF, 0xF6, 0xFF, 0xD8, 0xFF, 0xF8, 0xFF, 0xF1, 0x00, 0x00,
	0x00, 0x00, 0x00, 0x00, 0x00, 0x00, 0x00, 0x00, 0xFF, 0xC7, 0xFF, 0xB3, 0x00, 0x05, 0x00, 0x00,
	0xFF, 0xEA, 0xFF, 0xC9, 0x00, 0x00, 0x00, 0x00, 0x00, 0x00, 0x00, 0x00, 0x00, 0x00, 0x00, 0x00,
	0x00, 0x00, 0x00, 0x00, 0x00, 0x00, 0x00, 0x00, 0x00, 0x12, 0x00, 0x00, 0x00, 0x00, 0x00, 0x3C,
	0x00, 0x00, 0x00, 0x00, 0x00, 0x00, 0x00, 0x00, 0x00, 0x00, 0x00, 0x00, 0x00, 0x00, 0x00, 0x3C,
	0x00, 0x00, 0x00, 0x05, 0x00, 0x00, 0x00, 0x00, 0x00, 0x00, 0x00, 0x00, 0x00, 0x00, 0x00, 0x00,
	0x00, 0x00, 0x00, 0x00, 0x00, 0x00, 0x00, 0x00, 0x00, 0x00, 0x00, 0x00, 0x00, 0x00, 0xFF, 0xAE,
	0x00, 0x00, 0x00, 0x00, 0x00, 0x00, 0x00, 0x00, 0x00, 0x00, 0x00, 0x00, 0x00, 0x00, 0x00, 0x00,
	0x00, 0x00, 0x00, 0x00, 0x00, 0x00, 0x00, 0x00, 0x00, 0x00, 0x00, 0x00, 0x00, 0x00, 0x00, 0x00,
	0x00, 0x00, 0x00, 0x00, 0x00, 0x00, 0x00, 0x00, 0x00, 0x00, 0x00, 0x00, 0x00, 0x00, 0x00, 0x00,
	0x00, 0x00, 0x00, 0x00, 0x00, 0x00, 0x00, 0x00, 0x00, 0x00, 0x00, 0x00, 0x00, 0x00, 0x00, 0x00,
	0x00, 0x00, 0x00, 0x00, 0x00, 0x00, 0x00, 0x00, 0x00, 0x00, 0x00, 0x00, 0x00, 0x00, 0x00, 0x00,
	0x00, 0x00, 0x00, 0x00, 0x00, 0x00, 0x00, 0x00, 0x00, 0x00, 0x00, 0x00, 0x00, 0x00, 0x00, 0x00,
	0x00, 0x00, 0x00, 0x00, 0x00, 0x00, 0x00, 0x00, 0x00, 0x00, 0x00, 0x00, 0x00, 0x00, 0x00, 0x00,
	0x00, 0x00, 0x00, 0x00, 0x00, 0x00, 0x00, 0x00, 0x00, 0x00, 0x00, 0x00, 0x00, 0x00, 0x00, 0x00,
	0x00, 0x00, 0x00, 0x00, 0x00, 0x00, 0x00, 0x00, 0x00, 0x00, 0x00, 0x00, 0x00, 0x00, 0x00, 0x00,
	0x00, 0x00, 0x00, 0x00, 0x00, 0x00, 0x00, 0x00, 0x00, 0x00, 0x00, 0x00, 0x00, 0x00, 0x00, 0x00,
	0x00, 0x00, 0x00, 0x00, 0x00, 0x00, 0x00, 0x00, 0x00, 0x00, 0x00, 0x00, 0x00, 0x00, 0x00, 0x00,
	0x00, 0x00, 0x00, 0x00, 0x00, 0x00, 0x00, 0x00, 0x00, 0x00, 0x00, 0x00, 0x00, 0x00, 0x00, 0x00,
	0x00, 0x00, 0x00, 0x00, 0x00, 0x00, 0x00, 0x00, 0x00, 0x00, 0x00, 0x00, 0x00, 0x00, 0x00, 0x00,
	0x00, 0x00, 0x00, 0x00, 0x00, 0x00, 0x00, 0x00, 0x00, 0x00, 0x00, 0x00, 0x00, 0x00, 0x00, 0x00,
	0x00, 0x00, 0x00, 0x00, 0x00, 0x00, 0x00, 0x00, 0x00, 0x00, 0x00, 0x00, 0x00, 0x00, 0x00, 0x00,
	0x00, 0x00, 0x00, 0x00, 0x00, 0x00, 0x00, 0x00, 0x00, 0x00, 0x00, 0x00, 0x00, 0x00, 0x00, 0x00,
	0x00, 0x14, 0x00, 0x00, 0x00, 0x00, 0x00, 0x00, 0x00, 0x00, 0x00, 0x00, 0x00, 0x00, 0x00, 0x00,
	0x00, 0x00, 0x00, 0x00, 0x00, 0x00, 0x00, 0x00, 0x00, 0x00, 0x00, 0x00, 0x00, 0x00, 0x00, 0x00,
	0x00, 0x00, 0x00, 0x00, 0x00, 0x00, 0x00, 0x00, 0x00, 0x00, 0x00, 0x00, 0x00, 0x00, 0x00, 0x00,
	0x00, 0x00, 0x00, 0x00, 0x00, 0x00, 0x00, 0x00, 0x00, 0x00, 0x00, 0x00, 0x00, 0x00, 0x00, 0x00,
	0x00, 0x00, 0x00, 0x00, 0x00, 0x00, 0x00, 0x00, 0x00, 0x00, 0x00, 0x00, 0x00, 0x00, 0x00, 0x00,
	0x00, 0x00, 0x00, 0x00, 0x00, 0x00, 0x00, 0x00, 0x00, 0x00, 0x00, 0x00, 0x00, 0x00, 0x00, 0x00,
	0x00, 0x00, 0x00, 0x00, 0x00, 0x00, 0x00, 0x00, 0x00, 0x00, 0x00, 0x00, 0x00, 0x00, 0x00, 0x00,
	0x00, 0x00, 0x00, 0x00, 0x00, 0x00, 0x00, 0x00, 0x00, 0x08, 0x00, 0x00, 0x00, 0x00, 0xFF, 0xF8,
	0x00, 0x00, 0xFF, 0xE0, 0x00, 0x00, 0x00, 0x00, 0x00, 0x00, 0x00, 0x23, 0x00, 0x00, 0x00, 0x00,
	0x00, 0x00, 0x00, 0x00, 0x00, 0x00, 0x00, 0x00, 0x00, 0x00, 0x00, 0x00, 0x00, 0x08, 0x00, 0x00,
	0x00, 0x00, 0x00, 0x00, 0x00, 0x00, 0x00, 0x00, 0x00, 0x00, 0x00, 0x00, 0x00, 0x00, 0x00, 0x00,
	0x00, 0x00, 0x00, 0x0A, 0x00, 0x00, 0x00, 0x00, 0x00, 0x00, 0x00, 0x00, 0x00, 0x00, 0x00, 0x00,
	0x00, 0x00, 0x00, 0x00, 0x00, 0x00, 0x00, 0x00, 0x00, 0x00, 0x00, 0x00, 0x00, 0x00, 0x00, 0x00,
	0x00, 0x00, 0x00, 0x00, 0x00, 0x00, 0x00, 0x00, 0x00, 0x00, 0x00, 0x00, 0x00, 0x00, 0x00, 0x00,
	0x00, 0x00, 0x00, 0x00, 0x00, 0x00, 0xFF, 0xF4, 0x00, 0x00, 0x00, 0x00, 0x00, 0x00, 0x00, 0x00,
	0x00, 0x00, 0x00, 0x00, 0x00, 0x00, 0x00, 0x00, 0x00, 0x00, 0x00, 0x00, 0x00, 0x00, 0x00, 0x00,
	0x00, 0x00, 0x00, 0x12, 0x00, 0x00, 0x00, 0x00, 0x00, 0x00, 0x00, 0x00, 0x00, 0x00, 0x00, 0x00,
	0x00, 0x00, 0x00, 0x00, 0x00, 0x00, 0x00, 0x00, 0x00, 0x00, 0x00, 0x00, 0x00, 0x00, 0x00, 0x00,
	0x00, 0x00, 0x00, 0x00, 0x00, 0x00, 0x00, 0x00, 0x00, 0x00, 0x00, 0x00, 0x00, 0x00, 0x00, 0x00,
	0x00, 0x00, 0x00, 0x00, 0x00, 0x00, 0x00, 0x00, 0x00, 0x00, 0x00, 0x00, 0x00, 0x00, 0x00, 0x00,
	0x00, 0x00, 0x00, 0x00, 0x00, 0x00, 0x00, 0x00, 0x00, 0x00, 0x00, 0x00, 0x00, 0x00, 0x00, 0x00,
	0x00, 0x00, 0x00, 0x00, 0x00, 0x00, 0x00, 0x00, 0x00, 0x00, 0x00, 0x00, 0x00, 0x00, 0x00, 0x00,
	0x00, 0x00, 0x00, 0x00, 0x00, 0x00, 0x00, 0x00, 0x00, 0x00, 0xFF, 0xE4, 0x00, 0x00, 0x00, 0x00,
	0x00, 0x00, 0x00, 0x00, 0x00, 0x00, 0x00, 0x00, 0x00, 0x00, 0xFF, 0xF8, 0xFF, 0xE0, 0xFF, 0xF6,
	0xFF, 0xF1, 0xFF, 0xF1, 0xFF, 0xE0, 0x00, 0x00, 0x00, 0x00, 0x00, 0x12, 0x00, 0x26, 0x00, 0x1C,
	0x00, 0x00, 0x00, 0x00, 0x00, 0x08, 0x00, 0x00, 0x00, 0x23, 0x00, 0x00, 0x00, 0x00, 0x00, 0x1C,
	0xFF, 0xF0, 0x00, 0x00, 0x00, 0x00, 0x00, 0x00, 0x00, 0x00, 0x00, 0x00, 0x00, 0x0A, 0x00, 0x26,
	0x00, 0x1C, 0x00, 0x00, 0x00, 0x00, 0x00, 0x00, 0x00, 0x1E, 0x00, 0x00, 0x00, 0x00, 0x00, 0x00,
	0xFF, 0xC9, 0x00, 0x00, 0x00, 0x00, 0xFF, 0xCF, 0x00, 0x00, 0x00, 0x00, 0x00, 0x00, 0x00, 0x00,
	0x00, 0x04, 0x00, 0x00, 0x00, 0x00, 0x00, 0x00, 0x00, 0x00, 0xFF, 0xFA, 0x00, 0x00, 0x00, 0x00,
	0x00, 0x00, 0x00, 0x00, 0x00, 0x00, 0x00, 0x00, 0x00, 0x08, 0xFF, 0xF1, 0x00, 0x00, 0x00, 0x00,
	0x00, 0x00, 0xFF, 0xE9, 0x00, 0x00, 0x00, 0x00, 0x00, 0x00, 0x00, 0x00, 0x00, 0x00, 0x00, 0x00,
	0x00, 0x00, 0x00, 0x00, 0x00, 0x1E, 0x00, 0x00, 0x00, 0x00, 0x00, 0x00, 0x00, 0x00, 0x00, 0x00,
	0x00, 0x00, 0x00, 0x00, 0x00, 0x00, 0xFF, 0xF1, 0xFF, 0xFA, 0x00, 0x00, 0x00, 0x00, 0x00, 0x00,
	0x00, 0x00, 0x00, 0x00, 0x00, 0x00, 0x00, 0x00, 0x00, 0x00, 0x00, 0x00, 0x00, 0x00, 0x00, 0x00,
	0x00, 0x00, 0x00, 0x00, 0x00, 0x00, 0x00, 0x00, 0x00, 0x00, 0x00, 0x00, 0x00, 0x00, 0x00, 0x00,
	0x00, 0x00, 0x00, 0x00, 0x00, 0x00, 0x00, 0x00, 0x00, 0x00, 0x00, 0x00, 0x00, 0x00, 0x00, 0x00,
	0x00, 0x00, 0x00, 0x00, 0x00, 0x00, 0x00, 0x00, 0x00, 0x00, 0x00, 0x00, 0x00, 0x1D, 0x00, 0x00,
	0x00, 0x00, 0x00, 0x00, 0x00, 0x00, 0x00, 0x00, 0x00, 0x00, 0x00, 0x00, 0x00, 0x00, 0x00, 0x00,
	0x00, 0x00, 0x00, 0x00, 0x00, 0x00, 0x00, 0x00, 0x00, 0x00, 0x00, 0x00, 0x00, 0x08, 0x00, 0x00,
	0x00, 0x00, 0xFF, 0xF1, 0x00, 0x00, 0xFF, 0xE0, 0x00, 0x00, 0x00, 0x00, 0x00, 0x00, 0x00, 0x2C,
	0x00, 0x00, 0x00, 0x00, 0x00, 0x00, 0x00, 0x00, 0x00, 0x00, 0x00, 0x00, 0x00, 0x00, 0x00, 0x00,
	0x00, 0x18, 0x00, 0x00, 0x00, 0x00, 0x00, 0x00, 0x00, 0x00, 0x00, 0x00, 0x00, 0x00, 0x00, 0x00,
	0x00, 0x00, 0x00, 0x00, 0x00, 0x00, 0x00, 0x0A, 0x00, 0x00, 0x00, 0x0E, 0x00, 0x00, 0x00, 0x00,
	0x00, 0x00, 0x00, 0x00, 0x00, 0x00, 0x00, 0x00, 0x00, 0x00, 0x00, 0x00, 0x00, 0x00, 0x00, 0x00,
	0x00, 0x00, 0x00, 0x00, 0x00, 0x00, 0x00, 0x00, 0x00, 0x00, 0x00, 0x00, 0x00, 0x00, 0x00, 0x00,
	0x00, 0x00, 0x00, 0x00, 0x00, 0x00, 0x00, 0x00, 0x00, 0x00, 0x00, 0x04, 0x00, 0x00, 0x00, 0x00,
	0x00, 0x00, 0x00, 0x00, 0x00, 0x00, 0x00, 0x00, 0x00, 0x00, 0x00, 0x00, 0x00, 0x00, 0x00, 0x00,
	0x00, 0x00, 0x00, 0x00, 0x00, 0x00, 0x00, 0x12, 0x00, 0x00, 0x00, 0x00, 0x00, 0x00, 0x00, 0x00,
	0x00, 0x00, 0x00, 0x00, 0x00, 0x00, 0x00, 0x00, 0x00, 0x00, 0x00, 0x00, 0x00, 0x00, 0x00, 0x00,
	0x00, 0x00, 0x00, 0x00, 0x00, 0x00, 0x00, 0x00, 0x00, 0x00, 0x00, 0x00, 0x00, 0x00, 0x00, 0x00,
	0x00, 0x00, 0x00, 0x00, 0x00, 0x00, 0x00, 0x00, 0x00, 0x00, 0x00, 0x00, 0x00, 0x00, 0x00, 0x00,
	0x00, 0x00, 0x00, 0x00, 0x00, 0x00, 0x00, 0x00, 0x00, 0x00, 0x00, 0x00, 0x00, 0x00, 0x00, 0x00,
	0x00, 0x00, 0x00, 0x00, 0x00, 0x00, 0x00, 0x00, 0x00, 0x00, 0x00, 0x00, 0x00, 0x00, 0x00, 0x00,
	0x00, 0x00, 0x00, 0x00, 0x00, 0x00, 0x00, 0x00, 0x00, 0x00, 0x00, 0x01, 0x00, 0x5C, 0x00, 0x13,
	0x00, 0x49, 0x00, 0x50, 0x00, 0x60, 0x00, 0x73, 0x00, 0xAC, 0x00, 0xCC, 0x00, 0xE2, 0x00, 0xF0,
	0x01, 0x02, 0x01, 0x1E, 0x01, 0x1F, 0x01, 0x23, 0x01, 0x24, 0x01, 0x25, 0x01, 0x26, 0x01, 0x27,
	0x01, 0x28, 0x01, 0x51, 0x01, 0x54, 0x01, 0x55, 0x01, 0x60, 0x01, 0x61, 0x01, 0x6B, 0x01, 0x8A,
	0x01, 0x92, 0x01, 0xAA, 0x01, 0xAB, 0x01, 0xBA, 0x01, 0xC3, 0x01, 0xF0, 0x01, 0xF3, 0x02, 0x28,
	0x02, 0x56, 0x02, 0x64, 0x02, 0x66, 0x02, 0x6E, 0x02, 0x6F, 0x02, 0x78, 0x02, 0xD0, 0x02, 0xD1,
	0x02, 0xD4, 0x02, 0xD6, 0x02, 0xD9, 0x02, 0xDB, 0x02, 0xDC, 0x02, 0xDD, 0x02, 0xDE, 0x02, 0xDF,
	0x02, 0xE0, 0x02, 0xE1, 0x02, 0xE2, 0x02, 0xE3, 0x02, 0xE9, 0x02, 0xF1, 0x02, 0xF5, 0x02, 0xF6,
	0x02, 0xF8, 0x02, 0xFC, 0x02, 0xFE, 0x03, 0x02, 0x03, 0x03, 0x03, 0x04, 0x03, 0x05, 0x03, 0x06,
	0x03, 0x08, 0x03, 0x0A, 0x03, 0x0B, 0x03, 0x0C, 0x03, 0x0D, 0x03, 0x0E, 0x03, 0x0F, 0x03, 0x12,
	0x03, 0x13, 0x03, 0x14, 0x03, 0x15, 0x03, 0x16, 0x03, 0x18, 0x03, 0x1A, 0x03, 0x1B, 0x03, 0x23,
	0x03, 0x24, 0x03, 0x27, 0x03, 0x28, 0x03, 0x29, 0x03, 0x2C, 0x03, 0x2D, 0x03, 0x2E, 0x03, 0x2F,
	0x03, 0x30, 0x03, 0x3E, 0x03, 0x3F, 0x00, 0x02, 0x00, 0x4E, 0x00, 0x13, 0x00, 0x13, 0x00, 0x04,
	0x00, 0x49, 0x00, 0x49, 0x00, 0x0D, 0x00, 0x73, 0x00, 0x73, 0x00, 0x02, 0x00, 0xAC, 0x00, 0xAC,
	0x00, 0x02, 0x00, 0xCC, 0x00, 0xCC, 0x00, 0x03, 0x00, 0xE2, 0x00, 0xE2, 0x00, 0x09, 0x00, 0xF0,
	0x00, 0xF0, 0x00, 0x12, 0x01, 0x02, 0x01, 0x02, 0x00, 0x03, 0x01, 0x1E, 0x01, 0x1F, 0x00, 0x21,
	0x01, 0x23, 0x01, 0x26, 0x00, 0x05, 0x01, 0x27, 0x01, 0x27, 0x00, 0x04, 0x01, 0x28, 0x01, 0x28,
	0x00, 0x0B, 0x01, 0x51, 0x01, 0x51, 0x00, 0x0A, 0x01, 0x54, 0x01, 0x54, 0x00, 0x0A, 0x01, 0x55,
	0x01, 0x55, 0x00, 0x0B, 0x01, 0x60, 0x01, 0x60, 0x00, 0x05, 0x01, 0x61, 0x01, 0x61, 0x00, 0x0A,
	0x01, 0x6B, 0x01, 0x6B, 0x00, 0x0A, 0x01, 0x8A, 0x01, 0x8A, 0x00, 0x04, 0x01, 0x92, 0x01, 0x92,
	0x00, 0x04, 0x01, 0xAB, 0x01, 0xAB, 0x00, 0x0B, 0x01, 0xBA, 0x01, 0xBA, 0x00, 0x0B, 0x01, 0xC3,
	0x01, 0xC3, 0x00, 0x07, 0x01, 0xF0, 0x01, 0xF0, 0x00, 0x07, 0x01, 0xF3, 0x01, 0xF3, 0x00, 0x08,
	0x02, 0x28, 0x02, 0x28, 0x00, 0x07, 0x02, 0x56, 0x02, 0x56, 0x00, 0x07, 0x02, 0x64, 0x02, 0x64,
	0x00, 0x07, 0x02, 0x66, 0x02, 0x66, 0x00, 0x20, 0x02, 0x6E, 0x02, 0x6E, 0x00, 0x19, 0x02, 0x6F,
	0x02, 0x6F, 0x00, 0x20, 0x02, 0x78, 0x02, 0x78, 0x00, 0x19, 0x02, 0xD0, 0x02, 0xD1, 0x00, 0x0F,
	0x02, 0xD4, 0x02, 0xD4, 0x00, 0x1A, 0x02, 0xD6, 0x02, 0xD6, 0x00, 0x24, 0x02, 0xD9, 0x02, 0xD9,
	0x00, 0x0E, 0x02, 0xDB, 0x02, 0xDB, 0x00, 0x11, 0x02, 0xDC, 0x02, 0xDC, 0x00, 0x13, 0x02, 0xDD,
	0x02, 0xDD, 0x00, 0x1A, 0x02, 0xDE, 0x02, 0xDE, 0x00, 0x24, 0x02, 0xDF, 0x02, 0xE0, 0x00, 0x06,
	0x02, 0xE1, 0x02, 0xE1, 0x00, 0x11, 0x02, 0xE2, 0x02, 0xE2, 0x00, 0x13, 0x02, 0xE3, 0x02, 0xE3,
	0x00, 0x23, 0x02, 0xE9, 0x02, 0xE9, 0x00, 0x23, 0x02, 0xF1, 0x02, 0xF1, 0x00, 0x06, 0x02, 0xF5,
	0x02, 0xF5, 0x00, 0x1F, 0x02, 0xF6, 0x02, 0xF6, 0x00, 0x14, 0x02, 0xF8, 0x02, 0xF8, 0x00, 0x14,
	0x02, 0xFC, 0x02, 0xFC, 0x00, 0x15, 0x02, 0xFE, 0x02, 0xFE, 0x00, 0x15, 0x03, 0x02, 0x03, 0x02,
	0x00, 0x10, 0x03, 0x03, 0x03, 0x03, 0x00, 0x27, 0x03, 0x04, 0x03, 0x04, 0x00, 0x10, 0x03, 0x05,
	0x03, 0x05, 0x00, 0x27, 0x03, 0x06, 0x03, 0x06, 0x00, 0x1B, 0x03, 0x08, 0x03, 0x08, 0x00, 0x1B,
	0x03, 0x0A, 0x03, 0x0B, 0x00, 0x0C, 0x03, 0x0C, 0x03, 0x0C, 0x00, 0x1C, 0x03, 0x0D, 0x03, 0x0D,
	0x00, 0x06, 0x03, 0x0E, 0x03, 0x0E, 0x00, 0x1C, 0x03, 0x0F, 0x03, 0x0F, 0x00, 0x06, 0x03, 0x12,
	0x03, 0x12, 0x00, 0x26, 0x03, 0x13, 0x03, 0x13, 0x00, 0x28, 0x03, 0x14, 0x03, 0x14, 0x00, 0x26,
	0x03, 0x15, 0x03, 0x15, 0x00, 0x28, 0x03, 0x16, 0x03, 0x16, 0x00, 0x1D, 0x03, 0x18, 0x03, 0x18,
	0x00, 0x1D, 0x03, 0x1A, 0x03, 0x1B, 0x00, 0x25, 0x03, 0x23, 0x03, 0x24, 0x00, 0x0C, 0x03, 0x27,
	0x03, 0x28, 0x00, 0x17, 0x03, 0x29, 0x03, 0x29, 0x00, 0x0E, 0x03, 0x2C, 0x03, 0x2C, 0x00, 0x0E,
	0x03, 0x2D, 0x03, 0x2D, 0x00, 0x16, 0x03, 0x2E, 0x03, 0x2E, 0x00, 0x01, 0x03, 0x2F, 0x03, 0x2F,
	0x00, 0x18, 0x03, 0x30, 0x03, 0x30, 0x00, 0x1E, 0x03, 0x3E, 0x03, 0x3F, 0x00, 0x22, 0x00, 0x01,
	0x00, 0x01, 0x03, 0x3F, 0x00, 0x0B, 0x00, 0x0B, 0x00, 0x0B, 0x00, 0x0B, 0x00, 0x0B, 0x00, 0x0B,
	0x00, 0x0B, 0x00, 0x0B, 0x00, 0x01, 0x00, 0x04, 0x00, 0x04, 0x00, 0x01, 0x00, 0x01, 0x00, 0x01,
	0x00, 0x01, 0x00, 0x01, 0x00, 0x01, 0x00, 0x01, 0x00, 0x01, 0x00, 0x04, 0x00, 0x01, 0x00, 0x01,
	0x00, 0x01, 0x00, 0x01, 0x00, 0x01, 0x00, 0x01, 0x00, 0x01, 0x00, 0x36, 0x00, 0x01, 0x00, 0x01,
	0x00, 0x01, 0x00, 0x01, 0x00, 0x01, 0x00, 0x04, 0x00, 0x04, 0x00, 0x04, 0x00, 0x04, 0x00, 0x04,
	0x00, 0x04, 0x00, 0x04, 0x00, 0x01, 0x00, 0x01, 0x00, 0x04, 0x00, 0x01, 0x00, 0x23, 0x00, 0x14,
	0x00, 0x08, 0x00, 0x08, 0x00, 0x08, 0x00, 0x08, 0x00, 0x08, 0x00, 0x19, 0x00, 0x19, 0x00, 0x17,
	0x00, 0x25, 0x00, 0x25, 0x00, 0x21, 0x00, 0x0E, 0x00, 0x0E, 0x00, 0x0E, 0x00, 0x0E, 0x00, 0x0E,
	0x00, 0x0E, 0x00, 0x0E, 0x00, 0x0E, 0x00, 0x10, 0x00, 0x10, 0x00, 0x10, 0x00, 0x10, 0x00, 0x10,
	0x00, 0x00, 0x00, 0x00, 0x00, 0x0E, 0x00, 0x04, 0x00, 0x15, 0x00, 0x15, 0x00, 0x15, 0x00, 0x15,
	0x00, 0x15, 0x00, 0x37, 0x00, 0x01, 0x00, 0x01, 0x00, 0x01, 0x00, 0x04, 0x00, 0x24, 0x00, 0x08,
	0x00, 0x08, 0x00, 0x08, 0x00, 0x08, 0x00, 0x08, 0x00, 0x08, 0x00, 0x1B, 0x00, 0x1B, 0x00, 0x21,
	0x00, 0x14, 0x00, 0x15, 0x00, 0x0C, 0x00, 0x0C, 0x00, 0x0C, 0x00, 0x0C, 0x00, 0x0C, 0x00, 0x0C,
	0x00, 0x0C, 0x00, 0x0C, 0x00, 0x05, 0x00, 0x02, 0x00, 0x02, 0x00, 0x02, 0x00, 0x02, 0x00, 0x02,
	0x00, 0x02, 0x00, 0x02, 0x00, 0x02, 0x00, 0x02, 0x00, 0x39, 0x00, 0x02, 0x00, 0x05, 0x00, 0x05,
	0x00, 0x00, 0x00, 0x05, 0x00, 0x05, 0x00, 0x05, 0x00, 0x05, 0x00, 0x05, 0x00, 0x05, 0x00, 0x1A,
	0x00, 0x00, 0x00, 0x05, 0x00, 0x05, 0x00, 0x06, 0x00, 0x06, 0x00, 0x06, 0x00, 0x02, 0x00, 0x02,
	0x00, 0x02, 0x00, 0x02, 0x00, 0x02, 0x00, 0x02, 0x00, 0x02, 0x00, 0x06, 0x00, 0x05, 0x00, 0x02,
	0x00, 0x06, 0x00, 0x1D, 0x00, 0x05, 0x00, 0x1E, 0x00, 0x07, 0x00, 0x07, 0x00, 0x07, 0x00, 0x07,
	0x00, 0x07, 0x00, 0x12, 0x00, 0x12, 0x00, 0x26, 0x00, 0x28, 0x00, 0x28, 0x00, 0x28, 0x00, 0x22,
	0x00, 0x02, 0x00, 0x02, 0x00, 0x02, 0x00, 0x02, 0x00, 0x02, 0x00, 0x02, 0x00, 0x02, 0x00, 0x0C,
	0x00, 0x02, 0x00, 0x02, 0x00, 0x02, 0x00, 0x02, 0x00, 0x02, 0x00, 0x05, 0x00, 0x05, 0x00, 0x05,
	0x00, 0x07, 0x00, 0x07, 0x00, 0x07, 0x00, 0x07, 0x00, 0x22, 0x00, 0x1E, 0x00, 0x1E, 0x00, 0x39,
	0x00, 0x1E, 0x00, 0x03, 0x00, 0x03, 0x00, 0x0F, 0x00, 0x0F, 0x00, 0x0F, 0x00, 0x0F, 0x00, 0x0F,
	0x00, 0x0F, 0x00, 0x0F, 0x00, 0x0F, 0x00, 0x03, 0x00, 0x0A, 0x00, 0x0A, 0x00, 0x03, 0x00, 0x03,
	0x00, 0x03, 0x00, 0x03, 0x00, 0x03, 0x00, 0x03, 0x00, 0x03, 0x00, 0x03, 0x00, 0x0A, 0x00, 0x03,
	0x00, 0x03, 0x00, 0x03, 0x00, 0x03, 0x00, 0x03, 0x00, 0x03, 0x00, 0x03, 0x00, 0x34, 0x00, 0x03,
	0x00, 0x03, 0x00, 0x03, 0x00, 0x03, 0x00, 0x03, 0x00, 0x0A, 0x00, 0x0A, 0x00, 0x0A, 0x00, 0x0A,
	0x00, 0x0A, 0x00, 0x0A, 0x00, 0x0A, 0x00, 0x03, 0x00, 0x03, 0x00, 0x0A, 0x00, 0x03, 0x00, 0x27,
	0x00, 0x0D, 0x00, 0x13, 0x00, 0x09, 0x00, 0x09, 0x00, 0x09, 0x00, 0x09, 0x00, 0x09, 0x00, 0x1C,
	0x00, 0x1C, 0x00, 0x41, 0x00, 0x29, 0x00, 0x29, 0x00, 0x29, 0x00, 0x1F, 0x00, 0x0D, 0x00, 0x0D,
	0x00, 0x0D, 0x00, 0x0D, 0x00, 0x0D, 0x00, 0x0D, 0x00, 0x0D, 0x00, 0x0D, 0x00, 0x11, 0x00, 0x11,
	0x00, 0x11, 0x00, 0x11, 0x00, 0x11, 0x00, 0x0D, 0x00, 0x0A, 0x00, 0x18, 0x00, 0x18, 0x00, 0x18,
	0x00, 0x18, 0x00, 0x18, 0x00, 0x3F, 0x00, 0x03, 0x00, 0x03, 0x00, 0x03, 0x00, 0x03, 0x00, 0x0A,
	0x00, 0x13, 0x00, 0x09, 0x00, 0x09, 0x00, 0x09, 0x00, 0x09, 0x00, 0x09, 0x00, 0x09, 0x00, 0x2E,
	0x00, 0x2E, 0x00, 0x2E, 0x00, 0x1F, 0x00, 0x03, 0x00, 0x03, 0x00, 0x0D, 0x00, 0x0D, 0x00, 0x4F,
	0x00, 0x4F, 0x00, 0x0B, 0x00, 0x01, 0x00, 0x01, 0x00, 0x01, 0x00, 0x01, 0x00, 0x01, 0x00, 0x01,
	0x00, 0x59, 0x00, 0x01, 0x00, 0x30, 0x00, 0x01, 0x00, 0x01, 0x00, 0x01, 0x00, 0x17, 0x00, 0x2A,
	0x00, 0x01, 0x00, 0x01, 0x00, 0x01, 0x00, 0x01, 0x00, 0x01, 0x00, 0x01, 0x00, 0x30, 0x00, 0x01,
	0x00, 0x01, 0x00, 0x04, 0x00, 0x01, 0x00, 0x01, 0x00, 0x04, 0x00, 0x14, 0x00, 0x17, 0x00, 0x17,
	0x00, 0x04, 0x00, 0x17, 0x00, 0x35, 0x00, 0x01, 0x00, 0x01, 0x00, 0x01, 0x00, 0x01, 0x00, 0x01,
	0x00, 0x01, 0x00, 0x14, 0x00, 0x30, 0x00, 0x01, 0x00, 0x23, 0x00, 0x04, 0x00, 0x2A, 0x00, 0x01,
	0x00, 0x01, 0x00, 0x36, 0x00, 0x14, 0x00, 0x01, 0x00, 0x17, 0x00, 0x14, 0x00, 0x14, 0x00, 0x17,
	0x00, 0x04, 0x00, 0x19, 0x00, 0x17, 0x00, 0x2A, 0x00, 0x01, 0x00, 0x01, 0x00, 0x01, 0x00, 0x14,
	0x00, 0x01, 0x00, 0x01, 0x00, 0x01, 0x00, 0x04, 0x00, 0x04, 0x00, 0x14, 0x00, 0x25, 0x00, 0x25,
	0x00, 0x17, 0x00, 0x14, 0x00, 0x35, 0x00, 0x35, 0x00, 0x01, 0x00, 0x42, 0x00, 0x42, 0x00, 0x01,
	0x00, 0x17, 0x00, 0x01, 0x00, 0x30, 0x00, 0x01, 0x00, 0x01, 0x00, 0x35, 0x00, 0x01, 0x00, 0x0B,
	0x00, 0x0B, 0x00, 0x0B, 0x00, 0x01, 0x00, 0x04, 0x00, 0x04, 0x00, 0x17, 0x00, 0x2A, 0x00, 0x2A,
	0x00, 0x01, 0x00, 0x01, 0x00, 0x04, 0x00, 0x04, 0x00, 0x04, 0x00, 0x2A, 0x00, 0x17, 0x00, 0x17,
	0x00, 0x17, 0x00, 0x35, 0x00, 0x01, 0x00, 0x00, 0x00, 0x17, 0x00, 0x17, 0x00, 0x01, 0x00, 0x01,
	0x00, 0x30, 0x00, 0x0B, 0x00, 0x04, 0x00, 0x01, 0x00, 0x2A, 0x00, 0x04, 0x00, 0x04, 0x00, 0x0E,
	0x00, 0x58, 0x00, 0x10, 0x00, 0x10, 0x00, 0x10, 0x00, 0x01, 0x00, 0x01, 0x00, 0x01, 0x00, 0x01,
	0x00, 0x3A, 0x00, 0x0E, 0x00, 0x24, 0x00, 0x1B, 0x00, 0x1B, 0x00, 0x04, 0x00, 0x08, 0x00, 0x08,
	0x00, 0x14, 0x00, 0x30, 0x00, 0x01, 0x00, 0x37, 0x00, 0x5A, 0x00, 0x24, 0x00, 0x3A, 0x00, 0x0E,
	0x00, 0x0E, 0x00, 0x0B, 0x00, 0x10, 0x00, 0x04, 0x00, 0x04, 0x00, 0x01, 0x00, 0x01, 0x00, 0x1B,
	0x00, 0x1B, 0x00, 0x1B, 0x00, 0x08, 0x00, 0x08, 0x00, 0x0C, 0x00, 0x04, 0x00, 0x06, 0x00, 0x06,
	0x00, 0x06, 0x00, 0x06, 0x00, 0x06, 0x00, 0x69, 0x00, 0x06, 0x00, 0x2D, 0x00, 0x02, 0x00, 0x02,
	0x00, 0x02, 0x00, 0x26, 0x00, 0x2B, 0x00, 0x06, 0x00, 0x06, 0x00, 0x06, 0x00, 0x06, 0x00, 0x06,
	0x00, 0x06, 0x00, 0x2D, 0x00, 0x06, 0x00, 0x06, 0x00, 0x02, 0x00, 0x06, 0x00, 0x06, 0x00, 0x02,
	0x00, 0x33, 0x00, 0x12, 0x00, 0x12, 0x00, 0x02, 0x00, 0x26, 0x00, 0x07, 0x00, 0x06, 0x00, 0x06,
	0x00, 0x06, 0x00, 0x06, 0x00, 0x06, 0x00, 0x06, 0x00, 0x33, 0x00, 0x2D, 0x00, 0x06, 0x00, 0x1D,
	0x00, 0x02, 0x00, 0x2B, 0x00, 0x06, 0x00, 0x06, 0x00, 0x1A, 0x00, 0x7B, 0x00, 0x06, 0x00, 0x26,
	0x00, 0x05, 0x00, 0x33, 0x00, 0x26, 0x00, 0x02, 0x00, 0x12, 0x00, 0x26, 0x00, 0x2B, 0x00, 0x06,
	0x00, 0x06, 0x00, 0x05, 0x00, 0x33, 0x00, 0x06, 0x00, 0x06, 0x00, 0x06, 0x00, 0x02, 0x00, 0x02,
	0x00, 0x33, 0x00, 0x12, 0x00, 0x12, 0x00, 0x26, 0x00, 0x33, 0x00, 0x07, 0x00, 0x07, 0x00, 0x05,
	0x00, 0x46, 0x00, 0x46, 0x00, 0x05, 0x00, 0x26, 0x00, 0x06, 0x00, 0x2D, 0x00, 0x06, 0x00, 0x06,
	0x00, 0x07, 0x00, 0x06, 0x00, 0x0C, 0x00, 0x0C, 0x00, 0x0C, 0x00, 0x02, 0x00, 0x02, 0x00, 0x02,
	0x00, 0x26, 0x00, 0x2B, 0x00, 0x2B, 0x00, 0x06, 0x00, 0x06, 0x00, 0x02, 0x00, 0x02, 0x00, 0x02,
	0x00, 0x2B, 0x00, 0x12, 0x00, 0x12, 0x00, 0x12, 0x00, 0x07, 0x00, 0x06, 0x00, 0x06, 0x00, 0x26,
	0x00, 0x26, 0x00, 0x57, 0x00, 0x06, 0x00, 0x02, 0x00, 0x1D, 0x00, 0x02, 0x00, 0x26, 0x00, 0x2B,
	0x00, 0x07, 0x00, 0x07, 0x00, 0x07, 0x00, 0x05, 0x00, 0x2D, 0x00, 0x06, 0x00, 0x06, 0x00, 0x06,
	0x00, 0x07, 0x00, 0x07, 0x00, 0x07, 0x00, 0x07, 0x00, 0x07, 0x00, 0x33, 0x00, 0x05, 0x00, 0x06,
	0x00, 0x2B, 0x00, 0x02, 0x00, 0x06, 0x00, 0x5E, 0x00, 0x02, 0x00, 0x02, 0x00, 0x02, 0x00, 0x02,
	0x00, 0x02, 0x00, 0x07, 0x00, 0x07, 0x00, 0x07, 0x00, 0x07, 0x00, 0x2D, 0x00, 0x61, 0x00, 0x06,
	0x00, 0x07, 0x00, 0x07, 0x00, 0x07, 0x00, 0x07, 0x00, 0x6A, 0x00, 0x2D, 0x00, 0x06, 0x00, 0x33,
	0x00, 0x2D, 0x00, 0x02, 0x00, 0x02, 0x00, 0x0C, 0x00, 0x02, 0x00, 0x02, 0x00, 0x02, 0x00, 0x07,
	0x00, 0x07, 0x00, 0x07, 0x00, 0x07, 0x00, 0x07, 0x00, 0x07, 0x00, 0x57, 0x00, 0x00, 0x00, 0x40,
	0x00, 0x6D, 0x00, 0x7C, 0x00, 0x79, 0x00, 0x67, 0x00, 0x65, 0x00, 0x40, 0x00, 0x77, 0x00, 0x49,
	0x00, 0x6B, 0x00, 0x80, 0x00, 0x6E, 0x00, 0x7D, 0x00, 0x7A, 0x00, 0x68, 0x00, 0x66, 0x00, 0x40,
	0x00, 0x78, 0x00, 0x49, 0x00, 0x6C, 0x00, 0x00, 0x00, 0x00, 0x00, 0x00, 0x00, 0x00, 0x00, 0x00,
	0x00, 0x00, 0x00, 0x00, 0x00, 0x00, 0x00, 0x00, 0x00, 0x00, 0x00, 0x00, 0x00, 0x00, 0x00, 0x00,
	0x00, 0x00, 0x00, 0x00, 0x00, 0x00, 0x00, 0x00, 0x00, 0x00, 0x00, 0x00, 0x00, 0x00, 0x00, 0x00,
	0x00, 0x00, 0x00, 0x00, 0x00, 0x00, 0x00, 0x00, 0x00, 0x00, 0x00, 0x00, 0x00, 0x00, 0x00, 0x00,
	0x00, 0x00, 0x00, 0x00, 0x00, 0x00, 0x00, 0x00, 0x00, 0x00, 0x00, 0x00, 0x00, 0x00, 0x00, 0x00,
	0x00, 0x00, 0x00, 0x00, 0x00, 0x00, 0x00, 0x00, 0x00, 0x00, 0x00, 0x00, 0x00, 0x00, 0x00, 0x00,
	0x00, 0x00, 0x00, 0x00, 0x00, 0x00, 0x00, 0x00, 0x00, 0x00, 0x00, 0x00, 0x00, 0x00, 0x00, 0x00,
	0x00, 0x00, 0x00, 0x00, 0x00, 0x00, 0x00, 0x00, 0x00, 0x00, 0x00, 0x00, 0x00, 0x00, 0x00, 0x00,
	0x00, 0x00, 0x00, 0x00, 0x00, 0x00, 0x00, 0x00, 0x00, 0x00, 0x00, 0x00, 0x00, 0x00, 0x00, 0x00,
	0x00, 0x00, 0x00, 0x00, 0x00, 0x00, 0x00, 0x00, 0x00, 0x00, 0x00, 0x00, 0x00, 0x00, 0x00, 0x00,
	0x00, 0x00, 0x00, 0x00, 0x00, 0x00, 0x00, 0x00, 0x00, 0x00, 0x00, 0x00, 0x00, 0x00, 0x00, 0x32,
	0x00, 0x32, 0x00, 0x3C, 0x00, 0x3C, 0x00, 0x32, 0x00, 0x62, 0x00, 0x4A, 0x00, 0x73, 0x00, 0x52,
	0x00, 0x16, 0x00, 0x16, 0x00, 0x5D, 0x00, 0x00, 0x00, 0x3E, 0x00, 0x43, 0x00, 0x4A, 0x00, 0x52,
	0x00, 0x38, 0x00, 0x38, 0x00, 0x3E, 0x00, 0x43, 0x00, 0x51, 0x00, 0x32, 0x00, 0x63, 0x00, 0x64,
	0x00, 0x74, 0x00, 0x75, 0x00, 0x51, 0x00, 0x16, 0x00, 0x16, 0x00, 0x00, 0x00, 0x16, 0x00, 0x16,
	0x00, 0x16, 0x00, 0x7E, 0x00, 0x38, 0x00, 0x16, 0x00, 0x00, 0x00, 0x70, 0x00, 0x71, 0x00, 0x00,
	0x00, 0x44, 0x00, 0x5F, 0x00, 0x44, 0x00, 0x00, 0x00, 0x72, 0x00, 0x00, 0x00, 0x45, 0x00, 0x00,
	0x00, 0x45, 0x00, 0x32, 0x00, 0x32, 0x00, 0x3D, 0x00, 0x55, 0x00, 0x3D, 0x00, 0x55, 0x00, 0x16,
	0x00, 0x4B, 0x00, 0x16, 0x00, 0x4B, 0x00, 0x3B, 0x00, 0x3B, 0x00, 0x38, 0x00, 0x4C, 0x00, 0x38,
	0x00, 0x4C, 0x00, 0x32, 0x00, 0x32, 0x00, 0x54, 0x00, 0x56, 0x00, 0x54, 0x00, 0x56, 0x00, 0x16,
	0x00, 0x4D, 0x00, 0x16, 0x00, 0x4D, 0x00, 0x53, 0x00, 0x53, 0x00, 0x20, 0x00, 0x5B, 0x00, 0x6F,
	0x00, 0x76, 0x00, 0x20, 0x00, 0x20, 0x00, 0x60, 0x00, 0x3B, 0x00, 0x3B, 0x00, 0x00, 0x00, 0x00,
	0x00, 0x47, 0x00, 0x47, 0x00, 0x2F, 0x00, 0x20, 0x00, 0x5C, 0x00, 0x2F, 0x00, 0x31, 0x00, 0x2C,
	0x00, 0x48, 0x00, 0x00, 0x00, 0x7F, 0x00, 0x00, 0x00, 0x16, 0x00, 0x00, 0x00, 0x16, 0x00, 0x00,
	0x00, 0x00, 0x00, 0x00, 0x00, 0x16, 0x00, 0x16, 0x00, 0x16, 0x00, 0x00, 0x00, 0x4E, 0x00, 0x50,
	0x00, 0x50, 0x00, 0x02, 0x22, 0x54, 0x00, 0x04, 0x00, 0x00, 0x22, 0x9E, 0x23, 0x68, 0x00, 0x22,
	0x00, 0x81, 0x00, 0x00, 0x00, 0x00, 0x00, 0x09, 0x00, 0x00, 0x00, 0x00, 0x00, 0x00, 0x00, 0x00,
	0x00, 0x00, 0x00, 0x00, 0x00, 0x00, 0x00, 0x00, 0x00, 0x08, 0x00, 0x00, 0x00, 0x00, 0x00, 0x00,
	0x00, 0x0A, 0x00, 0x00, 0x00, 0x00, 0xFF, 0xF7, 0x00, 0x00, 0xFF, 0xF6, 0x00, 0x00, 0x00, 0x00,
	0xFF, 0xF8, 0x00, 0x00, 0xFF, 0xF6, 0xFF, 0xF8, 0xFF, 0xF8, 0xFF, 0xEE, 0x00, 0x00, 0x00, 0x00,
	0x00, 0x00, 0x00, 0x00, 0x00, 0x00, 0x00, 0x00, 0x00, 0x00, 0xFF, 0xF1, 0xFF, 0xF1, 0xFF, 0xF1,
	0x00, 0x00, 0x00, 0x00, 0x00, 0x00, 0x00, 0x00, 0x00, 0x00, 0x00, 0x00, 0x00, 0x00, 0x00, 0x00,
	0x00, 0x00, 0x00, 0x00, 0x00, 0x00, 0x00, 0x00, 0x00, 0x00, 0xFF, 0xF8, 0x00, 0x00, 0x00, 0x00,
	0xFF, 0xE7, 0x00, 0x00, 0x00, 0x00, 0x00, 0x00, 0x00, 0x00, 0x00, 0x00, 0x00, 0x00, 0x00, 0x00,
	0xFF, 0xEC, 0x00, 0x00, 0x00, 0x00, 0x00, 0x00, 0x00, 0x00, 0x00, 0x00, 0x00, 0x00, 0x00, 0x00,
	0x00, 0x00, 0x00, 0x00, 0x00, 0x00, 0x00, 0x00, 0x00, 0x00, 0x00, 0x00, 0x00, 0x00, 0x00, 0x00,
	0xFF, 0xF1, 0x00, 0x00, 0x00, 0x00, 0x00, 0x00, 0x00, 0x00, 0x00, 0x00, 0x00, 0x00, 0x00, 0x00,
	0x00, 0x00, 0x00, 0x00, 0x00, 0x00, 0x00, 0x00, 0x00, 0x00, 0x00, 0x00, 0x00, 0x00, 0x00, 0x00,
	0x00, 0x00, 0x00, 0x00, 0x00, 0x00, 0x00, 0x00, 0x00, 0x00, 0x00, 0x00, 0x00, 0x00, 0x00, 0x00,
	0x00, 0x00, 0x00, 0x00, 0x00, 0x00, 0x00, 0x00, 0x00, 0x00, 0x00, 0x00, 0x00, 0x00, 0x00, 0x00,
	0x00, 0x00, 0x00, 0x00, 0x00, 0x00, 0x00, 0x00, 0x00, 0x00, 0x00, 0x00, 0x00, 0x00, 0x00, 0x00,
	0x00, 0x00, 0x00, 0x00, 0x00, 0x00, 0x00, 0x00, 0x00, 0x00, 0x00, 0x00, 0x00, 0x00, 0x00, 0x00,
	0x00, 0x00, 0x00, 0x00, 0x00, 0x00, 0x00, 0x00, 0x00, 0x00, 0x00, 0x00, 0x00, 0x00, 0x00, 0x00,
	0x00, 0x00, 0x00, 0x00, 0xFF, 0xF1, 0x00, 0x00, 0x00, 0x00, 0x00, 0x00, 0x00, 0x00, 0x00, 0x00,
	0xFF, 0xF8, 0x00, 0x00, 0x00, 0x00, 0x00, 0x00, 0xFF, 0xF1, 0x00, 0x00, 0xFF, 0xD7, 0x00, 0x00,
	0x00, 0x00, 0xFF, 0xEA, 0x00, 0x00, 0xFF, 0xDD, 0x00, 0x00, 0x00, 0x00, 0x00, 0x00, 0x00, 0x00,
	0x00, 0x00, 0x00, 0x00, 0x00, 0x00, 0x00, 0x00, 0x00, 0x00, 0x00, 0x00, 0xFF, 0xF9, 0xFF, 0xDE,
	0xFF, 0xEC, 0x00, 0x00, 0x00, 0x00, 0x00, 0x00, 0x00, 0x00, 0x00, 0x00, 0x00, 0x00, 0xFF, 0xF2,
	0x00, 0x00, 0x00, 0x00, 0xFF, 0xED, 0x00, 0x00, 0x00, 0x00, 0xFF, 0xE3, 0x00, 0x00, 0xFF, 0xED,
	0x00, 0x00, 0x00, 0x00, 0x00, 0x00, 0x00, 0x00, 0x00, 0x00, 0xFF, 0xEC, 0x00, 0x00, 0xFF, 0xE9,
	0x00, 0x00, 0x00, 0x00, 0x00, 0x00, 0x00, 0x00, 0xFF, 0xD4, 0x00, 0x00, 0x00, 0x00, 0x00, 0x00,
	0xFF, 0xEC, 0x00, 0x00, 0x00, 0x00, 0x00, 0x00, 0x00, 0x00, 0x00, 0x00, 0x00, 0x00, 0x00, 0x00,
	0x00, 0x00, 0x00, 0x00, 0x00, 0x00, 0x00, 0x00, 0x00, 0x00, 0x00, 0x00, 0x00, 0x00, 0xFF, 0xE9,
	0x00, 0x00, 0xFF, 0xED, 0x00, 0x00, 0x00, 0x00, 0x00, 0x00, 0x00, 0x00, 0x00, 0x00, 0x00, 0x00,
	0x00, 0x00, 0x00, 0x00, 0x00, 0x00, 0x00, 0x00, 0xFF, 0xF8, 0x00, 0x00, 0x00, 0x00, 0x00, 0x00,
	0x00, 0x00, 0x00, 0x00, 0x00, 0x00, 0x00, 0x00, 0x00, 0x00, 0x00, 0x00, 0x00, 0x00, 0x00, 0x00,
	0x00, 0x00, 0x00, 0x00, 0x00, 0x00, 0x00, 0x00, 0x00, 0x00, 0xFF, 0xEC, 0x00, 0x00, 0x00, 0x00,
	0x00, 0x00, 0x00, 0x00, 0x00, 0x00, 0x00, 0x00, 0x00, 0x00, 0x00, 0x00, 0x00, 0x00, 0x00, 0x00,
	0x00, 0x00, 0x00, 0x00, 0x00, 0x00, 0x00, 0x00, 0x00, 0x00, 0xFF, 0xF8, 0x00, 0x00, 0x00, 0x00,
	0x00, 0x00, 0x00, 0x00, 0x00, 0x00, 0xFF, 0xF8, 0x00, 0x00, 0x00, 0x00, 0x00, 0x00, 0x00, 0x00,
	0x00, 0x00, 0x00, 0x00, 0x00, 0x00, 0x00, 0x00, 0x00, 0x00, 0xFF, 0xF4, 0x00, 0x00, 0xFF, 0xDB,
	0x00, 0x00, 0xFF, 0xF1, 0x00, 0x00, 0x00, 0x00, 0xFF, 0xE9, 0x00, 0x42, 0x00, 0x00, 0x00, 0x00,
	0x00, 0x00, 0x00, 0x00, 0x00, 0x00, 0x00, 0x00, 0x00, 0x00, 0x00, 0x00, 0x00, 0x00, 0xFF, 0xE5,
	0xFF, 0xE9, 0x00, 0x00, 0x00, 0x00, 0x00, 0x00, 0x00, 0x00, 0x00, 0x00, 0x00, 0x00, 0x00, 0x00,
	0x00, 0x00, 0x00, 0x00, 0x00, 0x00, 0x00, 0x00, 0xFF, 0xF8, 0x00, 0x00, 0xFF, 0xEA, 0x00, 0x00,
	0xFF, 0xEF, 0x00, 0x00, 0x00, 0x00, 0x00, 0x00, 0x00, 0x00, 0x00, 0x00, 0xFF, 0xF1, 0x00, 0x00,
	0xFF, 0xED, 0x00, 0x00, 0x00, 0x00, 0x00, 0x00, 0x00, 0x00, 0xFF, 0xCB, 0x00, 0x00, 0x00, 0x00,
	0x00, 0x00, 0xFF, 0xEF, 0x00, 0x00, 0x00, 0x00, 0x00, 0x00, 0x00, 0x00, 0x00, 0x00, 0x00, 0x00,
	0x00, 0x00, 0x00, 0x00, 0x00, 0x00, 0x00, 0x00, 0x00, 0x00, 0x00, 0x00, 0x00, 0x00, 0x00, 0x00,
	0xFF, 0xEA, 0x00, 0x00, 0xFF, 0xF2, 0x00, 0x00, 0x00, 0x00, 0x00, 0x00, 0x00, 0x00, 0x00, 0x00,
	0x00, 0x00, 0x00, 0x00, 0x00, 0x00, 0x00, 0x00, 0x00, 0x00, 0x00, 0x00, 0x00, 0x00, 0x00, 0x00,
	0x00, 0x00, 0x00, 0x00, 0x00, 0x00, 0x00, 0x00, 0x00, 0x00, 0xFF, 0xE0, 0x00, 0x00, 0x00, 0x00,
	0x00, 0x00, 0x00, 0x00, 0x00, 0x00, 0x00, 0x00, 0x00, 0x00, 0x00, 0x00, 0x00, 0x00, 0x00, 0x00,
	0x00, 0x00, 0x00, 0x00, 0x00, 0x00, 0x00, 0x00, 0x00, 0x00, 0x00, 0x00, 0x00, 0x00, 0x00, 0x00,
	0x00, 0x00, 0x00, 0x00, 0x00, 0x00, 0x00, 0x00, 0x00, 0x00, 0x00, 0x00, 0x00, 0x00, 0x00, 0x00,
	0x00, 0x00, 0x00, 0x00, 0x00, 0x00, 0x00, 0x00, 0x00, 0x00, 0x00, 0x00, 0x00, 0x00, 0xFF, 0xE2,
	0xFF, 0xF6, 0x00, 0x00, 0x00, 0x00, 0xFF, 0xE2, 0x00, 0x00, 0xFF, 0xF6, 0x00, 0x00, 0x00, 0x00,
	0xFF, 0xE7, 0xFF, 0xF1, 0x00, 0x00, 0xFF, 0xE2, 0x00, 0x00, 0xFF, 0xF6, 0xFF, 0xF6, 0x00, 0x00,
	0x00, 0x00, 0x00, 0x00, 0x00, 0x05, 0x00, 0x00, 0x00, 0x00, 0xFF, 0xED, 0x00, 0x00, 0x00, 0x00,
	0xFF, 0xEE, 0xFF, 0xE2, 0xFF, 0xF6, 0x00, 0x00, 0x00, 0x00, 0xFF, 0xEC, 0x00, 0x00, 0x00, 0x00,
	0x00, 0x00, 0x00, 0x00, 0x00, 0x00, 0x00, 0x00, 0x00, 0x00, 0x00, 0x00, 0xFF, 0xE8, 0x00, 0x00,
	0xFF, 0xF6, 0x00, 0x00, 0xFF, 0xD8, 0xFF, 0xBC, 0x00, 0x0A, 0x00, 0x00, 0x00, 0x00, 0x00, 0x00,
	0x00, 0x00, 0x00, 0x00, 0xFF, 0xE2, 0xFF, 0xEC, 0x00, 0x00, 0xFF, 0xEC, 0x00, 0x00, 0xFF, 0xD8,
	0x00, 0x00, 0x00, 0x00, 0x00, 0x00, 0x00, 0x00, 0x00, 0x00, 0x00, 0x00, 0x00, 0x00, 0x00, 0x00,
	0x00, 0x00, 0x00, 0x00, 0x00, 0x00, 0x00, 0x00, 0x00, 0x00, 0x00, 0x00, 0xFF, 0xE7, 0x00, 0x00,
	0x00, 0x00, 0x00, 0x00, 0x00, 0x00, 0x00, 0x00, 0x00, 0x00, 0x00, 0x00, 0x00, 0x00, 0x00, 0x00,
	0x00, 0x00, 0x00, 0x00, 0x00, 0x00, 0x00, 0x00, 0x00, 0x00, 0x00, 0x00, 0x00, 0x00, 0x00, 0x00,
	0x00, 0x00, 0xFF, 0xF6, 0x00, 0x00, 0x00, 0x00, 0xFF, 0xE2, 0x00, 0x00, 0x00, 0x00, 0x00, 0x00,
	0x00, 0x00, 0xFF, 0xEC, 0x00, 0x00, 0x00, 0x00, 0x00, 0x00, 0x00, 0x00, 0x00, 0x00, 0xFF, 0xE2,
	0x00, 0x00, 0x00, 0x00, 0x00, 0x00, 0x00, 0x00, 0x00, 0x00, 0xFF, 0xEC, 0xFF, 0xE9, 0x00, 0x00,
	0xFF, 0xE7, 0x00, 0x00, 0xFF, 0xE2, 0x00, 0x00, 0x00, 0x00, 0x00, 0x00, 0x00, 0x00, 0x00, 0x00,
	0x00, 0x00, 0x00, 0x00, 0x00, 0x00, 0x00, 0x00, 0x00, 0x00, 0x00, 0x00, 0x00, 0x00, 0x00, 0x00,
	0x00, 0x0F, 0x00, 0x0A, 0x00, 0x00, 0x00, 0x00, 0x00, 0x08, 0x00, 0x00, 0x00, 0x00, 0xFF, 0xF4,
	0xFF, 0xF4, 0xFF, 0xE4, 0x00, 0x00, 0x00, 0x00, 0x00, 0x00, 0x00, 0x00, 0xFF, 0xEC, 0x00, 0x00,
	0xFF, 0xF1, 0xFF, 0xF6, 0x00, 0x00, 0x00, 0x0A, 0x00, 0x00, 0x00, 0x00, 0x00, 0x0F, 0x00, 0x00,
	0x00, 0x00, 0xFF, 0xE2, 0xFF, 0xD8, 0x00, 0x00, 0x00, 0x00, 0x00, 0x00, 0xFF, 0xE7, 0x00, 0x00,
	0x00, 0x00, 0x00, 0x00, 0x00, 0x00, 0x00, 0x00, 0x00, 0x00, 0x00, 0x00, 0x00, 0x00, 0x00, 0x00,
	0x00, 0x00, 0x00, 0x1C, 0x00, 0x00, 0x00, 0x23, 0x00, 0x09, 0x00, 0x00, 0x00, 0x00, 0x00, 0x00,
	0x00, 0x00, 0x00, 0x00, 0x00, 0x00, 0x00, 0x00, 0x00, 0x08, 0x00, 0x00, 0x00, 0x00, 0x00, 0x00,
	0x00, 0x00, 0x00, 0x00, 0x00, 0x00, 0x00, 0x00, 0x00, 0x00, 0x00, 0x00, 0x00, 0x00, 0x00, 0x00,
	0x00, 0x00, 0x00, 0x00, 0x00, 0x00, 0x00, 0x00, 0xFF, 0xE2, 0x00, 0x00, 0x00, 0x00, 0x00, 0x00,
	0x00, 0x00, 0x00, 0x00, 0x00, 0x00, 0x00, 0x00, 0x00, 0x00, 0x00, 0x00, 0x00, 0x00, 0x00, 0x00,
	0x00, 0x00, 0x00, 0x00, 0x00, 0x00, 0x00, 0x00, 0x00, 0x00, 0x00, 0x00, 0x00, 0x00, 0x00, 0x00,
	0x00, 0x00, 0x00, 0x00, 0x00, 0x00, 0x00, 0x00, 0x00, 0x00, 0x00, 0x00, 0x00, 0x00, 0x00, 0x00,
	0x00, 0x00, 0x00, 0x00, 0x00, 0x00, 0x00, 0x00, 0x00, 0x00, 0x00, 0x00, 0x00, 0x00, 0x00, 0x00,
	0x00, 0x00, 0x00, 0x00, 0x00, 0x00, 0x00, 0x00, 0x00, 0x00, 0x00, 0x00, 0x00, 0x00, 0x00, 0x00,
	0x00, 0x00, 0x00, 0x00, 0x00, 0x00, 0x00, 0x00, 0x00, 0x00, 0x00, 0x00, 0x00, 0x00, 0x00, 0x00,
	0x00, 0x00, 0x00, 0x00, 0x00, 0x00, 0x00, 0x00, 0x00, 0x00, 0x00, 0x00, 0x00, 0x00, 0x00, 0x00,
	0x00, 0x00, 0x00, 0x00, 0x00, 0x00, 0x00, 0x00, 0x00, 0x00, 0x00, 0x0A, 0x00, 0x00, 0x00, 0x00,
	0x00, 0x00, 0xFF, 0xF6, 0x00, 0x00, 0x00, 0x00, 0x00, 0x00, 0x00, 0x00, 0x00, 0x00, 0x00, 0x00,
	0x00, 0x00, 0x00, 0x00, 0xFF, 0xF6, 0x00, 0x00, 0x00, 0x00, 0x00, 0x00, 0x00, 0x00, 0x00, 0x00,
	0x00, 0x00, 0x00, 0x00, 0x00, 0x00, 0x00, 0x00, 0x00, 0x00, 0x00, 0x00, 0x00, 0x00, 0xFF, 0xE2,
	0x00, 0x00, 0x00, 0x00, 0x00, 0x00, 0x00, 0x00, 0x00, 0x00, 0x00, 0x00, 0x00, 0x00, 0x00, 0x00,
	0x00, 0x00, 0x00, 0x00, 0x00, 0x23, 0x00, 0x00, 0x00, 0x00, 0x00, 0x00, 0x00, 0x00, 0x00, 0x00,
	0x00, 0x00, 0x00, 0x00, 0x00, 0x00, 0x00, 0x00, 0x00, 0x00, 0x00, 0x0F, 0x00, 0x00, 0x00, 0x00,
	0x00, 0x00, 0x00, 0x00, 0x00, 0x00, 0x00, 0x00, 0x00, 0x00, 0x00, 0x00, 0x00, 0x00, 0x00, 0x00,
	0x00, 0x00, 0x00, 0x00, 0x00, 0x00, 0x00, 0x00, 0x00, 0x00, 0xFF, 0xEA, 0x00, 0x00, 0x00, 0x00,
	0x00, 0x00, 0x00, 0x00, 0x00, 0x00, 0x00, 0x00, 0x00, 0x00, 0x00, 0x00, 0x00, 0x00, 0x00, 0x00,
	0x00, 0x00, 0x00, 0x00, 0x00, 0x00, 0x00, 0x00, 0x00, 0x00, 0x00, 0x00, 0x00, 0x00, 0x00, 0x00,
	0x00, 0x00, 0x00, 0x00, 0x00, 0x00, 0x00, 0x00, 0x00, 0x00, 0x00, 0x00, 0x00, 0x00, 0x00, 0x00,
	0x00, 0x00, 0x00, 0x00, 0x00, 0x00, 0x00, 0x00, 0x00, 0x00, 0x00, 0x00, 0x00, 0x00, 0x00, 0x00,
	0x00, 0x00, 0x00, 0x00, 0x00, 0x00, 0x00, 0x00, 0x00, 0x00, 0x00, 0x00, 0x00, 0x00, 0x00, 0x00,
	0x00, 0x00, 0x00, 0x00, 0x00, 0x00, 0x00, 0x00, 0x00, 0x00, 0x00, 0x00, 0x00, 0x00, 0x00, 0x00,
	0x00, 0x00, 0x00, 0x00, 0x00, 0x00, 0x00, 0x00, 0x00, 0x00, 0x00, 0x00, 0x00, 0x00, 0x00, 0x00,
	0x00, 0x00, 0x00, 0x00, 0x00, 0x00, 0x00, 0x00, 0x00, 0x00, 0x00, 0x00, 0x00, 0x00, 0x00, 0x00,
	0x00, 0x00, 0x00, 0x00, 0x00, 0x00, 0xFF, 0xED, 0x00, 0x00, 0x00, 0x00, 0xFF, 0xE9, 0x00, 0x00,
	0x00, 0x00, 0x00, 0x00, 0x00, 0x00, 0x00, 0x00, 0x00, 0x00, 0x00, 0x00, 0x00, 0x00, 0x00, 0x00,
	0x00, 0x00, 0x00, 0x00, 0x00, 0x00, 0xFF, 0xED, 0xFF, 0xF5, 0x00, 0x00, 0x00, 0x00, 0x00, 0x00,
	0x00, 0x00, 0xFF, 0xF1, 0x00, 0x00, 0x00, 0x00, 0xFF, 0xF2, 0x00, 0x00, 0x00, 0x00, 0xFF, 0xF5,
	0x00, 0x00, 0x00, 0x00, 0x00, 0x00, 0x00, 0x00, 0xFF, 0xEF, 0x00, 0x00, 0xFF, 0xF1, 0x00, 0x00,
	0x00, 0x00, 0x00, 0x00, 0x00, 0x00, 0x00, 0x00, 0x00, 0x00, 0x00, 0x00, 0x00, 0x00, 0x00, 0x00,
	0x00, 0x00, 0xFF, 0xE9, 0x00, 0x00, 0x00, 0x00, 0x00, 0x00, 0xFF, 0xEB, 0x00, 0x00, 0x00, 0x00,
	0x00, 0x00, 0x00, 0x00, 0x00, 0x00, 0x00, 0x00, 0x00, 0x00, 0x00, 0x00, 0x00, 0x00, 0x00, 0x00,
	0x00, 0x00, 0x00, 0x00, 0x00, 0x00, 0x00, 0x00, 0x00, 0x00, 0x00, 0x00, 0x00, 0x00, 0x00, 0x00,
	0x00, 0x00, 0xFF, 0xE9, 0x00, 0x00, 0x00, 0x00, 0x00, 0x00, 0x00, 0x00, 0x00, 0x00, 0x00, 0x00,
	0x00, 0x00, 0x00, 0x00, 0x00, 0x00, 0x00, 0x00, 0x00, 0x00, 0x00, 0x00, 0x00, 0x00, 0x00, 0x00,
	0x00, 0x00, 0xFF, 0xED, 0x00, 0x00, 0x00, 0x00, 0x00, 0x00, 0x00, 0x00, 0x00, 0x00, 0x00, 0x00,
	0x00, 0x00, 0x00, 0x00, 0x00, 0x00, 0x00, 0x00, 0x00, 0x00, 0x00, 0x00, 0x00, 0x00, 0x00, 0x00,
	0x00, 0x00, 0x00, 0x00, 0x00, 0x00, 0x00, 0x00, 0x00, 0x00, 0x00, 0x00, 0x00, 0x00, 0x00, 0x00,
	0x00, 0x00, 0x00, 0x00, 0xFF, 0xF0, 0x00, 0x00, 0x00, 0x0A, 0x00, 0x00, 0x00, 0x00, 0x00, 0x00,
	0x00, 0x00, 0x00, 0x00, 0x00, 0x00, 0xFF, 0xA4, 0x00, 0x00, 0xFF, 0xE4, 0x00, 0x00, 0xFF, 0xA9,
	0x00, 0x00, 0x00, 0x00, 0x00, 0x26, 0x00, 0x28, 0x00, 0x28, 0x00, 0x00, 0x00, 0x00, 0xFF, 0xEC,
	0x00, 0x00, 0x00, 0x1C, 0x00, 0x00, 0x00, 0x00, 0x00, 0x11, 0x00, 0x00, 0x00, 0x14, 0x00, 0x05,
	0x00, 0x00, 0x00, 0x00, 0x00, 0x00, 0x00, 0x14, 0x00, 0x1E, 0x00, 0x14, 0x00, 0x0A, 0x00, 0x00,
	0x00, 0x00, 0x00, 0x11, 0x00, 0x00, 0x00, 0x00, 0x00, 0x00, 0x00, 0x00, 0x00, 0x00, 0x00, 0x00,
	0x00, 0x00, 0x00, 0x00, 0x00, 0x00, 0x00, 0x00, 0x00, 0x00, 0x00, 0x00, 0xFF, 0xF6, 0xFF, 0xF6,
	0x00, 0x00, 0x00, 0x00, 0x00, 0x00, 0x00, 0x00, 0x00, 0x00, 0x00, 0x00, 0x00, 0x00, 0x00, 0x00,
	0x00, 0x00, 0x00, 0x00, 0x00, 0x00, 0x00, 0x00, 0x00, 0x00, 0x00, 0x00, 0x00, 0x00, 0x00, 0x00,
	0x00, 0x00, 0x00, 0x00, 0x00, 0x00, 0x00, 0x00, 0x00, 0x00, 0x00, 0x00, 0x00, 0x00, 0x00, 0x1E,
	0x00, 0x00, 0x00, 0x00, 0x00, 0x00, 0x00, 0x00, 0x00, 0x00, 0x00, 0x00, 0x00, 0x00, 0x00, 0x00,
	0x00, 0x00, 0x00, 0x00, 0x00, 0x00, 0x00, 0x00, 0x00, 0x00, 0x00, 0x00, 0x00, 0x00, 0x00, 0x00,
	0x00, 0x00, 0x00, 0x00, 0x00, 0x00, 0x00, 0x00, 0x00, 0x00, 0x00, 0x00, 0x00, 0x00, 0x00, 0x00,
	0x00, 0x00, 0x00, 0x00, 0x00, 0x00, 0x00, 0x00, 0x00, 0x00, 0x00, 0x00, 0x00, 0x00, 0x00, 0x00,
	0x00, 0x00, 0x00, 0x00, 0x00, 0x00, 0x00, 0x00, 0x00, 0x00, 0x00, 0x00, 0x00, 0x00, 0x00, 0x00,
	0x00, 0x00, 0x00, 0x00, 0x00, 0x00, 0x00, 0x00, 0x00, 0x00, 0x00, 0x00, 0x00, 0x00, 0x00, 0x00,
	0x00, 0x00, 0x00, 0x00, 0x00, 0x00, 0x00, 0x00, 0x00, 0x00, 0x00, 0x00, 0x00, 0x00, 0x00, 0x00,
	0x00, 0x00, 0x00, 0x00, 0x00, 0x00, 0x00, 0x00, 0x00, 0x00, 0x00, 0x00, 0x00, 0x00, 0x00, 0x00,
	0x00, 0x00, 0x00, 0x00, 0x00, 0x00, 0x00, 0x00, 0x00, 0x00, 0x00, 0x00, 0x00, 0x00, 0x00, 0x00,
	0x00, 0x00, 0x00, 0x00, 0x00, 0x00, 0x00, 0x00, 0x00, 0x00, 0x00, 0x00, 0x00, 0x00, 0x00, 0x00,
	0x00, 0x00, 0x00, 0x00, 0x00, 0x00, 0x00, 0x00, 0x00, 0x00, 0x00, 0x00, 0x00, 0x00, 0x00, 0x00,
	0x00, 0x00, 0x00, 0x00, 0x00, 0x00, 0x00, 0x00, 0x00, 0x00, 0x00, 0x00, 0x00, 0x00, 0x00, 0x00,
	0x00, 0x00, 0x00, 0x00, 0x00, 0x00, 0xFF, 0xED, 0x00, 0x00, 0x00, 0x00, 0x00, 0x00, 0x00, 0x00,
	0x00, 0x00, 0x00, 0x00, 0x00, 0x00, 0x00, 0x00, 0x00, 0x00, 0x00, 0x00, 0x00, 0x00, 0x00, 0x00,
	0x00, 0x00, 0x00, 0x08, 0x00, 0x00, 0x00, 0x00, 0xFF, 0xF6, 0x00, 0x00, 0x00, 0x00, 0x00, 0x00,
	0x00, 0x14, 0x00, 0x00, 0x00, 0x00, 0x00, 0x00, 0x00, 0x00, 0x00, 0x00, 0x00, 0x00, 0x00, 0x00,
	0x00, 0x0A, 0x00, 0x00, 0x00, 0x00, 0xFF, 0xF8, 0x00, 0x00, 0x00, 0x00, 0x00, 0x0A, 0x00, 0x00,
	0x00, 0x00, 0x00, 0x00, 0x00, 0x00, 0x00, 0x00, 0x00, 0x00, 0x00, 0x00, 0x00, 0x0A, 0x00, 0x00,
	0x00, 0x00, 0x00, 0x14, 0x00, 0x00, 0x00, 0x00, 0x00, 0x00, 0x00, 0x00, 0x00, 0x00, 0x00, 0x08,
	0x00, 0x00, 0xFF, 0xF6, 0x00, 0x00, 0x00, 0x00, 0x00, 0x00, 0x00, 0x1C, 0x00, 0x00, 0x00, 0x00,
	0x00, 0x00, 0x00, 0x00, 0x00, 0x00, 0x00, 0x00, 0xFF, 0xF8, 0x00, 0x00, 0x00, 0x00, 0x00, 0x00,
	0x00, 0x00, 0x00, 0x08, 0xFF, 0xF8, 0x00, 0x00, 0x00, 0x00, 0x00, 0x00, 0x00, 0x00, 0xFF, 0xEC,
	0x00, 0x00, 0x00, 0x00, 0x00, 0x00, 0x00, 0x00, 0x00, 0x00, 0x00, 0x00, 0x00, 0x00, 0x00, 0x00,
	0x00, 0x00, 0x00, 0x00, 0x00, 0x00, 0x00, 0x00, 0x00, 0x00, 0x00, 0x00, 0x00, 0x00, 0x00, 0x00,
	0x00, 0x00, 0x00, 0x0A, 0x00, 0x00, 0x00, 0x00, 0x00, 0x00, 0x00, 0x14, 0x00, 0x14, 0x00, 0x00,
	0x00, 0x00, 0x00, 0x00, 0x00, 0x00, 0x00, 0x0A, 0x00, 0x00, 0x00, 0x00, 0x00, 0x00, 0x00, 0x00,
	0x00, 0x00, 0x00, 0x00, 0x00, 0x00, 0x00, 0x00, 0x00, 0x00, 0x00, 0x00, 0x00, 0x14, 0x00, 0x14,
	0x00, 0x00, 0x00, 0x00, 0x00, 0x00, 0x00, 0x00, 0x00, 0x00, 0x00, 0x00, 0x00, 0x00, 0x00, 0x00,
	0x00, 0x00, 0x00, 0x00, 0x00, 0x00, 0x00, 0x00, 0x00, 0x00, 0x00, 0x00, 0x00, 0x0C, 0x00, 0x00,
	0x00, 0x18, 0xFF, 0xF1, 0x00, 0x00, 0x00, 0x00, 0x00, 0x00, 0x00, 0x00, 0x00, 0x00, 0x00, 0x00,
	0x00, 0x00, 0xFF, 0xF6, 0x00, 0x00, 0x00, 0x00, 0x00, 0x00, 0x00, 0x00, 0x00, 0x00, 0x00, 0x00,
	0x00, 0x00, 0x00, 0x00, 0x00, 0x00, 0x00, 0x00, 0x00, 0x00, 0x00, 0x00, 0x00, 0x00, 0x00, 0x00,
	0x00, 0x00, 0x00, 0x06, 0x00, 0x00, 0x00, 0x00, 0x00, 0x00, 0x00, 0x00, 0x00, 0x00, 0x00, 0x00,
	0x00, 0x00, 0x00, 0x00, 0x00, 0x00, 0x00, 0x00, 0x00, 0x00, 0x00, 0x00, 0x00, 0x00, 0x00, 0x00,
	0x00, 0x00, 0x00, 0x00, 0x00, 0x00, 0x00, 0x00, 0x00, 0x00, 0x00, 0x00, 0x00, 0x00, 0x00, 0x00,
	0x00, 0x00, 0x00, 0x00, 0x00, 0x00, 0x00, 0x00, 0x00, 0x00, 0x00, 0x00, 0x00, 0x00, 0x00, 0x00,
	0x00, 0x00, 0x00, 0x00, 0x00, 0x00, 0x00, 0x00, 0x00, 0x00, 0x00, 0x00, 0x00, 0x00, 0x00, 0x00,
	0x00, 0x00, 0x00, 0x00, 0x00, 0x00, 0x00, 0x00, 0x00, 0x00, 0x00, 0x00, 0x00, 0x00, 0x00, 0x00,
	0x00, 0x00, 0x00, 0x00, 0x00, 0x00, 0x00, 0x00, 0x00, 0x00, 0x00, 0x00, 0x00, 0x00, 0x00, 0x00,
	0x00, 0x00, 0x00, 0x00, 0x00, 0x00, 0x00, 0x00, 0x00, 0x00, 0x00, 0x00, 0x00, 0x00, 0x00, 0x00,
	0x00, 0x00, 0x00, 0x00, 0x00, 0x00, 0x00, 0x00, 0x00, 0x00, 0x00, 0x00, 0x00, 0x05, 0x00, 0x00,
	0x00, 0x00, 0x00, 0x00, 0x00, 0x00, 0x00, 0x00, 0x00, 0x00, 0x00, 0x00, 0x00, 0x00, 0x00, 0x00,
	0x00, 0x00, 0x00, 0x00, 0x00, 0x00, 0x00, 0x00, 0x00, 0x00, 0x00, 0x00, 0x00, 0x00, 0x00, 0x00,
	0x00, 0x00, 0x00, 0x00, 0x00, 0x00, 0x00, 0x00, 0x00, 0x05, 0x00, 0x00, 0x00, 0x00, 0x00, 0x00,
	0x00, 0x00, 0x00, 0x00, 0x00, 0x00, 0x00, 0x00, 0x00, 0x00, 0x00, 0x00, 0x00, 0x00, 0x00, 0x05,
	0x00, 0x00, 0x00, 0x00, 0x00, 0x00, 0x00, 0x00, 0x00, 0x00, 0x00, 0x00, 0x00, 0x00, 0x00, 0x00,
	0x00, 0x00, 0x00, 0x00, 0xFF, 0xF6, 0x00, 0x00, 0x00, 0x00, 0x00, 0x00, 0x00, 0x00, 0x00, 0x00,
	0x00, 0x00, 0x00, 0x00, 0x00, 0x00, 0x00, 0x00, 0x00, 0x00, 0x00, 0x00, 0x00, 0x00, 0x00, 0x00,
	0x00, 0x00, 0x00, 0x00, 0x00, 0x14, 0x00, 0x00, 0x00, 0x00, 0x00, 0x00, 0x00, 0x00, 0x00, 0x00,
	0x00, 0x00, 0x00, 0x00, 0x00, 0x00, 0x00, 0x00, 0x00, 0x00, 0x00, 0x00, 0x00, 0x00, 0x00, 0x00,
	0x00, 0x00, 0x00, 0x00, 0x00, 0x00, 0x00, 0x00, 0x00, 0x00, 0x00, 0x00, 0x00, 0x00, 0x00, 0x00,
	0x00, 0x00, 0x00, 0x00, 0x00, 0x00, 0x00, 0x00, 0x00, 0x00, 0x00, 0x00, 0x00, 0x00, 0x00, 0x00,
	0x00, 0x00, 0x00, 0x00, 0x00, 0x00, 0x00, 0x00, 0x00, 0x00, 0x00, 0x00, 0x00, 0x00, 0x00, 0x00,
	0x00, 0x00, 0x00, 0x00, 0x00, 0x00, 0x00, 0x00, 0x00, 0x00, 0x00, 0x00, 0x00, 0x00, 0x00, 0x00,
	0x00, 0x00, 0x00, 0x00, 0x00, 0x00, 0x00, 0x00, 0x00, 0x00, 0x00, 0x00, 0x00, 0x00, 0x00, 0x00,
	0x00, 0x00, 0x00, 0x00, 0x00, 0x00, 0x00, 0x00, 0x00, 0x00, 0x00, 0x00, 0x00, 0x00, 0x00, 0x00,
	0x00, 0x00, 0x00, 0x00, 0x00, 0x00, 0x00, 0x00, 0x00, 0x00, 0x00, 0x00, 0x00, 0x00, 0x00, 0x00,
	0x00, 0x00, 0x00, 0x00, 0x00, 0x00, 0x00, 0x00, 0x00, 0x00, 0x00, 0x00, 0x00, 0x00, 0x00, 0x00,
	0x00, 0x00, 0x00, 0x00, 0x00, 0x00, 0x00, 0x00, 0x00, 0x00, 0x00, 0x00, 0x00, 0x00, 0x00, 0x00,
	0x00, 0x00, 0x00, 0x00, 0x00, 0x00, 0x00, 0x00, 0x00, 0x00, 0x00, 0x00, 0x00, 0x00, 0x00, 0x00,
	0x00, 0x00, 0x00, 0x00, 0x00, 0x00, 0x00, 0x00, 0x00, 0x00, 0x00, 0x00, 0x00, 0x00, 0x00, 0x00,
	0x00, 0x05, 0x00, 0x00, 0x00, 0x00, 0x00, 0x00, 0x00, 0x00, 0x00, 0x00, 0x00, 0x00, 0x00, 0x00,
	0x00, 0x00, 0x00, 0x00, 0x00, 0x00, 0x00, 0x00, 0x00, 0x00, 0x00, 0x00, 0x00, 0x00, 0x00, 0x00,
	0x00, 0x00, 0x00, 0x00, 0x00, 0x00, 0x00, 0x00, 0x00, 0x00, 0x00, 0x00, 0x00, 0x00, 0x00, 0x00,
	0x00, 0x00, 0x00, 0x00, 0x00, 0x00, 0x00, 0x12, 0x00, 0x00, 0x00, 0x00, 0x00, 0x00, 0x00, 0x00,
	0x00, 0x00, 0x00, 0x00, 0x00, 0x00, 0x00, 0x00, 0x00, 0x00, 0x00, 0x00, 0x00, 0x00, 0x00, 0x00,
	0x00, 0x00, 0x00, 0x00, 0x00, 0x00, 0x00, 0x00, 0x00, 0x00, 0x00, 0x00, 0x00, 0x00, 0x00, 0x00,
	0x00, 0x00, 0x00, 0x00, 0x00, 0x00, 0x00, 0x00, 0x00, 0x00, 0x00, 0x00, 0x00, 0x00, 0x00, 0x00,
	0x00, 0x00, 0x00, 0x00, 0x00, 0x00, 0x00, 0x00, 0x00, 0x00, 0x00, 0x00, 0x00, 0x00, 0x00, 0x00,
	0x00, 0x00, 0x00, 0x00, 0x00, 0x00, 0x00, 0x00, 0x00, 0x00, 0x00, 0x00, 0x00, 0x00, 0x00, 0x00,
	0x00, 0x00, 0x00, 0x00, 0x00, 0x00, 0x00, 0x00, 0x00, 0x00, 0x00, 0x00, 0x00, 0x00, 0x00, 0x00,
	0x00, 0x00, 0x00, 0x00, 0x00, 0x00, 0x00, 0x00, 0x00, 0x00, 0x00, 0x00, 0x00, 0x00, 0x00, 0x08,
	0x00, 0x00, 0x00, 0x00, 0x00, 0x00, 0x00, 0x00, 0x00, 0x02, 0x00, 0x00, 0x00, 0x00, 0xFF, 0xF9,
	0x00, 0x00, 0xFF, 0xF6, 0x00, 0x00, 0x00, 0x00, 0xFF, 0xF5, 0x00, 0x00, 0xFF, 0xFA, 0x00, 0x00,
	0x00, 0x00, 0x00, 0x00, 0x00, 0x00, 0x00, 0x00, 0x00, 0x00, 0x00, 0x00, 0x00, 0x00, 0x00, 0x00,
	0x00, 0x00, 0x00, 0x00, 0xFF, 0xF7, 0xFF, 0xF9, 0x00, 0x00, 0x00, 0x00, 0x00, 0x00, 0x00, 0x00,
	0x00, 0x00, 0x00, 0x00, 0x00, 0x00, 0x00, 0x00, 0x00, 0x00, 0x00, 0x00, 0x00, 0x00, 0x00, 0x00,
	0x00, 0x00, 0x00, 0x00, 0x00, 0x00, 0xFF, 0xF6, 0xFF, 0xD6, 0x00, 0x00, 0x00, 0x00, 0x00, 0x00,
	0x00, 0x00, 0x00, 0x00, 0x00, 0x00, 0x00, 0x00, 0xFF, 0xF4, 0x00, 0x00, 0x00, 0x00, 0x00, 0x00,
	0x00, 0x00, 0x00, 0x00, 0x00, 0x00, 0x00, 0x00, 0x00, 0x00, 0x00, 0x00, 0x00, 0x00, 0x00, 0x00,
	0x00, 0x00, 0x00, 0x00, 0x00, 0x00, 0x00, 0x00, 0xFF, 0xF6, 0x00, 0x00, 0x00, 0x00, 0x00, 0x00,
	0x00, 0x00, 0x00, 0x00, 0x00, 0x00, 0x00, 0x00, 0x00, 0x00, 0x00, 0x00, 0x00, 0x00, 0x00, 0x00,
	0x00, 0x00, 0x00, 0x00, 0x00, 0x00, 0x00, 0x00, 0x00, 0x00, 0x00, 0x00, 0x00, 0x00, 0x00, 0x00,
	0x00, 0x00, 0x00, 0x00, 0x00, 0x00, 0x00, 0x00, 0x00, 0x00, 0x00, 0x00, 0x00, 0x00, 0x00, 0x00,
	0x00, 0x00, 0x00, 0x00, 0x00, 0x00, 0x00, 0x00, 0x00, 0x00, 0x00, 0x00, 0x00, 0x00, 0x00, 0x00,
	0x00, 0x00, 0x00, 0x00, 0x00, 0x00, 0x00, 0x00, 0x00, 0x00, 0x00, 0x00, 0x00, 0x00, 0x00, 0x00,
	0x00, 0x00, 0x00, 0x00, 0x00, 0x00, 0x00, 0x00, 0x00, 0x00, 0x00, 0x00, 0x00, 0x00, 0x00, 0x00,
	0x00, 0x00, 0x00, 0x00, 0xFF, 0xFA, 0x00, 0x00, 0x00, 0x00, 0x00, 0x00, 0x00, 0x00, 0x00, 0x00,
	0x00, 0x00, 0x00, 0x02, 0x00, 0x0F, 0x00, 0x00, 0x00, 0x00, 0x00, 0x08, 0x00, 0x00, 0x00, 0x00,
	0x00, 0x00, 0x00, 0x00, 0xFF, 0xF8, 0x00, 0x00, 0x00, 0x00, 0x00, 0x00, 0x00, 0x00, 0xFF, 0xF4,
	0x00, 0x14, 0x00, 0x00, 0x00, 0x00, 0x00, 0x00, 0x00, 0x00, 0x00, 0x00, 0x00, 0x00, 0x00, 0x00,
	0x00, 0x00, 0xFF, 0xFD, 0x00, 0x00, 0xFF, 0xF1, 0x00, 0x00, 0x00, 0x00, 0x00, 0x00, 0x00, 0x00,
	0x00, 0x00, 0x00, 0x00, 0x00, 0x00, 0x00, 0x00, 0x00, 0x00, 0x00, 0x00, 0x00, 0x00, 0x00, 0x00,
	0x00, 0x00, 0x00, 0x00, 0x00, 0x14, 0x00, 0x00, 0x00, 0x0F, 0x00, 0x00, 0x00, 0x00, 0x00, 0x00,
	0x00, 0x00, 0x00, 0x00, 0x00, 0x00, 0x00, 0x00, 0x00, 0x00, 0x00, 0x00, 0x00, 0x00, 0x00, 0x00,
	0x00, 0x00, 0x00, 0x00, 0x00, 0x00, 0x00, 0x00, 0x00, 0x00, 0x00, 0x00, 0x00, 0x00, 0x00, 0x00,
	0x00, 0x00, 0x00, 0x00, 0x00, 0x00, 0x00, 0x00, 0x00, 0x00, 0x00, 0x00, 0x00, 0x00, 0x00, 0x00,
	0x00, 0x00, 0x00, 0x00, 0x00, 0x00, 0x00, 0x00, 0x00, 0x00, 0x00, 0x00, 0x00, 0x00, 0x00, 0x00,
	0x00, 0x00, 0x00, 0x00, 0x00, 0x00, 0x00, 0x00, 0x00, 0x00, 0x00, 0x00, 0x00, 0x00, 0x00, 0x00,
	0x00, 0x00, 0x00, 0x00, 0x00, 0x00, 0x00, 0x00, 0x00, 0x00, 0x00, 0x00, 0x00, 0x00, 0x00, 0x00,
	0x00, 0x00, 0x00, 0x00, 0x00, 0x00, 0x00, 0x00, 0x00, 0x00, 0x00, 0x00, 0x00, 0x00, 0x00, 0x00,
	0x00, 0x00, 0x00, 0x00, 0x00, 0x00, 0x00, 0x00, 0x00, 0x00, 0x00, 0x00, 0x00, 0x00, 0x00, 0x00,
	0x00, 0x00, 0x00, 0x00, 0x00, 0x00, 0x00, 0x00, 0x00, 0x00, 0x00, 0x00, 0x00, 0x00, 0x00, 0x00,
	0x00, 0x00, 0x00, 0x0C, 0x00, 0x00, 0x00, 0x0A, 0x00, 0x00, 0x00, 0x00, 0x00, 0x00, 0x00, 0x00,
	0x00, 0x00, 0x00, 0x0A, 0x00, 0x00, 0x00, 0x1D, 0x00, 0x00, 0x00, 0x00, 0x00, 0x14, 0x00, 0x14,
	0x00, 0x0A, 0xFF, 0xF1, 0x00, 0x00, 0xFF, 0xCD, 0x00, 0x00, 0x00, 0x00, 0xFF, 0xF9, 0x00, 0x00,
	0xFF, 0xCC, 0x00, 0x00, 0xFF, 0xF6, 0x00, 0x05, 0x00, 0x00, 0x00, 0x00, 0x00, 0x08, 0x00, 0x00,
	0xFF, 0xF8, 0x00, 0x00, 0xFF, 0xF8, 0xFF, 0xCD, 0xFF, 0xAA, 0xFF, 0xF4, 0x00, 0x00, 0x00, 0x00,
	0xFF, 0xFC, 0x00, 0x00, 0x00, 0x00, 0x00, 0x00, 0x00, 0x00, 0x00, 0x00, 0x00, 0x00, 0x00, 0x00,
	0x00, 0x00, 0x00, 0x00, 0x00, 0x00, 0xFF, 0xFC, 0x00, 0x00, 0x00, 0x00, 0xFF, 0xF8, 0x00, 0x00,
	0x00, 0x00, 0x00, 0x00, 0x00, 0x00, 0x00, 0x00, 0x00, 0x00, 0x00, 0x00, 0xFF, 0xEE, 0x00, 0x00,
	0x00, 0x05, 0x00, 0x00, 0x00, 0x00, 0x00, 0x00, 0x00, 0x00, 0x00, 0x00, 0x00, 0x00, 0x00, 0x00,
	0x00, 0x00, 0x00, 0x00, 0x00, 0x00, 0x00, 0x00, 0x00, 0x00, 0x00, 0x00, 0xFF, 0xEC, 0x00, 0x00,
	0x00, 0x00, 0x00, 0x00, 0x00, 0x00, 0x00, 0x00, 0x00, 0x00, 0x00, 0x00, 0x00, 0x00, 0x00, 0x00,
	0x00, 0x00, 0x00, 0x00, 0x00, 0x00, 0x00, 0x00, 0x00, 0x00, 0x00, 0x00, 0x00, 0x00, 0x00, 0x00,
	0x00, 0x00, 0x00, 0x00, 0x00, 0x00, 0x00, 0x00, 0x00, 0x00, 0x00, 0x00, 0x00, 0x00, 0x00, 0x00,
	0x00, 0x00, 0x00, 0x00, 0x00, 0x00, 0x00, 0x00, 0x00, 0x00, 0x00, 0x00, 0x00, 0x00, 0x00, 0x00,
	0x00, 0x00, 0x00, 0x00, 0x00, 0x00, 0x00, 0x00, 0x00, 0x00, 0x00, 0x00, 0x00, 0x00, 0x00, 0x00,
	0x00, 0x00, 0x00, 0x00, 0x00, 0x00, 0x00, 0x00, 0x00, 0x00, 0x00, 0x00, 0x00, 0x00, 0x00, 0x00,
	0x00, 0x00, 0x00, 0x00, 0x00, 0x02, 0x00, 0x00, 0xFF, 0xF6, 0x00, 0x00, 0x00, 0x00, 0x00, 0x00,
	0xFF, 0xFE, 0x00, 0x00, 0x00, 0x08, 0x00, 0x13, 0x00, 0x1C, 0x00, 0x00, 0x00, 0x00, 0x00, 0x1E,
	0x00, 0x00, 0x00, 0x08, 0xFF, 0xEC, 0xFF, 0xF4, 0xFF, 0xDF, 0x00, 0x00, 0x00, 0x00, 0xFF, 0xF8,
	0x00, 0x00, 0xFF, 0xC8, 0x00, 0x0F, 0xFF, 0xF1, 0x00, 0x04, 0x00, 0x0A, 0x00, 0x00, 0x00, 0x0F,
	0x00, 0x00, 0x00, 0x0C, 0x00, 0x0A, 0xFF, 0xFC, 0xFF, 0xC9, 0xFF, 0xBF, 0x00, 0x0A, 0x00, 0x00,
	0x00, 0x00, 0xFF, 0xFB, 0x00, 0x00, 0x00, 0x00, 0x00, 0x00, 0x00, 0x00, 0x00, 0x00, 0x00, 0x00,
	0x00, 0x00, 0x00, 0x00, 0x00, 0x00, 0x00, 0x00, 0x00, 0x2A, 0x00, 0x00, 0x00, 0x25, 0x00, 0x05,
	0x00, 0x00, 0x00, 0x00, 0x00, 0x00, 0x00, 0x00, 0x00, 0x00, 0x00, 0x00, 0x00, 0x00, 0x00, 0x07,
	0x00, 0x00, 0x00, 0x14, 0x00, 0x00, 0x00, 0x00, 0x00, 0x00, 0x00, 0x00, 0x00, 0x00, 0x00, 0x00,
	0x00, 0x00, 0x00, 0x00, 0x00, 0x00, 0x00, 0x00, 0x00, 0x00, 0x00, 0x00, 0x00, 0x00, 0xFF, 0xEC,
	0x00, 0x00, 0x00, 0x00, 0x00, 0x00, 0x00, 0x00, 0x00, 0x00, 0x00, 0x00, 0x00, 0x00, 0x00, 0x00,
	0x00, 0x00, 0x00, 0x00, 0x00, 0x00, 0x00, 0x00, 0x00, 0x00, 0x00, 0x00, 0x00, 0x00, 0x00, 0x00,
	0x00, 0x00, 0x00, 0x00, 0x00, 0x00, 0x00, 0x00, 0x00, 0x00, 0x00, 0x00, 0x00, 0x00, 0x00, 0x00,
	0x00, 0x00, 0x00, 0x00, 0x00, 0x00, 0x00, 0x00, 0x00, 0x00, 0x00, 0x00, 0x00, 0x00, 0x00, 0x00,
	0x00, 0x00, 0x00, 0x00, 0x00, 0x00, 0x00, 0x00, 0x00, 0x00, 0x00, 0x00, 0x00, 0x00, 0x00, 0x00,
	0x00, 0x00, 0x00, 0x00, 0x00, 0x00, 0x00, 0x00, 0x00, 0x00, 0x00, 0x00, 0x00, 0x00, 0x00, 0x00,
	0x00, 0x00, 0x00, 0x00, 0x00, 0x00, 0x00, 0x00, 0x00, 0x00, 0x00, 0x00, 0x00, 0x00, 0x00, 0x00,
	0x00, 0x00, 0x00, 0x00, 0x00, 0x00, 0x00, 0x00, 0x00, 0x08, 0x00, 0x08, 0x00, 0x00, 0x00, 0x00,
	0x00, 0x04, 0x00, 0x00, 0x00, 0x00, 0x00, 0x00, 0x00, 0x00, 0xFF, 0xEC, 0x00, 0x00, 0x00, 0x00,
	0xFF, 0xFA, 0x00, 0x00, 0xFF, 0xEA, 0x00, 0x00, 0xFF, 0xF6, 0xFF, 0xFB, 0x00, 0x00, 0x00, 0x0A,
	0x00, 0x00, 0x00, 0x00, 0x00, 0x00, 0x00, 0x00, 0x00, 0x00, 0xFF, 0xF0, 0xFF, 0xE2, 0x00, 0x00,
	0x00, 0x00, 0x00, 0x00, 0xFF, 0xFB, 0x00, 0x00, 0x00, 0x00, 0x00, 0x00, 0x00, 0x00, 0x00, 0x00,
	0x00, 0x00, 0x00, 0x00, 0x00, 0x00, 0x00, 0x00, 0x00, 0x00, 0x00, 0x00, 0x00, 0x00, 0x00, 0x00,
	0xFF, 0xEC, 0x00, 0x00, 0x00, 0x00, 0x00, 0x00, 0x00, 0x00, 0x00, 0x00, 0x00, 0x00, 0x00, 0x00,
	0xFF, 0xFB, 0x00, 0x00, 0x00, 0x00, 0x00, 0x00, 0x00, 0x00, 0x00, 0x00, 0x00, 0x00, 0x00, 0x00,
	0x00, 0x00, 0x00, 0x00, 0x00, 0x00, 0x00, 0x00, 0x00, 0x00, 0x00, 0x00, 0x00, 0x00, 0x00, 0x00,
	0x00, 0x00, 0x00, 0x00, 0x00, 0x00, 0x00, 0x00, 0x00, 0x00, 0x00, 0x00, 0x00, 0x00, 0x00, 0x00,
	0x00, 0x00, 0x00, 0x00, 0x00, 0x00, 0x00, 0x00, 0x00, 0x00, 0x00, 0x00, 0x00, 0x00, 0x00, 0x00,
	0x00, 0x00, 0x00, 0x00, 0x00, 0x00, 0x00, 0x00, 0x00, 0x00, 0x00, 0x00, 0x00, 0x00, 0x00, 0x00,
	0x00, 0x00, 0x00, 0x00, 0x00, 0x00, 0x00, 0x00, 0x00, 0x00, 0x00, 0x00, 0x00, 0x00, 0x00, 0x00,
	0x00, 0x00, 0x00, 0x00, 0x00, 0x00, 0x00, 0x00, 0x00, 0x00, 0x00, 0x00, 0x00, 0x00, 0x00, 0x00,
	0x00, 0x00, 0x00, 0x00, 0x00, 0x00, 0x00, 0x00, 0x00, 0x00, 0x00, 0x00, 0x00, 0x00, 0x00, 0x00,
	0x00, 0x00, 0x00, 0x00, 0x00, 0x00, 0x00, 0x00, 0x00, 0x00, 0x00, 0x00, 0x00, 0x00, 0x00, 0x00,
	0x00, 0x00, 0x00, 0x00, 0x00, 0x00, 0x00, 0x00, 0x00, 0x00, 0x00, 0x00, 0x00, 0x00, 0x00, 0x00,
	0x00, 0x00, 0x00, 0x00, 0x00, 0x00, 0x00, 0x00, 0x00, 0x00, 0x00, 0x00, 0x00, 0x00, 0x00, 0x00,
	0x00, 0x00, 0x00, 0x00, 0x00, 0x00, 0x00, 0x00, 0x00, 0x00, 0x00, 0x00, 0x00, 0x00, 0x00, 0x00,
	0x00, 0x00, 0x00, 0x00, 0x00, 0x00, 0x00, 0x00, 0x00, 0x00, 0x00, 0x00, 0x00, 0x00, 0x00, 0x00,
	0x00, 0x00, 0x00, 0x00, 0x00, 0x00, 0x00, 0x00, 0x00, 0x00, 0x00, 0x00, 0x00, 0x00, 0x00, 0x00,
	0x00, 0x00, 0x00, 0x00, 0x00, 0x00, 0x00, 0x00, 0x00, 0x00, 0x00, 0x00, 0x00, 0x00, 0x00, 0x00,
	0x00, 0x00, 0x00, 0x00, 0x00, 0x00, 0x00, 0x00, 0x00, 0x00, 0x00, 0x00, 0x00, 0x00, 0x00, 0x00,
	0x00, 0x00, 0x00, 0x00, 0x00, 0x00, 0x00, 0x00, 0x00, 0x00, 0x00, 0x00, 0x00, 0x00, 0x00, 0x00,
	0x00, 0x00, 0x00, 0x00, 0x00, 0x00, 0x00, 0x00, 0x00, 0x00, 0x00, 0x00, 0x00, 0x00, 0x00, 0x00,
	0x00, 0x00, 0x00, 0x00, 0x00, 0x00, 0x00, 0x00, 0x00, 0x00, 0x00, 0x00, 0x00, 0x00, 0x00, 0x00,
	0x00, 0x00, 0x00, 0x00, 0x00, 0x00, 0x00, 0x00, 0x00, 0x00, 0x00, 0x00, 0x00, 0x00, 0x00, 0x00,
	0x00, 0x00, 0x00, 0x00, 0x00, 0x00, 0x00, 0x00, 0x00, 0x00, 0x00, 0x00, 0x00, 0x00, 0x00, 0x00,
	0x00, 0x00, 0x00, 0x00, 0x00, 0x00, 0x00, 0x00, 0x00, 0x00, 0x00, 0x00, 0x00, 0x00, 0x00, 0x00,
	0x00, 0x00, 0x00, 0x00, 0x00, 0x00, 0x00, 0x00, 0x00, 0x00, 0x00, 0x00, 0x00, 0x00, 0x00, 0x00,
	0x00, 0x00, 0x00, 0x00, 0x00, 0x00, 0x00, 0x00, 0x00, 0x00, 0x00, 0x00, 0x00, 0x00, 0x00, 0x00,
	0x00, 0x00, 0x00, 0x00, 0x00, 0x00, 0x00, 0x00, 0x00, 0x00, 0x00, 0x00, 0x00, 0x00, 0x00, 0x00,
	0x00, 0x00, 0x00, 0x00, 0x00, 0x00, 0x00, 0x00, 0x00, 0x00, 0x00, 0x00, 0x00, 0x00, 0x00, 0x00,
	0x00, 0x00, 0x00, 0x00, 0x00, 0x00, 0x00, 0x00, 0x00, 0x00, 0x00, 0x00, 0x00, 0x00, 0xFF, 0xF1,
	0x00, 0x00, 0x00, 0x00, 0x00, 0x00, 0x00, 0x00, 0xFF, 0xF6, 0x00, 0x00, 0x00, 0x00, 0x00, 0x00,
	0x00, 0x00, 0x00, 0x00, 0x00, 0x00, 0x00, 0x00, 0x00, 0x00, 0x00, 0x00, 0x00, 0x00, 0x00, 0x00,
	0xFF, 0xF6, 0x00, 0x00, 0x00, 0x00, 0x00, 0x00, 0x00, 0x00, 0x00, 0x00, 0x00, 0x00, 0x00, 0x00,
	0x00, 0x00, 0x00, 0x00, 0x00, 0x00, 0x00, 0x00, 0x00, 0x00, 0x00, 0x00, 0x00, 0x00, 0x00, 0x00,
	0x00, 0x00, 0x00, 0x00, 0xFF, 0xF1, 0x00, 0x00, 0x00, 0x00, 0x00, 0x00, 0x00, 0x00, 0x00, 0x00,
	0x00, 0x00, 0x00, 0x00, 0x00, 0x00, 0x00, 0x00, 0x00, 0x00, 0x00, 0x00, 0x00, 0x00, 0x00, 0x00,
	0x00, 0x00, 0x00, 0x00, 0x00, 0x00, 0x00, 0x00, 0x00, 0x00, 0x00, 0x00, 0x00, 0x00, 0x00, 0x00,
	0x00, 0x00, 0x00, 0x00, 0x00, 0x00, 0x00, 0x00, 0x00, 0x00, 0x00, 0x00, 0x00, 0x00, 0x00, 0x00,
	0x00, 0x00, 0x00, 0x00, 0x00, 0x00, 0x00, 0x00, 0x00, 0x00, 0x00, 0x00, 0x00, 0x00, 0x00, 0x00,
	0x00, 0x00, 0x00, 0x00, 0x00, 0x00, 0x00, 0x00, 0x00, 0x00, 0x00, 0x00, 0x00, 0x00, 0x00, 0x00,
	0x00, 0x00, 0x00, 0x00, 0x00, 0x00, 0x00, 0x00, 0x00, 0x00, 0x00, 0x00, 0x00, 0x00, 0x00, 0x00,
	0x00, 0x00, 0x00, 0x00, 0x00, 0x00, 0x00, 0x00, 0x00, 0x00, 0x00, 0x00, 0x00, 0x00, 0x00, 0x00,
	0x00, 0x00, 0x00, 0x00, 0x00, 0x00, 0x00, 0x00, 0x00, 0x00, 0x00, 0x00, 0x00, 0x00, 0x00, 0x00,
	0x00, 0x00, 0x00, 0x00, 0x00, 0x00, 0x00, 0x00, 0x00, 0x00, 0x00, 0x00, 0x00, 0x00, 0x00, 0x00,
	0x00, 0x00, 0x00, 0x00, 0x00, 0x00, 0x00, 0x00, 0x00, 0x00, 0x00, 0x00, 0x00, 0x00, 0x00, 0x00,
	0x00, 0x00, 0x00, 0x00, 0x00, 0x00, 0x00, 0x00, 0x00, 0x00, 0x00, 0x00, 0x00, 0x00, 0x00, 0x00,
	0xFF, 0xF1, 0x00, 0x00, 0x00, 0x00, 0x00, 0x00, 0x00, 0x00, 0x00, 0x00, 0x00, 0x52, 0x00, 0x00,
	0x00, 0x00, 0x00, 0x00, 0x00, 0x00, 0x00, 0x00, 0x00, 0x00, 0x00, 0x00, 0x00, 0x00, 0x00, 0x00,
	0x00, 0x00, 0x00, 0x00, 0x00, 0x00, 0x00, 0x00, 0x00, 0x00, 0x00, 0x00, 0xFF, 0xFA, 0x00, 0x00,
	0x00, 0x00, 0xFF, 0xF4, 0x00, 0x00, 0x00, 0x00, 0xFF, 0xFF, 0x00, 0x00, 0x00, 0x00, 0xFF, 0xE6,
	0x00, 0x00, 0xFF, 0xF5, 0x00, 0x00, 0xFF, 0xF5, 0x00, 0x00, 0x00, 0x00, 0x00, 0x00, 0x00, 0x00,
	0x00, 0x00, 0x00, 0x00, 0x00, 0x00, 0x00, 0x00, 0x00, 0x00, 0x00, 0x00, 0xFF, 0xEA, 0x00, 0x00,
	0x00, 0x00, 0x00, 0x00, 0xFF, 0xD7, 0x00, 0x00, 0x00, 0x00, 0x00, 0x00, 0x00, 0x00, 0x00, 0x00,
	0x00, 0x00, 0x00, 0x00, 0x00, 0x00, 0x00, 0x00, 0x00, 0x00, 0x00, 0x00, 0x00, 0x00, 0x00, 0x00,
	0x00, 0x00, 0x00, 0x00, 0x00, 0x00, 0xFF, 0xE4, 0x00, 0x00, 0x00, 0x00, 0xFF, 0xF1, 0x00, 0x00,
	0x00, 0x00, 0x00, 0x00, 0x00, 0x00, 0x00, 0x00, 0x00, 0x00, 0x00, 0x00, 0x00, 0x00, 0x00, 0x00,
	0x00, 0x00, 0x00, 0x00, 0x00, 0x00, 0x00, 0x00, 0x00, 0x00, 0x00, 0x00, 0x00, 0x00, 0x00, 0x00,
	0x00, 0x00, 0x00, 0x00, 0x00, 0x00, 0x00, 0x00, 0x00, 0x00, 0x00, 0x00, 0x00, 0x00, 0x00, 0x00,
	0x00, 0x00, 0x00, 0x00, 0x00, 0x00, 0x00, 0x00, 0x00, 0x00, 0x00, 0x00, 0x00, 0x00, 0x00, 0x00,
	0x00, 0x00, 0x00, 0x00, 0x00, 0x00, 0x00, 0x00, 0x00, 0x00, 0x00, 0x00, 0x00, 0x00, 0xFF, 0xF6,
	0x00, 0x00, 0x00, 0x00, 0x00, 0x00, 0x00, 0x00, 0x00, 0x00, 0x00, 0x00, 0x00, 0x00, 0x00, 0x00,
	0xFF, 0xD6, 0x00, 0x00, 0xFF, 0xF6, 0xFF, 0xF6, 0xFF, 0xEC, 0x00, 0x00, 0x00, 0x00, 0x00, 0x0A,
	0x00, 0x1E, 0x00, 0x00, 0x00, 0x00, 0x00, 0x00, 0xFF, 0xEF, 0x00, 0x00, 0xFF, 0xF4, 0x00, 0x00,
	0x00, 0x00, 0x00, 0x30, 0x00, 0x00, 0x00, 0x00, 0x00, 0x00, 0x00, 0x00, 0xFF, 0xF6, 0x00, 0x00,
	0x00, 0x00, 0x00, 0x00, 0xFF, 0xF4, 0x00, 0x00, 0x00, 0x08, 0xFF, 0xFA, 0x00, 0x30, 0x00, 0x00,
	0x00, 0x00, 0x00, 0x00, 0x00, 0x00, 0x00, 0x00, 0x00, 0x00, 0x00, 0x00, 0x00, 0x00, 0x00, 0x00,
	0x00, 0x00, 0x00, 0x00, 0x00, 0x00, 0xFF, 0xE5, 0xFF, 0xD3, 0x00, 0x00, 0x00, 0x00, 0x00, 0x00,
	0x00, 0x00, 0x00, 0x00, 0x00, 0x00, 0x00, 0x00, 0x00, 0x00, 0x00, 0x00, 0x00, 0x14, 0x00, 0x00,
	0x00, 0x00, 0x00, 0x00, 0x00, 0x00, 0x00, 0x00, 0x00, 0x00, 0x00, 0x00, 0x00, 0x00, 0x00, 0x00,
	0x00, 0x00, 0x00, 0x00, 0x00, 0x00, 0x00, 0x00, 0x00, 0x0F, 0x00, 0x00, 0x00, 0x00, 0x00, 0x00,
	0x00, 0x00, 0x00, 0x00, 0x00, 0x00, 0x00, 0x00, 0x00, 0x00, 0x00, 0x00, 0x00, 0x00, 0x00, 0x00,
	0x00, 0x00, 0x00, 0x00, 0x00, 0x00, 0x00, 0x00, 0x00, 0x00, 0x00, 0x00, 0x00, 0x00, 0x00, 0x00,
	0x00, 0x00, 0x00, 0x00, 0x00, 0x00, 0x00, 0x00, 0x00, 0x00, 0x00, 0x00, 0x00, 0x00, 0x00, 0x00,
	0x00, 0x00, 0x00, 0x00, 0x00, 0x00, 0x00, 0x00, 0x00, 0x00, 0x00, 0x00, 0x00, 0x00, 0x00, 0x00,
	0x00, 0x00, 0x00, 0x00, 0x00, 0x00, 0x00, 0x00, 0x00, 0x00, 0x00, 0x00, 0x00, 0x00, 0x00, 0x00,
	0x00, 0x00, 0x00, 0x00, 0x00, 0x00, 0x00, 0x00, 0x00, 0x00, 0x00, 0x00, 0x00, 0x00, 0x00, 0x00,
	0x00, 0x00, 0x00, 0x00, 0x00, 0x00, 0x00, 0x00, 0x00, 0x00, 0x00, 0x00, 0x00, 0x00, 0x00, 0x00,
	0xFF, 0xF6, 0x00, 0x00, 0x00, 0x00, 0xFF, 0xF8, 0x00, 0x00, 0xFF, 0xCE, 0x00, 0x00, 0x00, 0x00,
	0x00, 0x00, 0x00, 0x05, 0x00, 0x00, 0x00, 0x00, 0x00, 0x00, 0x00, 0x00, 0x00, 0x00, 0x00, 0x00,
	0x00, 0x00, 0x00, 0x00, 0x00, 0x05, 0x00, 0x00, 0x00, 0x00, 0x00, 0x00, 0x00, 0x00, 0x00, 0x00,
	0x00, 0x00, 0x00, 0x00, 0x00, 0x00, 0x00, 0x00, 0x00, 0x00, 0x00, 0x00, 0x00, 0x00, 0x00, 0x00,
	0x00, 0x00, 0x00, 0x00, 0x00, 0x00, 0x00, 0x00, 0x00, 0x00, 0x00, 0x00, 0x00, 0x00, 0x00, 0x00,
	0x00, 0x00, 0x00, 0x00, 0xFF, 0xF6, 0x00, 0x00, 0x00, 0x00, 0x00, 0x00, 0x00, 0x00, 0x00, 0x00,
	0x00, 0x00, 0x00, 0x00, 0x00, 0x00, 0x00, 0x00, 0x00, 0x00, 0xFF, 0xF6, 0x00, 0x00, 0xFF, 0xEC,
	0x00, 0x00, 0x00, 0x00, 0x00, 0x00, 0x00, 0x00, 0x00, 0x00, 0x00, 0x00, 0x00, 0x00, 0x00, 0x00,
	0x00, 0x00, 0x00, 0x00, 0x00, 0x00, 0x00, 0x00, 0x00, 0x00, 0x00, 0x00, 0x00, 0x00, 0x00, 0x00,
	0x00, 0x00, 0x00, 0x00, 0x00, 0x00, 0x00, 0x00, 0x00, 0x00, 0x00, 0x00, 0x00, 0x00, 0x00, 0x00,
	0x00, 0x00, 0x00, 0x00, 0x00, 0x00, 0x00, 0x00, 0x00, 0x00, 0x00, 0x00, 0x00, 0x00, 0x00, 0x00,
	0x00, 0x00, 0x00, 0x00, 0x00, 0x00, 0x00, 0x00, 0x00, 0x00, 0x00, 0x00, 0x00, 0x00, 0x00, 0x00,
	0x00, 0x00, 0x00, 0x00, 0x00, 0x00, 0x00, 0x00, 0x00, 0x00, 0x00, 0x00, 0x00, 0x00, 0x00, 0x00,
	0x00, 0x00, 0x00, 0x00, 0x00, 0x00, 0x00, 0x00, 0x00, 0x00, 0x00, 0x00, 0x00, 0x00, 0x00, 0x00,
	0x00, 0x00, 0x00, 0x00, 0x00, 0x00, 0x00, 0x00, 0x00, 0x00, 0x00, 0x00, 0x00, 0x00, 0x00, 0x00,
	0x00, 0x00, 0x00, 0x00, 0x00, 0x00, 0x00, 0x00, 0x00, 0x00, 0x00, 0x00, 0x00, 0x00, 0x00, 0x00,
	0x00, 0x00, 0xFF, 0xF8, 0x00, 0x00, 0x00, 0x00, 0x00, 0x00, 0x00, 0x00, 0x00, 0x1E, 0x00, 0x00,
	0x00, 0x0A, 0x00, 0x00, 0xFF, 0xE2, 0x00, 0x00, 0x00, 0x00, 0x00, 0x00, 0x00, 0x00, 0x00, 0x00,
	0x00, 0x00, 0x00, 0x00, 0x00, 0x00, 0xFF, 0xD8, 0x00, 0x00, 0x00, 0x00, 0x00, 0x0A, 0x00, 0x00,
	0x00, 0x00, 0x00, 0x00, 0x00, 0x00, 0x00, 0x00, 0x00, 0x00, 0x00, 0x00, 0x00, 0x0A, 0x00, 0x00,
	0xFF, 0xCE, 0x00, 0x00, 0x00, 0x00, 0x00, 0x00, 0x00, 0x00, 0x00, 0x00, 0x00, 0x00, 0x00, 0x00,
	0x00, 0x00, 0x00, 0x00, 0x00, 0x00, 0x00, 0x32, 0x00, 0x00, 0x00, 0x00, 0x00, 0x00, 0x00, 0x00,
	0x00, 0x00, 0x00, 0x00, 0x00, 0x00, 0x00, 0x00, 0x00, 0x00, 0x00, 0x00, 0x00, 0x00, 0x00, 0x00,
	0x00, 0x00, 0x00, 0x00, 0x00, 0x00, 0x00, 0x00, 0x00, 0x00, 0x00, 0x00, 0x00, 0x00, 0x00, 0x00,
	0x00, 0x00, 0x00, 0x00, 0x00, 0x00, 0x00, 0x00, 0x00, 0x00, 0x00, 0x00, 0xFF, 0xBA, 0x00, 0x00,
	0x00, 0x00, 0x00, 0x00, 0x00, 0x00, 0x00, 0x00, 0x00, 0x00, 0x00, 0x00, 0x00, 0x00, 0x00, 0x00,
	0x00, 0x00, 0x00, 0x00, 0x00, 0x00, 0x00, 0x00, 0x00, 0x00, 0x00, 0x00, 0x00, 0x00, 0x00, 0x00,
	0x00, 0x00, 0x00, 0x00, 0x00, 0x00, 0x00, 0x00, 0x00, 0x00, 0x00, 0x00, 0x00, 0x00, 0x00, 0x00,
	0x00, 0x00, 0x00, 0x00, 0x00, 0x00, 0x00, 0x00, 0x00, 0x00, 0x00, 0x00, 0x00, 0x00, 0x00, 0x00,
	0x00, 0x00, 0x00, 0x00, 0x00, 0x00, 0x00, 0x00, 0x00, 0x00, 0x00, 0x00, 0x00, 0x00, 0x00, 0x00,
	0x00, 0x00, 0x00, 0x00, 0x00, 0x00, 0x00, 0x00, 0x00, 0x00, 0x00, 0x00, 0x00, 0x00, 0x00, 0x00,
	0x00, 0x00, 0x00, 0x00, 0x00, 0x08, 0x00, 0x00, 0x00, 0x00, 0x00, 0x08, 0x00, 0x08, 0x00, 0x08,
	0x00, 0x00, 0x00, 0x00, 0x00, 0x00, 0x00, 0x00, 0x00, 0x08, 0x00, 0x00, 0x00, 0x00, 0x00, 0x00,
	0x00, 0x00, 0x00, 0x00, 0x00, 0x08, 0x00, 0x00, 0x00, 0x00, 0x00, 0x00, 0x00, 0x00, 0x00, 0x00,
	0x00, 0x00, 0x00, 0x00, 0x00, 0x08, 0x00, 0x00, 0x00, 0x00, 0x00, 0x08, 0x00, 0x08, 0x00, 0x00,
	0x00, 0x00, 0x00, 0x00, 0x00, 0x08, 0x00, 0x00, 0x00, 0x00, 0x00, 0x00, 0x00, 0x08, 0x00, 0x00,
	0x00, 0x00, 0x00, 0x00, 0x00, 0x00, 0x00, 0x00, 0x00, 0x00, 0x00, 0x00, 0x00, 0x00, 0x00, 0x00,
	0x00, 0x00, 0x00, 0x00, 0x00, 0x00, 0x00, 0x00, 0x00, 0x00, 0x00, 0x00, 0x00, 0x08, 0x00, 0x00,
	0x00, 0x00, 0x00, 0x00, 0x00, 0x00, 0x00, 0x00, 0x00, 0x00, 0x00, 0x00, 0x00, 0x00, 0x00, 0x00,
	0x00, 0x00, 0x00, 0x00, 0x00, 0x00, 0x00, 0x00, 0x00, 0x00, 0x00, 0x00, 0x00, 0x00, 0x00, 0x00,
	0x00, 0x00, 0x00, 0x00, 0x00, 0x00, 0x00, 0x00, 0x00, 0x00, 0x00, 0x00, 0x00, 0x00, 0x00, 0x00,
	0x00, 0x00, 0x00, 0x00, 0x00, 0x00, 0x00, 0x00, 0x00, 0x00, 0x00, 0x00, 0x00, 0x00, 0x00, 0x00,
	0x00, 0x00, 0x00, 0x00, 0x00, 0x00, 0x00, 0x00, 0x00, 0x00, 0x00, 0x00, 0x00, 0x00, 0x00, 0x00,
	0x00, 0x00, 0x00, 0x00, 0x00, 0x00, 0x00, 0x00, 0x00, 0x00, 0x00, 0x00, 0x00, 0x00, 0x00, 0x00,
	0x00, 0x00, 0x00, 0x00, 0x00, 0x00, 0x00, 0x00, 0x00, 0x00, 0x00, 0x00, 0x00, 0x00, 0x00, 0x00,
	0x00, 0x00, 0x00, 0x00, 0x00, 0x00, 0x00, 0x00, 0x00, 0x00, 0x00, 0x00, 0x00, 0x00, 0x00, 0x00,
	0x00, 0x00, 0x00, 0x00, 0x00, 0x00, 0x00, 0x00, 0x00, 0x00, 0x00, 0x00, 0x00, 0x00, 0x00, 0x00,
	0x00, 0x00, 0x00, 0x00, 0x00, 0x00, 0xFF, 0xCE, 0x00, 0x00, 0xFF, 0xED, 0x00, 0x00, 0xFF, 0xE6,
	0xFF, 0xE4, 0x00, 0x00, 0x00, 0x00, 0xFF, 0xEC, 0xFF, 0xBE, 0xFF, 0xD9, 0xFF, 0xF6, 0xFF, 0xED,
	0xFF, 0xD6, 0xFF, 0xFE, 0x00, 0x00, 0xFF, 0xFC, 0x00, 0x0C, 0x00, 0x00, 0x00, 0x00, 0x00, 0x00,
	0xFF, 0xFE, 0x00, 0x00, 0x00, 0x05, 0xFF, 0xEB, 0x00, 0x00, 0x00, 0x0A, 0xFF, 0xE2, 0xFF, 0xF1,
	0x00, 0x00, 0x00, 0x00, 0xFF, 0xF8, 0xFF, 0xE2, 0xFF, 0xF8, 0x00, 0x0A, 0x00, 0x07, 0xFF, 0xE9,
	0xFF, 0xF8, 0x00, 0x00, 0x00, 0x0F, 0x00, 0x00, 0x00, 0x00, 0x00, 0x00, 0x00, 0x00, 0x00, 0x00,
	0x00, 0x00, 0x00, 0x00, 0x00, 0x00, 0x00, 0x00, 0x00, 0x00, 0xFF, 0xEE, 0x00, 0x00, 0xFF, 0xE4,
	0xFF, 0xEE, 0x00, 0x00, 0x00, 0x00, 0x00, 0x00, 0x00, 0x00, 0x00, 0x00, 0x00, 0x00, 0x00, 0x00,
	0xFF, 0xEE, 0x00, 0x00, 0x00, 0x00, 0x00, 0x00, 0x00, 0x00, 0x00, 0x00, 0x00, 0x00, 0x00, 0x00,
	0x00, 0x00, 0x00, 0x00, 0x00, 0x00, 0x00, 0x00, 0x00, 0x00, 0x00, 0x00, 0x00, 0x00, 0x00, 0x00,
	0x00, 0x1C, 0x00, 0x00, 0x00, 0x00, 0x00, 0x00, 0x00, 0x00, 0x00, 0x00, 0x00, 0x00, 0x00, 0x00,
	0x00, 0x00, 0x00, 0x00, 0x00, 0x00, 0x00, 0x00, 0x00, 0x00, 0x00, 0x00, 0x00, 0x00, 0x00, 0x00,
	0x00, 0x00, 0x00, 0x00, 0x00, 0x00, 0x00, 0x00, 0x00, 0x00, 0x00, 0x00, 0x00, 0x00, 0x00, 0x00,
	0x00, 0x00, 0x00, 0x00, 0x00, 0x00, 0x00, 0x00, 0x00, 0x00, 0x00, 0x00, 0x00, 0x00, 0x00, 0x00,
	0x00, 0x00, 0x00, 0x00, 0x00, 0x00, 0x00, 0x00, 0x00, 0x00, 0x00, 0x00, 0x00, 0x00, 0x00, 0x00,
	0x00, 0x00, 0x00, 0x00, 0x00, 0x00, 0x00, 0x00, 0x00, 0x00, 0x00, 0x00, 0x00, 0x00, 0x00, 0x00,
	0x00, 0x00, 0x00, 0x00, 0x00, 0x00, 0x00, 0x00, 0xFF, 0xED, 0x00, 0x00, 0x00, 0x00, 0x00, 0x00,
	0xFF, 0xFE, 0x00, 0x00, 0x00, 0x00, 0x00, 0x00, 0xFF, 0xF8, 0xFF, 0xD4, 0xFF, 0xF2, 0xFF, 0xF8,
	0x00, 0x00, 0xFF, 0xDC, 0x00, 0x00, 0x00, 0x00, 0x00, 0x14, 0x00, 0x16, 0x00, 0x09, 0x00, 0x00,
	0x00, 0x00, 0xFF, 0xF1, 0x00, 0x00, 0x00, 0x00, 0xFF, 0xF8, 0xFF, 0xF8, 0x00, 0x07, 0xFF, 0xFE,
	0x00, 0x1E, 0x00, 0x08, 0x00, 0x00, 0xFF, 0xF1, 0xFF, 0xF8, 0x00, 0x00, 0x00, 0x0A, 0xFF, 0xF8,
	0xFF, 0xFE, 0x00, 0x00, 0x00, 0x00, 0x00, 0x0A, 0x00, 0x00, 0x00, 0x00, 0x00, 0x00, 0x00, 0x00,
	0x00, 0x00, 0x00, 0x00, 0x00, 0x00, 0x00, 0x00, 0x00, 0x00, 0x00, 0x00, 0x00, 0x00, 0x00, 0x00,
	0xFF, 0xE7, 0xFF, 0xDD, 0x00, 0x00, 0x00, 0x00, 0x00, 0x00, 0x00, 0x00, 0x00, 0x00, 0x00, 0x00,
	0x00, 0x00, 0x00, 0x00, 0x00, 0x00, 0x00, 0x00, 0x00, 0x00, 0x00, 0x00, 0x00, 0x00, 0x00, 0x00,
	0x00, 0x00, 0x00, 0x00, 0x00, 0x00, 0x00, 0x00, 0x00, 0x00, 0x00, 0x00, 0x00, 0x00, 0x00, 0x00,
	0x00, 0x00, 0x00, 0x28, 0x00, 0x00, 0x00, 0x00, 0x00, 0x00, 0x00, 0x00, 0x00, 0x00, 0x00, 0x00,
	0x00, 0x00, 0x00, 0x00, 0x00, 0x00, 0x00, 0x00, 0x00, 0x00, 0x00, 0x00, 0x00, 0x00, 0x00, 0x00,
	0x00, 0x00, 0x00, 0x00, 0x00, 0x00, 0x00, 0x00, 0x00, 0x00, 0x00, 0x00, 0x00, 0x00, 0x00, 0x00,
	0x00, 0x00, 0x00, 0x00, 0x00, 0x00, 0x00, 0x00, 0x00, 0x00, 0x00, 0x00, 0x00, 0x00, 0x00, 0x00,
	0x00, 0x00, 0x00, 0x00, 0x00, 0x00, 0x00, 0x00, 0x00, 0x00, 0x00, 0x00, 0x00, 0x00, 0x00, 0x00,
	0x00, 0x00, 0x00, 0x00, 0x00, 0x00, 0x00, 0x00, 0x00, 0x00, 0x00, 0x00, 0x00, 0x00, 0x00, 0x00,
	0x00, 0x00, 0x00, 0x00, 0x00, 0x00, 0x00, 0x00, 0x00, 0x00, 0x00, 0x00, 0x00, 0x00, 0x00, 0x00,
	0x00, 0x00, 0x00, 0x00, 0x00, 0x00, 0x00, 0x00, 0x00, 0x00, 0x00, 0x00, 0x00, 0x00, 0x00, 0x00,
	0x00, 0x00, 0x00, 0x00, 0xFF, 0xE2, 0x00, 0x00, 0x00, 0x00, 0x00, 0x00, 0xFF, 0xE7, 0x00, 0x00,
	0x00, 0x00, 0x00, 0x05, 0x00, 0x00, 0x00, 0x00, 0x00, 0x00, 0x00, 0x00, 0x00, 0x00, 0xFF, 0xF6,
	0x00, 0x00, 0x00, 0x00, 0xFF, 0xED, 0x00, 0x00, 0x00, 0x00, 0x00, 0x00, 0x00, 0x00, 0x00, 0x00,
	0x00, 0x00, 0x00, 0x00, 0x00, 0x00, 0x00, 0x00, 0xFF, 0xE2, 0x00, 0x00, 0x00, 0x00, 0x00, 0x00,
	0x00, 0x00, 0x00, 0x00, 0x00, 0x00, 0x00, 0x00, 0x00, 0x00, 0xFF, 0xF1, 0x00, 0x00, 0xFF, 0xD8,
	0x00, 0x00, 0x00, 0x00, 0x00, 0x00, 0x00, 0x00, 0x00, 0x00, 0x00, 0x00, 0x00, 0x00, 0x00, 0x00,
	0x00, 0x00, 0xFF, 0xEC, 0x00, 0x00, 0x00, 0x00, 0xFF, 0xE2, 0x00, 0x00, 0xFF, 0xC6, 0x00, 0x00,
	0x00, 0x00, 0x00, 0x00, 0x00, 0x00, 0x00, 0x00, 0x00, 0x00, 0x00, 0x00, 0xFF, 0xF6, 0x00, 0x00,
	0x00, 0x00, 0x00, 0x00, 0xFF, 0xF6, 0x00, 0x00, 0x00, 0x00, 0xFF, 0xD8, 0x00, 0x00, 0x00, 0x00,
	0x00, 0x00, 0x00, 0x00, 0x00, 0x00, 0x00, 0x00, 0x00, 0x00, 0x00, 0x00, 0x00, 0x00, 0x00, 0x00,
	0xFF, 0xF6, 0x00, 0x00, 0x00, 0x00, 0x00, 0x00, 0x00, 0x00, 0x00, 0x00, 0x00, 0x00, 0x00, 0x00,
	0x00, 0x00, 0x00, 0x00, 0x00, 0x00, 0xFF, 0xFB, 0x00, 0x00, 0x00, 0x00, 0xFF, 0xF8, 0x00, 0x00,
	0xFF, 0xF9, 0xFF, 0xEE, 0xFF, 0xF4, 0x00, 0x00, 0x00, 0x00, 0x00, 0x00, 0xFF, 0xCE, 0xFF, 0xEE,
	0xFF, 0xF6, 0x00, 0x00, 0xFF, 0xDF, 0x00, 0x00, 0xFF, 0xEF, 0xFF, 0xEA, 0x00, 0x00, 0xFF, 0xF6,
	0xFF, 0xF6, 0xFF, 0xF6, 0x00, 0x00, 0x00, 0x00, 0x00, 0x00, 0x00, 0x00, 0x00, 0x00, 0x00, 0x00,
	0x00, 0x00, 0x00, 0x00, 0x00, 0x00, 0x00, 0x00, 0x00, 0x00, 0x00, 0x00, 0x00, 0x00, 0x00, 0x02,
	0x00, 0x00, 0x00, 0x00, 0x00, 0x00, 0x00, 0x00, 0x00, 0x00, 0x00, 0x00, 0xFF, 0xFA, 0x00, 0x08,
	0xFF, 0xFA, 0x00, 0x00, 0x00, 0x00, 0xFF, 0xF6, 0x00, 0x00, 0xFF, 0xF6, 0xFF, 0xFA, 0x00, 0x00,
	0x00, 0x0F, 0x00, 0x00, 0x00, 0x00, 0x00, 0x00, 0x00, 0x00, 0x00, 0x00, 0x00, 0x00, 0x00, 0x00,
	0x00, 0x00, 0xFF, 0xF6, 0xFF, 0xF4, 0x00, 0x00, 0x00, 0x00, 0x00, 0x08, 0x00, 0x00, 0x00, 0x00,
	0x00, 0x00, 0x00, 0x00, 0x00, 0x00, 0x00, 0x00, 0x00, 0x00, 0x00, 0x00, 0x00, 0x00, 0x00, 0x00,
	0x00, 0x04, 0x00, 0x00, 0x00, 0x00, 0xFF, 0xE6, 0x00, 0x00, 0x00, 0x00, 0x00, 0x00, 0x00, 0x00,
	0x00, 0x00, 0x00, 0x00, 0x00, 0x00, 0xFF, 0xEC, 0x00, 0x00, 0x00, 0x00, 0x00, 0x00, 0x00, 0x00,
	0x00, 0x00, 0x00, 0x00, 0x00, 0x00, 0x00, 0x00, 0x00, 0x00, 0x00, 0x00, 0x00, 0x00, 0x00, 0x00,
	0x00, 0x00, 0x00, 0x00, 0x00, 0x00, 0x00, 0x00, 0x00, 0x00, 0x00, 0x00, 0x00, 0x00, 0x00, 0x00,
	0x00, 0x00, 0x00, 0x00, 0x00, 0x00, 0x00, 0x00, 0x00, 0x00, 0x00, 0x00, 0x00, 0x00, 0x00, 0x00,
	0x00, 0x00, 0x00, 0x00, 0x00, 0x00, 0x00, 0x00, 0x00, 0x00, 0x00, 0x00, 0x00, 0x00, 0x00, 0x00,
	0x00, 0x00, 0x00, 0x00, 0x00, 0x00, 0x00, 0x00, 0x00, 0x00, 0x00, 0x00, 0x00, 0x00, 0x00, 0x00,
	0x00, 0x00, 0x00, 0x00, 0x00, 0x00, 0x00, 0x00, 0x00, 0x00, 0x00, 0x00, 0x00, 0x00, 0x00, 0x00,
	0x00, 0x00, 0x00, 0x00, 0x00, 0x00, 0x00, 0x00, 0x00, 0x00, 0x00, 0x00, 0x00, 0x00, 0x00, 0x00,
	0x00, 0x00, 0x00, 0x00, 0x00, 0x00, 0x00, 0x00, 0x00, 0x00, 0x00, 0x00, 0x00, 0x00, 0x00, 0x00,
	0x00, 0x00, 0xFF, 0xFA, 0x00, 0x00, 0x00, 0x00, 0x00, 0x00, 0x00, 0x00, 0x00, 0x00, 0x00, 0x00,
	0x00, 0x08, 0x00, 0x12, 0x00, 0x00, 0x00, 0x00, 0x00, 0x00, 0x00, 0x00, 0x00, 0x00, 0x00, 0x08,
	0x00, 0x00, 0xFF, 0xF8, 0x00, 0x00, 0x00, 0x00, 0x00, 0x00, 0x00, 0x00, 0xFF, 0xFA, 0x00, 0x00,
	0x00, 0x00, 0x00, 0x00, 0x00, 0x00, 0x00, 0x00, 0x00, 0x00, 0x00, 0x00, 0x00, 0x00, 0x00, 0x00,
	0x00, 0x00, 0x00, 0x00, 0xFF, 0xF1, 0x00, 0x00, 0x00, 0x00, 0x00, 0x00, 0x00, 0x00, 0x00, 0x00,
	0x00, 0x00, 0x00, 0x00, 0x00, 0x00, 0x00, 0x00, 0x00, 0x00, 0x00, 0x00, 0x00, 0x00, 0x00, 0x00,
	0x00, 0x00, 0x00, 0x12, 0x00, 0x00, 0x00, 0x0C, 0x00, 0x00, 0x00, 0x00, 0x00, 0x00, 0x00, 0x00,
	0x00, 0x00, 0x00, 0x00, 0x00, 0x00, 0x00, 0x00, 0x00, 0x08, 0x00, 0x00, 0x00, 0x00, 0x00, 0x00,
	0x00, 0x00, 0x00, 0x00, 0x00, 0x00, 0x00, 0x00, 0x00, 0x00, 0x00, 0x00, 0x00, 0x00, 0x00, 0x00,
	0x00, 0x00, 0x00, 0x00, 0x00, 0x00, 0x00, 0x00, 0x00, 0x00, 0x00, 0x00, 0x00, 0x00, 0x00, 0x00,
	0x00, 0x00, 0x00, 0x00, 0x00, 0x00, 0x00, 0x00, 0x00, 0x00, 0x00, 0x00, 0x00, 0x00, 0x00, 0x00,
	0x00, 0x00, 0x00, 0x00, 0x00, 0x00, 0x00, 0x00, 0x00, 0x00, 0x00, 0x00, 0x00, 0x00, 0x00, 0x00,
	0x00, 0x00, 0x00, 0x00, 0x00, 0x00, 0x00, 0x00, 0x00, 0x00, 0x00, 0x00, 0x00, 0x00, 0x00, 0x00,
	0x00, 0x00, 0x00, 0x00, 0x00, 0x00, 0x00, 0x00, 0x00, 0x00, 0x00, 0x00, 0x00, 0x00, 0x00, 0x00,
	0x00, 0x00, 0x00, 0x00, 0x00, 0x00, 0x00, 0x00, 0x00, 0x00, 0x00, 0x00, 0x00, 0x00, 0x00, 0x00,
	0x00, 0x00, 0x00, 0x00, 0x00, 0x00, 0x00, 0x00, 0x00, 0x00, 0x00, 0x00, 0x00, 0x00, 0x00, 0x00,
	0xFF, 0xF6, 0x00, 0x00, 0x00, 0x00, 0x00, 0x00, 0x00, 0x00, 0xFF, 0xFE, 0x00, 0x00, 0x00, 0x00,
	0x00, 0x00, 0x00, 0x00, 0x00, 0x00, 0x00, 0x00, 0x00, 0x00, 0x00, 0x00, 0x00, 0x00, 0x00, 0x00,
	0x00, 0x02, 0x00, 0x14, 0xFF, 0xF8, 0x00, 0x00, 0x00, 0x00, 0x00, 0x00, 0x00, 0x00, 0xFF, 0xF5,
	0x00, 0x00, 0x00, 0x00, 0x00, 0x08, 0x00, 0x00, 0x00, 0x00, 0x00, 0x00, 0x00, 0x00, 0x00, 0x00,
	0xFF, 0xF8, 0x00, 0x00, 0x00, 0x00, 0xFF, 0xF0, 0xFF, 0xF8, 0x00, 0x00, 0x00, 0x00, 0x00, 0x0A,
	0x00, 0x00, 0x00, 0x00, 0x00, 0x00, 0x00, 0x00, 0x00, 0x00, 0x00, 0x00, 0x00, 0x00, 0x00, 0x00,
	0x00, 0x00, 0x00, 0x00, 0x00, 0x05, 0x00, 0x00, 0x00, 0x0C, 0x00, 0x00, 0x00, 0x00, 0x00, 0x00,
	0x00, 0x00, 0x00, 0x00, 0x00, 0x00, 0x00, 0x00, 0x00, 0x00, 0x00, 0x0C, 0x00, 0x00, 0x00, 0x00,
	0x00, 0x00, 0x00, 0x00, 0x00, 0x00, 0x00, 0x00, 0x00, 0x00, 0x00, 0x00, 0x00, 0x00, 0x00, 0x00,
	0x00, 0x00, 0x00, 0x00, 0x00, 0x00, 0x00, 0x00, 0x00, 0x00, 0x00, 0x00, 0x00, 0x00, 0x00, 0x00,
	0x00, 0x00, 0x00, 0x00, 0x00, 0x00, 0x00, 0x00, 0x00, 0x00, 0x00, 0x00, 0x00, 0x00, 0x00, 0x00,
	0x00, 0x00, 0x00, 0x00, 0x00, 0x00, 0x00, 0x00, 0x00, 0x00, 0x00, 0x00, 0x00, 0x00, 0x00, 0x00,
	0x00, 0x00, 0x00, 0x00, 0x00, 0x00, 0x00, 0x00, 0x00, 0x00, 0x00, 0x00, 0x00, 0x00, 0x00, 0x00,
	0x00, 0x00, 0x00, 0x00, 0x00, 0x00, 0x00, 0x00, 0x00, 0x00, 0x00, 0x00, 0x00, 0x00, 0x00, 0x00,
	0x00, 0x00, 0x00, 0x00, 0x00, 0x00, 0x00, 0x00, 0x00, 0x00, 0x00, 0x00, 0x00, 0x00, 0x00, 0x00,
	0x00, 0x00, 0x00, 0x00, 0x00, 0x00, 0x00, 0x00, 0x00, 0x00, 0x00, 0x00, 0x00, 0x00, 0x00, 0x00,
	0x00, 0x00, 0x00, 0x00, 0x00, 0x00, 0x00, 0x00, 0x00, 0x00, 0x00, 0x00, 0x00, 0x00, 0x00, 0x00,
	0x00, 0x00, 0x00, 0x00, 0xFF, 0xFC, 0x00, 0x06, 0x00, 0x00, 0x00, 0x00, 0x00, 0x05, 0x00, 0x00,
	0x00, 0x00, 0x00, 0x00, 0x00, 0x00, 0xFF, 0xF6, 0x00, 0x00, 0x00, 0x00, 0xFF, 0xF8, 0x00, 0x00,
	0xFF, 0xEC, 0x00, 0x00, 0x00, 0x00, 0x00, 0x00, 0x00, 0x00, 0x00, 0x0A, 0x00, 0x00, 0x00, 0x00,
	0xFF, 0xF8, 0x00, 0x00, 0x00, 0x00, 0xFF, 0xF2, 0xFF, 0xF1, 0xFF, 0xF8, 0x00, 0x00, 0x00, 0x00,
	0x00, 0x00, 0x00, 0x00, 0x00, 0x00, 0x00, 0x00, 0x00, 0x00, 0x00, 0x00, 0x00, 0x00, 0x00, 0x00,
	0x00, 0x00, 0x00, 0x00, 0x00, 0x00, 0x00, 0x07, 0x00, 0x00, 0x00, 0x05, 0x00, 0x00, 0x00, 0x00,
	0x00, 0x00, 0x00, 0x00, 0x00, 0x00, 0x00, 0x00, 0x00, 0x00, 0x00, 0x00, 0x00, 0x05, 0x00, 0x00,
	0x00, 0x00, 0x00, 0x00, 0x00, 0x00, 0x00, 0x00, 0x00, 0x00, 0x00, 0x00, 0x00, 0x00, 0x00, 0x00,
	0x00, 0x00, 0x00, 0x00, 0x00, 0x00, 0x00, 0x00, 0x00, 0x00, 0x00, 0x00, 0x00, 0x00, 0x00, 0x00,
	0x00, 0x00, 0x00, 0x00, 0x00, 0x00, 0x00, 0x00, 0x00, 0x00, 0x00, 0x00, 0x00, 0x00, 0x00, 0x00,
	0x00, 0x00, 0x00, 0x00, 0x00, 0x00, 0x00, 0x00, 0x00, 0x00, 0x00, 0x00, 0x00, 0x00, 0x00, 0x00,
	0x00, 0x00, 0x00, 0x00, 0x00, 0x00, 0x00, 0x00, 0x00, 0x00, 0x00, 0x00, 0x00, 0x00, 0x00, 0x00,
	0x00, 0x00, 0x00, 0x00, 0x00, 0x00, 0x00, 0x00, 0x00, 0x00, 0x00, 0x00, 0x00, 0x00, 0x00, 0x00,
	0x00, 0x00, 0x00, 0x00, 0x00, 0x00, 0x00, 0x00, 0x00, 0x00, 0x00, 0x00, 0x00, 0x00, 0x00, 0x00,
	0x00, 0x00, 0x00, 0x00, 0x00, 0x00, 0x00, 0x00, 0x00, 0x00, 0x00, 0x00, 0x00, 0x00, 0x00, 0x00,
	0x00, 0x00, 0x00, 0x1E, 0xFF, 0xE4, 0x00, 0x00, 0xFF, 0xE2, 0x00, 0x00, 0x00, 0x00, 0xFF, 0xE4,
	0xFF, 0xF6, 0xFF, 0xF6, 0xFF, 0xF6, 0x00, 0x3A, 0xFF, 0xF6, 0x00, 0x00, 0x00, 0x00, 0x00, 0x32,
	0xFF, 0xEC, 0xFF, 0xF6, 0xFF, 0xF4, 0x00, 0x00, 0x00, 0x00, 0x00, 0x00, 0x00, 0x00, 0x00, 0x30,
	0x00, 0x00, 0xFF, 0xF6, 0x00, 0x69, 0x00, 0x00, 0xFF, 0xF6, 0x00, 0x0A, 0xFF, 0xEC, 0x00, 0x14,
	0x00, 0x00, 0x00, 0x14, 0x00, 0x1E, 0x00, 0x14, 0xFF, 0xF8, 0xFF, 0xF8, 0x00, 0x26, 0x00, 0x1E,
	0x00, 0x14, 0xFF, 0xF8, 0x00, 0x00, 0x00, 0x00, 0x00, 0x00, 0x00, 0x00, 0x00, 0x00, 0x00, 0x00,
	0x00, 0x00, 0x00, 0x00, 0x00, 0x00, 0x00, 0x00, 0x00, 0x32, 0x00, 0x00, 0x00, 0x55, 0x00, 0x58,
	0x00, 0x00, 0x00, 0x00, 0x00, 0x00, 0x00, 0x00, 0x00, 0x00, 0x00, 0x00, 0x00, 0x00, 0x00, 0x44,
	0x00, 0x00, 0x00, 0x30, 0x00, 0x00, 0x00, 0x00, 0x00, 0x00, 0x00, 0x00, 0x00, 0x00, 0x00, 0x00,
	0x00, 0x00, 0x00, 0x00, 0x00, 0x00, 0x00, 0x00, 0x00, 0x00, 0x00, 0x00, 0x00, 0x00, 0xFF, 0xF6,
	0x00, 0x00, 0x00, 0x00, 0x00, 0x00, 0x00, 0x00, 0x00, 0x00, 0x00, 0x00, 0x00, 0x00, 0x00, 0x00,
	0x00, 0x00, 0x00, 0x00, 0x00, 0x00, 0x00, 0x00, 0x00, 0x00, 0x00, 0x00, 0x00, 0x00, 0x00, 0x00,
	0x00, 0x00, 0x00, 0x00, 0x00, 0x00, 0x00, 0x00, 0x00, 0x00, 0x00, 0x00, 0x00, 0x00, 0x00, 0x00,
	0x00, 0x00, 0x00, 0x00, 0x00, 0x00, 0x00, 0x00, 0x00, 0x00, 0x00, 0x00, 0x00, 0x00, 0x00, 0x00,
	0x00, 0x00, 0x00, 0x00, 0x00, 0x00, 0x00, 0x00, 0x00, 0x00, 0x00, 0x00, 0x00, 0x00, 0x00, 0x00,
	0x00, 0x00, 0x00, 0x00, 0x00, 0x00, 0x00, 0x00, 0x00, 0x00, 0x00, 0x00, 0x00, 0x00, 0x00, 0x00,
	0x00, 0x00, 0x00, 0x00, 0x00, 0x00, 0x00, 0x00, 0x00, 0x00, 0x00, 0x00, 0x00, 0x00, 0x00, 0x00,
	0x00, 0x00, 0x00, 0x00, 0x00, 0x00, 0x00, 0x00, 0x00, 0x00, 0x00, 0x00, 0x00, 0x00, 0x00, 0x00,
	0x00, 0x00, 0x00, 0x00, 0x00, 0x00, 0x00, 0x00, 0x00, 0x00, 0x00, 0x00, 0x00, 0x00, 0x00, 0x00,
	0x00, 0x00, 0x00, 0x00, 0x00, 0x00, 0x00, 0x00, 0x00, 0x00, 0x00, 0x00, 0x00, 0x00, 0x00, 0x00,
	0x00, 0x00, 0x00, 0x00, 0x00, 0x00, 0x00, 0x00, 0x00, 0x00, 0x00, 0x00, 0x00, 0x00, 0x00, 0x00,
	0x00, 0x00, 0x00, 0x00, 0x00, 0x00, 0x00, 0x00, 0x00, 0x00, 0x00, 0x00, 0x00, 0x00, 0x00, 0x00,
	0x00, 0x00, 0x00, 0x00, 0x00, 0x00, 0x00, 0x00, 0x00, 0x00, 0x00, 0x00, 0x00, 0x00, 0x00, 0x00,
	0x00, 0x00, 0x00, 0x00, 0x00, 0x00, 0x00, 0x00, 0x00, 0x00, 0x00, 0x00, 0x00, 0x00, 0x00, 0x00,
	0x00, 0x00, 0x00, 0x00, 0x00, 0x00, 0x00, 0x00, 0x00, 0x00, 0x00, 0x00, 0x00, 0x00, 0x00, 0x00,
	0x00, 0x00, 0x00, 0x00, 0x00, 0x00, 0x00, 0x00, 0x00, 0x00, 0x00, 0x00, 0x00, 0x00, 0x00, 0x00,
	0x00, 0x00, 0x00, 0x00, 0x00, 0x00, 0x00, 0x00, 0x00, 0x00, 0x00, 0x00, 0x00, 0x00, 0x00, 0x00,
	0x00, 0x00, 0x00, 0x00, 0x00, 0x00, 0x00, 0x00, 0x00, 0x00, 0x00, 0x00, 0x00, 0x00, 0x00, 0x00,
	0x00, 0x00, 0x00, 0x00, 0x00, 0x00, 0x00, 0x00, 0x00, 0x00, 0x00, 0x00, 0x00, 0x00, 0x00, 0x00,
	0x00, 0x00, 0x00, 0x00, 0x00, 0x00, 0x00, 0x00, 0x00, 0x00, 0x00, 0x00, 0x00, 0x00, 0x00, 0x00,
	0x00, 0x00, 0x00, 0x00, 0x00, 0x00, 0x00, 0x00, 0x00, 0x00, 0x00, 0x00, 0x00, 0x00, 0x00, 0x00,
	0x00, 0x00, 0x00, 0x00, 0x00, 0x00, 0x00, 0x00, 0x00, 0x00, 0x00, 0x00, 0x00, 0x00, 0x00, 0x00,
	0x00, 0x00, 0x00, 0x00, 0x00, 0x00, 0x00, 0x00, 0x00, 0x00, 0x00, 0x00, 0x00, 0x00, 0x00, 0x00,
	0x00, 0x00, 0x00, 0x00, 0x00, 0x00, 0x00, 0x00, 0x00, 0x00, 0xFF, 0xFB, 0x00, 0x00, 0x00, 0x00,
	0x00, 0x00, 0xFF, 0xFA, 0x00, 0x00, 0x00, 0x00, 0x00, 0x00, 0x00, 0x00, 0xFF, 0xE2, 0x00, 0x00,
	0x00, 0x00, 0xFF, 0xE5, 0x00, 0x00, 0xFF, 0xDB, 0xFF, 0xF8, 0xFF, 0xF6, 0xFF, 0xF6, 0x00, 0x00,
	0x00, 0x00, 0xFF, 0xF8, 0x00, 0x00, 0xFF, 0xF1, 0xFF, 0xF8, 0x00, 0x00, 0xFF, 0xDD, 0xFF, 0xD6,
	0xFF, 0xFA, 0x00, 0x00, 0x00, 0x00, 0xFF, 0xF4, 0x00, 0x00, 0x00, 0x00, 0x00, 0x00, 0x00, 0x00,
	0x00, 0x00, 0x00, 0x00, 0x00, 0x00, 0x00, 0x00, 0x00, 0x00, 0x00, 0x00, 0x00, 0x00, 0x00, 0x00,
	0xFF, 0xF1, 0xFF, 0xD3, 0x00, 0x00, 0x00, 0x00, 0x00, 0x00, 0x00, 0x00, 0x00, 0x00, 0x00, 0x00,
	0x00, 0x00, 0xFF, 0xEA, 0x00, 0x00, 0xFF, 0xF4, 0x00, 0x00, 0x00, 0x00, 0x00, 0x00, 0x00, 0x00,
	0x00, 0x00, 0x00, 0x00, 0x00, 0x00, 0x00, 0x00, 0x00, 0x00, 0x00, 0x00, 0x00, 0x00, 0x00, 0x00,
	0x00, 0x00, 0xFF, 0xF6, 0x00, 0x00, 0x00, 0x00, 0x00, 0x00, 0x00, 0x00, 0x00, 0x00, 0x00, 0x00,
	0x00, 0x00, 0x00, 0x00, 0x00, 0x00, 0x00, 0x00, 0x00, 0x00, 0x00, 0x00, 0x00, 0x00, 0x00, 0x00,
	0x00, 0x00, 0x00, 0x00, 0x00, 0x00, 0x00, 0x00, 0x00, 0x00, 0x00, 0x00, 0x00, 0x00, 0x00, 0x00,
	0x00, 0x00, 0x00, 0x00, 0x00, 0x00, 0x00, 0x00, 0x00, 0x00, 0x00, 0x00, 0x00, 0x00, 0x00, 0x00,
	0x00, 0x00, 0x00, 0x00, 0x00, 0x00, 0x00, 0x00, 0x00, 0x00, 0x00, 0x00, 0x00, 0x00, 0x00, 0x00,
	0x00, 0x00, 0x00, 0x00, 0x00, 0x00, 0x00, 0x00, 0x00, 0x00, 0x00, 0x00, 0x00, 0x00, 0x00, 0x00,
	0x00, 0x00, 0x00, 0x00, 0x00, 0x00, 0x00, 0x01, 0x00, 0x23, 0x00, 0x2A, 0x00, 0x6D, 0x00, 0xE3,
	0x01, 0x21, 0x01, 0x97, 0x02, 0x67, 0x02, 0x68, 0x02, 0x69, 0x02, 0x6A, 0x02, 0x6B, 0x02, 0x6C,
	0x02, 0x6D, 0x02, 0x70, 0x02, 0x71, 0x02, 0x72, 0x02, 0x73, 0x02, 0x74, 0x02, 0x75, 0x02, 0x76,
	0x02, 0x77, 0x02, 0x79, 0x02, 0xD3, 0x02, 0xD5, 0x02, 0xE5, 0x02, 0xE6, 0x02, 0xE7, 0x02, 0xE8,
	0x02, 0xF0, 0x02, 0xF4, 0x02, 0xF9, 0x03, 0x1D, 0x03, 0x1F, 0x03, 0x22, 0x03, 0x2B, 0x03, 0x31,
	0x00, 0x02, 0x00, 0x21, 0x00, 0x2A, 0x00, 0x2A, 0x00, 0x03, 0x00, 0x6D, 0x00, 0x6D, 0x00, 0x08,
	0x00, 0xE3, 0x00, 0xE3, 0x00, 0x1A, 0x01, 0x21, 0x01, 0x21, 0x00, 0x01, 0x01, 0x97, 0x01, 0x97,
	0x00, 0x02, 0x02, 0x67, 0x02, 0x67, 0x00, 0x11, 0x02, 0x68, 0x02, 0x68, 0x00, 0x1D, 0x02, 0x69,
	0x02, 0x69, 0x00, 0x1B, 0x02, 0x6A, 0x02, 0x6A, 0x00, 0x0E, 0x02, 0x6B, 0x02, 0x6B, 0x00, 0x0C,
	0x02, 0x6D, 0x02, 0x6D, 0x00, 0x18, 0x02, 0x70, 0x02, 0x70, 0x00, 0x21, 0x02, 0x71, 0x02, 0x71,
	0x00, 0x12, 0x02, 0x72, 0x02, 0x72, 0x00, 0x1E, 0x02, 0x73, 0x02, 0x73, 0x00, 0x1C, 0x02, 0x74,
	0x02, 0x74, 0x00, 0x0F, 0x02, 0x75, 0x02, 0x75, 0x00, 0x0D, 0x02, 0x77, 0x02, 0x77, 0x00, 0x19,
	0x02, 0x79, 0x02, 0x79, 0x00, 0x10, 0x02, 0xD3, 0x02, 0xD3, 0x00, 0x09, 0x02, 0xD5, 0x02, 0xD5,
	0x00, 0x14, 0x02, 0xE5, 0x02, 0xE5, 0x00, 0x0A, 0x02, 0xE6, 0x02, 0xE6, 0x00, 0x0B, 0x02, 0xE7,
	0x02, 0xE7, 0x00, 0x15, 0x02, 0xE8, 0x02, 0xE8, 0x00, 0x16, 0x02, 0xF0, 0x02, 0xF0, 0x00, 0x1F,
	0x02, 0xF4, 0x02, 0xF4, 0x00, 0x13, 0x02, 0xF9, 0x02, 0xF9, 0x00, 0x06, 0x03, 0x1D, 0x03, 0x1D,
	0x00, 0x04, 0x03, 0x1F, 0x03, 0x1F, 0x00, 0x17, 0x03, 0x22, 0x03, 0x22, 0x00, 0x07, 0x03, 0x2B,
	0x03, 0x2B, 0x00, 0x05, 0x03, 0x31, 0x03, 0x31, 0x00, 0x20, 0x00, 0x01, 0x00, 0x01, 0x03, 0x3F,
	0x00, 0x0B, 0x00, 0x0B, 0x00, 0x0B, 0x00, 0x0B, 0x00, 0x0B, 0x00, 0x0B, 0x00, 0x0B, 0x00, 0x0B,
	0x00, 0x01, 0x00, 0x04, 0x00, 0x04, 0x00, 0x01, 0x00, 0x01, 0x00, 0x01, 0x00, 0x01, 0x00, 0x01,
	0x00, 0x01, 0x00, 0x01, 0x00, 0x01, 0x00, 0x04, 0x00, 0x01, 0x00, 0x01, 0x00, 0x01, 0x00, 0x01,
	0x00, 0x01, 0x00, 0x01, 0x00, 0x01, 0x00, 0x36, 0x00, 0x01, 0x00, 0x01, 0x00, 0x01, 0x00, 0x01,
	0x00, 0x01, 0x00, 0x04, 0x00, 0x04, 0x00, 0x04, 0x00, 0x04, 0x00, 0x04, 0x00, 0x04, 0x00, 0x04,
	0x00, 0x01, 0x00, 0x01, 0x00, 0x04, 0x00, 0x01, 0x00, 0x23, 0x00, 0x14, 0x00, 0x08, 0x00, 0x08,
	0x00, 0x08, 0x00, 0x08, 0x00, 0x08, 0x00, 0x19, 0x00, 0x19, 0x00, 0x17, 0x00, 0x25, 0x00, 0x25,
	0x00, 0x21, 0x00, 0x0E, 0x00, 0x0E, 0x00, 0x0E, 0x00, 0x0E, 0x00, 0x0E, 0x00, 0x0E, 0x00, 0x0E,
	0x00, 0x0E, 0x00, 0x10, 0x00, 0x10, 0x00, 0x10, 0x00, 0x10, 0x00, 0x10, 0x00, 0x00, 0x00, 0x00,
	0x00, 0x0E, 0x00, 0x04, 0x00, 0x15, 0x00, 0x15, 0x00, 0x15, 0x00, 0x15, 0x00, 0x15, 0x00, 0x37,
	0x00, 0x01, 0x00, 0x01, 0x00, 0x01, 0x00, 0x04, 0x00, 0x24, 0x00, 0x08, 0x00, 0x08, 0x00, 0x08,
	0x00, 0x08, 0x00, 0x08, 0x00, 0x08, 0x00, 0x1B, 0x00, 0x1B, 0x00, 0x21, 0x00, 0x14, 0x00, 0x15,
	0x00, 0x0C, 0x00, 0x0C, 0x00, 0x0C, 0x00, 0x0C, 0x00, 0x0C, 0x00, 0x0C, 0x00, 0x0C, 0x00, 0x0C,
	0x00, 0x05, 0x00, 0x02, 0x00, 0x02, 0x00, 0x02, 0x00, 0x02, 0x00, 0x02, 0x00, 0x02, 0x00, 0x02,
	0x00, 0x02, 0x00, 0x02, 0x00, 0x39, 0x00, 0x02, 0x00, 0x05, 0x00, 0x05, 0x00, 0x00, 0x00, 0x05,
	0x00, 0x05, 0x00, 0x05, 0x00, 0x05, 0x00, 0x05, 0x00, 0x05, 0x00, 0x1A, 0x00, 0x00, 0x00, 0x05,
	0x00, 0x05, 0x00, 0x06, 0x00, 0x06, 0x00, 0x06, 0x00, 0x02, 0x00, 0x02, 0x00, 0x02, 0x00, 0x02,
	0x00, 0x02, 0x00, 0x02, 0x00, 0x02, 0x00, 0x06, 0x00, 0x05, 0x00, 0x02, 0x00, 0x06, 0x00, 0x1D,
	0x00, 0x05, 0x00, 0x1E, 0x00, 0x07, 0x00, 0x07, 0x00, 0x07, 0x00, 0x07, 0x00, 0x07, 0x00, 0x12,
	0x00, 0x12, 0x00, 0x26, 0x00, 0x28, 0x00, 0x28, 0x00, 0x28, 0x00, 0x22, 0x00, 0x02, 0x00, 0x02,
	0x00, 0x02, 0x00, 0x02, 0x00, 0x02, 0x00, 0x02, 0x00, 0x02, 0x00, 0x0C, 0x00, 0x02, 0x00, 0x02,
	0x00, 0x02, 0x00, 0x02, 0x00, 0x02, 0x00, 0x05, 0x00, 0x05, 0x00, 0x05, 0x00, 0x07, 0x00, 0x07,
	0x00, 0x07, 0x00, 0x07, 0x00, 0x22, 0x00, 0x1E, 0x00, 0x1E, 0x00, 0x39, 0x00, 0x1E, 0x00, 0x03,
	0x00, 0x03, 0x00, 0x0F, 0x00, 0x0F, 0x00, 0x0F, 0x00, 0x0F, 0x00, 0x0F, 0x00, 0x0F, 0x00, 0x0F,
	0x00, 0x0F, 0x00, 0x03, 0x00, 0x0A, 0x00, 0x0A, 0x00, 0x03, 0x00, 0x03, 0x00, 0x03, 0x00, 0x03,
	0x00, 0x03, 0x00, 0x03, 0x00, 0x03, 0x00, 0x03, 0x00, 0x0A, 0x00, 0x03, 0x00, 0x03, 0x00, 0x03,
	0x00, 0x03, 0x00, 0x03, 0x00, 0x03, 0x00, 0x03, 0x00, 0x34, 0x00, 0x03, 0x00, 0x03, 0x00, 0x03,
	0x00, 0x03, 0x00, 0x03, 0x00, 0x0A, 0x00, 0x0A, 0x00, 0x0A, 0x00, 0x0A, 0x00, 0x0A, 0x00, 0x0A,
	0x00, 0x0A, 0x00, 0x03, 0x00, 0x03, 0x00, 0x0A, 0x00, 0x03, 0x00, 0x27, 0x00, 0x0D, 0x00, 0x13,
	0x00, 0x09, 0x00, 0x09, 0x00, 0x09, 0x00, 0x09, 0x00, 0x09, 0x00, 0x1C, 0x00, 0x1C, 0x00, 0x41,
	0x00, 0x29, 0x00, 0x29, 0x00, 0x29, 0x00, 0x1F, 0x00, 0x0D, 0x00, 0x0D, 0x00, 0x0D, 0x00, 0x0D,
	0x00, 0x0D, 0x00, 0x0D, 0x00, 0x0D, 0x00, 0x0D, 0x00, 0x11, 0x00, 0x11, 0x00, 0x11, 0x00, 0x11,
	0x00, 0x11, 0x00, 0x0D, 0x00, 0x0A, 0x00, 0x18, 0x00, 0x18, 0x00, 0x18, 0x00, 0x18, 0x00, 0x18,
	0x00, 0x3F, 0x00, 0x03, 0x00, 0x03, 0x00, 0x03, 0x00, 0x03, 0x00, 0x0A, 0x00, 0x13, 0x00, 0x09,
	0x00, 0x09, 0x00, 0x09, 0x00, 0x09, 0x00, 0x09, 0x00, 0x09, 0x00, 0x2E, 0x00, 0x2E, 0x00, 0x2E,
	0x00, 0x1F, 0x00, 0x03, 0x00, 0x03, 0x00, 0x0D, 0x00, 0x0D, 0x00, 0x4F, 0x00, 0x4F, 0x00, 0x0B,
	0x00, 0x01, 0x00, 0x01, 0x00, 0x01, 0x00, 0x01, 0x00, 0x01, 0x00, 0x01, 0x00, 0x59, 0x00, 0x01,
	0x00, 0x30, 0x00, 0x01, 0x00, 0x01, 0x00, 0x01, 0x00, 0x17, 0x00, 0x2A, 0x00, 0x01, 0x00, 0x01,
	0x00, 0x01, 0x00, 0x01, 0x00, 0x01, 0x00, 0x01, 0x00, 0x30, 0x00, 0x01, 0x00, 0x01, 0x00, 0x04,
	0x00, 0x01, 0x00, 0x01, 0x00, 0x04, 0x00, 0x14, 0x00, 0x17, 0x00, 0x17, 0x00, 0x04, 0x00, 0x17,
	0x00, 0x35, 0x00, 0x01, 0x00, 0x01, 0x00, 0x01, 0x00, 0x01, 0x00, 0x01, 0x00, 0x01, 0x00, 0x14,
	0x00, 0x30, 0x00, 0x01, 0x00, 0x23, 0x00, 0x04, 0x00, 0x2A, 0x00, 0x01, 0x00, 0x01, 0x00, 0x36,
	0x00, 0x14, 0x00, 0x01, 0x00, 0x17, 0x00, 0x14, 0x00, 0x14, 0x00, 0x17, 0x00, 0x04, 0x00, 0x19,
	0x00, 0x17, 0x00, 0x2A, 0x00, 0x01, 0x00, 0x01, 0x00, 0x01, 0x00, 0x14, 0x00, 0x01, 0x00, 0x01,
	0x00, 0x01, 0x00, 0x04, 0x00, 0x04, 0x00, 0x14, 0x00, 0x25, 0x00, 0x25, 0x00, 0x17, 0x00, 0x14,
	0x00, 0x35, 0x00, 0x35, 0x00, 0x01, 0x00, 0x42, 0x00, 0x42, 0x00, 0x01, 0x00, 0x17, 0x00, 0x01,
	0x00, 0x30, 0x00, 0x01, 0x00, 0x01, 0x00, 0x35, 0x00, 0x01, 0x00, 0x0B, 0x00, 0x0B, 0x00, 0x0B,
	0x00, 0x01, 0x00, 0x04, 0x00, 0x04, 0x00, 0x17, 0x00, 0x2A, 0x00, 0x2A, 0x00, 0x01, 0x00, 0x01,
	0x00, 0x04, 0x00, 0x04, 0x00, 0x04, 0x00, 0x2A, 0x00, 0x17, 0x00, 0x17, 0x00, 0x17, 0x00, 0x35,
	0x00, 0x01, 0x00, 0x00, 0x00, 0x17, 0x00, 0x17, 0x00, 0x01, 0x00, 0x01, 0x00, 0x30, 0x00, 0x0B,
	0x00, 0x04, 0x00, 0x01, 0x00, 0x2A, 0x00, 0x04, 0x00, 0x04, 0x00, 0x0E, 0x00, 0x58, 0x00, 0x10,
	0x00, 0x10, 0x00, 0x10, 0x00, 0x01, 0x00, 0x01, 0x00, 0x01, 0x00, 0x01, 0x00, 0x3A, 0x00, 0x0E,
	0x00, 0x24, 0x00, 0x1B, 0x00, 0x1B, 0x00, 0x04, 0x00, 0x08, 0x00, 0x08, 0x00, 0x14, 0x00, 0x30,
	0x00, 0x01, 0x00, 0x37, 0x00, 0x5A, 0x00, 0x24, 0x00, 0x3A, 0x00, 0x0E, 0x00, 0x0E, 0x00, 0x0B,
	0x00, 0x10, 0x00, 0x04, 0x00, 0x04, 0x00, 0x01, 0x00, 0x01, 0x00, 0x1B, 0x00, 0x1B, 0x00, 0x1B,
	0x00, 0x08, 0x00, 0x08, 0x00, 0x0C, 0x00, 0x04, 0x00, 0x06, 0x00, 0x06, 0x00, 0x06, 0x00, 0x06,
	0x00, 0x06, 0x00, 0x69, 0x00, 0x06, 0x00, 0x2D, 0x00, 0x02, 0x00, 0x02, 0x00, 0x02, 0x00, 0x26,
	0x00, 0x2B, 0x00, 0x06, 0x00, 0x06, 0x00, 0x06, 0x00, 0x06, 0x00, 0x06, 0x00, 0x06, 0x00, 0x2D,
	0x00, 0x06, 0x00, 0x06, 0x00, 0x02, 0x00, 0x06, 0x00, 0x06, 0x00, 0x02, 0x00, 0x33, 0x00, 0x12,
	0x00, 0x12, 0x00, 0x02, 0x00, 0x26, 0x00, 0x07, 0x00, 0x06, 0x00, 0x06, 0x00, 0x06, 0x00, 0x06,
	0x00, 0x06, 0x00, 0x06, 0x00, 0x33, 0x00, 0x2D, 0x00, 0x06, 0x00, 0x1D, 0x00, 0x02, 0x00, 0x2B,
	0x00, 0x06, 0x00, 0x06, 0x00, 0x1A, 0x00, 0x7B, 0x00, 0x06, 0x00, 0x26, 0x00, 0x05, 0x00, 0x33,
	0x00, 0x26, 0x00, 0x02, 0x00, 0x12, 0x00, 0x26, 0x00, 0x2B, 0x00, 0x06, 0x00, 0x06, 0x00, 0x05,
	0x00, 0x33, 0x00, 0x06, 0x00, 0x06, 0x00, 0x06, 0x00, 0x02, 0x00, 0x02, 0x00, 0x33, 0x00, 0x12,
	0x00, 0x12, 0x00, 0x26, 0x00, 0x33, 0x00, 0x07, 0x00, 0x07, 0x00, 0x05, 0x00, 0x46, 0x00, 0x46,
	0x00, 0x05, 0x00, 0x26, 0x00, 0x06, 0x00, 0x2D, 0x00, 0x06, 0x00, 0x06, 0x00, 0x07, 0x00, 0x06,
	0x00, 0x0C, 0x00, 0x0C, 0x00, 0x0C, 0x00, 0x02, 0x00, 0x02, 0x00, 0x02, 0x00, 0x26, 0x00, 0x2B,
	0x00, 0x2B, 0x00, 0x06, 0x00, 0x06, 0x00, 0x02, 0x00, 0x02, 0x00, 0x02, 0x00, 0x2B, 0x00, 0x12,
	0x00, 0x12, 0x00, 0x12, 0x00, 0x07, 0x00, 0x06, 0x00, 0x06, 0x00, 0x26, 0x00, 0x26, 0x00, 0x57,
	0x00, 0x06, 0x00, 0x02, 0x00, 0x1D, 0x00, 0x02, 0x00, 0x26, 0x00, 0x2B, 0x00, 0x07, 0x00, 0x07,
	0x00, 0x07, 0x00, 0x05, 0x00, 0x2D, 0x00, 0x06, 0x00, 0x06, 0x00, 0x06, 0x00, 0x07, 0x00, 0x07,
	0x00, 0x07, 0x00, 0x07, 0x00, 0x07, 0x00, 0x33, 0x00, 0x05, 0x00, 0x06, 0x00, 0x2B, 0x00, 0x02,
	0x00, 0x06, 0x00, 0x5E, 0x00, 0x02, 0x00, 0x02, 0x00, 0x02, 0x00, 0x02, 0x00, 0x02, 0x00, 0x07,
	0x00, 0x07, 0x00, 0x07, 0x00, 0x07, 0x00, 0x2D, 0x00, 0x61, 0x00, 0x06, 0x00, 0x07, 0x00, 0x07,
	0x00, 0x07, 0x00, 0x07, 0x00, 0x6A, 0x00, 0x2D, 0x00, 0x06, 0x00, 0x33, 0x00, 0x2D, 0x00, 0x02,
	0x00, 0x02, 0x00, 0x0C, 0x00, 0x02, 0x00, 0x02, 0x00, 0x02, 0x00, 0x07, 0x00, 0x07, 0x00, 0x07,
	0x00, 0x07, 0x00, 0x07, 0x00, 0x07, 0x00, 0x57, 0x00, 0x00, 0x00, 0x40, 0x00, 0x6D, 0x00, 0x7C,
	0x00, 0x79, 0x00, 0x67, 0x00, 0x65, 0x00, 0x40, 0x00, 0x77, 0x00, 0x49, 0x00, 0x6B, 0x00, 0x80,
	0x00, 0x6E, 0x00, 0x7D, 0x00, 0x7A, 0x00, 0x68, 0x00, 0x66, 0x00, 0x40, 0x00, 0x78, 0x00, 0x49,
	0x00, 0x6C, 0x00, 0x00, 0x00, 0x00, 0x00, 0x00, 0x00, 0x00, 0x00, 0x00, 0x00, 0x00, 0x00, 0x00,
	0x00, 0x00, 0x00, 0x00, 0x00, 0x00, 0x00, 0x00, 0x00, 0x00, 0x00, 0x00, 0x00, 0x00, 0x00, 0x00,
	0x00, 0x00, 0x00, 0x00, 0x00, 0x00, 0x00, 0x00, 0x00, 0x00, 0x00, 0x00, 0x00, 0x00, 0x00, 0x00,
	0x00, 0x00, 0x00, 0x00, 0x00, 0x00, 0x00, 0x00, 0x00, 0x00, 0x00, 0x00, 0x00, 0x00, 0x00, 0x00,
	0x00, 0x00, 0x00, 0x00, 0x00, 0x00, 0x00, 0x00, 0x00, 0x00, 0x00, 0x00, 0x00, 0x00, 0x00, 0x00,
	0x00, 0x00, 0x00, 0x00, 0x00, 0x00, 0x00, 0x00, 0x00, 0x00, 0x00, 0x00, 0x00, 0x00, 0x00, 0x00,
	0x00, 0x00, 0x00, 0x00, 0x00, 0x00, 0x00, 0x00, 0x00, 0x00, 0x00, 0x00, 0x00, 0x00, 0x00, 0x00,
	0x00, 0x00, 0x00, 0x00, 0x00, 0x00, 0x00, 0x00, 0x00, 0x00, 0x00, 0x00, 0x00, 0x00, 0x00, 0x00,
	0x00, 0x00, 0x00, 0x00, 0x00, 0x00, 0x00, 0x00, 0x00, 0x00, 0x00, 0x00, 0x00, 0x00, 0x00, 0x00,
	0x00, 0x00, 0x00, 0x00, 0x00, 0x00, 0x00, 0x00, 0x00, 0x00, 0x00, 0x00, 0x00, 0x00, 0x00, 0x00,
	0x00, 0x00, 0x00, 0x00, 0x00, 0x00, 0x00, 0x00, 0x00, 0x00, 0x00, 0x32, 0x00, 0x32, 0x00, 0x3C,
	0x00, 0x3C, 0x00, 0x32, 0x00, 0x62, 0x00, 0x4A, 0x00, 0x73, 0x00, 0x52, 0x00, 0x16, 0x00, 0x16,
	0x00, 0x5D, 0x00, 0x00, 0x00, 0x3E, 0x00, 0x43, 0x00, 0x4A, 0x00, 0x52, 0x00, 0x38, 0x00, 0x38,
	0x00, 0x3E, 0x00, 0x43, 0x00, 0x51, 0x00, 0x32, 0x00, 0x63, 0x00, 0x64, 0x00, 0x74, 0x00, 0x75,
	0x00, 0x51, 0x00, 0x16, 0x00, 0x16, 0x00, 0x00, 0x00, 0x16, 0x00, 0x16, 0x00, 0x16, 0x00, 0x7E,
	0x00, 0x38, 0x00, 0x16, 0x00, 0x00, 0x00, 0x70, 0x00, 0x71, 0x00, 0x00, 0x00, 0x44, 0x00, 0x5F,
	0x00, 0x44, 0x00, 0x00, 0x00, 0x72, 0x00, 0x00, 0x00, 0x45, 0x00, 0x00, 0x00, 0x45, 0x00, 0x32,
	0x00, 0x32, 0x00, 0x3D, 0x00, 0x55, 0x00, 0x3D, 0x00, 0x55, 0x00, 0x16, 0x00, 0x4B, 0x00, 0x16,
	0x00, 0x4B, 0x00, 0x3B, 0x00, 0x3B, 0x00, 0x38, 0x00, 0x4C, 0x00, 0x38, 0x00, 0x4C, 0x00, 0x32,
	0x00, 0x32, 0x00, 0x54, 0x00, 0x56, 0x00, 0x54, 0x00, 0x56, 0x00, 0x16, 0x00, 0x4D, 0x00, 0x16,
	0x00, 0x4D, 0x00, 0x53, 0x00, 0x53, 0x00, 0x20, 0x00, 0x5B, 0x00, 0x6F, 0x00, 0x76, 0x00, 0x20,
	0x00, 0x20, 0x00, 0x60, 0x00, 0x3B, 0x00, 0x3B, 0x00, 0x00, 0x00, 0x00, 0x00, 0x47, 0x00, 0x47,
	0x00, 0x2F, 0x00, 0x20, 0x00, 0x5C, 0x00, 0x2F, 0x00, 0x31, 0x00, 0x2C, 0x00, 0x48, 0x00, 0x00,
	0x00, 0x7F, 0x00, 0x00, 0x00, 0x16, 0x00, 0x00, 0x00, 0x16, 0x00, 0x00, 0x00, 0x00, 0x00, 0x00,
	0x00, 0x16, 0x00, 0x16, 0x00, 0x16, 0x00, 0x00, 0x00, 0x4E, 0x00, 0x50, 0x00, 0x50, 0x00, 0x02,
	0x20, 0x10, 0x00, 0x04, 0x00, 0x00, 0x20, 0x6E, 0x22, 0x28, 0x00, 0x40, 0x00, 0x40, 0x00, 0x00,
	0x00, 0x00, 0x00, 0x08, 0x00, 0x08, 0x00, 0x00, 0x00, 0x0A, 0xFF, 0xFA, 0x00, 0x00, 0x00, 0x00,
	0x00, 0x00, 0x00, 0x00, 0x00, 0x00, 0x00, 0x08, 0xFF, 0xBF, 0x00, 0x00, 0x00, 0x00, 0x00, 0x00,
	0xFF, 0xEE, 0x00, 0x00, 0x00, 0x00, 0xFF, 0xF6, 0xFF, 0xF6, 0xFF, 0xF6, 0x00, 0x00, 0x00, 0x00,
	0xFF, 0xDA, 0x00, 0x00, 0x00, 0x00, 0x00, 0x00, 0x00, 0x00, 0x00, 0x00, 0x00, 0x00, 0x00, 0x00,
	0xFF, 0xF6, 0x00, 0x00, 0x00, 0x00, 0x00, 0x00, 0x00, 0x00, 0x00, 0x00, 0x00, 0x00, 0x00, 0x00,
	0x00, 0x08, 0x00, 0x00, 0x00, 0x00, 0x00, 0x0C, 0xFF, 0xEF, 0x00, 0x00, 0xFF, 0xA8, 0x00, 0x00,
	0x00, 0x00, 0x00, 0x00, 0xFF, 0xD8, 0xFF, 0xDC, 0xFF, 0xF8, 0x00, 0x0A, 0xFF, 0xF6, 0x00, 0x05,
	0xFF, 0xEC, 0xFF, 0xF6, 0xFF, 0xF4, 0x00, 0x00, 0x00, 0x00, 0xFF, 0xEA, 0x00, 0x08, 0x00, 0x00,
	0x00, 0x08, 0x00, 0x00, 0x00, 0x00, 0x00, 0x00, 0x00, 0x00, 0xFF, 0xEC, 0x00, 0x08, 0xFF, 0xEF,
	0x00, 0x00, 0xFF, 0xF1, 0xFF, 0xEC, 0x00, 0x00, 0xFF, 0xEC, 0x00, 0x05, 0x00, 0x00, 0x00, 0x00,
	0x00, 0x00, 0x00, 0x00, 0x00, 0x00, 0x00, 0x00, 0x00, 0x00, 0x00, 0x00, 0x00, 0x00, 0x00, 0x00,
	0x00, 0x00, 0xFF, 0xEC, 0x00, 0x00, 0x00, 0x00, 0xFF, 0xF1, 0x00, 0x00, 0x00, 0x00, 0x00, 0x00,
	0x00, 0x00, 0x00, 0x00, 0x00, 0x0A, 0x00, 0x00, 0x00, 0x00, 0x00, 0x00, 0x00, 0x00, 0x00, 0x00,
	0x00, 0x00, 0xFF, 0xEC, 0x00, 0x00, 0x00, 0x0A, 0xFF, 0xF6, 0x00, 0x00, 0x00, 0x00, 0x00, 0x00,
	0x00, 0x0F, 0x00, 0x08, 0xFF, 0xE2, 0x00, 0x00, 0x00, 0x00, 0x00, 0x00, 0x00, 0x00, 0x00, 0x00,
	0xFF, 0xF5, 0xFF, 0xFE, 0xFF, 0xF6, 0x00, 0x00, 0xFF, 0xE2, 0x00, 0x00, 0x00, 0x00, 0x00, 0x00,
	0x00, 0x00, 0x00, 0x00, 0x00, 0x00, 0x00, 0x00, 0x00, 0x00, 0x00, 0x00, 0x00, 0x00, 0x00, 0x00,
	0x00, 0x00, 0x00, 0x00, 0x00, 0x00, 0x00, 0x00, 0xFF, 0xBC, 0x00, 0x00, 0x00, 0x00, 0x00, 0x00,
	0xFF, 0xED, 0x00, 0x00, 0x00, 0x00, 0x00, 0x00, 0x00, 0x00, 0x00, 0x00, 0x00, 0x00, 0x00, 0x00,
	0x00, 0x00, 0x00, 0x00, 0x00, 0x00, 0x00, 0x00, 0x00, 0x00, 0x00, 0x00, 0x00, 0x00, 0x00, 0x00,
	0x00, 0x00, 0x00, 0x00, 0x00, 0x00, 0x00, 0x00, 0x00, 0x00, 0x00, 0x00, 0x00, 0x00, 0x00, 0x00,
	0x00, 0x00, 0x00, 0x00, 0x00, 0x00, 0x00, 0x00, 0xFF, 0xF8, 0xFF, 0xF8, 0x00, 0x00, 0x00, 0x00,
	0x00, 0x00, 0x00, 0x00, 0x00, 0x1B, 0x00, 0x00, 0x00, 0x00, 0x00, 0x00, 0x00, 0x00, 0x00, 0x00,
	0x00, 0x00, 0x00, 0x00, 0x00, 0x00, 0x00, 0x00, 0x00, 0x00, 0x00, 0x00, 0x00, 0x00, 0x00, 0x00,
	0xFF, 0xFA, 0xFF, 0xEC, 0xFF, 0xF6, 0x00, 0x00, 0xFF, 0xF1, 0x00, 0x00, 0xFF, 0xF1, 0xFF, 0xC9,
	0x00, 0x00, 0xFF, 0xEF, 0x00, 0x67, 0xFF, 0xF5, 0xFF, 0x9E, 0x00, 0x00, 0x00, 0x00, 0x00, 0x00,
	0x00, 0x0A, 0x00, 0x0A, 0x00, 0x00, 0x00, 0x00, 0x00, 0x00, 0x00, 0x00, 0x00, 0x00, 0x00, 0x00,
	0xFF, 0xC2, 0x00, 0x0A, 0xFF, 0xEC, 0xFF, 0xEE, 0xFF, 0xEF, 0xFF, 0xEE, 0x00, 0x00, 0x00, 0x00,
	0xFF, 0xE0, 0x00, 0x00, 0xFF, 0xC2, 0x00, 0x00, 0x00, 0x00, 0x00, 0x00, 0x00, 0x00, 0x00, 0x00,
	0xFF, 0xF3, 0xFF, 0xFC, 0x00, 0x00, 0x00, 0x00, 0xFF, 0xF4, 0xFF, 0xF6, 0xFF, 0x86, 0x00, 0x00,
	0x00, 0x00, 0x00, 0x00, 0xFF, 0xCC, 0xFF, 0xD8, 0xFF, 0xE9, 0x00, 0x00, 0xFF, 0xF4, 0xFF, 0xDA,
	0x00, 0x0A, 0x00, 0x02, 0x00, 0x0A, 0x00, 0x08, 0x00, 0x0A, 0xFF, 0xE2, 0xFF, 0xF2, 0x00, 0x00,
	0x00, 0x00, 0x00, 0x00, 0x00, 0x00, 0x00, 0x00, 0x00, 0x00, 0x00, 0x00, 0x00, 0x00, 0x00, 0x00,
	0x00, 0x00, 0x00, 0x00, 0x00, 0x00, 0x00, 0x00, 0x00, 0x00, 0x00, 0x00, 0x00, 0x00, 0x00, 0x00,
	0x00, 0x00, 0x00, 0x00, 0x00, 0x00, 0x00, 0x00, 0x00, 0x00, 0x00, 0x00, 0x00, 0x00, 0x00, 0x00,
	0x00, 0x00, 0x00, 0x00, 0x00, 0x00, 0x00, 0x00, 0x00, 0x00, 0x00, 0x00, 0x00, 0x00, 0x00, 0x00,
	0x00, 0x00, 0x00, 0x00, 0x00, 0x00, 0x00, 0x00, 0x00, 0x00, 0x00, 0x00, 0x00, 0x00, 0x00, 0x00,
	0x00, 0x00, 0x00, 0x00, 0x00, 0x00, 0x00, 0x00, 0x00, 0x00, 0x00, 0x00, 0x00, 0x00, 0x00, 0x00,
	0x00, 0x00, 0x00, 0x00, 0x00, 0x00, 0x00, 0x00, 0x00, 0x00, 0x00, 0x00, 0x00, 0x00, 0x00, 0x00,
	0x00, 0x00, 0x00, 0x00, 0x00, 0x00, 0x00, 0x00, 0x00, 0x00, 0x00, 0x00, 0x00, 0x00, 0x00, 0x00,
	0x00, 0x08, 0x00, 0x00, 0x00, 0x00, 0x00, 0x00, 0x00, 0x00, 0xFF, 0xF6, 0x00, 0x00, 0x00, 0x00,
	0x00, 0x00, 0x00, 0x00, 0x00, 0x00, 0x00, 0x00, 0x00, 0x00, 0x00, 0x00, 0x00, 0x00, 0x00, 0x00,
	0x00, 0x00, 0x00, 0x00, 0x00, 0x00, 0x00, 0x00, 0x00, 0x00, 0x00, 0x00, 0x00, 0x00, 0x00, 0x00,
	0x00, 0x00, 0xFF, 0xF8, 0x00, 0x00, 0x00, 0x00, 0x00, 0x00, 0x00, 0x00, 0x00, 0x00, 0x00, 0x00,
	0x00, 0x08, 0x00, 0x00, 0x00, 0x00, 0x00, 0x00, 0x00, 0x00, 0x00, 0x00, 0x00, 0x00, 0x00, 0x08,
	0x00, 0x00, 0x00, 0x00, 0x00, 0x00, 0x00, 0x0A, 0x00, 0x00, 0x00, 0x14, 0x00, 0x00, 0x00, 0x00,
	0x00, 0x00, 0x00, 0x00, 0x00, 0x00, 0x00, 0x00, 0x00, 0x00, 0x00, 0x00, 0xFF, 0xF1, 0x00, 0x0C,
	0x00, 0x00, 0x00, 0x00, 0xFF, 0xF7, 0x00, 0x06, 0xFF, 0xF8, 0x00, 0x00, 0x00, 0x00, 0x00, 0x00,
	0x00, 0x00, 0x00, 0x08, 0x00, 0x00, 0x00, 0x00, 0x00, 0x00, 0xFF, 0xF1, 0x00, 0x00, 0x00, 0x00,
	0x00, 0x00, 0x00, 0x00, 0x00, 0x00, 0x00, 0x00, 0xFF, 0xD3, 0x00, 0x00, 0x00, 0x00, 0x00, 0x00,
	0x00, 0x00, 0x00, 0x00, 0x00, 0x00, 0x00, 0x00, 0xFF, 0xF8, 0x00, 0x00, 0x00, 0x00, 0x00, 0x00,
	0x00, 0x00, 0xFF, 0xE2, 0x00, 0x00, 0x00, 0x00, 0x00, 0x00, 0x00, 0x00, 0x00, 0x00, 0x00, 0x00,
	0x00, 0x00, 0x00, 0x00, 0x00, 0x00, 0x00, 0x00, 0x00, 0x00, 0x00, 0x00, 0x00, 0x00, 0x00, 0x08,
	0x00, 0x00, 0xFF, 0xF6, 0x00, 0x00, 0x00, 0x00, 0xFF, 0xF1, 0x00, 0x00, 0x00, 0x00, 0x00, 0x00,
	0x00, 0x00, 0x00, 0x00, 0xFF, 0xD8, 0x00, 0x00, 0xFF, 0xF1, 0x00, 0x00, 0xFF, 0xFE, 0x00, 0x00,
	0xFF, 0xE7, 0x00, 0x00, 0xFF, 0xE2, 0x00, 0x00, 0x00, 0x00, 0x00, 0x00, 0x00, 0x08, 0x00, 0x00,
	0x00, 0x00, 0xFF, 0xEF, 0xFF, 0xEC, 0x00, 0x00, 0xFF, 0xF1, 0xFF, 0xC9, 0x00, 0x00, 0x00, 0x2D,
	0x00, 0x0A, 0x00, 0x00, 0xFF, 0xC4, 0x00, 0x08, 0x00, 0x3C, 0x00, 0x05, 0x00, 0x00, 0x00, 0x00,
	0x00, 0x00, 0x00, 0x02, 0x00, 0x00, 0x00, 0x00, 0x00, 0x00, 0x00, 0x00, 0x00, 0x00, 0x00, 0x00,
	0x00, 0x1C, 0xFF, 0xCF, 0x00, 0x00, 0x00, 0x00, 0x00, 0x00, 0x00, 0x00, 0xFF, 0xE7, 0x00, 0x00,
	0x00, 0x14, 0x00, 0x00, 0x00, 0x14, 0x00, 0x00, 0x00, 0x05, 0x00, 0x05, 0x00, 0x08, 0x00, 0x00,
	0xFF, 0xD8, 0xFF, 0xEE, 0x00, 0x2D, 0x00, 0x19, 0x00, 0x30, 0x00, 0x4E, 0x00, 0x32, 0x00, 0x00,
	0x00, 0x00, 0x00, 0x00, 0x00, 0x23, 0x00, 0x2D, 0xFF, 0xDA, 0x00, 0x00, 0x00, 0x35, 0x00, 0x28,
	0x00, 0x12, 0x00, 0x1E, 0x00, 0x19, 0x00, 0x37, 0xFF, 0xF8, 0x00, 0x14, 0xFF, 0xFA, 0x00, 0x00,
	0xFF, 0xF6, 0x00, 0x00, 0x00, 0x08, 0x00, 0x00, 0xFF, 0xEF, 0xFF, 0xE0, 0x00, 0x00, 0x00, 0x14,
	0x00, 0x00, 0x00, 0x1E, 0xFF, 0x74, 0x00, 0x08, 0x00, 0x00, 0x00, 0x00, 0x00, 0x00, 0x00, 0x00,
	0x00, 0x0A, 0x00, 0x00, 0x00, 0x00, 0x00, 0x0C, 0x00, 0x12, 0x00, 0x12, 0x00, 0x00, 0x00, 0x00,
	0x00, 0x1E, 0xFF, 0xAB, 0x00, 0x14, 0x00, 0x12, 0x00, 0x1E, 0x00, 0x12, 0xFF, 0xF6, 0x00, 0x00,
	0x00, 0x14, 0x00, 0x00, 0x00, 0x1E, 0x00, 0x06, 0x00, 0x14, 0x00, 0x12, 0x00, 0x00, 0x00, 0x00,
	0xFF, 0xF2, 0xFF, 0xD5, 0x00, 0x23, 0x00, 0x1E, 0x00, 0x1C, 0x00, 0x30, 0x00, 0x26, 0x00, 0x00,
	0x00, 0x00, 0x00, 0x00, 0x00, 0x23, 0x00, 0x35, 0xFF, 0xC4, 0x00, 0x00, 0x00, 0x28, 0x00, 0x32,
	0x00, 0x02, 0x00, 0x14, 0x00, 0x14, 0x00, 0x28, 0xFF, 0xF6, 0x00, 0x00, 0xFF, 0xF6, 0x00, 0x00,
	0x00, 0x00, 0x00, 0x00, 0x00, 0x00, 0x00, 0x00, 0x00, 0x00, 0x00, 0x00, 0x00, 0x00, 0x00, 0x0A,
	0x00, 0x00, 0x00, 0x00, 0x00, 0x2D, 0x00, 0x00, 0xFF, 0xEF, 0x00, 0x00, 0x00, 0x00, 0x00, 0x00,
	0x00, 0x00, 0x00, 0x00, 0x00, 0x00, 0x00, 0x00, 0x00, 0x00, 0x00, 0x00, 0x00, 0x00, 0x00, 0x00,
	0x00, 0x00, 0x00, 0x00, 0x00, 0x00, 0x00, 0x00, 0x00, 0x00, 0x00, 0x00, 0x00, 0x00, 0x00, 0x00,
	0x00, 0x00, 0x00, 0x00, 0x00, 0x00, 0x00, 0x00, 0x00, 0x00, 0x00, 0x00, 0x00, 0x00, 0x00, 0x00,
	0x00, 0x00, 0x00, 0x00, 0x00, 0x00, 0x00, 0x0A, 0x00, 0x00, 0x00, 0x14, 0x00, 0x00, 0x00, 0x00,
	0x00, 0x00, 0x00, 0x00, 0xFF, 0xF6, 0x00, 0x00, 0x00, 0x00, 0x00, 0x00, 0x00, 0x08, 0x00, 0x14,
	0x00, 0x00, 0x00, 0x00, 0x00, 0x00, 0x00, 0x0A, 0x00, 0x0A, 0xFF, 0xD8, 0x00, 0x00, 0x00, 0x00,
	0x00, 0x00, 0x00, 0x00, 0x00, 0x00, 0x00, 0x00, 0xFF, 0xF3, 0xFF, 0xEF, 0x00, 0x00, 0x00, 0x00,
	0x00, 0x00, 0x00, 0x19, 0xFF, 0xC9, 0x00, 0x00, 0x00, 0x37, 0x00, 0x00, 0x00, 0x00, 0x00, 0x00,
	0x00, 0x0A, 0xFF, 0xFB, 0x00, 0x00, 0x00, 0x00, 0x00, 0x00, 0x00, 0x00, 0x00, 0x1E, 0x00, 0x00,
	0x00, 0x28, 0xFF, 0xE2, 0x00, 0x00, 0x00, 0x00, 0x00, 0x19, 0x00, 0x00, 0xFF, 0xF1, 0x00, 0x00,
	0x00, 0x1E, 0x00, 0x00, 0x00, 0x00, 0x00, 0x00, 0x00, 0x00, 0x00, 0x00, 0x00, 0x00, 0xFF, 0xFB,
	0xFF, 0xDA, 0xFF, 0xDA, 0x00, 0x23, 0x00, 0x26, 0x00, 0x26, 0x00, 0x41, 0x00, 0x26, 0x00, 0x00,
	0x00, 0x00, 0x00, 0x00, 0x00, 0x26, 0x00, 0x1E, 0xFF, 0xDD, 0x00, 0x0A, 0x00, 0x2D, 0x00, 0x29,
	0x00, 0x17, 0x00, 0x14, 0x00, 0x0F, 0x00, 0x26, 0x00, 0x00, 0x00, 0x00, 0xFF, 0xF8, 0x00, 0x00,
	0xFF, 0xBD, 0xFF, 0xEC, 0x00, 0x00, 0x00, 0x00, 0xFF, 0xBC, 0xFF, 0x9E, 0xFF, 0xEC, 0x00, 0x3C,
	0xFF, 0xF1, 0x00, 0x35, 0xFF, 0xBF, 0xFF, 0xEC, 0x00, 0x1E, 0x00, 0x1E, 0x00, 0x23, 0x00, 0x00,
	0xFF, 0xEC, 0xFF, 0xEA, 0xFF, 0xBF, 0xFF, 0xCB, 0xFF, 0xF8, 0xFF, 0xE9, 0xFF, 0xBC, 0xFF, 0xF6,
	0x00, 0x00, 0xFF, 0xB5, 0x00, 0x1E, 0x00, 0x08, 0x00, 0x37, 0x00, 0x1C, 0xFF, 0xDA, 0xFF, 0xE0,
	0x00, 0x00, 0x00, 0x00, 0x00, 0x30, 0x00, 0x00, 0xFF, 0xE9, 0xFF, 0xE9, 0x00, 0x00, 0xFF, 0xE2,
	0xFF, 0xBC, 0xFF, 0xB0, 0x00, 0x00, 0xFF, 0xE2, 0x00, 0x1E, 0x00, 0x00, 0x00, 0x00, 0x00, 0x00,
	0x00, 0x20, 0x00, 0x23, 0x00, 0x00, 0xFF, 0xE9, 0xFF, 0xC6, 0xFF, 0xEC, 0x00, 0x0F, 0x00, 0x00,
	0x00, 0x00, 0xFF, 0xE2, 0x00, 0x00, 0xFF, 0xEA, 0xFF, 0x83, 0x00, 0x28, 0xFF, 0xD8, 0x00, 0x00,
	0x00, 0x00, 0xFF, 0xEC, 0x00, 0x00, 0x00, 0x00, 0x00, 0x00, 0x00, 0x67, 0xFF, 0xEA, 0xFF, 0xC4,
	0x00, 0x2D, 0xFF, 0xC9, 0x00, 0x0F, 0xFF, 0xEC, 0xFF, 0xBF, 0x00, 0x23, 0x00, 0x23, 0x00, 0x00,
	0x00, 0x00, 0x00, 0x00, 0x00, 0x28, 0x00, 0x0B, 0x00, 0x00, 0x00, 0x17, 0x00, 0x00, 0x00, 0x00,
	0xFF, 0xF6, 0x00, 0x1E, 0xFF, 0xE2, 0xFF, 0xEC, 0xFF, 0xC9, 0xFF, 0xEC, 0x00, 0x12, 0x00, 0x00,
	0xFF, 0x74, 0x00, 0x00, 0xFF, 0xC4, 0x00, 0x00, 0x00, 0x17, 0x00, 0x17, 0x00, 0x00, 0x00, 0x16,
	0xFF, 0xF8, 0x00, 0x00, 0x00, 0x00, 0x00, 0x0C, 0xFF, 0xEC, 0x00, 0x00, 0xFF, 0xE2, 0x00, 0x00,
	0x00, 0x1E, 0x00, 0x28, 0xFF, 0xC4, 0xFF, 0xE9, 0x00, 0x0F, 0x00, 0x1E, 0xFF, 0xCE, 0xFF, 0xEE,
	0x00, 0x0A, 0x00, 0x20, 0x00, 0x0A, 0x00, 0x12, 0x00, 0x8C, 0x00, 0x00, 0x00, 0x00, 0x00, 0x00,
	0xFF, 0xF6, 0x00, 0x00, 0x00, 0x00, 0x00, 0x00, 0x00, 0x00, 0x00, 0x00, 0x00, 0x00, 0x00, 0x05,
	0x00, 0x00, 0x00, 0x00, 0x00, 0x23, 0x00, 0x00, 0x00, 0x1E, 0x00, 0x00, 0x00, 0x00, 0x00, 0x00,
	0x00, 0x00, 0x00, 0x00, 0x00, 0x00, 0x00, 0x00, 0x00, 0x00, 0x00, 0x00, 0x00, 0x00, 0x00, 0x00,
	0x00, 0x00, 0x00, 0x00, 0x00, 0x00, 0x00, 0x00, 0x00, 0x00, 0x00, 0x00, 0x00, 0x00, 0x00, 0x00,
	0x00, 0x00, 0x00, 0x00, 0x00, 0x00, 0x00, 0x00, 0x00, 0x00, 0x00, 0x00, 0x00, 0x00, 0x00, 0x00,
	0xFF, 0xF4, 0xFF, 0xF8, 0x00, 0x00, 0x00, 0x00, 0x00, 0x0F, 0x00, 0x07, 0x00, 0x00, 0x00, 0x00,
	0x00, 0x05, 0x00, 0x00, 0x00, 0x05, 0x00, 0x00, 0x00, 0x00, 0x00, 0x00, 0x00, 0x14, 0x00, 0x00,
	0x00, 0x00, 0x00, 0x00, 0x00, 0x00, 0x00, 0x00, 0x00, 0x19, 0x00, 0x0A, 0x00, 0x00, 0x00, 0x00,
	0x00, 0x00, 0x00, 0x00, 0x00, 0x00, 0x00, 0x00, 0x00, 0x00, 0x00, 0x00, 0x00, 0x00, 0x00, 0x00,
	0x00, 0x00, 0x00, 0x00, 0x00, 0x23, 0x00, 0x00, 0x00, 0x23, 0x00, 0x00, 0x00, 0x00, 0x00, 0x00,
	0x00, 0x00, 0x00, 0x00, 0x00, 0x05, 0x00, 0x00, 0x00, 0x00, 0x00, 0x00, 0x00, 0x00, 0x00, 0x00,
	0x00, 0x00, 0x00, 0x00, 0x00, 0x00, 0x00, 0x00, 0x00, 0x00, 0x00, 0x00, 0x00, 0x00, 0x00, 0x00,
	0x00, 0x00, 0x00, 0x00, 0x00, 0x00, 0x00, 0x00, 0x00, 0x00, 0x00, 0x00, 0x00, 0x00, 0x00, 0x00,
	0xFF, 0xEC, 0xFF, 0xF1, 0x00, 0x00, 0x00, 0x00, 0x00, 0x05, 0x00, 0x00, 0x00, 0x00, 0x00, 0x00,
	0x00, 0x05, 0x00, 0x00, 0x00, 0x00, 0x00, 0x00, 0x00, 0x00, 0x00, 0x00, 0x00, 0x05, 0x00, 0x00,
	0x00, 0x00, 0x00, 0x00, 0x00, 0x00, 0x00, 0x00, 0x00, 0x19, 0x00, 0x1E, 0x00, 0x00, 0x00, 0x00,
	0xFF, 0xF9, 0x00, 0x00, 0x00, 0x00, 0x00, 0x00, 0xFF, 0xF7, 0x00, 0x14, 0x00, 0x00, 0x00, 0x00,
	0x00, 0x06, 0x00, 0x11, 0x00, 0x00, 0xFF, 0xF8, 0xFF, 0xD0, 0xFF, 0xF5, 0x00, 0x00, 0x00, 0x14,
	0x00, 0x00, 0xFF, 0xFB, 0x00, 0x00, 0x00, 0x00, 0x00, 0x00, 0x00, 0x14, 0x00, 0x00, 0x00, 0x00,
	0x00, 0x00, 0xFF, 0xF8, 0x00, 0x00, 0x00, 0x00, 0x00, 0x16, 0x00, 0x00, 0xFF, 0xE7, 0x00, 0x00,
	0x00, 0x0C, 0xFF, 0xF8, 0x00, 0x10, 0x00, 0x00, 0x00, 0x00, 0x00, 0x00, 0x00, 0x00, 0x00, 0x00,
	0xFF, 0xE9, 0xFF, 0xF8, 0xFF, 0xF8, 0x00, 0x00, 0xFF, 0xE8, 0x00, 0x05, 0x00, 0x00, 0x00, 0x00,
	0xFF, 0xEB, 0x00, 0x00, 0xFF, 0xEE, 0x00, 0x00, 0x00, 0x00, 0xFF, 0xF5, 0xFF, 0xF1, 0x00, 0x0A,
	0xFF, 0xEE, 0xFF, 0xEE, 0xFF, 0xF8, 0x00, 0x00, 0x00, 0x00, 0x00, 0x00, 0xFF, 0xF6, 0x00, 0x00,
	0x00, 0x00, 0x00, 0x00, 0x00, 0x00, 0x00, 0x00, 0x00, 0x00, 0x00, 0x00, 0x00, 0x00, 0x00, 0x00,
	0x00, 0x00, 0x00, 0x00, 0x00, 0x00, 0x00, 0x00, 0x00, 0x00, 0x00, 0x00, 0x00, 0x00, 0x00, 0x00,
	0x00, 0x00, 0x00, 0x00, 0x00, 0x00, 0x00, 0x00, 0x00, 0x00, 0x00, 0x00, 0x00, 0x00, 0x00, 0x00,
	0x00, 0x00, 0x00, 0x00, 0x00, 0x00, 0x00, 0x00, 0x00, 0x00, 0x00, 0x00, 0x00, 0x00, 0x00, 0x00,
	0x00, 0x00, 0x00, 0x00, 0x00, 0x00, 0x00, 0x00, 0x00, 0x00, 0x00, 0x00, 0x00, 0x00, 0x00, 0x00,
	0x00, 0x00, 0x00, 0x00, 0x00, 0x00, 0x00, 0x00, 0x00, 0x00, 0x00, 0x00, 0x00, 0x00, 0x00, 0x00,
	0x00, 0x00, 0x00, 0x00, 0x00, 0x00, 0x00, 0x00, 0x00, 0x00, 0x00, 0x00, 0x00, 0x00, 0x00, 0x00,
	0x00, 0x00, 0x00, 0x00, 0x00, 0x00, 0x00, 0x00, 0x00, 0x00, 0x00, 0x00, 0x00, 0x00, 0x00, 0x00,
	0x00, 0x12, 0x00, 0x00, 0x00, 0x00, 0x00, 0x00, 0x00, 0x00, 0x00, 0x14, 0x00, 0x00, 0xFF, 0xE2,
	0xFF, 0xFB, 0xFF, 0xE7, 0x00, 0x00, 0x00, 0x00, 0xFF, 0xF6, 0x00, 0x00, 0x00, 0x00, 0x00, 0x00,
	0x00, 0x00, 0x00, 0x00, 0x00, 0x00, 0x00, 0x00, 0x00, 0x00, 0x00, 0x00, 0x00, 0x00, 0x00, 0x00,
	0x00, 0x00, 0xFF, 0xF6, 0x00, 0x00, 0x00, 0x00, 0xFF, 0xF6, 0x00, 0x00, 0x00, 0x00, 0x00, 0x00,
	0xFF, 0xEC, 0x00, 0x00, 0xFF, 0xF1, 0x00, 0x00, 0x00, 0x00, 0x00, 0x00, 0x00, 0x00, 0x00, 0x00,
	0x00, 0x0A, 0x00, 0x05, 0xFF, 0xF6, 0x00, 0x00, 0xFF, 0xF6, 0xFF, 0xF6, 0x00, 0x00, 0x00, 0x00,
	0x00, 0x00, 0x00, 0x00, 0xFF, 0xEC, 0x00, 0x00, 0x00, 0x00, 0x00, 0x00, 0xFF, 0xF6, 0xFF, 0xED,
	0xFF, 0xF8, 0xFF, 0xE7, 0x00, 0x00, 0xFF, 0xF6, 0xFF, 0xEC, 0x00, 0x00, 0x00, 0x00, 0x00, 0x00,
	0x00, 0x00, 0x00, 0x00, 0x00, 0x00, 0x00, 0x00, 0x00, 0x00, 0x00, 0x0A, 0x00, 0x00, 0x00, 0x02,
	0x00, 0x00, 0xFF, 0xFB, 0x00, 0x00, 0x00, 0x00, 0xFF, 0xE2, 0x00, 0x00, 0x00, 0x00, 0x00, 0x00,
	0x00, 0x00, 0x00, 0x00, 0x00, 0x00, 0x00, 0x00, 0x00, 0x00, 0x00, 0x00, 0x00, 0x00, 0x00, 0x00,
	0xFF, 0xF6, 0xFF, 0xEC, 0x00, 0x00, 0x00, 0x00, 0x00, 0x00, 0x00, 0x00, 0x00, 0x00, 0x00, 0x00,
	0x00, 0x08, 0x00, 0x00, 0x00, 0x00, 0x00, 0x00, 0x00, 0x00, 0x00, 0x00, 0x00, 0x00, 0x00, 0x00,
	0x00, 0x00, 0x00, 0x00, 0x00, 0x00, 0x00, 0x00, 0x00, 0x00, 0x00, 0x00, 0x00, 0x00, 0x00, 0x00,
	0x00, 0x00, 0x00, 0x00, 0xFF, 0xF6, 0x00, 0x00, 0x00, 0x00, 0x00, 0x0A, 0x00, 0x00, 0x00, 0x00,
	0x00, 0x00, 0x00, 0x00, 0x00, 0x00, 0x00, 0x00, 0x00, 0x00, 0xFF, 0xF6, 0x00, 0x00, 0x00, 0x00,
	0x00, 0x00, 0x00, 0x00, 0x00, 0x00, 0x00, 0x00, 0x00, 0x00, 0x00, 0x00, 0x00, 0x00, 0x00, 0x00,
	0x00, 0x00, 0x00, 0x00, 0x00, 0x28, 0x00, 0x00, 0xFF, 0xC9, 0x00, 0x00, 0x00, 0x05, 0x00, 0x00,
	0x00, 0x00, 0x00, 0x00, 0x00, 0x00, 0x00, 0x00, 0x00, 0x00, 0x00, 0x00, 0x00, 0x00, 0x00, 0x00,
	0x00, 0x00, 0x00, 0x00, 0x00, 0x00, 0x00, 0x00, 0x00, 0x00, 0x00, 0x00, 0x00, 0x00, 0x00, 0x00,
	0x00, 0x00, 0x00, 0x00, 0x00, 0x00, 0x00, 0x00, 0x00, 0x00, 0x00, 0x00, 0x00, 0x00, 0x00, 0x00,
	0x00, 0x00, 0x00, 0x14, 0x00, 0x00, 0x00, 0x00, 0xFF, 0xEC, 0x00, 0x0A, 0x00, 0x00, 0x00, 0x00,
	0x00, 0x00, 0x00, 0x00, 0x00, 0x00, 0x00, 0x00, 0x00, 0x00, 0x00, 0x00, 0x00, 0x00, 0x00, 0x00,
	0x00, 0x00, 0x00, 0x00, 0x00, 0x00, 0x00, 0x00, 0x00, 0x07, 0xFF, 0xEC, 0x00, 0x00, 0x00, 0x00,
	0xFF, 0xF6, 0x00, 0x00, 0x00, 0x00, 0x00, 0x00, 0x00, 0x00, 0x00, 0x00, 0x00, 0x00, 0x00, 0x00,
	0x00, 0x00, 0x00, 0x00, 0x00, 0x0B, 0x00, 0x00, 0xFF, 0xC6, 0x00, 0x00, 0x00, 0x00, 0x00, 0x00,
	0x00, 0x00, 0x00, 0x00, 0x00, 0x00, 0x00, 0x00, 0x00, 0x00, 0x00, 0x00, 0x00, 0x00, 0x00, 0x00,
	0x00, 0x00, 0x00, 0x08, 0x00, 0x00, 0x00, 0x00, 0x00, 0x00, 0x00, 0x00, 0x00, 0x00, 0x00, 0x00,
	0x00, 0x0C, 0x00, 0x00, 0x00, 0x00, 0x00, 0x00, 0x00, 0x00, 0x00, 0x00, 0x00, 0x08, 0x00, 0x00,
	0x00, 0x08, 0x00, 0x00, 0x00, 0x00, 0x00, 0x00, 0x00, 0x00, 0x00, 0x00, 0x00, 0x00, 0x00, 0x00,
	0x00, 0x00, 0x00, 0x00, 0xFF, 0xF6, 0x00, 0x05, 0x00, 0x00, 0x00, 0x00, 0x00, 0x00, 0x00, 0x00,
	0x00, 0x00, 0xFF, 0xF6, 0x00, 0x00, 0x00, 0x0A, 0x00, 0x0A, 0x00, 0x00, 0x00, 0x00, 0x00, 0x00,
	0xFF, 0xF6, 0x00, 0x00, 0x00, 0x00, 0x00, 0x00, 0x00, 0x00, 0x00, 0x00, 0xFF, 0xF8, 0x00, 0x00,
	0x00, 0x00, 0x00, 0x00, 0x00, 0x00, 0x00, 0x00, 0xFF, 0xF6, 0x00, 0x00, 0x00, 0x00, 0x00, 0x00,
	0x00, 0x00, 0x00, 0x00, 0x00, 0x00, 0x00, 0x00, 0x00, 0x00, 0x00, 0x00, 0x00, 0x00, 0x00, 0x00,
	0x00, 0x00, 0x00, 0x00, 0x00, 0x00, 0x00, 0x00, 0x00, 0x00, 0x00, 0x00, 0x00, 0x00, 0x00, 0x00,
	0x00, 0x12, 0x00, 0x00, 0x00, 0x00, 0x00, 0x00, 0x00, 0x00, 0x00, 0x00, 0x00, 0x00, 0x00, 0x00,
	0x00, 0x00, 0x00, 0x00, 0x00, 0x00, 0x00, 0x00, 0x00, 0x00, 0x00, 0x00, 0x00, 0x00, 0x00, 0x00,
	0x00, 0x00, 0x00, 0x00, 0x00, 0x00, 0x00, 0x00, 0x00, 0x00, 0x00, 0x00, 0x00, 0x00, 0x00, 0x00,
	0x00, 0x00, 0x00, 0x00, 0x00, 0x00, 0x00, 0x00, 0x00, 0x08, 0xFF, 0xF1, 0x00, 0x00, 0x00, 0x00,
	0xFF, 0xF6, 0x00, 0x00, 0x00, 0x00, 0x00, 0x00, 0x00, 0x00, 0x00, 0x00, 0x00, 0x00, 0x00, 0x00,
	0x00, 0x00, 0x00, 0x00, 0x00, 0x17, 0x00, 0x00, 0xFF, 0xE9, 0x00, 0x00, 0x00, 0x00, 0x00, 0x00,
	0x00, 0x00, 0x00, 0x00, 0x00, 0x00, 0x00, 0x00, 0x00, 0x00, 0x00, 0x00, 0x00, 0x00, 0x00, 0x00,
	0x00, 0x00, 0x00, 0x00, 0x00, 0x00, 0x00, 0x00, 0x00, 0x00, 0x00, 0x00, 0x00, 0x00, 0x00, 0x00,
	0x00, 0x12, 0x00, 0x00, 0x00, 0x00, 0x00, 0x00, 0x00, 0x0A, 0x00, 0x0A, 0x00, 0x00, 0x00, 0x00,
	0x00, 0x00, 0x00, 0x00, 0x00, 0x00, 0x00, 0x00, 0x00, 0x00, 0x00, 0x00, 0x00, 0x00, 0x00, 0x00,
	0x00, 0x00, 0x00, 0x00, 0xFF, 0xDA, 0x00, 0x0A, 0x00, 0x00, 0x00, 0x00, 0x00, 0x00, 0x00, 0x00,
	0x00, 0x00, 0x00, 0x00, 0x00, 0x00, 0x00, 0x00, 0x00, 0x00, 0xFF, 0xEC, 0x00, 0x00, 0x00, 0x00,
	0xFF, 0xE2, 0xFF, 0xF2, 0x00, 0x00, 0x00, 0x00, 0xFF, 0xE2, 0x00, 0x00, 0xFF, 0xF6, 0x00, 0x00,
	0xFF, 0xE2, 0x00, 0x00, 0x00, 0x0B, 0xFF, 0xDA, 0x00, 0x12, 0x00, 0x00, 0x00, 0x00, 0xFF, 0xEC,
	0xFF, 0xF6, 0xFF, 0xDE, 0xFF, 0xE7, 0xFF, 0xF4, 0xFF, 0xE4, 0xFF, 0xF1, 0xFF, 0xEC, 0x00, 0x00,
	0x00, 0x00, 0xFF, 0xE9, 0x00, 0x00, 0x00, 0x00, 0x00, 0x00, 0x00, 0x00, 0xFF, 0xD8, 0x00, 0x00,
	0x00, 0x1E, 0x00, 0x00, 0x00, 0x00, 0x00, 0x00, 0x00, 0x00, 0x00, 0x00, 0xFF, 0xF4, 0xFF, 0xEC,
	0xFF, 0xDA, 0xFF, 0xC5, 0xFF, 0xEC, 0xFF, 0xDD, 0x00, 0x12, 0x00, 0x00, 0x00, 0x0F, 0x00, 0x00,
	0x00, 0x00, 0x00, 0x00, 0x00, 0x00, 0x00, 0x00, 0x00, 0x00, 0xFF, 0xF6, 0x00, 0x08, 0xFF, 0xEE,
	0xFF, 0xF6, 0xFF, 0xE3, 0xFF, 0xF6, 0xFF, 0xF1, 0x00, 0x12, 0x00, 0x00, 0xFF, 0xDE, 0x00, 0x00,
	0x00, 0x00, 0x00, 0x00, 0x00, 0x00, 0x00, 0x00, 0x00, 0x00, 0x00, 0x00, 0x00, 0x00, 0x00, 0x00,
	0x00, 0x00, 0x00, 0x00, 0x00, 0x00, 0x00, 0x00, 0x00, 0x00, 0x00, 0x00, 0x00, 0x00, 0x00, 0x00,
	0x00, 0x00, 0x00, 0x00, 0x00, 0x00, 0x00, 0x00, 0x00, 0x00, 0x00, 0x00, 0x00, 0x00, 0x00, 0x00,
	0x00, 0x00, 0x00, 0x00, 0x00, 0x00, 0x00, 0x00, 0x00, 0x00, 0x00, 0x00, 0x00, 0x00, 0x00, 0x00,
	0x00, 0x00, 0x00, 0x00, 0x00, 0x00, 0x00, 0x00, 0x00, 0x00, 0x00, 0x00, 0x00, 0x00, 0x00, 0x00,
	0x00, 0x00, 0x00, 0x00, 0x00, 0x00, 0x00, 0x00, 0x00, 0x00, 0x00, 0x00, 0x00, 0x00, 0x00, 0x00,
	0x00, 0x00, 0x00, 0x00, 0x00, 0x00, 0x00, 0x00, 0x00, 0x00, 0x00, 0x00, 0x00, 0x00, 0x00, 0x00,
	0x00, 0x00, 0x00, 0x00, 0x00, 0x00, 0x00, 0x00, 0x00, 0x00, 0x00, 0x00, 0x00, 0x00, 0x00, 0x00,
	0x00, 0x08, 0x00, 0x00, 0x00, 0x00, 0x00, 0x00, 0x00, 0x00, 0xFF, 0xF5, 0x00, 0x00, 0x00, 0x08,
	0x00, 0x00, 0x00, 0x00, 0xFF, 0xEC, 0x00, 0x00, 0xFF, 0xEC, 0x00, 0x00, 0x00, 0x00, 0x00, 0x00,
	0x00, 0x00, 0x00, 0x00, 0x00, 0x00, 0x00, 0x00, 0x00, 0x00, 0x00, 0x00, 0x00, 0x00, 0x00, 0x00,
	0x00, 0x00, 0xFF, 0xE2, 0x00, 0x00, 0x00, 0x00, 0x00, 0x00, 0x00, 0x00, 0x00, 0x00, 0x00, 0x00,
	0x00, 0x08, 0x00, 0x00, 0x00, 0x02, 0x00, 0x00, 0x00, 0x00, 0x00, 0x00, 0x00, 0x00, 0x00, 0x00,
	0x00, 0x00, 0x00, 0x00, 0x00, 0x00, 0x00, 0x00, 0x00, 0x00, 0x00, 0x00, 0x00, 0x00, 0x00, 0x00,
	0x00, 0x00, 0x00, 0x00, 0xFF, 0xEC, 0x00, 0x00, 0x00, 0x00, 0x00, 0x00, 0xFF, 0xF8, 0x00, 0x00,
	0xFF, 0xF6, 0x00, 0x00, 0x00, 0x00, 0x00, 0x00, 0xFF, 0xEC, 0xFF, 0xF5, 0x00, 0x00, 0x00, 0x00,
	0x00, 0x14, 0x00, 0x00, 0x00, 0x00, 0x00, 0x00, 0x00, 0x16, 0x00, 0x1E, 0x00, 0x00, 0xFF, 0xE4,
	0x00, 0x00, 0xFF, 0xEC, 0x00, 0x00, 0x00, 0x00, 0xFF, 0xDA, 0x00, 0x00, 0x00, 0x00, 0x00, 0x00,
	0x00, 0x00, 0x00, 0x14, 0x00, 0x00, 0x00, 0x00, 0x00, 0x00, 0x00, 0x00, 0x00, 0x00, 0x00, 0x00,
	0xFF, 0x89, 0x00, 0x00, 0x00, 0x00, 0x00, 0x00, 0xFF, 0xEC, 0x00, 0x00, 0x00, 0x00, 0x00, 0x1B,
	0xFF, 0xCE, 0x00, 0x00, 0xFF, 0xE4, 0x00, 0x00, 0x00, 0x00, 0x00, 0x00, 0x00, 0x14, 0x00, 0x00,
	0x00, 0x22, 0x00, 0x1E, 0x00, 0x00, 0x00, 0x0A, 0xFF, 0xEC, 0xFF, 0xEC, 0x00, 0x00, 0x00, 0x00,
	0xFF, 0xEC, 0x00, 0x00, 0xFF, 0xC6, 0xFF, 0xE2, 0x00, 0x00, 0x00, 0x00, 0xFF, 0xEE, 0xFF, 0xF8,
	0x00, 0x0A, 0xFF, 0xF5, 0x00, 0x0A, 0x00, 0x08, 0x00, 0x00, 0x00, 0x00, 0x00, 0x0A, 0x00, 0x00,
	0x00, 0x00, 0x00, 0x00, 0x00, 0x00, 0x00, 0x55, 0x00, 0x00, 0x00, 0x00, 0x00, 0x00, 0x00, 0x00,
	0x00, 0x00, 0x00, 0x00, 0x00, 0x00, 0x00, 0x00, 0x00, 0x00, 0x00, 0x00, 0x00, 0x00, 0x00, 0x00,
	0x00, 0x00, 0x00, 0x00, 0x00, 0x00, 0x00, 0x00, 0x00, 0x00, 0x00, 0x00, 0x00, 0x00, 0x00, 0x00,
	0x00, 0x00, 0x00, 0x00, 0x00, 0x00, 0x00, 0x00, 0x00, 0x00, 0x00, 0x00, 0x00, 0x00, 0x00, 0x00,
	0x00, 0x00, 0x00, 0x00, 0x00, 0x00, 0x00, 0x00, 0x00, 0x00, 0x00, 0x00, 0x00, 0x00, 0x00, 0x00,
	0x00, 0x00, 0x00, 0x00, 0x00, 0x00, 0x00, 0x00, 0x00, 0x00, 0x00, 0x00, 0x00, 0x00, 0x00, 0x00,
	0x00, 0x00, 0x00, 0x00, 0x00, 0x00, 0x00, 0x00, 0x00, 0x00, 0x00, 0x00, 0x00, 0x00, 0x00, 0x00,
	0x00, 0x00, 0x00, 0x00, 0x00, 0x00, 0x00, 0x00, 0x00, 0x00, 0x00, 0x00, 0x00, 0x00, 0x00, 0x00,
	0xFF, 0xD8, 0xFF, 0xCC, 0xFF, 0xE9, 0x00, 0x00, 0xFF, 0xDF, 0x00, 0x00, 0xFF, 0xF6, 0xFF, 0xE2,
	0x00, 0x00, 0xFF, 0xEA, 0x00, 0x28, 0xFF, 0xD3, 0xFF, 0x9E, 0x00, 0x05, 0x00, 0x05, 0x00, 0x00,
	0x00, 0x00, 0xFF, 0xD6, 0x00, 0x00, 0xFF, 0xF6, 0xFF, 0xF4, 0xFF, 0xDA, 0xFF, 0xF1, 0x00, 0x05,
	0xFF, 0xC4, 0xFF, 0xE2, 0x00, 0x00, 0x00, 0x00, 0xFF, 0xEC, 0x00, 0x00, 0xFF, 0xEE, 0x00, 0x00,
	0xFF, 0xAE, 0x00, 0x00, 0xFF, 0xC9, 0x00, 0x00, 0x00, 0x00, 0x00, 0x00, 0x00, 0x00, 0x00, 0x00,
	0xFF, 0xD6, 0x00, 0x00, 0x00, 0x00, 0x00, 0x00, 0xFF, 0xD6, 0xFF, 0xE2, 0xFF, 0xA9, 0x00, 0x00,
	0x00, 0x00, 0x00, 0x00, 0xFF, 0x7C, 0x00, 0x00, 0x00, 0x00, 0x00, 0x00, 0xFF, 0xD6, 0xFF, 0xEA,
	0x00, 0x00, 0x00, 0x14, 0x00, 0x00, 0x00, 0x00, 0x00, 0x32, 0xFF, 0xCE, 0xFF, 0xE0, 0x00, 0x00,
	0x00, 0x00, 0x00, 0x00, 0x00, 0x00, 0x00, 0x00, 0x00, 0x00, 0xFF, 0xEC, 0x00, 0x00, 0x00, 0x00,
	0x00, 0x00, 0x00, 0x00, 0xFF, 0xEC, 0x00, 0x00, 0x00, 0x1E, 0x00, 0x00, 0x00, 0x00, 0x00, 0x00,
	0x00, 0x00, 0x00, 0x00, 0x00, 0x00, 0x00, 0x00, 0x00, 0x00, 0x00, 0x00, 0x00, 0x00, 0x00, 0x00,
	0x00, 0x00, 0x00, 0x00, 0x00, 0x1E, 0x00, 0x00, 0x00, 0x00, 0x00, 0x00, 0x00, 0x00, 0x00, 0x00,
	0x00, 0x14, 0x00, 0x00, 0x00, 0x00, 0x00, 0x00, 0x00, 0x00, 0x00, 0x00, 0x00, 0x00, 0x00, 0x00,
	0x00, 0x00, 0x00, 0x00, 0x00, 0x00, 0x00, 0x00, 0x00, 0x00, 0x00, 0x00, 0x00, 0x1E, 0x00, 0x00,
	0x00, 0x00, 0x00, 0x00, 0x00, 0x00, 0x00, 0x1E, 0xFF, 0xDD, 0x00, 0x00, 0x00, 0x00, 0x00, 0x00,
	0x00, 0x00, 0x00, 0x00, 0x00, 0x00, 0x00, 0x00, 0x00, 0x00, 0x00, 0x00, 0x00, 0x00, 0x00, 0x00,
	0x00, 0x00, 0x00, 0x00, 0x00, 0x00, 0x00, 0x00, 0x00, 0x00, 0xFF, 0xEC, 0x00, 0x00, 0x00, 0x00,
	0x00, 0x00, 0x00, 0x00, 0xFF, 0xF8, 0x00, 0x00, 0x00, 0x1C, 0x00, 0x00, 0x00, 0x00, 0x00, 0x00,
	0x00, 0x00, 0x00, 0x00, 0x00, 0x00, 0x00, 0x00, 0x00, 0x00, 0x00, 0x00, 0x00, 0x00, 0x00, 0x00,
	0x00, 0x00, 0x00, 0x00, 0x00, 0x00, 0x00, 0x00, 0x00, 0x00, 0x00, 0x00, 0x00, 0x00, 0x00, 0x00,
	0x00, 0x12, 0x00, 0x00, 0x00, 0x00, 0x00, 0x00, 0x00, 0x00, 0x00, 0x00, 0x00, 0x00, 0x00, 0x00,
	0x00, 0x00, 0x00, 0x00, 0x00, 0x00, 0x00, 0x00, 0x00, 0x00, 0x00, 0x00, 0x00, 0x1E, 0x00, 0x00,
	0x00, 0x00, 0x00, 0x00, 0x00, 0x00, 0x00, 0x17, 0xFF, 0xDF, 0x00, 0x00, 0x00, 0x00, 0x00, 0x00,
	0x00, 0x00, 0x00, 0x00, 0x00, 0x00, 0x00, 0x00, 0x00, 0x00, 0x00, 0x00, 0x00, 0x00, 0x00, 0x00,
	0x00, 0x00, 0x00, 0x00, 0x00, 0x00, 0x00, 0x00, 0xFF, 0xE4, 0xFF, 0xEF, 0x00, 0x00, 0x00, 0x00,
	0x00, 0x00, 0x00, 0x19, 0xFF, 0xC9, 0x00, 0x00, 0x00, 0x37, 0x00, 0x00, 0x00, 0x00, 0x00, 0x00,
	0x00, 0x0A, 0x00, 0x00, 0x00, 0x00, 0x00, 0x00, 0x00, 0x00, 0x00, 0x00, 0x00, 0x00, 0x00, 0x00,
	0x00, 0x28, 0xFF, 0xE2, 0x00, 0x00, 0x00, 0x00, 0x00, 0x19, 0x00, 0x00, 0xFF, 0xF1, 0x00, 0x00,
	0x00, 0x1E, 0x00, 0x00, 0x00, 0x00, 0x00, 0x00, 0x00, 0x00, 0x00, 0x00, 0x00, 0x00, 0x00, 0x00,
	0xFF, 0xC8, 0xFF, 0xD0, 0x00, 0x0A, 0x00, 0x00, 0x00, 0x30, 0x00, 0x30, 0x00, 0x26, 0x00, 0x00,
	0x00, 0x00, 0x00, 0x00, 0x00, 0x26, 0x00, 0x1E, 0xFF, 0xDD, 0x00, 0x0A, 0x00, 0x1C, 0x00, 0x14,
	0x00, 0x12, 0x00, 0x0A, 0x00, 0x14, 0x00, 0x0A, 0x00, 0x00, 0x00, 0x05, 0xFF, 0xF6, 0x00, 0x00,
	0x00, 0x00, 0x00, 0x00, 0x00, 0x00, 0x00, 0x00, 0x00, 0x00, 0xFF, 0xEC, 0x00, 0x00, 0x00, 0x00,
	0x00, 0x00, 0x00, 0x00, 0xFF, 0xE4, 0x00, 0x00, 0x00, 0x1C, 0x00, 0x00, 0x00, 0x00, 0x00, 0x00,
	0x00, 0x00, 0x00, 0x00, 0x00, 0x00, 0x00, 0x00, 0x00, 0x00, 0x00, 0x00, 0x00, 0x00, 0x00, 0x00,
	0x00, 0x00, 0x00, 0x00, 0x00, 0x00, 0x00, 0x00, 0x00, 0x00, 0x00, 0x00, 0x00, 0x00, 0x00, 0x00,
	0x00, 0x12, 0x00, 0x00, 0x00, 0x00, 0x00, 0x00, 0x00, 0x00, 0x00, 0x00, 0x00, 0x00, 0x00, 0x00,
	0x00, 0x00, 0x00, 0x00, 0x00, 0x00, 0x00, 0x00, 0x00, 0x00, 0x00, 0x00, 0x00, 0x1E, 0x00, 0x00,
	0x00, 0x00, 0x00, 0x00, 0x00, 0x00, 0x00, 0x1E, 0xFF, 0xDF, 0x00, 0x00, 0x00, 0x00, 0x00, 0x00,
	0x00, 0x00, 0x00, 0x00, 0x00, 0x00, 0x00, 0x00, 0x00, 0x00, 0x00, 0x00, 0x00, 0x00, 0x00, 0x00,
	0x00, 0x05, 0x00, 0x00, 0x00, 0x0A, 0x00, 0x00, 0x00, 0x09, 0x00, 0x0A, 0x00, 0x00, 0xFF, 0xF8,
	0x00, 0x00, 0xFF, 0xF6, 0x00, 0x0A, 0x00, 0x00, 0x00, 0x00, 0x00, 0x00, 0x00, 0x00, 0x00, 0x00,
	0x00, 0x00, 0x00, 0x00, 0x00, 0x00, 0x00, 0x00, 0x00, 0x00, 0x00, 0x00, 0x00, 0x00, 0x00, 0x00,
	0xFF, 0xEC, 0x00, 0x00, 0x00, 0x00, 0x00, 0x00, 0x00, 0x00, 0x00, 0x00, 0x00, 0x0A, 0x00, 0x00,
	0xFF, 0xF1, 0x00, 0x00, 0xFF, 0xEB, 0x00, 0x00, 0x00, 0x00, 0x00, 0x00, 0x00, 0x00, 0x00, 0x00,
	0x00, 0x00, 0x00, 0x00, 0x00, 0x00, 0x00, 0x00, 0x00, 0x00, 0xFF, 0xFE, 0x00, 0x00, 0x00, 0x00,
	0x00, 0x00, 0x00, 0x00, 0x00, 0x00, 0x00, 0x00, 0x00, 0x00, 0x00, 0x14, 0xFF, 0xF8, 0xFF, 0xF8,
	0x00, 0x00, 0xFF, 0xF8, 0x00, 0x00, 0x00, 0x00, 0x00, 0x00, 0x00, 0x00, 0x00, 0x00, 0x00, 0x00,
	0x00, 0x00, 0x00, 0x00, 0x00, 0x00, 0x00, 0x00, 0x00, 0x00, 0x00, 0x04, 0x00, 0x00, 0xFF, 0xCB,
	0xFF, 0xFA, 0xFF, 0xDD, 0x00, 0x2B, 0x00, 0x00, 0xFF, 0xB0, 0xFF, 0xFB, 0x00, 0x00, 0x00, 0x00,
	0x00, 0x00, 0x00, 0x00, 0xFF, 0xF6, 0x00, 0x00, 0xFF, 0xF6, 0xFF, 0xF4, 0x00, 0x00, 0x00, 0x00,
	0xFF, 0xD8, 0x00, 0x00, 0x00, 0x00, 0x00, 0x00, 0xFF, 0xE2, 0x00, 0x00, 0xFF, 0xF8, 0x00, 0x00,
	0xFF, 0xE2, 0x00, 0x00, 0xFF, 0xDB, 0xFF, 0xF5, 0x00, 0x00, 0x00, 0x00, 0x00, 0x00, 0x00, 0x00,
	0x00, 0x00, 0x00, 0x00, 0x00, 0x00, 0x00, 0x00, 0xFF, 0xE2, 0xFF, 0xEC, 0xFF, 0xD8, 0x00, 0x00,
	0x00, 0x00, 0x00, 0x00, 0xFF, 0xB2, 0xFF, 0xD8, 0xFF, 0xF6, 0x00, 0x00, 0xFF, 0xEE, 0xFF, 0xF1,
	0x00, 0x00, 0xFF, 0xF1, 0xFF, 0xFB, 0x00, 0x0F, 0x00, 0x2D, 0x00, 0x00, 0x00, 0x00, 0x00, 0x00,
	0x00, 0x00, 0x00, 0x00, 0x00, 0x00, 0x00, 0x00, 0x00, 0x00, 0x00, 0x08, 0x00, 0x00, 0xFF, 0xE2,
	0x00, 0x00, 0xFF, 0xEC, 0x00, 0x26, 0x00, 0x00, 0xFF, 0xBA, 0x00, 0x00, 0x00, 0x00, 0x00, 0x00,
	0x00, 0x00, 0x00, 0x00, 0x00, 0x00, 0x00, 0x00, 0x00, 0x00, 0x00, 0x00, 0x00, 0x00, 0x00, 0x00,
	0xFF, 0xDA, 0x00, 0x00, 0x00, 0x00, 0x00, 0x00, 0xFF, 0xF1, 0x00, 0x00, 0x00, 0x00, 0x00, 0x00,
	0xFF, 0xEA, 0x00, 0x00, 0x00, 0x00, 0x00, 0x00, 0x00, 0x00, 0x00, 0x00, 0x00, 0x00, 0x00, 0x00,
	0x00, 0x00, 0x00, 0x00, 0x00, 0x00, 0x00, 0x00, 0x00, 0x00, 0x00, 0x00, 0xFF, 0xC7, 0x00, 0x00,
	0x00, 0x00, 0x00, 0x00, 0xFF, 0xEC, 0xFF, 0xF1, 0x00, 0x00, 0x00, 0x00, 0x00, 0x00, 0x00, 0x00,
	0x00, 0x00, 0x00, 0x00, 0x00, 0x00, 0x00, 0x00, 0x00, 0x26, 0x00, 0x00, 0x00, 0x00, 0x00, 0x00,
	0x00, 0x00, 0x00, 0x00, 0x00, 0x00, 0x00, 0x00, 0x00, 0x00, 0x00, 0x00, 0x00, 0x00, 0x00, 0x00,
	0x00, 0x00, 0x00, 0x00, 0x00, 0x00, 0x00, 0x00, 0x00, 0x00, 0x00, 0x00, 0x00, 0x00, 0x00, 0x00,
	0x00, 0x00, 0x00, 0x00, 0x00, 0x00, 0x00, 0x00, 0x00, 0x00, 0x00, 0x00, 0x00, 0x00, 0x00, 0x00,
	0x00, 0x00, 0x00, 0x00, 0x00, 0x00, 0x00, 0x00, 0x00, 0x00, 0x00, 0x00, 0x00, 0x00, 0x00, 0x00,
	0x00, 0x00, 0x00, 0x00, 0x00, 0x00, 0x00, 0x00, 0x00, 0x00, 0x00, 0x00, 0x00, 0x00, 0x00, 0x00,
	0x00, 0x00, 0x00, 0x00, 0x00, 0x00, 0x00, 0x00, 0x00, 0x00, 0x00, 0x00, 0x00, 0x00, 0x00, 0x00,
	0x00, 0x00, 0x00, 0x00, 0x00, 0x00, 0x00, 0x00, 0x00, 0x00, 0x00, 0x00, 0x00, 0x00, 0x00, 0x00,
	0x00, 0x00, 0x00, 0x00, 0x00, 0x00, 0x00, 0x00, 0x00, 0x00, 0x00, 0x00, 0x00, 0x00, 0x00, 0x00,
	0x00, 0x00, 0x00, 0x0A, 0x00, 0x00, 0x00, 0x00, 0xFF, 0xF0, 0xFF, 0xC2, 0x00, 0x00, 0x00, 0x14,
	0x00, 0x00, 0x00, 0x00, 0xFF, 0xC6, 0x00, 0x02, 0x00, 0x34, 0x00, 0x00, 0x00, 0x00, 0x00, 0x00,
	0x00, 0x14, 0x00, 0x00, 0x00, 0x00, 0x00, 0x00, 0x00, 0x00, 0x00, 0x00, 0x00, 0x00, 0x00, 0x00,
	0x00, 0x16, 0xFF, 0xBF, 0x00, 0x00, 0x00, 0x00, 0x00, 0x00, 0x00, 0x00, 0x00, 0x00, 0x00, 0x00,
	0x00, 0x1E, 0x00, 0x00, 0x00, 0x00, 0x00, 0x00, 0x00, 0x00, 0x00, 0x00, 0x00, 0x08, 0x00, 0x00,
	0xFF, 0xD8, 0xFF, 0xC4, 0x00, 0x26, 0x00, 0x05, 0x00, 0x2A, 0x00, 0x3C, 0x00, 0x00, 0x00, 0x00,
	0x00, 0x00, 0x00, 0x00, 0x00, 0x14, 0x00, 0x08, 0xFF, 0xE2, 0x00, 0x00, 0x00, 0x2D, 0x00, 0x37,
	0x00, 0x10, 0x00, 0x20, 0x00, 0x1E, 0x00, 0x26, 0x00, 0x00, 0x00, 0x00, 0xFF, 0xF0, 0x00, 0x00,
	0x00, 0x00, 0x00, 0x00, 0x00, 0x00, 0x00, 0x00, 0x00, 0x00, 0x00, 0x00, 0x00, 0x00, 0x00, 0x00,
	0x00, 0x00, 0x00, 0x00, 0x00, 0x00, 0x00, 0x00, 0x00, 0x00, 0x00, 0x00, 0x00, 0x00, 0x00, 0x00,
	0x00, 0x00, 0x00, 0x00, 0x00, 0x00, 0x00, 0x00, 0x00, 0x00, 0x00, 0x00, 0x00, 0x00, 0x00, 0x00,
	0x00, 0x00, 0x00, 0x00, 0x00, 0x00, 0x00, 0x00, 0x00, 0x00, 0x00, 0x00, 0x00, 0x00, 0x00, 0x00,
	0x00, 0x06, 0x00, 0x00, 0x00, 0x00, 0x00, 0x00, 0x00, 0x00, 0x00, 0x00, 0x00, 0x00, 0x00, 0x00,
	0x00, 0x00, 0x00, 0x0A, 0x00, 0x00, 0x00, 0x00, 0x00, 0x0A, 0x00, 0x14, 0x00, 0x00, 0x00, 0x00,
	0x00, 0x00, 0x00, 0x00, 0x00, 0x00, 0x00, 0x00, 0x00, 0x00, 0x00, 0x00, 0x00, 0x08, 0x00, 0x12,
	0x00, 0x00, 0x00, 0x00, 0x00, 0x00, 0x00, 0x0A, 0x00, 0x00, 0x00, 0x07, 0x00, 0x00, 0x00, 0x00,
	0x00, 0x00, 0x00, 0x00, 0x00, 0x00, 0x00, 0x00, 0x00, 0x00, 0x00, 0x00, 0x00, 0x00, 0x00, 0x05,
	0x00, 0x00, 0x00, 0x00, 0x00, 0x19, 0x00, 0x00, 0xFF, 0xE9, 0x00, 0x00, 0x00, 0x00, 0x00, 0x00,
	0x00, 0x00, 0x00, 0x00, 0x00, 0x00, 0x00, 0x00, 0x00, 0x00, 0x00, 0x0A, 0x00, 0x00, 0x00, 0x00,
	0x00, 0x00, 0x00, 0x00, 0x00, 0x00, 0x00, 0x00, 0x00, 0x00, 0x00, 0x00, 0x00, 0x00, 0x00, 0x00,
	0x00, 0x14, 0x00, 0x00, 0x00, 0x00, 0x00, 0x00, 0x00, 0x00, 0x00, 0x00, 0x00, 0x00, 0x00, 0x00,
	0x00, 0x00, 0x00, 0x00, 0x00, 0x00, 0x00, 0x00, 0x00, 0x00, 0x00, 0x00, 0x00, 0x14, 0x00, 0x00,
	0x00, 0x00, 0x00, 0x00, 0x00, 0x00, 0x00, 0x00, 0x00, 0x00, 0x00, 0x00, 0x00, 0x00, 0x00, 0x00,
	0x00, 0x00, 0x00, 0x00, 0x00, 0x00, 0x00, 0x00, 0x00, 0x00, 0xFF, 0xEC, 0x00, 0x00, 0x00, 0x00,
	0x00, 0x00, 0x00, 0x00, 0x00, 0x00, 0x00, 0x00, 0x00, 0x00, 0x00, 0x00, 0x00, 0x00, 0x00, 0x05,
	0x00, 0x00, 0x00, 0x00, 0x00, 0x1C, 0x00, 0x00, 0xFF, 0xE9, 0x00, 0x00, 0x00, 0x00, 0x00, 0x00,
	0x00, 0x00, 0x00, 0x00, 0x00, 0x00, 0x00, 0x00, 0x00, 0x00, 0x00, 0x0A, 0x00, 0x00, 0x00, 0x00,
	0x00, 0x00, 0x00, 0x00, 0x00, 0x00, 0x00, 0x00, 0x00, 0x00, 0x00, 0x00, 0x00, 0x00, 0x00, 0x00,
	0x00, 0x12, 0x00, 0x00, 0x00, 0x00, 0x00, 0x00, 0x00, 0x00, 0x00, 0x00, 0x00, 0x00, 0x00, 0x00,
	0x00, 0x00, 0x00, 0x00, 0x00, 0x00, 0x00, 0x00, 0x00, 0x00, 0x00, 0x00, 0x00, 0x0F, 0x00, 0x00,
	0x00, 0x00, 0x00, 0x00, 0x00, 0x00, 0x00, 0x00, 0x00, 0x00, 0x00, 0x00, 0x00, 0x00, 0x00, 0x00,
	0x00, 0x00, 0x00, 0x00, 0x00, 0x00, 0x00, 0x00, 0x00, 0x05, 0xFF, 0xEC, 0x00, 0x00, 0x00, 0x00,
	0x00, 0x00, 0x00, 0x00, 0x00, 0x00, 0x00, 0x00, 0x00, 0x00, 0x00, 0x00, 0x00, 0x00, 0x00, 0x00,
	0x00, 0x00, 0x00, 0x00, 0x00, 0x00, 0x00, 0x00, 0xFF, 0xF6, 0x00, 0x00, 0x00, 0x00, 0x00, 0x00,
	0x00, 0x00, 0x00, 0x00, 0x00, 0x00, 0x00, 0x00, 0x00, 0x00, 0x00, 0x00, 0x00, 0x00, 0x00, 0x00,
	0xFF, 0xF6, 0x00, 0x00, 0x00, 0x00, 0x00, 0x00, 0x00, 0x00, 0x00, 0x00, 0x00, 0x00, 0x00, 0x00,
	0xFF, 0xF6, 0x00, 0x00, 0xFF, 0xF1, 0x00, 0x00, 0x00, 0x00, 0x00, 0x00, 0xFF, 0xFB, 0x00, 0x00,
	0x00, 0x00, 0x00, 0x00, 0x00, 0x00, 0x00, 0x00, 0x00, 0x00, 0x00, 0x00, 0x00, 0x00, 0x00, 0x00,
	0x00, 0x00, 0x00, 0x00, 0x00, 0x00, 0x00, 0x00, 0x00, 0x00, 0x00, 0x00, 0xFF, 0xF2, 0x00, 0x00,
	0xFF, 0xFB, 0x00, 0x00, 0xFF, 0xFB, 0x00, 0x00, 0x00, 0x00, 0x00, 0x00, 0x00, 0x00, 0x00, 0x00,
	0x00, 0x00, 0xFF, 0xFA, 0x00, 0x00, 0x00, 0x00, 0x00, 0x00, 0x00, 0x0A, 0x00, 0x00, 0x00, 0x00,
	0x00, 0x00, 0x00, 0x00, 0x00, 0x28, 0x00, 0x00, 0xFF, 0xDA, 0x00, 0x00, 0x00, 0x00, 0x00, 0x00,
	0xFF, 0xFD, 0x00, 0x00, 0x00, 0x00, 0x00, 0x00, 0x00, 0x00, 0x00, 0x00, 0x00, 0x00, 0x00, 0x00,
	0x00, 0x00, 0x00, 0x00, 0x00, 0x00, 0x00, 0x00, 0x00, 0x00, 0x00, 0x00, 0x00, 0x00, 0x00, 0x00,
	0x00, 0x00, 0x00, 0x00, 0x00, 0x00, 0x00, 0x00, 0x00, 0x00, 0x00, 0x00, 0x00, 0x00, 0x00, 0x00,
	0x00, 0x00, 0x00, 0x00, 0x00, 0x00, 0xFF, 0xFE, 0x00, 0x00, 0x00, 0x00, 0x00, 0x00, 0x00, 0x00,
	0x00, 0x00, 0x00, 0x00, 0x00, 0x00, 0x00, 0x00, 0x00, 0x00, 0x00, 0x00, 0x00, 0x00, 0xFF, 0xEE,
	0x00, 0x00, 0xFF, 0xF6, 0x00, 0x00, 0x00, 0x00, 0x00, 0x08, 0xFF, 0xF6, 0x00, 0x00, 0x00, 0x00,
	0x00, 0x0A, 0x00, 0x0A, 0x00, 0x0A, 0x00, 0x00, 0x00, 0x0C, 0x00, 0x14, 0x00, 0x00, 0xFF, 0xE2,
	0x00, 0x06, 0xFF, 0xEA, 0x00, 0x1C, 0x00, 0x00, 0xFF, 0xCE, 0x00, 0x00, 0x00, 0x00, 0x00, 0x00,
	0xFF, 0xF8, 0x00, 0x0A, 0x00, 0x00, 0x00, 0x00, 0x00, 0x00, 0x00, 0x00, 0x00, 0x00, 0x00, 0x0A,
	0xFF, 0xE2, 0x00, 0x0A, 0x00, 0x00, 0x00, 0x00, 0xFF, 0xF6, 0x00, 0x00, 0x00, 0x14, 0x00, 0x00,
	0xFF, 0xEC, 0x00, 0x00, 0xFF, 0xE2, 0x00, 0x00, 0x00, 0x00, 0x00, 0x00, 0xFF, 0xFE, 0x00, 0x00,
	0x00, 0x00, 0x00, 0x00, 0xFF, 0xF8, 0x00, 0x00, 0xFF, 0xE7, 0x00, 0x00, 0xFF, 0xF1, 0x00, 0x00,
	0x00, 0x00, 0x00, 0x00, 0xFF, 0xCC, 0x00, 0x00, 0x00, 0x00, 0x00, 0x13, 0xFF, 0xCE, 0x00, 0x00,
	0xFF, 0xF1, 0x00, 0x00, 0xFF, 0xFE, 0x00, 0x00, 0x00, 0x14, 0xFF, 0xF6, 0x00, 0x00, 0x00, 0x00,
	0x00, 0x00, 0xFF, 0xF6, 0x00, 0x14, 0x00, 0x00, 0x00, 0x02, 0x00, 0x1A, 0x00, 0x00, 0xFF, 0xDA,
	0x00, 0x09, 0xFF, 0xEA, 0x00, 0x28, 0xFF, 0xFE, 0xFF, 0xC6, 0x00, 0x00, 0x00, 0x00, 0x00, 0x00,
	0xFF, 0xFC, 0x00, 0x00, 0x00, 0x14, 0x00, 0x0A, 0x00, 0x00, 0x00, 0x00, 0x00, 0x00, 0x00, 0x0A,
	0xFF, 0xE2, 0x00, 0x00, 0x00, 0x00, 0x00, 0x00, 0xFF, 0xE2, 0x00, 0x00, 0x00, 0x0A, 0x00, 0x00,
	0xFF, 0xEC, 0x00, 0x00, 0xFF, 0xD8, 0x00, 0x07, 0x00, 0x00, 0x00, 0x00, 0x00, 0x00, 0xFF, 0xFE,
	0x00, 0x00, 0x00, 0x00, 0x00, 0x00, 0xFF, 0xF8, 0x00, 0x00, 0xFF, 0xF1, 0xFF, 0xE6, 0x00, 0x00,
	0x00, 0x00, 0x00, 0x00, 0xFF, 0xC9, 0x00, 0x00, 0x00, 0x00, 0x00, 0x00, 0x00, 0x00, 0xFF, 0xCB,
	0x00, 0x00, 0xFF, 0xF5, 0x00, 0x00, 0x00, 0x05, 0x00, 0x11, 0xFF, 0xEC, 0x00, 0x00, 0x00, 0x00,
	0x00, 0x0A, 0x00, 0x00, 0x00, 0x08, 0x00, 0x00, 0x00, 0x00, 0x00, 0x0A, 0x00, 0x00, 0x00, 0x00,
	0x00, 0x00, 0xFF, 0xF8, 0x00, 0x14, 0x00, 0x00, 0xFF, 0xDA, 0x00, 0x00, 0x00, 0x00, 0x00, 0x00,
	0x00, 0x00, 0x00, 0x00, 0x00, 0x00, 0x00, 0x00, 0x00, 0x00, 0x00, 0x00, 0x00, 0x00, 0x00, 0x00,
	0xFF, 0xF6, 0x00, 0x00, 0x00, 0x00, 0x00, 0x00, 0x00, 0x00, 0x00, 0x00, 0x00, 0x00, 0x00, 0x00,
	0x00, 0x00, 0x00, 0x00, 0xFF, 0xEC, 0x00, 0x00, 0x00, 0x00, 0x00, 0x00, 0x00, 0x00, 0x00, 0x00,
	0x00, 0x00, 0x00, 0x00, 0x00, 0x00, 0x00, 0x00, 0x00, 0x00, 0x00, 0x00, 0x00, 0x00, 0x00, 0x00,
	0x00, 0x00, 0x00, 0x00, 0xFF, 0xE2, 0x00, 0x00, 0x00, 0x00, 0x00, 0x00, 0x00, 0x00, 0x00, 0x00,
	0x00, 0x00, 0x00, 0x00, 0x00, 0x00, 0x00, 0x00, 0x00, 0x00, 0xFF, 0xFE, 0x00, 0x00, 0x00, 0x00,
	0x00, 0x00, 0x00, 0x00, 0x00, 0x00, 0x00, 0x00, 0x00, 0x00, 0x00, 0x00, 0x00, 0x00, 0x00, 0x00,
	0x00, 0x00, 0x00, 0x00, 0x00, 0x00, 0x00, 0x00, 0x00, 0x00, 0x00, 0x00, 0x00, 0x00, 0x00, 0x00,
	0x00, 0x00, 0x00, 0x00, 0x00, 0x00, 0x00, 0x00, 0x00, 0x00, 0x00, 0x00, 0x00, 0x00, 0x00, 0x00,
	0x00, 0x00, 0x00, 0x00, 0x00, 0x00, 0x00, 0x00, 0x00, 0x00, 0x00, 0x00, 0x00, 0x00, 0x00, 0x00,
	0x00, 0x00, 0x00, 0x00, 0x00, 0x00, 0x00, 0x00, 0x00, 0x00, 0x00, 0x00, 0x00, 0x00, 0x00, 0x00,
	0x00, 0x00, 0x00, 0x00, 0x00, 0x00, 0x00, 0x00, 0x00, 0x00, 0x00, 0x00, 0x00, 0x00, 0x00, 0x00,
	0x00, 0x00, 0x00, 0x00, 0x00, 0x00, 0x00, 0x00, 0x00, 0x00, 0x00, 0x00, 0x00, 0x00, 0x00, 0x00,
	0x00, 0x00, 0x00, 0x00, 0x00, 0x00, 0x00, 0x00, 0x00, 0x00, 0x00, 0x00, 0x00, 0x00, 0x00, 0x00,
	0x00, 0x00, 0x00, 0x00, 0x00, 0x00, 0x00, 0x00, 0x00, 0x00, 0x00, 0x00, 0x00, 0x00, 0x00, 0x00,
	0x00, 0x00, 0x00, 0x00, 0x00, 0x00, 0x00, 0x00, 0xFF, 0xF8, 0x00, 0x00, 0x00, 0x00, 0x00, 0x00,
	0x00, 0x00, 0x00, 0x00, 0x00, 0x00, 0x00, 0x00, 0x00, 0x00, 0x00, 0x00, 0x00, 0x00, 0x00, 0x00,
	0x00, 0x00, 0x00, 0x00, 0x00, 0x00, 0x00, 0x00, 0x00, 0x00, 0x00, 0x00, 0x00, 0x00, 0x00, 0x00,
	0x00, 0x00, 0x00, 0x00, 0x00, 0x00, 0x00, 0x00, 0x00, 0x00, 0x00, 0x00, 0x00, 0x00, 0x00, 0x00,
	0x00, 0x00, 0x00, 0x00, 0x00, 0x00, 0x00, 0x00, 0x00, 0x00, 0x00, 0x00, 0x00, 0x00, 0x00, 0x00,
	0x00, 0x00, 0x00, 0x00, 0x00, 0x00, 0x00, 0x00, 0x00, 0x00, 0x00, 0x00, 0x00, 0x00, 0x00, 0x00,
	0x00, 0x00, 0x00, 0x00, 0x00, 0x00, 0x00, 0x00, 0x00, 0x00, 0x00, 0x00, 0x00, 0x00, 0x00, 0x00,
	0x00, 0x00, 0x00, 0x00, 0x00, 0x00, 0x00, 0x00, 0x00, 0x00, 0x00, 0x00, 0x00, 0x00, 0x00, 0x00,
	0x00, 0x00, 0x00, 0x00, 0x00, 0x20, 0x00, 0x00, 0x00, 0x23, 0x00, 0x05, 0x00, 0x05, 0x00, 0x00,
	0x00, 0x00, 0x00, 0x00, 0x00, 0x00, 0x00, 0x00, 0x00, 0x00, 0x00, 0x00, 0x00, 0x00, 0x00, 0x00,
	0x00, 0x00, 0x00, 0x00, 0x00, 0x00, 0x00, 0x00, 0x00, 0x00, 0x00, 0x00, 0x00, 0x00, 0x00, 0x00,
	0x00, 0x00, 0x00, 0x00, 0x00, 0x00, 0x00, 0x00, 0x00, 0x00, 0x00, 0x00, 0x00, 0x00, 0x00, 0x00,
	0xFF, 0xEC, 0xFF, 0xEE, 0x00, 0x00, 0x00, 0x00, 0x00, 0x0A, 0x00, 0x00, 0x00, 0x00, 0x00, 0x00,
	0x00, 0x00, 0x00, 0x00, 0x00, 0x00, 0x00, 0x00, 0x00, 0x00, 0x00, 0x00, 0x00, 0x00, 0x00, 0x00,
	0x00, 0x00, 0x00, 0x00, 0x00, 0x00, 0x00, 0x00, 0x00, 0x00, 0x00, 0x0A, 0x00, 0x00, 0x00, 0x00,
	0x00, 0x00, 0x00, 0x00, 0x00, 0x00, 0x00, 0x00, 0x00, 0x00, 0x00, 0x00, 0x00, 0x00, 0x00, 0x00,
	0x00, 0x00, 0x00, 0x00, 0x00, 0x23, 0x00, 0x00, 0x00, 0x28, 0x00, 0x00, 0x00, 0x00, 0x00, 0x00,
	0x00, 0x00, 0x00, 0x00, 0x00, 0x00, 0x00, 0x00, 0x00, 0x00, 0x00, 0x00, 0x00, 0x00, 0x00, 0x00,
	0x00, 0x00, 0x00, 0x00, 0x00, 0x00, 0x00, 0x00, 0x00, 0x00, 0x00, 0x00, 0x00, 0x00, 0x00, 0x00,
	0x00, 0x00, 0x00, 0x00, 0x00, 0x00, 0x00, 0x00, 0x00, 0x00, 0x00, 0x00, 0x00, 0x00, 0x00, 0x00,
	0xFF, 0xEE, 0xFF, 0xF5, 0x00, 0x00, 0x00, 0x00, 0x00, 0x00, 0x00, 0x00, 0x00, 0x00, 0x00, 0x00,
	0x00, 0x00, 0x00, 0x00, 0x00, 0x00, 0x00, 0x00, 0x00, 0x00, 0x00, 0x00, 0x00, 0x00, 0x00, 0x00,
	0x00, 0x00, 0x00, 0x00, 0x00, 0x00, 0x00, 0x00, 0x00, 0x0A, 0x00, 0x00, 0x00, 0x00, 0x00, 0x00,
	0x00, 0x00, 0x00, 0x00, 0x00, 0x00, 0x00, 0x00, 0xFF, 0xF6, 0xFF, 0xCE, 0x00, 0x00, 0x00, 0x00,
	0x00, 0x00, 0x00, 0x16, 0xFF, 0xE2, 0x00, 0x00, 0x00, 0x00, 0x00, 0x00, 0x00, 0x00, 0x00, 0x00,
	0x00, 0x00, 0xFF, 0xF6, 0xFF, 0xF8, 0x00, 0x0A, 0x00, 0x00, 0x00, 0x00, 0x00, 0x00, 0x00, 0x00,
	0x00, 0x00, 0xFF, 0x92, 0x00, 0x00, 0x00, 0x00, 0x00, 0x16, 0x00, 0x00, 0xFF, 0xE9, 0x00, 0x00,
	0x00, 0x0F, 0xFF, 0xED, 0x00, 0x0A, 0xFF, 0xF8, 0x00, 0x00, 0x00, 0x00, 0x00, 0x00, 0x00, 0x00,
	0xFF, 0xCE, 0xFF, 0xCE, 0x00, 0x0A, 0x00, 0x0A, 0x00, 0x00, 0x00, 0x14, 0x00, 0x00, 0x00, 0x00,
	0x00, 0x00, 0x00, 0x00, 0xFF, 0xD1, 0x00, 0x00, 0x00, 0x00, 0x00, 0x00, 0x00, 0x00, 0x00, 0x0A,
	0xFF, 0xF1, 0x00, 0x00, 0x00, 0x00, 0x00, 0x00, 0xFF, 0xEB, 0xFF, 0xF1, 0x00, 0x00, 0x00, 0x00,
	0xFF, 0xF4, 0x00, 0x00, 0x00, 0x00, 0x00, 0x00, 0x00, 0x00, 0xFF, 0xD8, 0x00, 0x00, 0x00, 0x00,
	0x00, 0x00, 0x00, 0x0F, 0xFF, 0xE2, 0x00, 0x00, 0xFF, 0xE4, 0x00, 0x00, 0x00, 0x00, 0x00, 0x00,
	0x00, 0x00, 0x00, 0x00, 0x00, 0x00, 0x00, 0x00, 0x00, 0x00, 0x00, 0x17, 0x00, 0x00, 0x00, 0x00,
	0x00, 0x00, 0x00, 0x00, 0x00, 0x0A, 0x00, 0x00, 0x00, 0x0F, 0x00, 0x00, 0xFF, 0xE2, 0xFF, 0xF8,
	0x00, 0x00, 0x00, 0x00, 0xFF, 0xF8, 0x00, 0x00, 0x00, 0x00, 0x00, 0x00, 0x00, 0x00, 0x00, 0x00,
	0x00, 0x00, 0x00, 0x00, 0x00, 0x00, 0x00, 0x00, 0x00, 0x00, 0x00, 0x00, 0x00, 0x00, 0x00, 0x00,
	0x00, 0x00, 0x00, 0x00, 0x00, 0x00, 0xFF, 0xCD, 0xFF, 0xA1, 0x00, 0x00, 0x00, 0x00, 0x00, 0x00,
	0x00, 0x00, 0x00, 0x00, 0x00, 0x00, 0x00, 0x00, 0xFF, 0xEE, 0xFF, 0xEC, 0x00, 0x00, 0x00, 0x00,
	0xFF, 0xDF, 0x00, 0x00, 0x00, 0x00, 0x00, 0x00, 0x00, 0x00, 0x00, 0x2D, 0xFF, 0xF1, 0xFF, 0xD8,
	0x00, 0x00, 0xFF, 0xE2, 0x00, 0x14, 0x00, 0x00, 0xFF, 0xC6, 0x00, 0x00, 0x00, 0x00, 0x00, 0x00,
	0x00, 0x00, 0x00, 0x00, 0x00, 0x00, 0x00, 0x00, 0x00, 0x00, 0x00, 0x0A, 0x00, 0x00, 0x00, 0x00,
	0xFF, 0xC4, 0x00, 0x00, 0xFF, 0xE4, 0xFF, 0xE7, 0xFF, 0xE2, 0xFF, 0xE7, 0x00, 0x0A, 0x00, 0x00,
	0xFF, 0xBA, 0x00, 0x00, 0xFF, 0xE2, 0x00, 0x00, 0x00, 0x00, 0x00, 0x00, 0x00, 0x00, 0x00, 0x00,
	0x00, 0x00, 0x00, 0x00, 0x00, 0x00, 0x00, 0x00, 0x00, 0x00, 0x00, 0x00, 0xFF, 0xD8, 0x00, 0x00,
	0x00, 0x00, 0x00, 0x00, 0x00, 0x00, 0xFF, 0xA1, 0x00, 0x00, 0x00, 0x00, 0x00, 0x00, 0x00, 0x00,
	0x00, 0x00, 0x00, 0x00, 0x00, 0x00, 0x00, 0x00, 0x00, 0x23, 0xFF, 0xEC, 0x00, 0x00, 0x00, 0x00,
	0x00, 0x14, 0x00, 0x00, 0x00, 0x00, 0x00, 0x00, 0x00, 0x08, 0x00, 0x00, 0x00, 0x00, 0x00, 0x00,
	0x00, 0x00, 0x00, 0x0A, 0x00, 0x19, 0x00, 0x00, 0x00, 0x00, 0x00, 0x00, 0x00, 0x00, 0x00, 0x00,
	0x00, 0x00, 0x00, 0x0A, 0x00, 0x00, 0x00, 0x00, 0x00, 0x00, 0x00, 0x00, 0x00, 0x08, 0x00, 0x00,
	0x00, 0x00, 0x00, 0x00, 0x00, 0x00, 0x00, 0x00, 0x00, 0x0A, 0x00, 0x00, 0x00, 0x00, 0x00, 0x00,
	0x00, 0x00, 0x00, 0x00, 0x00, 0x00, 0x00, 0x00, 0x00, 0x00, 0x00, 0x00, 0x00, 0x00, 0x00, 0x00,
	0x00, 0x12, 0x00, 0x00, 0x00, 0x00, 0x00, 0x00, 0x00, 0x00, 0x00, 0x00, 0x00, 0x00, 0x00, 0x00,
	0x00, 0x00, 0x00, 0x00, 0x00, 0x00, 0x00, 0x00, 0x00, 0x00, 0x00, 0x00, 0x00, 0x08, 0x00, 0x00,
	0x00, 0x00, 0x00, 0x00, 0x00, 0x00, 0x00, 0x00, 0x00, 0x08, 0x00, 0x00, 0x00, 0x00, 0x00, 0x00,
	0xFF, 0xCE, 0xFF, 0xED, 0xFF, 0xEC, 0x00, 0x00, 0xFF, 0xCE, 0xFF, 0xCB, 0xFF, 0xE2, 0x00, 0x1E,
	0xFF, 0xEC, 0x00, 0x0A, 0xFF, 0xD5, 0xFF, 0xEC, 0x00, 0x0A, 0xFF, 0xFC, 0xFF, 0xFC, 0x00, 0x00,
	0xFF, 0xF8, 0xFF, 0xED, 0xFF, 0xE4, 0xFF, 0xEE, 0xFF, 0xEE, 0x00, 0x00, 0xFF, 0xE6, 0xFF, 0xF2,
	0x00, 0x00, 0xFF, 0xBF, 0x00, 0x00, 0x00, 0x00, 0x00, 0x14, 0x00, 0x00, 0xFF, 0xDD, 0x00, 0x00,
	0x00, 0x1C, 0x00, 0x00, 0x00, 0x04, 0x00, 0x00, 0x00, 0x00, 0x00, 0x00, 0xFF, 0xED, 0x00, 0x00,
	0xFF, 0xBF, 0x00, 0x00, 0x00, 0x00, 0x00, 0x00, 0x00, 0x0A, 0x00, 0x00, 0x00, 0x1C, 0x00, 0x00,
	0x00, 0x00, 0xFF, 0xF1, 0x00, 0x0F, 0x00, 0x00, 0x00, 0x00, 0xFF, 0xF6, 0x00, 0x00, 0x00, 0x00,
	0xFF, 0xF7, 0x00, 0x00, 0x00, 0x00, 0x00, 0x00, 0xFF, 0xE2, 0x00, 0x0C, 0x00, 0x00, 0x00, 0x00,
	0xFF, 0xEC, 0x00, 0x00, 0x00, 0x00, 0x00, 0x00, 0xFF, 0xED, 0xFF, 0xDA, 0x00, 0x00, 0x00, 0x14,
	0xFF, 0xFE, 0x00, 0x14, 0xFF, 0xEC, 0x00, 0x00, 0xFF, 0xE4, 0x00, 0x00, 0xFF, 0xF1, 0x00, 0x00,
	0x00, 0x00, 0x00, 0x00, 0x00, 0x00, 0xFF, 0xF8, 0x00, 0x00, 0x00, 0x00, 0xFF, 0xFE, 0x00, 0x00,
	0x00, 0x0A, 0xFF, 0xDA, 0x00, 0x00, 0x00, 0x00, 0x00, 0x0A, 0x00, 0x00, 0xFF, 0xE1, 0x00, 0x00,
	0x00, 0x28, 0x00, 0x00, 0x00, 0x19, 0x00, 0x00, 0x00, 0x00, 0x00, 0x00, 0x00, 0x00, 0xFF, 0xF6,
	0x00, 0x00, 0xFF, 0xB7, 0x00, 0x00, 0x00, 0x00, 0x00, 0x00, 0x00, 0x0A, 0x00, 0x14, 0x00, 0x00,
	0x00, 0x00, 0xFF, 0xF5, 0x00, 0x0A, 0x00, 0x00, 0x00, 0x00, 0x00, 0x00, 0x00, 0x00, 0xFF, 0xF8,
	0x00, 0x00, 0xFF, 0xF5, 0x00, 0x00, 0x00, 0x00, 0xFF, 0xEE, 0xFF, 0xF8, 0xFF, 0xF1, 0x00, 0x00,
	0x00, 0x00, 0x00, 0x00, 0x00, 0x00, 0x00, 0x00, 0x00, 0x00, 0x00, 0x00, 0x00, 0x00, 0xFF, 0xF6,
	0x00, 0x00, 0x00, 0x00, 0x00, 0x00, 0x00, 0x00, 0x00, 0x00, 0x00, 0x00, 0x00, 0x00, 0x00, 0x00,
	0x00, 0x00, 0x00, 0x00, 0x00, 0x00, 0x00, 0x00, 0x00, 0x00, 0x00, 0x00, 0x00, 0x00, 0x00, 0x00,
	0xFF, 0xF6, 0x00, 0x00, 0x00, 0x00, 0x00, 0x00, 0x00, 0x00, 0x00, 0x00, 0x00, 0x00, 0x00, 0x00,
	0x00, 0x00, 0x00, 0x00, 0xFF, 0xF1, 0x00, 0x00, 0x00, 0x00, 0x00, 0x00, 0xFF, 0xF6, 0x00, 0x00,
	0x00, 0x00, 0x00, 0x00, 0x00, 0x00, 0x00, 0x00, 0x00, 0x00, 0x00, 0x00, 0x00, 0x00, 0x00, 0x00,
	0x00, 0x00, 0x00, 0x00, 0x00, 0x00, 0x00, 0x00, 0x00, 0x00, 0x00, 0x00, 0xFF, 0xF3, 0x00, 0x00,
	0xFF, 0xFB, 0x00, 0x00, 0xFF, 0xFB, 0x00, 0x00, 0x00, 0x00, 0x00, 0x00, 0x00, 0x00, 0x00, 0x00,
	0x00, 0x00, 0xFF, 0xFA, 0x00, 0x08, 0x00, 0x00, 0x00, 0x00, 0x00, 0x0A, 0x00, 0x00, 0x00, 0x00,
	0x00, 0x00, 0x00, 0x00, 0x00, 0x0A, 0x00, 0x00, 0xFF, 0xE4, 0x00, 0x00, 0x00, 0x00, 0x00, 0x00,
	0x00, 0x00, 0x00, 0x00, 0x00, 0x00, 0x00, 0x00, 0x00, 0x00, 0x00, 0x00, 0x00, 0x00, 0x00, 0x00,
	0x00, 0x00, 0x00, 0x00, 0x00, 0x00, 0x00, 0x00, 0xFF, 0xF6, 0x00, 0x00, 0x00, 0x00, 0x00, 0x00,
	0x00, 0x00, 0x00, 0x00, 0x00, 0x00, 0x00, 0x00, 0x00, 0x00, 0x00, 0x00, 0x00, 0x00, 0x00, 0x00,
	0x00, 0x00, 0x00, 0x02, 0x00, 0x00, 0x00, 0x00, 0x00, 0x00, 0x00, 0x00, 0x00, 0x00, 0x00, 0x00,
	0x00, 0x00, 0x00, 0x00, 0xFF, 0xEC, 0x00, 0x00, 0x00, 0x00, 0x00, 0x00, 0x00, 0x00, 0xFF, 0xF6,
	0x00, 0x00, 0xFF, 0xFB, 0x00, 0x00, 0x00, 0x00, 0x00, 0x0A, 0x00, 0x00, 0x00, 0x00, 0x00, 0x00,
	0xFF, 0xF8, 0x00, 0x00, 0x00, 0x00, 0x00, 0x00, 0xFF, 0xF6, 0x00, 0x0A, 0x00, 0x00, 0x00, 0x00,
	0x00, 0x00, 0x00, 0x00, 0x00, 0x0A, 0xFF, 0xFE, 0xFF, 0xF8, 0x00, 0x00, 0x00, 0x00, 0x00, 0x00,
	0x00, 0x00, 0x00, 0x00, 0x00, 0x00, 0x00, 0x00, 0x00, 0x00, 0x00, 0x00, 0x00, 0x00, 0x00, 0x00,
	0x00, 0x0A, 0x00, 0x00, 0x00, 0x00, 0x00, 0x00, 0x00, 0x00, 0x00, 0x00, 0xFF, 0xF8, 0x00, 0x00,
	0x00, 0x00, 0x00, 0x00, 0x00, 0x00, 0x00, 0x00, 0x00, 0x00, 0x00, 0x00, 0x00, 0x00, 0x00, 0x00,
	0xFF, 0xE9, 0x00, 0x00, 0x00, 0x00, 0x00, 0x00, 0x00, 0x00, 0x00, 0x00, 0x00, 0x00, 0x00, 0x00,
	0x00, 0x00, 0x00, 0x00, 0x00, 0x00, 0x00, 0x00, 0x00, 0x00, 0x00, 0x00, 0xFF, 0xFE, 0x00, 0x00,
	0x00, 0x00, 0x00, 0x00, 0x00, 0x00, 0x00, 0x00, 0x00, 0x1E, 0x00, 0x00, 0x00, 0x00, 0x00, 0x00,
	0x00, 0x00, 0x00, 0x00, 0x00, 0x0A, 0x00, 0x00, 0x00, 0x00, 0x00, 0x00, 0x00, 0x00, 0x00, 0x00,
	0x00, 0x00, 0xFF, 0xF8, 0x00, 0x14, 0x00, 0x00, 0xFF, 0xDD, 0x00, 0x00, 0x00, 0x00, 0x00, 0x00,
	0x00, 0x00, 0x00, 0x00, 0x00, 0x00, 0x00, 0x00, 0x00, 0x00, 0x00, 0x00, 0x00, 0x00, 0x00, 0x0A,
	0xFF, 0xFE, 0x00, 0x00, 0x00, 0x00, 0x00, 0x00, 0xFF, 0xF6, 0x00, 0x00, 0xFF, 0xF5, 0x00, 0x00,
	0x00, 0x00, 0x00, 0x00, 0xFF, 0xF8, 0x00, 0x00, 0x00, 0x00, 0x00, 0x00, 0x00, 0x00, 0x00, 0x00,
	0x00, 0x00, 0xFF, 0xED, 0x00, 0x00, 0x00, 0x00, 0x00, 0x00, 0x00, 0x00, 0x00, 0x00, 0x00, 0x00,
	0x00, 0x00, 0x00, 0x00, 0xFF, 0xEC, 0x00, 0x00, 0x00, 0x00, 0x00, 0x00, 0x00, 0x00, 0xFF, 0xFE,
	0x00, 0x00, 0xFF, 0xF8, 0x00, 0x00, 0x00, 0x00, 0x00, 0x16, 0xFF, 0xF8, 0x00, 0x00, 0x00, 0x00,
	0x00, 0x00, 0xFF, 0xE2, 0xFF, 0xF8, 0x00, 0x1E, 0xFF, 0xE4, 0x00, 0x0A, 0x00, 0x00, 0xFF, 0xF8,
	0x00, 0x0A, 0x00, 0x00, 0x00, 0x85, 0xFF, 0xEC, 0xFF, 0x7E, 0x00, 0x19, 0x00, 0x19, 0x00, 0x00,
	0x00, 0x14, 0x00, 0x00, 0x00, 0x07, 0x00, 0x0A, 0x00, 0x08, 0x00, 0x00, 0x00, 0x00, 0x00, 0x12,
	0xFF, 0xE4, 0x00, 0x00, 0x00, 0x00, 0x00, 0x00, 0x00, 0x00, 0x00, 0x00, 0x00, 0x00, 0x00, 0x00,
	0xFF, 0xF6, 0x00, 0x00, 0x00, 0x00, 0x00, 0x00, 0x00, 0x00, 0x00, 0x05, 0x00, 0x0A, 0x00, 0x30,
	0xFF, 0xE4, 0x00, 0x05, 0x00, 0x0A, 0x00, 0x0C, 0xFF, 0xF7, 0x00, 0x00, 0xFF, 0xB1, 0x00, 0x00,
	0x00, 0x00, 0x00, 0x0A, 0xFF, 0xF6, 0xFF, 0xEC, 0x00, 0x00, 0x00, 0x1C, 0x00, 0x00, 0xFF, 0xFC,
	0x00, 0x1C, 0x00, 0x3C, 0x00, 0x23, 0x00, 0x1C, 0x00, 0x00, 0xFF, 0xF6, 0xFF, 0xF6, 0x00, 0x00,
	0xFF, 0xEA, 0x00, 0x00, 0x00, 0x00, 0x00, 0x00, 0x00, 0x00, 0xFF, 0xE2, 0x00, 0x00, 0x00, 0x14,
	0xFF, 0xD8, 0x00, 0x00, 0xFF, 0xE2, 0xFF, 0xF5, 0x00, 0x32, 0x00, 0x0A, 0x00, 0x1E, 0x00, 0x00,
	0x00, 0x00, 0xFF, 0xF6, 0xFF, 0xEC, 0x00, 0x00, 0xFF, 0xF1, 0xFF, 0xEC, 0x00, 0x00, 0x00, 0x00,
	0x00, 0x00, 0xFF, 0xD8, 0x00, 0x00, 0x00, 0x00, 0x00, 0x05, 0x00, 0x00, 0x00, 0x00, 0x00, 0x00,
	0x00, 0x00, 0x00, 0x00, 0x00, 0x00, 0x00, 0x07, 0xFF, 0xEC, 0xFF, 0xEC, 0x00, 0x00, 0xFF, 0xF6,
	0xFF, 0xF6, 0xFF, 0xEC, 0x00, 0x00, 0x00, 0x00, 0x00, 0x1E, 0x00, 0x00, 0x00, 0x00, 0x00, 0x00,
	0x00, 0x0A, 0x00, 0x00, 0x00, 0x00, 0xFF, 0xEC, 0xFF, 0xEC, 0x00, 0x00, 0x00, 0x1C, 0x00, 0x00,
	0x00, 0x0A, 0xFF, 0xF6, 0x00, 0x00, 0xFF, 0xF4, 0xFF, 0xF6, 0x00, 0x00, 0xFF, 0xE2, 0x00, 0x00,
	0x00, 0x08, 0x00, 0x00, 0x00, 0x00, 0x00, 0x00, 0x00, 0x00, 0xFF, 0xF2, 0x00, 0x08, 0xFF, 0xFA,
	0x00, 0x00, 0xFF, 0xF8, 0x00, 0x00, 0x00, 0x00, 0xFF, 0xD0, 0x00, 0x00, 0x00, 0x00, 0x00, 0x00,
	0x00, 0x00, 0x00, 0x00, 0x00, 0x00, 0x00, 0x00, 0x00, 0x00, 0x00, 0x00, 0x00, 0x00, 0x00, 0x0A,
	0xFF, 0xEC, 0xFF, 0xF6, 0x00, 0x00, 0x00, 0x00, 0xFF, 0xF6, 0x00, 0x00, 0x00, 0x00, 0x00, 0x00,
	0xFF, 0xF6, 0x00, 0x00, 0xFF, 0xF0, 0x00, 0x00, 0x00, 0x00, 0x00, 0x00, 0x00, 0x00, 0x00, 0x00,
	0x00, 0x00, 0xFF, 0xF6, 0x00, 0x00, 0x00, 0x00, 0x00, 0x00, 0x00, 0x00, 0xFF, 0xF6, 0x00, 0x00,
	0x00, 0x00, 0x00, 0x00, 0xFF, 0xD8, 0x00, 0x00, 0x00, 0x00, 0x00, 0x00, 0x00, 0x00, 0xFF, 0xFE,
	0x00, 0x00, 0xFF, 0xF1, 0x00, 0x00, 0x00, 0x00, 0xFF, 0xF6, 0xFF, 0xE2, 0x00, 0x00, 0x00, 0x00,
	0x00, 0x00, 0x00, 0x00, 0x00, 0x00, 0x00, 0x00, 0x00, 0x00, 0x00, 0x00, 0x00, 0x00, 0x00, 0x00,
	0x00, 0x00, 0x00, 0x00, 0x00, 0x00, 0x00, 0x00, 0x00, 0x00, 0x00, 0x00, 0x00, 0x00, 0x00, 0x00,
	0x00, 0x00, 0x00, 0x00, 0x00, 0x00, 0x00, 0x00, 0x00, 0x00, 0x00, 0x00, 0x00, 0x00, 0x00, 0x00,
	0x00, 0x00, 0x00, 0x00, 0x00, 0x00, 0x00, 0x00, 0x00, 0x00, 0x00, 0x00, 0x00, 0x00, 0x00, 0x00,
	0x00, 0x00, 0x00, 0x00, 0x00, 0x00, 0x00, 0x00, 0x00, 0x00, 0x00, 0x00, 0x00, 0x14, 0x00, 0x00,
	0x00, 0x1E, 0x00, 0x00, 0x00, 0x00, 0x00, 0x00, 0xFF, 0xEC, 0x00, 0x00, 0x00, 0x00, 0x00, 0x00,
	0x00, 0x00, 0x00, 0x00, 0x00, 0x00, 0x00, 0x00, 0x00, 0x00, 0x00, 0x00, 0x00, 0x00, 0x00, 0x00,
	0x00, 0x0A, 0x00, 0x00, 0x00, 0x0A, 0x00, 0x00, 0x00, 0x00, 0x00, 0x00, 0x00, 0x00, 0x00, 0x02,
	0x00, 0x0F, 0x02, 0x66, 0x02, 0x79, 0x00, 0x00, 0x02, 0xB0, 0x02, 0xB0, 0x00, 0x14, 0x02, 0xCE,
	0x02, 0xD9, 0x00, 0x15, 0x02, 0xDB, 0x02, 0xEB, 0x00, 0x21, 0x02, 0xED, 0x02, 0xF2, 0x00, 0x32,
	0x02, 0xF4, 0x02, 0xF6, 0x00, 0x38, 0x02, 0xF8, 0x02, 0xFA, 0x00, 0x3B, 0x02, 0xFC, 0x02, 0xFC,
	0x00, 0x3E, 0x02, 0xFE, 0x02, 0xFE, 0x00, 0x3F, 0x03, 0x00, 0x03, 0x24, 0x00, 0x40, 0x03, 0x27,
	0x03, 0x31, 0x00, 0x65, 0x03, 0x33, 0x03, 0x33, 0x00, 0x70, 0x03, 0x35, 0x03, 0x35, 0x00, 0x71,
	0x03, 0x39, 0x03, 0x3A, 0x00, 0x72, 0x03, 0x3D, 0x03, 0x3F, 0x00, 0x74, 0x00, 0x01, 0x02, 0x66,
	0x00, 0xDA, 0x00, 0x19, 0x00, 0x2E, 0x00, 0x3A, 0x00, 0x38, 0x00, 0x2B, 0x00, 0x29, 0x00, 0x21,
	0x00, 0x36, 0x00, 0x12, 0x00, 0x19, 0x00, 0x3E, 0x00, 0x2F, 0x00, 0x3B, 0x00, 0x39, 0x00, 0x2C,
	0x00, 0x2A, 0x00, 0x21, 0x00, 0x37, 0x00, 0x12, 0x00, 0x2D, 0x00, 0x00, 0x00, 0x00, 0x00, 0x00,
	0x00, 0x00, 0x00, 0x00, 0x00, 0x00, 0x00, 0x00, 0x00, 0x00, 0x00, 0x00, 0x00, 0x00, 0x00, 0x00,
	0x00, 0x00, 0x00, 0x00, 0x00, 0x00, 0x00, 0x00, 0x00, 0x00, 0x00, 0x00, 0x00, 0x00, 0x00, 0x00,
	0x00, 0x00, 0x00, 0x00, 0x00, 0x00, 0x00, 0x00, 0x00, 0x00, 0x00, 0x00, 0x00, 0x00, 0x00, 0x00,
	0x00, 0x00, 0x00, 0x00, 0x00, 0x00, 0x00, 0x00, 0x00, 0x00, 0x00, 0x00, 0x00, 0x00, 0x00, 0x00,
	0x00, 0x00, 0x00, 0x00, 0x00, 0x00, 0x00, 0x00, 0x00, 0x00, 0x00, 0x00, 0x00, 0x00, 0x00, 0x00,
	0x00, 0x00, 0x00, 0x00, 0x00, 0x00, 0x00, 0x00, 0x00, 0x00, 0x00, 0x00, 0x00, 0x00, 0x00, 0x00,
	0x00, 0x00, 0x00, 0x00, 0x00, 0x00, 0x00, 0x3F, 0x00, 0x00, 0x00, 0x00, 0x00, 0x00, 0x00, 0x00,
	0x00, 0x00, 0x00, 0x00, 0x00, 0x00, 0x00, 0x00, 0x00, 0x00, 0x00, 0x00, 0x00, 0x00, 0x00, 0x00,
	0x00, 0x00, 0x00, 0x00, 0x00, 0x00, 0x00, 0x00, 0x00, 0x00, 0x00, 0x00, 0x00, 0x00, 0x00, 0x00,
	0x00, 0x00, 0x00, 0x00, 0x00, 0x00, 0x00, 0x00, 0x00, 0x00, 0x00, 0x00, 0x00, 0x00, 0x00, 0x00,
	0x00, 0x00, 0x00, 0x03, 0x00, 0x03, 0x00, 0x09, 0x00, 0x09, 0x00, 0x03, 0x00, 0x26, 0x00, 0x13,
	0x00, 0x32, 0x00, 0x1C, 0x00, 0x00, 0x00, 0x00, 0x00, 0x08, 0x00, 0x00, 0x00, 0x0B, 0x00, 0x0C,
	0x00, 0x13, 0x00, 0x1C, 0x00, 0x06, 0x00, 0x06, 0x00, 0x0B, 0x00, 0x0C, 0x00, 0x1B, 0x00, 0x03,
	0x00, 0x27, 0x00, 0x28, 0x00, 0x33, 0x00, 0x34, 0x00, 0x1B, 0x00, 0x00, 0x00, 0x00, 0x00, 0x00,
	0x00, 0x00, 0x00, 0x00, 0x00, 0x00, 0x00, 0x3C, 0x00, 0x06, 0x00, 0x00, 0x00, 0x00, 0x00, 0x30,
	0x00, 0x18, 0x00, 0x0D, 0x00, 0x00, 0x00, 0x0D, 0x00, 0x24, 0x00, 0x31, 0x00, 0x00, 0x00, 0x0E,
	0x00, 0x00, 0x00, 0x0E, 0x00, 0x00, 0x00, 0x03, 0x00, 0x03, 0x00, 0x0A, 0x00, 0x1F, 0x00, 0x0A,
	0x00, 0x1F, 0x00, 0x14, 0x00, 0x00, 0x00, 0x14, 0x00, 0x00, 0x00, 0x07, 0x00, 0x07, 0x00, 0x15,
	0x00, 0x06, 0x00, 0x15, 0x00, 0x06, 0x00, 0x03, 0x00, 0x03, 0x00, 0x1E, 0x00, 0x20, 0x00, 0x1E,
	0x00, 0x20, 0x00, 0x16, 0x00, 0x00, 0x00, 0x16, 0x00, 0x00, 0x00, 0x1D, 0x00, 0x1D, 0x00, 0x01,
	0x00, 0x22, 0x00, 0x04, 0x00, 0x35, 0x00, 0x01, 0x00, 0x01, 0x00, 0x25, 0x00, 0x07, 0x00, 0x07,
	0x00, 0x00, 0x00, 0x00, 0x00, 0x10, 0x00, 0x10, 0x00, 0x08, 0x00, 0x01, 0x00, 0x23, 0x00, 0x08,
	0x00, 0x0F, 0x00, 0x05, 0x00, 0x11, 0x00, 0x17, 0x00, 0x3D, 0x00, 0x00, 0x00, 0x00, 0x00, 0x00,
	0x00, 0x00, 0x00, 0x00, 0x00, 0x00, 0x00, 0x00, 0x00, 0x00, 0x00, 0x00, 0x00, 0x00, 0x00, 0x00,
	0x00, 0x02, 0x00, 0x1A, 0x00, 0x1A, 0x00, 0x01, 0x02, 0x66, 0x00, 0xDA, 0x00, 0x0C, 0x00, 0x2D,
	0x00, 0x3B, 0x00, 0x39, 0x00, 0x29, 0x00, 0x27, 0x00, 0x0C, 0x00, 0x37, 0x00, 0x12, 0x00, 0x2B,
	0x00, 0x3F, 0x00, 0x2E, 0x00, 0x3C, 0x00, 0x3A, 0x00, 0x2A, 0x00, 0x28, 0x00, 0x0C, 0x00, 0x38,
	0x00, 0x12, 0x00, 0x2C, 0x00, 0x00, 0x00, 0x00, 0x00, 0x00, 0x00, 0x00, 0x00, 0x00, 0x00, 0x00,
	0x00, 0x00, 0x00, 0x00, 0x00, 0x00, 0x00, 0x00, 0x00, 0x00, 0x00, 0x00, 0x00, 0x00, 0x00, 0x00,
	0x00, 0x00, 0x00, 0x00, 0x00, 0x00, 0x00, 0x00, 0x00, 0x00, 0x00, 0x00, 0x00, 0x00, 0x00, 0x00,
	0x00, 0x00, 0x00, 0x00, 0x00, 0x00, 0x00, 0x00, 0x00, 0x00, 0x00, 0x00, 0x00, 0x00, 0x00, 0x00,
	0x00, 0x00, 0x00, 0x00, 0x00, 0x00, 0x00, 0x00, 0x00, 0x00, 0x00, 0x00, 0x00, 0x00, 0x00, 0x00,
	0x00, 0x00, 0x00, 0x00, 0x00, 0x00, 0x00, 0x00, 0x00, 0x00, 0x00, 0x00, 0x00, 0x00, 0x00, 0x00,
	0x00, 0x00, 0x00, 0x00, 0x00, 0x00, 0x00, 0x00, 0x00, 0x00, 0x00, 0x00, 0x00, 0x00, 0x00, 0x00,
	0x00, 0x00, 0x00, 0x00, 0x00, 0x00, 0x00, 0x00, 0x00, 0x00, 0x00, 0x00, 0x00, 0x00, 0x00, 0x00,
	0x00, 0x00, 0x00, 0x00, 0x00, 0x00, 0x00, 0x00, 0x00, 0x00, 0x00, 0x00, 0x00, 0x00, 0x00, 0x00,
	0x00, 0x00, 0x00, 0x00, 0x00, 0x00, 0x00, 0x00, 0x00, 0x00, 0x00, 0x00, 0x00, 0x00, 0x00, 0x00,
	0x00, 0x00, 0x00, 0x00, 0x00, 0x00, 0x00, 0x00, 0x00, 0x00, 0x00, 0x00, 0x00, 0x06, 0x00, 0x06,
	0x00, 0x09, 0x00, 0x09, 0x00, 0x06, 0x00, 0x24, 0x00, 0x13, 0x00, 0x33, 0x00, 0x1A, 0x00, 0x01,
	0x00, 0x01, 0x00, 0x21, 0x00, 0x00, 0x00, 0x0B, 0x00, 0x0D, 0x00, 0x13, 0x00, 0x1A, 0x00, 0x07,
	0x00, 0x07, 0x00, 0x0B, 0x00, 0x0D, 0x00, 0x00, 0x00, 0x06, 0x00, 0x25, 0x00, 0x26, 0x00, 0x34,
	0x00, 0x35, 0x00, 0x00, 0x00, 0x01, 0x00, 0x01, 0x00, 0x00, 0x00, 0x01, 0x00, 0x01, 0x00, 0x01,
	0x00, 0x3D, 0x00, 0x07, 0x00, 0x01, 0x00, 0x00, 0x00, 0x30, 0x00, 0x31, 0x00, 0x00, 0x00, 0x0E,
	0x00, 0x22, 0x00, 0x0E, 0x00, 0x00, 0x00, 0x32, 0x00, 0x00, 0x00, 0x0F, 0x00, 0x00, 0x00, 0x0F,
	0x00, 0x06, 0x00, 0x06, 0x00, 0x0A, 0x00, 0x1D, 0x00, 0x0A, 0x00, 0x1D, 0x00, 0x01, 0x00, 0x14,
	0x00, 0x01, 0x00, 0x14, 0x00, 0x08, 0x00, 0x08, 0x00, 0x07, 0x00, 0x15, 0x00, 0x07, 0x00, 0x15,
	0x00, 0x06, 0x00, 0x06, 0x00, 0x1C, 0x00, 0x1E, 0x00, 0x1C, 0x00, 0x1E, 0x00, 0x01, 0x00, 0x16,
	0x00, 0x01, 0x00, 0x16, 0x00, 0x1B, 0x00, 0x1B, 0x00, 0x02, 0x00, 0x1F, 0x00, 0x2F, 0x00, 0x36,
	0x00, 0x02, 0x00, 0x02, 0x00, 0x23, 0x00, 0x08, 0x00, 0x08, 0x00, 0x00, 0x00, 0x00, 0x00, 0x10,
	0x00, 0x10, 0x00, 0x04, 0x00, 0x02, 0x00, 0x20, 0x00, 0x04, 0x00, 0x05, 0x00, 0x03, 0x00, 0x11,
	0x00, 0x18, 0x00, 0x3E, 0x00, 0x00, 0x00, 0x01, 0x00, 0x00, 0x00, 0x01, 0x00, 0x00, 0x00, 0x00,
	0x00, 0x00, 0x00, 0x01, 0x00, 0x01, 0x00, 0x01, 0x00, 0x00, 0x00, 0x17, 0x00, 0x19, 0x00, 0x19,
	0x00, 0x01, 0x00, 0x00, 0x00, 0x0A, 0x02, 0x0E, 0x03, 0x60, 0x00, 0x03, 0x44, 0x46, 0x4C, 0x54,
	0x00, 0x14, 0x63, 0x79, 0x72, 0x6C, 0x00, 0x18, 0x6C, 0x61, 0x74, 0x6E, 0x01, 0x20, 0x01, 0x3A,
	0x00, 0x00, 0x01, 0x36, 0x00, 0x05, 0x42, 0x47, 0x52, 0x20, 0x00, 0x22, 0x42, 0x53, 0x48, 0x20,
	0x00, 0x50, 0x43, 0x48, 0x55, 0x20, 0x00, 0x7E, 0x4D, 0x4B, 0x44, 0x20, 0x00, 0xAC, 0x53, 0x52,
	0x42, 0x20, 0x00, 0xDA, 0x00, 0x00, 0xFF, 0xFF, 0x00, 0x14, 0x00, 0x00, 0x00, 0x01, 0x00, 0x02,
	0x00, 0x03, 0x00, 0x04, 0x00, 0x05, 0x00, 0x06, 0x00, 0x07, 0x00, 0x08, 0x00, 0x0A, 0x00, 0x11,
	0x00, 0x12, 0x00, 0x13, 0x00, 0x14, 0x00, 0x15, 0x00, 0x16, 0x00, 0x17, 0x00, 0x18, 0x00, 0x19,
	0x00, 0x1A, 0x00, 0x00, 0xFF, 0xFF, 0x00, 0x14, 0x00, 0x00, 0x00, 0x01, 0x00, 0x02, 0x00, 0x03,
	0x00, 0x04, 0x00, 0x05, 0x00, 0x06, 0x00, 0x07, 0x00, 0x08, 0x00, 0x0B, 0x00, 0x11, 0x00, 0x12,
	0x00, 0x13, 0x00, 0x14, 0x00, 0x15, 0x00, 0x16, 0x00, 0x17, 0x00, 0x18, 0x00, 0x19, 0x00, 0x1A,
	0x00, 0x00, 0xFF, 0xFF, 0x00, 0x14, 0x00, 0x00, 0x00, 0x01, 0x00, 0x02, 0x00, 0x03, 0x00, 0x04,
	0x00, 0x05, 0x00, 0x06, 0x00, 0x07, 0x00, 0x08, 0x00, 0x0D, 0x00, 0x11, 0x00, 0x12, 0x00, 0x13,
	0x00, 0x14, 0x00, 0x15, 0x00, 0x16, 0x00, 0x17, 0x00, 0x18, 0x00, 0x19, 0x00, 0x1A, 0x00, 0x00,
	0xFF, 0xFF, 0x00, 0x14, 0x00, 0x00, 0x00, 0x01, 0x00, 0x02, 0x00, 0x03, 0x00, 0x04, 0x00, 0x05,
	0x00, 0x06, 0x00, 0x07, 0x00, 0x08, 0x00, 0x0E, 0x00, 0x11, 0x00, 0x12, 0x00, 0x13, 0x00, 0x14,
	0x00, 0x15, 0x00, 0x16, 0x00, 0x17, 0x00, 0x18, 0x00, 0x19, 0x00, 0x1A, 0x00, 0x00, 0xFF, 0xFF,
	0x00, 0x14, 0x00, 0x00, 0x00, 0x01, 0x00, 0x02, 0x00, 0x03, 0x00, 0x04, 0x00, 0x05, 0x00, 0x06,
	0x00, 0x07, 0x00, 0x08, 0x00, 0x10, 0x00, 0x11, 0x00, 0x12, 0x00, 0x13, 0x00, 0x14, 0x00, 0x15,
	0x00, 0x16, 0x00, 0x17, 0x00, 0x18, 0x00, 0x19, 0x00, 0x1A, 0x00, 0x2E, 0x00, 0x07, 0x41, 0x5A,
	0x45, 0x20, 0x00, 0xB6, 0x43, 0x41, 0x54, 0x20, 0x00, 0x5A, 0x43, 0x52, 0x54, 0x20, 0x00, 0xB6,
	0x4B, 0x41, 0x5A, 0x20, 0x00, 0xB6, 0x4E, 0x4C, 0x44, 0x20, 0x00, 0x88, 0x54, 0x41, 0x54, 0x20,
	0x00, 0xB6, 0x54, 0x52, 0x4B, 0x20, 0x00, 0xB6, 0x00, 0x00, 0xFF, 0xFF, 0x00, 0x13, 0x00, 0x00,
	0x00, 0x01, 0x00, 0x02, 0x00, 0x03, 0x00, 0x04, 0x00, 0x05, 0x00, 0x06, 0x00, 0x07, 0x00, 0x08,
	0x00, 0x11, 0x00, 0x12, 0x00, 0x13, 0x00, 0x14, 0x00, 0x15, 0x00, 0x16, 0x00, 0x17, 0x00, 0x18,
	0x00, 0x19, 0x00, 0x1A, 0x00, 0x00, 0xFF, 0xFF, 0x00, 0x14, 0x00, 0x00, 0x00, 0x01, 0x00, 0x02,
	0x00, 0x03, 0x00, 0x04, 0x00, 0x05, 0x00, 0x06, 0x00, 0x07, 0x00, 0x08, 0x00, 0x0C, 0x00, 0x11,
	0x00, 0x12, 0x00, 0x13, 0x00, 0x14, 0x00, 0x15, 0x00, 0x16, 0x00, 0x17, 0x00, 0x18, 0x00, 0x19,
	0x00, 0x1A, 0x00, 0x00, 0xFF, 0xFF, 0x00, 0x14, 0x00, 0x00, 0x00, 0x01, 0x00, 0x02, 0x00, 0x03,
	0x00, 0x04, 0x00, 0x05, 0x00, 0x06, 0x00, 0x07, 0x00, 0x08, 0x00, 0x0F, 0x00, 0x11, 0x00, 0x12,
	0x00, 0x13, 0x00, 0x14, 0x00, 0x15, 0x00, 0x16, 0x00, 0x17, 0x00, 0x18, 0x00, 0x19, 0x00, 0x1A,
	0x00, 0x00, 0xFF, 0xFF, 0x00, 0x14, 0x00, 0x00, 0x00, 0x01, 0x00, 0x02, 0x00, 0x03, 0x00, 0x04,
	0x00, 0x05, 0x00, 0x06, 0x00, 0x07, 0x00, 0x08, 0x00, 0x09, 0x00, 0x11, 0x00, 0x12, 0x00, 0x13,
	0x00, 0x14, 0x00, 0x15, 0x00, 0x16, 0x00, 0x17, 0x00, 0x18, 0x00, 0x19, 0x00, 0x1A, 0x00, 0x1B,
	0x61, 0x61, 0x6C, 0x74, 0x00, 0xA4, 0x63, 0x32, 0x73, 0x63, 0x00, 0xAC, 0x63, 0x61, 0x73, 0x65,
	0x00, 0xB2, 0x63, 0x63, 0x6D, 0x70, 0x00, 0xB8, 0x64, 0x6C, 0x69, 0x67, 0x00, 0xBE, 0x64, 0x6E,
	0x6F, 0x6D, 0x00, 0xC4, 0x66, 0x72, 0x61, 0x63, 0x00, 0xCA, 0x6C, 0x69, 0x67, 0x61, 0x00, 0xD4,
	0x6C, 0x6E, 0x75, 0x6D, 0x00, 0xDA, 0x6C, 0x6F, 0x63, 0x6C, 0x00, 0xE0, 0x6C, 0x6F, 0x63, 0x6C,
	0x00, 0xE6, 0x6C, 0x6F, 0x63, 0x6C, 0x00, 0xEC, 0x6C, 0x6F, 0x63, 0x6C, 0x00, 0xF2, 0x6C, 0x6F,
	0x63, 0x6C, 0x00, 0xF8, 0x6C, 0x6F, 0x63, 0x6C, 0x00, 0xFE, 0x6C, 0x6F, 0x63, 0x6C, 0x01, 0x04,
	0x6C, 0x6F, 0x63, 0x6C, 0x01, 0x0A, 0x6E, 0x75, 0x6D, 0x72, 0x01, 0x10, 0x6F, 0x6E, 0x75, 0x6D,
	0x01, 0x16, 0x6F, 0x72, 0x64, 0x6E, 0x01, 0x1C, 0x70, 0x6E, 0x75, 0x6D, 0x01, 0x24, 0x73, 0x69,
	0x6E, 0x66, 0x01, 0x2A, 0x73, 0x6D, 0x63, 0x70, 0x01, 0x30, 0x73, 0x73, 0x30, 0x31, 0x01, 0x36,
	0x73, 0x75, 0x62, 0x73, 0x01, 0x40, 0x73, 0x75, 0x70, 0x73, 0x01, 0x46, 0x74, 0x6E, 0x75, 0x6D,
	0x01, 0x4C, 0x00, 0x00, 0x00, 0x02, 0x00, 0x00, 0x00, 0x01, 0x00, 0x00, 0x00, 0x01, 0x00, 0x1D,
	0x00, 0x00, 0x00, 0x01, 0x00, 0x1F, 0x00, 0x00, 0x00, 0x01, 0x00, 0x02, 0x00, 0x00, 0x00, 0x01,
	0x00, 0x20, 0x00, 0x00, 0x00, 0x01, 0x00, 0x11, 0x00, 0x00, 0x00, 0x03, 0x00, 0x12, 0x00, 0x13,
	0x00, 0x14, 0x00, 0x00, 0x00, 0x01, 0x00, 0x21, 0x00, 0x00, 0x00, 0x01, 0x00, 0x19, 0x00, 0x00,
	0x00, 0x01, 0x00, 0x03, 0x00, 0x00, 0x00, 0x01, 0x00, 0x08, 0x00, 0x00, 0x00, 0x01, 0x00, 0x09,
	0x00, 0x00, 0x00, 0x01, 0x00, 0x05, 0x00, 0x00, 0x00, 0x01, 0x00, 0x0A, 0x00, 0x00, 0x00, 0x01,
	0x00, 0x0B, 0x00, 0x00, 0x00, 0x01, 0x00, 0x04, 0x00, 0x00, 0x00, 0x01, 0x00, 0x0C, 0x00, 0x00,
	0x00, 0x01, 0x00, 0x10, 0x00, 0x00, 0x00, 0x01, 0x00, 0x1C, 0x00, 0x00, 0x00, 0x02, 0x00, 0x16,
	0x00, 0x18, 0x00, 0x00, 0x00, 0x01, 0x00, 0x1A, 0x00, 0x00, 0x00, 0x01, 0x00, 0x0E, 0x00, 0x00,
	0x00, 0x01, 0x00, 0x1E, 0x00, 0x06, 0x00, 0x01, 0x00, 0x22, 0x00, 0x00, 0x01, 0x0A, 0x00, 0x00,
	0x00, 0x01, 0x00, 0x0D, 0x00, 0x00, 0x00, 0x01, 0x00, 0x0F, 0x00, 0x00, 0x00, 0x01, 0x00, 0x1B,
	0x00, 0x23, 0x00, 0x48, 0x03, 0xAA, 0x08, 0x74, 0x08, 0x9A, 0x08, 0xAE, 0x08, 0xDC, 0x09, 0x12,
	0x09, 0x20, 0x09, 0x34, 0x09, 0xA2, 0x09, 0xC8, 0x09, 0xE2, 0x09, 0xF6, 0x0A, 0x0A, 0x0A, 0x18,
	0x0A, 0x26, 0x0A, 0x56, 0x0A, 0x34, 0x0A, 0x42, 0x0A, 0x56, 0x0A, 0x64, 0x0A, 0xA2, 0x0A, 0xBA,
	0x0B, 0x02, 0x0B, 0x24, 0x0B, 0x46, 0x0B, 0x5E, 0x0B, 0x76, 0x0B, 0x8E, 0x0B, 0xAC, 0x0C, 0x72,
	0x0D, 0x54, 0x0D, 0xF4, 0x0E, 0x2A, 0x0E, 0x52, 0x00, 0x01, 0x00, 0x00, 0x00, 0x01, 0x00, 0x08,
	0x00, 0x02, 0x01, 0xAE, 0x00, 0xD4, 0x00, 0xC2, 0x00, 0xC3, 0x00, 0xC4, 0x00, 0xC5, 0x00, 0xC6,
	0x00, 0xCE, 0x00, 0xD6, 0x00, 0xD7, 0x00, 0xDC, 0x00, 0xDD, 0x00, 0xDE, 0x00, 0xDF, 0x00, 0xE0,
	0x00, 0xE1, 0x00, 0xE2, 0x00, 0xE3, 0x00, 0xE5, 0x00, 0xE6, 0x00, 0xEE, 0x00, 0xF0, 0x00, 0xC2,
	0x00, 0xC3, 0x00, 0xC4, 0x00, 0xC5, 0x00, 0xC6, 0x00, 0xCD, 0x00, 0xCE, 0x00, 0xD0, 0x00, 0xD1,
	0x00, 0xD2, 0x00, 0xD3, 0x00, 0xD4, 0x00, 0xB8, 0x00, 0xD5, 0x00, 0xD6, 0x00, 0xD8, 0x00, 0xD9,
	0x00, 0xDA, 0x00, 0xDC, 0x00, 0xDD, 0x00, 0xDE, 0x00, 0xDF, 0x00, 0xE0, 0x00, 0xE1, 0x00, 0xE2,
	0x00, 0xE3, 0x00, 0xE4, 0x00, 0xE5, 0x00, 0xE6, 0x00, 0xE7, 0x00, 0xE9, 0x00, 0xEA, 0x00, 0xEB,
	0x00, 0xEC, 0x00, 0xED, 0x00, 0xEE, 0x00, 0xF0, 0x00, 0xB9, 0x00, 0xF5, 0x00, 0xF6, 0x00, 0xF7,
	0x00, 0xF8, 0x00, 0xF9, 0x00, 0xFA, 0x00, 0xFB, 0x00, 0xFC, 0x00, 0xFD, 0x00, 0xFE, 0x00, 0xFF,
	0x01, 0x00, 0x01, 0x01, 0x01, 0x02, 0x01, 0x03, 0x01, 0x04, 0x01, 0x05, 0x01, 0x06, 0x01, 0x07,
	0x01, 0x08, 0x01, 0x09, 0x01, 0x0A, 0x01, 0x0B, 0x01, 0x0C, 0x01, 0x0D, 0x01, 0x0E, 0x01, 0x0F,
	0x01, 0x10, 0x01, 0x11, 0x01, 0x12, 0x01, 0x13, 0x01, 0x14, 0x01, 0x15, 0x01, 0x16, 0x01, 0x17,
	0x01, 0x18, 0x01, 0x19, 0x01, 0x1C, 0x01, 0x1D, 0x01, 0x96, 0x01, 0x92, 0x01, 0x98, 0x01, 0x99,
	0x01, 0x9A, 0x01, 0x9B, 0x01, 0x9C, 0x01, 0x9E, 0x01, 0x9D, 0x01, 0xA0, 0x01, 0xA1, 0x01, 0xA2,
	0x01, 0xA3, 0x01, 0xA5, 0x01, 0xA6, 0x01, 0xA7, 0x01, 0xA8, 0x01, 0xA9, 0x01, 0xAA, 0x01, 0xAB,
	0x01, 0x93, 0x01, 0xAC, 0x01, 0xAD, 0x01, 0xAE, 0x01, 0xAF, 0x01, 0xB0, 0x01, 0xB1, 0x01, 0xB2,
	0x01, 0xB3, 0x01, 0xB4, 0x01, 0xB5, 0x01, 0xB6, 0x01, 0xB7, 0x01, 0xB8, 0x01, 0xB9, 0x01, 0xBA,
	0x02, 0x43, 0x02, 0x42, 0x02, 0x2A, 0x02, 0x2B, 0x02, 0x41, 0x02, 0x3E, 0x02, 0x45, 0x02, 0x46,
	0x02, 0x47, 0x02, 0x2D, 0x02, 0x2E, 0x02, 0x4A, 0x02, 0x32, 0x02, 0x34, 0x02, 0x35, 0x02, 0x4D,
	0x02, 0x4F, 0x02, 0x50, 0x02, 0x37, 0x02, 0x38, 0x02, 0x39, 0x02, 0x3A, 0x02, 0x52, 0x02, 0x54,
	0x02, 0x55, 0x02, 0x3D, 0x02, 0x56, 0x02, 0x3F, 0x02, 0x40, 0x02, 0x57, 0x02, 0x58, 0x02, 0x59,
	0x02, 0x5A, 0x02, 0x5B, 0x02, 0x5C, 0x02, 0x5D, 0x02, 0x5E, 0x02, 0x5F, 0x02, 0x60, 0x02, 0x61,
	0x02, 0x62, 0x02, 0x63, 0x02, 0x64, 0x02, 0x8E, 0x02, 0x8F, 0x02, 0x90, 0x02, 0x91, 0x02, 0x92,
	0x02, 0x93, 0x02, 0x94, 0x02, 0x95, 0x02, 0x96, 0x02, 0x97, 0x02, 0xE4, 0x02, 0xE5, 0x02, 0xE7,
	0x02, 0xE0, 0x02, 0xE2, 0x02, 0xE9, 0x02, 0xF1, 0x02, 0xF2, 0x02, 0xF3, 0x02, 0xFA, 0x02, 0xFB,
	0x02, 0xFC, 0x02, 0xFD, 0x02, 0xFE, 0x02, 0xFF, 0x03, 0x10, 0x03, 0x11, 0x03, 0x12, 0x03, 0x13,
	0x03, 0x14, 0x03, 0x15, 0x03, 0x1A, 0x03, 0x1B, 0x03, 0x2A, 0x03, 0x2B, 0x03, 0x2C, 0x00, 0x01,
	0x00, 0xD4, 0x00, 0x09, 0x00, 0x0A, 0x00, 0x0B, 0x00, 0x0C, 0x00, 0x0D, 0x00, 0x15, 0x00, 0x1D,
	0x00, 0x1E, 0x00, 0x23, 0x00, 0x24, 0x00, 0x25, 0x00, 0x26, 0x00, 0x27, 0x00, 0x28, 0x00, 0x29,
	0x00, 0x2A, 0x00, 0x2C, 0x00, 0x2D, 0x00, 0x34, 0x00, 0x36, 0x00, 0x69, 0x00, 0x6A, 0x00, 0x6B,
	0x00, 0x6C, 0x00, 0x6D, 0x00, 0x74, 0x00, 0x75, 0x00, 0x78, 0x00, 0x79, 0x00, 0x7A, 0x00, 0x7B,
	0x00, 0x7C, 0x00, 0x7D, 0x00, 0x7E, 0x00, 0x80, 0x00, 0x82, 0x00, 0x83, 0x00, 0x84, 0x00, 0x86,
	0x00, 0x87, 0x00, 0x88, 0x00, 0x89, 0x00, 0x8A, 0x00, 0x8B, 0x00, 0x8C, 0x00, 0x8D, 0x00, 0x8E,
	0x00, 0x8F, 0x00, 0x90, 0x00, 0x91, 0x00, 0x93, 0x00, 0x94, 0x00, 0x95, 0x00, 0x96, 0x00, 0x97,
	0x00, 0x98, 0x00, 0x9A, 0x00, 0xB8, 0x00, 0xBA, 0x00, 0xBB, 0x00, 0xBC, 0x00, 0xBD, 0x00, 0xBE,
	0x00, 0xBF, 0x00, 0xC0, 0x00, 0xC1, 0x00, 0xC7, 0x00, 0xC8, 0x00, 0xC9, 0x00, 0xCA, 0x00, 0xCB,
	0x00, 0xCC, 0x00, 0xCD, 0x00, 0xCF, 0x00, 0xD0, 0x00, 0xD1, 0x00, 0xD2, 0x00, 0xD4, 0x00, 0xD5,
	0x00, 0xD7, 0x00, 0xD8, 0x00, 0xD9, 0x00, 0xDA, 0x00, 0xE4, 0x00, 0xE8, 0x00, 0xE9, 0x00, 0xEA,
	0x00, 0xEB, 0x00, 0xEC, 0x00, 0xED, 0x00, 0xEF, 0x00, 0xF1, 0x00, 0xF2, 0x00, 0xF3, 0x00, 0xF4,
	0x01, 0x1A, 0x01, 0x1B, 0x01, 0x20, 0x01, 0x27, 0x01, 0x2A, 0x01, 0x2B, 0x01, 0x2C, 0x01, 0x2F,
	0x01, 0x30, 0x01, 0x31, 0x01, 0x32, 0x01, 0x3A, 0x01, 0x3C, 0x01, 0x3D, 0x01, 0x3E, 0x01, 0x46,
	0x01, 0x47, 0x01, 0x48, 0x01, 0x49, 0x01, 0x4A, 0x01, 0x50, 0x01, 0x55, 0x01, 0x5A, 0x01, 0x64,
	0x01, 0x71, 0x01, 0x76, 0x01, 0x77, 0x01, 0x78, 0x01, 0x79, 0x01, 0x7A, 0x01, 0x7B, 0x01, 0x7F,
	0x01, 0x80, 0x01, 0x85, 0x01, 0x86, 0x01, 0x87, 0x01, 0x89, 0x01, 0x8D, 0x01, 0xBB, 0x01, 0xBC,
	0x01, 0xBD, 0x01, 0xBE, 0x01, 0xBF, 0x01, 0xC2, 0x01, 0xC5, 0x01, 0xC6, 0x01, 0xC7, 0x01, 0xC8,
	0x01, 0xC9, 0x01, 0xCD, 0x01, 0xCE, 0x01, 0xD2, 0x01, 0xD4, 0x01, 0xD5, 0x01, 0xD8, 0x01, 0xD9,
	0x01, 0xDC, 0x01, 0xDD, 0x01, 0xDE, 0x01, 0xDF, 0x01, 0xE2, 0x01, 0xE4, 0x01, 0xE5, 0x01, 0xED,
	0x01, 0xF0, 0x01, 0xF5, 0x01, 0xFE, 0x02, 0x0C, 0x02, 0x11, 0x02, 0x12, 0x02, 0x13, 0x02, 0x14,
	0x02, 0x15, 0x02, 0x16, 0x02, 0x1A, 0x02, 0x1B, 0x02, 0x20, 0x02, 0x21, 0x02, 0x22, 0x02, 0x24,
	0x02, 0x28, 0x02, 0x98, 0x02, 0x99, 0x02, 0x9A, 0x02, 0x9B, 0x02, 0x9C, 0x02, 0x9D, 0x02, 0x9E,
	0x02, 0x9F, 0x02, 0xA0, 0x02, 0xA1, 0x02, 0xCE, 0x02, 0xD3, 0x02, 0xD5, 0x02, 0xD8, 0x02, 0xDC,
	0x02, 0xE3, 0x02, 0xEA, 0x02, 0xEB, 0x02, 0xEC, 0x02, 0xF4, 0x02, 0xF5, 0x02, 0xF6, 0x02, 0xF7,
	0x02, 0xF8, 0x02, 0xF9, 0x03, 0x00, 0x03, 0x01, 0x03, 0x02, 0x03, 0x03, 0x03, 0x04, 0x03, 0x05,
	0x03, 0x0A, 0x03, 0x0B, 0x03, 0x1C, 0x03, 0x1D, 0x03, 0x29, 0x00, 0x03, 0x00, 0x00, 0x00, 0x01,
	0x00, 0x08, 0x00, 0x01, 0x03, 0xFE, 0x00, 0x7A, 0x00, 0xFA, 0x01, 0x02, 0x01, 0x08, 0x01, 0x0E,
	0x01, 0x14, 0x01, 0x1A, 0x01, 0x20, 0x01, 0x26, 0x01, 0x2C, 0x01, 0x32, 0x01, 0x38, 0x01, 0x3E,
	0x01, 0x44, 0x01, 0x4A, 0x01, 0x50, 0x01, 0x56, 0x01, 0x5C, 0x01, 0x62, 0x01, 0x68, 0x01, 0x6E,
	0x01, 0x74, 0x01, 0x7A, 0x01, 0x80, 0x01, 0x86, 0x01, 0x8C, 0x02, 0x36, 0x01, 0x92, 0x01, 0x98,
	0x01, 0x9E, 0x01, 0xA4, 0x01, 0xAA, 0x01, 0xB0, 0x01, 0xB6, 0x01, 0xBC, 0x01, 0xC2, 0x01, 0xC8,
	0x01, 0xCE, 0x01, 0xD4, 0x01, 0xDC, 0x01, 0xE2, 0x01, 0xE8, 0x01, 0xEE, 0x01, 0xF4, 0x01, 0xFA,
	0x02, 0x00, 0x02, 0x06, 0x02, 0x0C, 0x02, 0x12, 0x02, 0x18, 0x02, 0x1E, 0x02, 0x24, 0x02, 0x2A,
	0x02, 0x30, 0x02, 0x36, 0x02, 0x3C, 0x02, 0x42, 0x02, 0x48, 0x02, 0x4E, 0x02, 0x54, 0x02, 0x5A,
	0x02, 0x60, 0x02, 0x66, 0x02, 0x6C, 0x02, 0x72, 0x02, 0x78, 0x02, 0x7E, 0x02, 0x84, 0x02, 0x8A,
	0x02, 0x90, 0x02, 0x96, 0x02, 0x9C, 0x02, 0xA2, 0x02, 0xA8, 0x02, 0xAE, 0x02, 0xB4, 0x02, 0xC4,
	0x02, 0xD4, 0x02, 0xE4, 0x02, 0xF4, 0x03, 0x04, 0x03, 0x14, 0x03, 0x24, 0x03, 0x34, 0x03, 0x44,
	0x03, 0x54, 0x03, 0x5A, 0x03, 0x60, 0x03, 0x66, 0x03, 0x6C, 0x03, 0x72, 0x03, 0x78, 0x03, 0x7E,
	0x03, 0x84, 0x03, 0x8A, 0x03, 0x54, 0x03, 0x5A, 0x03, 0x60, 0x03, 0x66, 0x03, 0x6C, 0x03, 0x72,
	0x03, 0x78, 0x03, 0x7E, 0x03, 0x84, 0x03, 0x8A, 0x03, 0x90, 0x03, 0x96, 0x03, 0x9C, 0x03, 0xA2,
	0x03, 0xA8, 0x03, 0xAE, 0x03, 0xB4, 0x03, 0xBA, 0x03, 0xC0, 0x03, 0xC6, 0x03, 0xCC, 0x03, 0xD2,
	0x03, 0xD8, 0x03, 0xE0, 0x03, 0xE6, 0x03, 0xEC, 0x03, 0xF2, 0x03, 0xF8, 0x00, 0x03, 0x01, 0x1E,
	0x00, 0xBA, 0x00, 0x3A, 0x00, 0x02, 0x00, 0xBB, 0x00, 0x3B, 0x00, 0x02, 0x00, 0xBC, 0x00, 0x3C,
	0x00, 0x02, 0x00, 0xBD, 0x00, 0x3D, 0x00, 0x02, 0x00, 0xBE, 0x00, 0x3E, 0x00, 0x02, 0x00, 0xBF,
	0x00, 0x3F, 0x00, 0x02, 0x00, 0xC0, 0x00, 0x40, 0x00, 0x02, 0x00, 0xC1, 0x00, 0x41, 0x00, 0x02,
	0x00, 0xC7, 0x00, 0x42, 0x00, 0x02, 0x00, 0xC8, 0x00, 0x43, 0x00, 0x02, 0x00, 0xC9, 0x00, 0x44,
	0x00, 0x02, 0x00, 0xCA, 0x00, 0x45, 0x00, 0x02, 0x00, 0xCB, 0x00, 0x46, 0x00, 0x02, 0x00, 0xCC,
	0x00, 0x49, 0x00, 0x02, 0x00, 0xCD, 0x00, 0x4A, 0x00, 0x02, 0x00, 0xCF, 0x00, 0x4B, 0x00, 0x02,
	0x00, 0xB8, 0x00, 0x60, 0x00, 0x02, 0x00, 0xD0, 0x00, 0x4C, 0x00, 0x02, 0x00, 0xD1, 0x00, 0x4D,
	0x00, 0x02, 0x00, 0xD2, 0x00, 0x4E, 0x00, 0x02, 0x00, 0xD4, 0x00, 0x4F, 0x00, 0x02, 0x00, 0xD5,
	0x00, 0x50, 0x00, 0x02, 0x00, 0xD8, 0x00, 0x51, 0x00, 0x02, 0x00, 0xD9, 0x00, 0x52, 0x00, 0x02,
	0x00, 0xDA, 0x00, 0x53, 0x00, 0x02, 0x00, 0xE4, 0x00, 0x54, 0x00, 0x02, 0x00, 0xE8, 0x00, 0x55,
	0x00, 0x02, 0x00, 0xE9, 0x00, 0x56, 0x00, 0x02, 0x00, 0xEA, 0x00, 0x57, 0x00, 0x02, 0x00, 0xEB,
	0x00, 0x58, 0x00, 0x02, 0x00, 0xEC, 0x00, 0x59, 0x00, 0x02, 0x00, 0xED, 0x00, 0x5A, 0x00, 0x02,
	0x00, 0xEF, 0x00, 0x5B, 0x00, 0x02, 0x00, 0xF1, 0x00, 0x5C, 0x00, 0x02, 0x00, 0xF2, 0x00, 0x5D,
	0x00, 0x02, 0x00, 0xF4, 0x00, 0x5E, 0x00, 0x03, 0x01, 0x1E, 0x00, 0xBA, 0x00, 0x9F, 0x00, 0x02,
	0x00, 0xBB, 0x00, 0xA0, 0x00, 0x02, 0x00, 0xBC, 0x00, 0xA1, 0x00, 0x02, 0x00, 0xBD, 0x00, 0xA2,
	0x00, 0x02, 0x00, 0xBE, 0x00, 0xA3, 0x00, 0x02, 0x00, 0xBF, 0x00, 0xA4, 0x00, 0x02, 0x00, 0xC0,
	0x00, 0xA5, 0x00, 0x02, 0x00, 0xC1, 0x00, 0xA6, 0x00, 0x02, 0x00, 0xC7, 0x00, 0xA7, 0x00, 0x02,
	0x00, 0xC8, 0x00, 0xA8, 0x00, 0x02, 0x00, 0xC9, 0x00, 0xA9, 0x00, 0x02, 0x00, 0xCA, 0x00, 0xAA,
	0x00, 0x02, 0x00, 0xCB, 0x00, 0xAB, 0x00, 0x02, 0x00, 0xCC, 0x00, 0xAC, 0x00, 0x02, 0x00, 0x7B,
	0x00, 0xCF, 0x00, 0x02, 0x00, 0xD7, 0x00, 0xAD, 0x00, 0x02, 0x01, 0x1F, 0x00, 0xDB, 0x00, 0x02,
	0x00, 0xE8, 0x00, 0xAE, 0x00, 0x02, 0x00, 0xEF, 0x00, 0xAF, 0x00, 0x02, 0x00, 0xF1, 0x00, 0xB0,
	0x00, 0x02, 0x00, 0xF2, 0x00, 0xB1, 0x00, 0x02, 0x00, 0xF3, 0x00, 0xB2, 0x00, 0x02, 0x00, 0xF4,
	0x00, 0xB3, 0x00, 0x02, 0x01, 0x1A, 0x00, 0xB6, 0x00, 0x02, 0x01, 0x1B, 0x00, 0xB7, 0x00, 0x02,
	0x01, 0x8F, 0x01, 0x97, 0x00, 0x02, 0x01, 0x90, 0x01, 0x9F, 0x00, 0x02, 0x01, 0x91, 0x01, 0xA4,
	0x00, 0x02, 0x01, 0x94, 0x01, 0x95, 0x00, 0x02, 0x02, 0x2C, 0x02, 0x44, 0x00, 0x02, 0x02, 0x2F,
	0x02, 0x48, 0x00, 0x02, 0x02, 0x30, 0x02, 0x49, 0x00, 0x02, 0x02, 0x31, 0x02, 0x4B, 0x00, 0x02,
	0x02, 0x33, 0x02, 0x4C, 0x00, 0x02, 0x02, 0x36, 0x02, 0x4E, 0x00, 0x02, 0x02, 0x3B, 0x02, 0x51,
	0x00, 0x02, 0x02, 0x3C, 0x02, 0x53, 0x00, 0x07, 0x02, 0xA6, 0x02, 0xB0, 0x02, 0xBD, 0x02, 0x98,
	0x02, 0x8E, 0x02, 0x7A, 0x02, 0x70, 0x00, 0x07, 0x02, 0xA7, 0x02, 0xB1, 0x02, 0xBE, 0x02, 0x99,
	0x02, 0x8F, 0x02, 0x7B, 0x02, 0x71, 0x00, 0x07, 0x02, 0xA8, 0x02, 0xB2, 0x02, 0xBF, 0x02, 0x9A,
	0x02, 0x90, 0x02, 0x7C, 0x02, 0x72, 0x00, 0x07, 0x02, 0xA9, 0x02, 0xB3, 0x02, 0xC0, 0x02, 0x9B,
	0x02, 0x91, 0x02, 0x7D, 0x02, 0x73, 0x00, 0x07, 0x02, 0xAA, 0x02, 0xB4, 0x02, 0xC1, 0x02, 0x9C,
	0x02, 0x92, 0x02, 0x7E, 0x02, 0x74, 0x00, 0x07, 0x02, 0xAB, 0x02, 0xB5, 0x02, 0xC2, 0x02, 0x9D,
	0x02, 0x93, 0x02, 0x7F, 0x02, 0x75, 0x00, 0x07, 0x02, 0xAC, 0x02, 0xB6, 0x02, 0xC3, 0x02, 0x9E,
	0x02, 0x94, 0x02, 0x80, 0x02, 0x76, 0x00, 0x07, 0x02, 0xAD, 0x02, 0xB7, 0x02, 0xC4, 0x02, 0x9F,
	0x02, 0x95, 0x02, 0x81, 0x02, 0x77, 0x00, 0x07, 0x02, 0xAE, 0x02, 0xB8, 0x02, 0xC5, 0x02, 0xA0,
	0x02, 0x96, 0x02, 0x82, 0x02, 0x78, 0x00, 0x07, 0x02, 0xAF, 0x02, 0xB9, 0x02, 0xC6, 0x02, 0xA1,
	0x02, 0x97, 0x02, 0x83, 0x02, 0x79, 0x00, 0x02, 0x02, 0x66, 0x02, 0x84, 0x00, 0x02, 0x02, 0x67,
	0x02, 0x85, 0x00, 0x02, 0x02, 0x68, 0x02, 0x86, 0x00, 0x02, 0x02, 0x69, 0x02, 0x87, 0x00, 0x02,
	0x02, 0x6A, 0x02, 0x88, 0x00, 0x02, 0x02, 0x6B, 0x02, 0x89, 0x00, 0x02, 0x02, 0x6C, 0x02, 0x8A,
	0x00, 0x02, 0x02, 0x6D, 0x02, 0x8B, 0x00, 0x02, 0x02, 0x6E, 0x02, 0x8C, 0x00, 0x02, 0x02, 0x6F,
	0x02, 0x8D, 0x00, 0x02, 0x02, 0x70, 0x02, 0x66, 0x00, 0x02, 0x02, 0x71, 0x02, 0x67, 0x00, 0x02,
	0x02, 0x72, 0x02, 0x68, 0x00, 0x02, 0x02, 0x73, 0x02, 0x69, 0x00, 0x02, 0x02, 0x74, 0x02, 0x6A,
	0x00, 0x02, 0x02, 0x75, 0x02, 0x6B, 0x00, 0x02, 0x02, 0x76, 0x02, 0x6C, 0x00, 0x02, 0x02, 0x77,
	0x02, 0x6D, 0x00, 0x02, 0x02, 0x78, 0x02, 0x6E, 0x00, 0x02, 0x02, 0x79, 0x02, 0x6F, 0x00, 0x02,
	0x02, 0xE6, 0x02, 0xDD, 0x00, 0x02, 0x02, 0xE8, 0x02, 0xDE, 0x00, 0x03, 0x02, 0xE3, 0x02, 0xE9,
	0x02, 0xDF, 0x00, 0x02, 0x02, 0xA2, 0x02, 0xE1, 0x00, 0x02, 0x03, 0x16, 0x03, 0x0C, 0x00, 0x02,
	0x03, 0x17, 0x03, 0x0D, 0x00, 0x02, 0x03, 0x18, 0x03, 0x0E, 0x00, 0x02, 0x03, 0x19, 0x03, 0x0F,
	0x00, 0x02, 0x00, 0x20, 0x00, 0x01, 0x00, 0x08, 0x00, 0x00, 0x00, 0x0E, 0x00, 0x14, 0x00, 0x08,
	0x00, 0x16, 0x00, 0x1C, 0x00, 0x0F, 0x00, 0x1F, 0x00, 0x22, 0x00, 0x16, 0x00, 0x2B, 0x00, 0x2B,
	0x00, 0x1A, 0x00, 0x2E, 0x00, 0x33, 0x00, 0x1B, 0x00, 0x35, 0x00, 0x35, 0x00, 0x21, 0x00, 0x37,
	0x00, 0x39, 0x00, 0x22, 0x00, 0x61, 0x00, 0x68, 0x00, 0x25, 0x00, 0x6E, 0x00, 0x73, 0x00, 0x2D,
	0x00, 0x76, 0x00, 0x76, 0x00, 0x33, 0x00, 0x81, 0x00, 0x81, 0x00, 0x34, 0x00, 0x85, 0x00, 0x85,
	0x00, 0x35, 0x00, 0x92, 0x00, 0x92, 0x00, 0x36, 0x00, 0x99, 0x00, 0x99, 0x00, 0x37, 0x00, 0x9B,
	0x00, 0x9E, 0x00, 0x38, 0x00, 0xB4, 0x00, 0xB5, 0x00, 0x3C, 0x01, 0x29, 0x01, 0x29, 0x00, 0x3E,
	0x01, 0x35, 0x01, 0x35, 0x00, 0x3F, 0x01, 0x3F, 0x01, 0x3F, 0x00, 0x40, 0x01, 0x63, 0x01, 0x63,
	0x00, 0x41, 0x01, 0xC4, 0x01, 0xC4, 0x00, 0x42, 0x01, 0xCA, 0x01, 0xCC, 0x00, 0x43, 0x01, 0xD0,
	0x01, 0xD0, 0x00, 0x46, 0x01, 0xD7, 0x01, 0xD7, 0x00, 0x47, 0x01, 0xE1, 0x01, 0xE1, 0x00, 0x48,
	0x01, 0xE3, 0x01, 0xE3, 0x00, 0x49, 0x02, 0x66, 0x02, 0x8D, 0x00, 0x4A, 0x02, 0xD4, 0x02, 0xD4,
	0x00, 0x72, 0x02, 0xD6, 0x02, 0xD7, 0x00, 0x73, 0x02, 0xDB, 0x02, 0xDB, 0x00, 0x75, 0x03, 0x06,
	0x03, 0x09, 0x00, 0x76, 0x00, 0x02, 0x00, 0x00, 0x00, 0x01, 0x00, 0x08, 0x00, 0x01, 0x00, 0x0A,
	0x00, 0x02, 0x00, 0x12, 0x00, 0x18, 0x00, 0x01, 0x00, 0x02, 0x00, 0xB4, 0x00, 0xB5, 0x00, 0x02,
	0x00, 0x73, 0x00, 0x76, 0x00, 0x02, 0x00, 0x73, 0x00, 0x81, 0x00, 0x01, 0x00, 0x00, 0x00, 0x01,
	0x00, 0x08, 0x00, 0x01, 0x00, 0x06, 0x00, 0x05, 0x00, 0x01, 0x00, 0x01, 0x00, 0x76, 0x00, 0x04,
	0x00, 0x00, 0x00, 0x01, 0x00, 0x08, 0x00, 0x01, 0x00, 0x1E, 0x00, 0x02, 0x00, 0x0A, 0x00, 0x14,
	0x00, 0x01, 0x00, 0x04, 0x00, 0x17, 0x00, 0x02, 0x00, 0x1C, 0x00, 0x01, 0x00, 0x04, 0x00, 0x7D,
	0x00, 0x02, 0x00, 0x7E, 0x00, 0x01, 0x00, 0x02, 0x00, 0x18, 0x00, 0x78, 0x00, 0x06, 0x00, 0x00,
	0x00, 0x01, 0x00, 0x08, 0x00, 0x01, 0x00, 0x4A, 0x00, 0x01, 0x00, 0x08, 0x00, 0x02, 0x00, 0x06,
	0x00, 0x16, 0x00, 0x01, 0x00, 0x81, 0x00, 0x01, 0x00, 0x01, 0x00, 0x81, 0x00, 0x01, 0x00, 0x00,
	0x00, 0x06, 0x00, 0x01, 0x00, 0x1E, 0x00, 0x01, 0x00, 0x01, 0x00, 0x1E, 0x00, 0x01, 0x00, 0x00,
	0x00, 0x07, 0x00, 0x01, 0x00, 0x00, 0x00, 0x01, 0x00, 0x08, 0x00, 0x01, 0x00, 0x14, 0x00, 0x0C,
	0x00, 0x01, 0x00, 0x00, 0x00, 0x01, 0x00, 0x08, 0x00, 0x01, 0x00, 0x06, 0x00, 0x12, 0x00, 0x01,
	0x00, 0x01, 0x02, 0xD7, 0x00, 0x01, 0x00, 0x00, 0x00, 0x01, 0x00, 0x08, 0x00, 0x02, 0x00, 0x34,
	0x00, 0x17, 0x01, 0x8F, 0x01, 0x90, 0x01, 0x91, 0x02, 0x2A, 0x02, 0x2B, 0x02, 0x2C, 0x02, 0x2D,
	0x02, 0x2E, 0x02, 0x2F, 0x02, 0x30, 0x02, 0x31, 0x02, 0x32, 0x02, 0x33, 0x02, 0x34, 0x02, 0x35,
	0x02, 0x36, 0x02, 0x37, 0x02, 0x38, 0x02, 0x39, 0x02, 0x3A, 0x02, 0x3B, 0x02, 0x3C, 0x02, 0x3D,
	0x00, 0x01, 0x00, 0x17, 0x01, 0x29, 0x01, 0x35, 0x01, 0x3F, 0x01, 0xBD, 0x01, 0xBE, 0x01, 0xC4,
	0x01, 0xC8, 0x01, 0xC9, 0x01, 0xCA, 0x01, 0xCB, 0x01, 0xCC, 0x01, 0xCE, 0x01, 0xD0, 0x01, 0xD2,
	0x01, 0xD4, 0x01, 0xD7, 0x01, 0xDC, 0x01, 0xDD, 0x01, 0xDE, 0x01, 0xDF, 0x01, 0xE1, 0x01, 0xE3,
	0x01, 0xED, 0x00, 0x01, 0x00, 0x00, 0x00, 0x01, 0x00, 0x08, 0x00, 0x02, 0x00, 0x10, 0x00, 0x05,
	0x01, 0x92, 0x01, 0x93, 0x01, 0x94, 0x02, 0x3E, 0x02, 0x3F, 0x00, 0x01, 0x00, 0x05, 0x01, 0x27,
	0x01, 0x5A, 0x01, 0x63, 0x01, 0xC2, 0x01, 0xF5, 0x00, 0x01, 0x00, 0x00, 0x00, 0x01, 0x00, 0x08,
	0x00, 0x02, 0x00, 0x0A, 0x00, 0x02, 0x01, 0x95, 0x02, 0x40, 0x00, 0x01, 0x00, 0x02, 0x01, 0x63,
	0x01, 0xFE, 0x00, 0x01, 0x00, 0x00, 0x00, 0x01, 0x00, 0x08, 0x00, 0x01, 0x00, 0x06, 0x00, 0x82,
	0x00, 0x01, 0x00, 0x01, 0x01, 0xBF, 0x00, 0x01, 0x00, 0x00, 0x00, 0x01, 0x00, 0x08, 0x00, 0x01,
	0x00, 0x06, 0x00, 0x86, 0x00, 0x01, 0x00, 0x01, 0x01, 0xBC, 0x00, 0x01, 0x00, 0x00, 0x00, 0x01,
	0x00, 0x08, 0x00, 0x01, 0x00, 0xDE, 0x00, 0x40, 0x00, 0x01, 0x00, 0x00, 0x00, 0x01, 0x00, 0x08,
	0x00, 0x01, 0x00, 0xD0, 0x00, 0x4A, 0x00, 0x01, 0x00, 0x00, 0x00, 0x01, 0x00, 0x08, 0x00, 0x01,
	0x00, 0xC2, 0x00, 0x57, 0x00, 0x01, 0x00, 0x00, 0x00, 0x01, 0x00, 0x08, 0x00, 0x01, 0x00, 0xB4,
	0x00, 0x28, 0x00, 0x01, 0x00, 0x00, 0x00, 0x01, 0x00, 0x08, 0x00, 0x01, 0x00, 0x06, 0xFF, 0xC7,
	0x00, 0x01, 0x00, 0x01, 0x02, 0xDB, 0x00, 0x01, 0x00, 0x00, 0x00, 0x01, 0x00, 0x08, 0x00, 0x01,
	0x00, 0x92, 0x00, 0x32, 0x00, 0x06, 0x00, 0x00, 0x00, 0x02, 0x00, 0x0A, 0x00, 0x22, 0x00, 0x03,
	0x00, 0x01, 0x00, 0x12, 0x00, 0x01, 0x00, 0x42, 0x00, 0x00, 0x00, 0x01, 0x00, 0x00, 0x00, 0x15,
	0x00, 0x01, 0x00, 0x01, 0x02, 0xA2, 0x00, 0x03, 0x00, 0x01, 0x00, 0x12, 0x00, 0x01, 0x00, 0x2A,
	0x00, 0x00, 0x00, 0x01, 0x00, 0x00, 0x00, 0x15, 0x00, 0x02, 0x00, 0x01, 0x02, 0x8E, 0x02, 0x97,
	0x00, 0x00, 0x00, 0x01, 0x00, 0x00, 0x00, 0x01, 0x00, 0x08, 0x00, 0x01, 0x00, 0x06, 0xFF, 0xF6,
	0x00, 0x02, 0x00, 0x01, 0x02, 0x98, 0x02, 0xA1, 0x00, 0x00, 0x00, 0x06, 0x00, 0x00, 0x00, 0x02,
	0x00, 0x0A, 0x00, 0x24, 0x00, 0x03, 0x00, 0x01, 0x00, 0x2C, 0x00, 0x01, 0x00, 0x12, 0x00, 0x00,
	0x00, 0x01, 0x00, 0x00, 0x00, 0x17, 0x00, 0x01, 0x00, 0x02, 0x00, 0x01, 0x00, 0x61, 0x00, 0x03,
	0x00, 0x01, 0x00, 0x12, 0x00, 0x01, 0x00, 0x1C, 0x00, 0x00, 0x00, 0x01, 0x00, 0x00, 0x00, 0x17,
	0x00, 0x02, 0x00, 0x01, 0x02, 0x66, 0x02, 0x6F, 0x00, 0x00, 0x00, 0x01, 0x00, 0x02, 0x00, 0x22,
	0x00, 0x85, 0x00, 0x01, 0x00, 0x00, 0x00, 0x01, 0x00, 0x08, 0x00, 0x02, 0x00, 0x0E, 0x00, 0x04,
	0x01, 0x1E, 0x01, 0x1F, 0x01, 0x1E, 0x01, 0x1F, 0x00, 0x01, 0x00, 0x04, 0x00, 0x01, 0x00, 0x22,
	0x00, 0x61, 0x00, 0x85, 0x00, 0x04, 0x00, 0x00, 0x00, 0x01, 0x00, 0x08, 0x00, 0x01, 0x00, 0x14,
	0x00, 0x01, 0x00, 0x08, 0x00, 0x01, 0x00, 0x04, 0x03, 0x29, 0x00, 0x03, 0x00, 0x85, 0x02, 0xCE,
	0x00, 0x01, 0x00, 0x01, 0x00, 0x20, 0x00, 0x01, 0x00, 0x00, 0x00, 0x01, 0x00, 0x08, 0x00, 0x01,
	0x00, 0x06, 0xFF, 0xF6, 0x00, 0x02, 0x00, 0x01, 0x02, 0x70, 0x02, 0x79, 0x00, 0x00, 0x00, 0x01,
	0x00, 0x00, 0x00, 0x01, 0x00, 0x08, 0x00, 0x01, 0x00, 0x06, 0xFF, 0xEC, 0x00, 0x02, 0x00, 0x01,
	0x02, 0x7A, 0x02, 0x8D, 0x00, 0x00, 0x00, 0x01, 0x00, 0x00, 0x00, 0x01, 0x00, 0x08, 0x00, 0x01,
	0x00, 0x06, 0x00, 0x14, 0x00, 0x02, 0x00, 0x01, 0x02, 0x66, 0x02, 0x79, 0x00, 0x00, 0x00, 0x01,
	0x00, 0x00, 0x00, 0x01, 0x00, 0x08, 0x00, 0x01, 0x00, 0x06, 0x00, 0x0A, 0x00, 0x02, 0x00, 0x02,
	0x02, 0x66, 0x02, 0x6F, 0x00, 0x00, 0x02, 0x7A, 0x02, 0x83, 0x00, 0x0A, 0x00, 0x01, 0x00, 0x00,
	0x00, 0x01, 0x00, 0x08, 0x00, 0x02, 0x00, 0x9C, 0x00, 0x4B, 0x00, 0xBA, 0x00, 0xBB, 0x00, 0xBC,
	0x00, 0xBD, 0x00, 0xBE, 0x00, 0xBF, 0x00, 0xC0, 0x00, 0xC1, 0x00, 0xC2, 0x00, 0xC3, 0x00, 0xC4,
	0x00, 0xC5, 0x00, 0xC6, 0x00, 0xC7, 0x00, 0xC8, 0x00, 0xC9, 0x00, 0xCA, 0x00, 0xCB, 0x00, 0xCC,
	0x00, 0xCD, 0x00, 0xCE, 0x00, 0xCF, 0x00, 0xB8, 0x00, 0xD0, 0x00, 0xD1, 0x00, 0xD2, 0x00, 0xD4,
	0x00, 0xD5, 0x00, 0xD6, 0x00, 0xD7, 0x00, 0xD8, 0x00, 0xD9, 0x00, 0xDA, 0x00, 0xDB, 0x00, 0xDC,
	0x00, 0xDD, 0x00, 0xDE, 0x00, 0xDF, 0x00, 0xE0, 0x00, 0xE1, 0x00, 0xE2, 0x00, 0xE3, 0x00, 0xE4,
	0x00, 0xE5, 0x00, 0xE6, 0x00, 0xE8, 0x00, 0xE9, 0x00, 0xEA, 0x00, 0xEB, 0x00, 0xEC, 0x00, 0xED,
	0x00, 0xEE, 0x00, 0xEF, 0x00, 0xF0, 0x00, 0xF1, 0x00, 0xF2, 0x00, 0xF4, 0x02, 0xE4, 0x02, 0xE5,
	0x02, 0xE6, 0x02, 0xE7, 0x02, 0xE8, 0x03, 0x10, 0x03, 0x11, 0x03, 0x12, 0x03, 0x13, 0x03, 0x14,
	0x03, 0x15, 0x03, 0x16, 0x03, 0x17, 0x03, 0x18, 0x03, 0x19, 0x03, 0x1A, 0x03, 0x1B, 0x03, 0x2B,
	0x00, 0x02, 0x00, 0x05, 0x00, 0x01, 0x00, 0x39, 0x00, 0x00, 0x02, 0xCE, 0x02, 0xCE, 0x00, 0x39,
	0x02, 0xD3, 0x02, 0xD6, 0x00, 0x3A, 0x03, 0x00, 0x03, 0x0B, 0x00, 0x3E, 0x03, 0x1D, 0x03, 0x1D,
	0x00, 0x4A, 0x00, 0x01, 0x00, 0x00, 0x00, 0x01, 0x00, 0x08, 0x00, 0x02, 0x00, 0xA6, 0x00, 0x50,
	0x00, 0xBA, 0x00, 0xBB, 0x00, 0xBC, 0x00, 0xBD, 0x00, 0xBE, 0x00, 0xBF, 0x00, 0xC0, 0x00, 0xC1,
	0x00, 0xC2, 0x00, 0xC3, 0x00, 0xC4, 0x00, 0xC5, 0x00, 0xC6, 0x00, 0xC7, 0x00, 0xC8, 0x00, 0xC9,
	0x00, 0xCA, 0x00, 0xCB, 0x00, 0xCC, 0x00, 0xCD, 0x00, 0xCE, 0x00, 0xCF, 0x00, 0xD0, 0x00, 0xD1,
	0x00, 0xD2, 0x00, 0xD3, 0x00, 0xD4, 0x00, 0xB8, 0x00, 0xD5, 0x00, 0xD6, 0x00, 0xD7, 0x00, 0xD8,
	0x00, 0xD9, 0x00, 0xDA, 0x00, 0xDB, 0x00, 0xDC, 0x00, 0xDD, 0x00, 0xDE, 0x00, 0xDF, 0x00, 0xE0,
	0x00, 0xE1, 0x00, 0xE2, 0x00, 0xE3, 0x00, 0xE4, 0x00, 0xE5, 0x00, 0xE6, 0x00, 0xE7, 0x00, 0xE8,
	0x00, 0xE9, 0x00, 0xEA, 0x00, 0xEB, 0x00, 0xEC, 0x00, 0xED, 0x00, 0xEE, 0x00, 0xEF, 0x00, 0xF0,
	0x00, 0xF1, 0x00, 0xF2, 0x00, 0xF3, 0x00, 0xF4, 0x01, 0x1A, 0x01, 0x1B, 0x02, 0xE4, 0x02, 0xE5,
	0x02, 0xE6, 0x02, 0xE7, 0x02, 0xE8, 0x03, 0x10, 0x03, 0x11, 0x03, 0x12, 0x03, 0x13, 0x03, 0x14,
	0x03, 0x15, 0x03, 0x16, 0x03, 0x17, 0x03, 0x18, 0x03, 0x19, 0x03, 0x1A, 0x03, 0x1B, 0x03, 0x2B,
	0x00, 0x02, 0x00, 0x08, 0x00, 0x61, 0x00, 0x76, 0x00, 0x00, 0x00, 0x78, 0x00, 0x7E, 0x00, 0x16,
	0x00, 0x80, 0x00, 0x9E, 0x00, 0x1D, 0x00, 0xB4, 0x00, 0xB5, 0x00, 0x3C, 0x02, 0xCE, 0x02, 0xCE,
	0x00, 0x3E, 0x02, 0xD3, 0x02, 0xD6, 0x00, 0x3F, 0x03, 0x00, 0x03, 0x0B, 0x00, 0x43, 0x03, 0x1D,
	0x03, 0x1D, 0x00, 0x4F, 0x00, 0x01, 0x00, 0x00, 0x00, 0x01, 0x00, 0x08, 0x00, 0x02, 0x00, 0x58,
	0x00, 0x29, 0x02, 0x66, 0x02, 0x67, 0x02, 0x68, 0x02, 0x69, 0x02, 0x6A, 0x02, 0x6B, 0x02, 0x6C,
	0x02, 0x6D, 0x02, 0x6E, 0x02, 0x6F, 0x02, 0x66, 0x02, 0x67, 0x02, 0x68, 0x02, 0x69, 0x02, 0x6A,
	0x02, 0x6B, 0x02, 0x6C, 0x02, 0x6D, 0x02, 0x6E, 0x02, 0x6F, 0x02, 0xDD, 0x02, 0xDE, 0x02, 0xDF,
	0x02, 0xE0, 0x02, 0xE1, 0x02, 0xE2, 0x02, 0xE9, 0x02, 0xF1, 0x02, 0xF2, 0x02, 0xF3, 0x02, 0xFA,
	0x02, 0xFB, 0x02, 0xFC, 0x02, 0xFD, 0x02, 0xFE, 0x02, 0xFF, 0x03, 0x0C, 0x03, 0x0D, 0x03, 0x0E,
	0x03, 0x0F, 0x03, 0x2A, 0x00, 0x02, 0x00, 0x0A, 0x02, 0x70, 0x02, 0x79, 0x00, 0x00, 0x02, 0x84,
	0x02, 0x8D, 0x00, 0x0A, 0x02, 0xD4, 0x02, 0xD4, 0x00, 0x14, 0x02, 0xD6, 0x02, 0xD8, 0x00, 0x15,
	0x02, 0xDB, 0x02, 0xDC, 0x00, 0x18, 0x02, 0xE3, 0x02, 0xE3, 0x00, 0x1A, 0x02, 0xEA, 0x02, 0xEC,
	0x00, 0x1B, 0x02, 0xF4, 0x02, 0xF9, 0x00, 0x1E, 0x03, 0x06, 0x03, 0x09, 0x00, 0x24, 0x03, 0x1C,
	0x03, 0x1C, 0x00, 0x28, 0x00, 0x04, 0x00, 0x08, 0x00, 0x01, 0x00, 0x08, 0x00, 0x01, 0x00, 0x26,
	0x00, 0x02, 0x00, 0x0A, 0x00, 0x14, 0x00, 0x01, 0x00, 0x04, 0x00, 0x5F, 0x00, 0x02, 0x00, 0x75,
	0x00, 0x02, 0x00, 0x06, 0x00, 0x0C, 0x01, 0x1A, 0x00, 0x02, 0x00, 0xCF, 0x01, 0x1B, 0x00, 0x02,
	0x00, 0xD7, 0x00, 0x01, 0x00, 0x02, 0x00, 0x2E, 0x00, 0xCC, 0x00, 0x04, 0x00, 0x08, 0x00, 0x01,
	0x00, 0x08, 0x00, 0x01, 0x00, 0x1A, 0x00, 0x01, 0x00, 0x08, 0x00, 0x02, 0x00, 0x06, 0x00, 0x0C,
	0x00, 0xB4, 0x00, 0x02, 0x00, 0x76, 0x00, 0xB5, 0x00, 0x02, 0x00, 0x81, 0x00, 0x01, 0x00, 0x01,
	0x00, 0x73, 0x00, 0x01, 0x00, 0x00, 0x00, 0x01, 0x00, 0x08, 0x00, 0x02, 0x01, 0x5C, 0x00, 0xAB,
	0x00, 0x3A, 0x00, 0x3B, 0x00, 0x3C, 0x00, 0x3D, 0x00, 0x3E, 0x00, 0x3F, 0x00, 0x40, 0x00, 0x41,
	0x00, 0x42, 0x00, 0x43, 0x00, 0x44, 0x00, 0x45, 0x00, 0x46, 0x00, 0x49, 0x00, 0x4A, 0x00, 0x4B,
	0x00, 0x60, 0x00, 0x4C, 0x00, 0x4D, 0x00, 0x4E, 0x00, 0x4F, 0x00, 0x50, 0x00, 0x51, 0x00, 0x52,
	0x00, 0x53, 0x00, 0x54, 0x00, 0x55, 0x00, 0x56, 0x00, 0x57, 0x00, 0x58, 0x00, 0x59, 0x00, 0x5A,
	0x00, 0x5B, 0x00, 0x5C, 0x00, 0x5D, 0x00, 0x5E, 0x00, 0x9F, 0x00, 0xA0, 0x00, 0xA1, 0x00, 0xA2,
	0x00, 0xA3, 0x00, 0xA4, 0x00, 0xA5, 0x00, 0xA6, 0x00, 0xA7, 0x00, 0xA8, 0x00, 0xA9, 0x00, 0xAA,
	0x00, 0xAB, 0x00, 0xAC, 0x00, 0xAD, 0x00, 0xAE, 0x00, 0xAF, 0x00, 0xB0, 0x00, 0xB1, 0x00, 0xB2,
	0x00, 0xB3, 0x00, 0xB6, 0x00, 0xB7, 0x00, 0xB9, 0x00, 0xF5, 0x00, 0xF6, 0x00, 0xF7, 0x00, 0xF8,
	0x00, 0xF9, 0x00, 0xFA, 0x00, 0xFB, 0x00, 0xFC, 0x00, 0xFD, 0x00, 0xFE, 0x00, 0xFF, 0x01, 0x00,
	0x01, 0x01, 0x01, 0x02, 0x01, 0x03, 0x01, 0x04, 0x01, 0x05, 0x01, 0x06, 0x01, 0x07, 0x01, 0x08,
	0x01, 0x09, 0x01, 0x0A, 0x01, 0x0B, 0x01, 0x0C, 0x01, 0x0D, 0x01, 0x0E, 0x01, 0x0F, 0x01, 0x10,
	0x01, 0x11, 0x01, 0x12, 0x01, 0x13, 0x01, 0x14, 0x01, 0x15, 0x01, 0x16, 0x01, 0x17, 0x01, 0x18,
	0x01, 0x19, 0x01, 0x1C, 0x01, 0x1D, 0x01, 0x96, 0x01, 0x97, 0x01, 0x98, 0x01, 0x99, 0x01, 0x9A,
	0x01, 0x9B, 0x01, 0x9C, 0x01, 0x9E, 0x01, 0x9D, 0x01, 0x9F, 0x01, 0xA0, 0x01, 0xA1, 0x01, 0xA2,
	0x01, 0xA3, 0x01, 0xA4, 0x01, 0xA5, 0x01, 0xA6, 0x01, 0xA7, 0x01, 0xA8, 0x01, 0xA9, 0x01, 0xAA,
	0x01, 0xAB, 0x01, 0xAC, 0x01, 0xAD, 0x01, 0xAE, 0x01, 0xAF, 0x01, 0xB0, 0x01, 0xB1, 0x01, 0xB2,
	0x01, 0xB3, 0x01, 0xB4, 0x01, 0xB5, 0x01, 0xB6, 0x01, 0xB7, 0x01, 0xB8, 0x01, 0xB9, 0x01, 0xBA,
	0x02, 0x43, 0x02, 0x44, 0x02, 0x45, 0x02, 0x46, 0x02, 0x47, 0x02, 0x48, 0x02, 0x49, 0x02, 0x4B,
	0x02, 0x4A, 0x02, 0x4C, 0x02, 0x4D, 0x02, 0x4E, 0x02, 0x4F, 0x02, 0x50, 0x02, 0x51, 0x02, 0x52,
	0x02, 0x53, 0x02, 0x54, 0x02, 0x55, 0x02, 0x56, 0x02, 0x57, 0x02, 0x58, 0x02, 0x59, 0x02, 0x5A,
	0x02, 0x5B, 0x02, 0x5C, 0x02, 0x5D, 0x02, 0x5E, 0x02, 0x5F, 0x02, 0x60, 0x02, 0x61, 0x02, 0x62,
	0x02, 0x63, 0x02, 0x64, 0x03, 0x2C, 0x00, 0x01, 0x00, 0xAB, 0x00, 0x01, 0x00, 0x02, 0x00, 0x03,
	0x00, 0x04, 0x00, 0x05, 0x00, 0x06, 0x00, 0x07, 0x00, 0x08, 0x00, 0x0E, 0x00, 0x0F, 0x00, 0x10,
	0x00, 0x11, 0x00, 0x12, 0x00, 0x13, 0x00, 0x14, 0x00, 0x16, 0x00, 0x17, 0x00, 0x18, 0x00, 0x19,
	0x00, 0x1A, 0x00, 0x1B, 0x00, 0x1C, 0x00, 0x1F, 0x00, 0x20, 0x00, 0x21, 0x00, 0x2B, 0x00, 0x2E,
	0x00, 0x2F, 0x00, 0x30, 0x00, 0x31, 0x00, 0x32, 0x00, 0x33, 0x00, 0x35, 0x00, 0x37, 0x00, 0x38,
	0x00, 0x39, 0x00, 0x61, 0x00, 0x62, 0x00, 0x63, 0x00, 0x64, 0x00, 0x65, 0x00, 0x66, 0x00, 0x67,
	0x00, 0x68, 0x00, 0x6E, 0x00, 0x6F, 0x00, 0x70, 0x00, 0x71, 0x00, 0x72, 0x00, 0x73, 0x00, 0x81,
	0x00, 0x92, 0x00, 0x99, 0x00, 0x9B, 0x00, 0x9C, 0x00, 0x9D, 0x00, 0x9E, 0x00, 0xB4, 0x00, 0xB5,
	0x00, 0xB8, 0x00, 0xBA, 0x00, 0xBB, 0x00, 0xBC, 0x00, 0xBD, 0x00, 0xBE, 0x00, 0xBF, 0x00, 0xC0,
	0x00, 0xC1, 0x00, 0xC7, 0x00, 0xC8, 0x00, 0xC9, 0x00, 0xCA, 0x00, 0xCB, 0x00, 0xCC, 0x00, 0xCD,
	0x00, 0xCF, 0x00, 0xD0, 0x00, 0xD1, 0x00, 0xD2, 0x00, 0xD4, 0x00, 0xD5, 0x00, 0xD7, 0x00, 0xD8,
	0x00, 0xD9, 0x00, 0xDA, 0x00, 0xE4, 0x00, 0xE8, 0x00, 0xE9, 0x00, 0xEA, 0x00, 0xEB, 0x00, 0xEC,
	0x00, 0xED, 0x00, 0xEF, 0x00, 0xF1, 0x00, 0xF2, 0x00, 0xF3, 0x00, 0xF4, 0x01, 0x1A, 0x01, 0x1B,
	0x01, 0x20, 0x01, 0x29, 0x01, 0x2A, 0x01, 0x2B, 0x01, 0x2C, 0x01, 0x2F, 0x01, 0x30, 0x01, 0x31,
	0x01, 0x32, 0x01, 0x35, 0x01, 0x3A, 0x01, 0x3C, 0x01, 0x3D, 0x01, 0x3E, 0x01, 0x3F, 0x01, 0x46,
	0x01, 0x47, 0x01, 0x48, 0x01, 0x49, 0x01, 0x4A, 0x01, 0x50, 0x01, 0x55, 0x01, 0x64, 0x01, 0x71,
	0x01, 0x76, 0x01, 0x77, 0x01, 0x78, 0x01, 0x79, 0x01, 0x7A, 0x01, 0x7B, 0x01, 0x7F, 0x01, 0x80,
	0x01, 0x85, 0x01, 0x86, 0x01, 0x87, 0x01, 0x89, 0x01, 0x8D, 0x01, 0xBB, 0x01, 0xC4, 0x01, 0xC5,
	0x01, 0xC6, 0x01, 0xC7, 0x01, 0xCA, 0x01, 0xCB, 0x01, 0xCC, 0x01, 0xCD, 0x01, 0xD0, 0x01, 0xD5,
	0x01, 0xD7, 0x01, 0xD8, 0x01, 0xD9, 0x01, 0xE1, 0x01, 0xE2, 0x01, 0xE3, 0x01, 0xE4, 0x01, 0xE5,
	0x01, 0xF0, 0x02, 0x0C, 0x02, 0x11, 0x02, 0x12, 0x02, 0x13, 0x02, 0x14, 0x02, 0x15, 0x02, 0x16,
	0x02, 0x1A, 0x02, 0x1B, 0x02, 0x20, 0x02, 0x21, 0x02, 0x22, 0x02, 0x24, 0x02, 0x28, 0x03, 0x29,
	0x00, 0x01, 0x00, 0x01, 0x00, 0x08, 0x00, 0x02, 0x00, 0x00, 0x00, 0x14, 0x00, 0x02, 0x00, 0x00,
	0x00, 0x24, 0x00, 0x02, 0x77, 0x67, 0x68, 0x74, 0x01, 0x00, 0x00, 0x00, 0x69, 0x74, 0x61, 0x6C,
	0x01, 0x1D, 0x00, 0x01, 0x00, 0x04, 0x00, 0x14, 0x00, 0x03, 0x00, 0x00, 0x00, 0x02, 0x01, 0x11,
	0x01, 0x90, 0x00, 0x00, 0x02, 0xBC, 0x00, 0x00, 0x00, 0x03, 0x00, 0x01, 0x00, 0x02, 0x01, 0x1E,
	0x00, 0x00, 0x00, 0x00, 0x00, 0x01, 0x00, 0x00,
};
