#pragma once

// Автоматически сгенерированный файл шрифта: Doctrine W00 Regular.ttf
// Размер: 86036 байт

const unsigned char Doctrine_W00_Regular_compressed_data[] = {
    0x00, 0x01, 0x00, 0x00, 0x00, 0x0f, 0x00, 0x80, 0x00, 0x03, 0x00, 0x70, 0x46, 0x46, 0x54, 0x4d,
    0x70, 0x10, 0xb5, 0x1c, 0x00, 0x01, 0x4f, 0xf8, 0x00, 0x00, 0x00, 0x1c, 0x47, 0x44, 0x45, 0x46,
    0x0a, 0x1d, 0x0b, 0xbe, 0x00, 0x01, 0x1b, 0x2c, 0x00, 0x00, 0x00, 0x42, 0x47, 0x50, 0x4f, 0x53,
    0x89, 0x87, 0x08, 0x8d, 0x00, 0x01, 0x29, 0xc0, 0x00, 0x00, 0x26, 0x38, 0x47, 0x53, 0x55, 0x42,
    0x2b, 0xd7, 0xd7, 0x7e, 0x00, 0x01, 0x1b, 0x70, 0x00, 0x00, 0x0e, 0x50, 0x4f, 0x53, 0x2f, 0x32,
    0x71, 0x57, 0xf4, 0x6c, 0x00, 0x00, 0x01, 0x78, 0x00, 0x00, 0x00, 0x60, 0x63, 0x6d, 0x61, 0x70,
    0x6e, 0x30, 0x4e, 0xc1, 0x00, 0x00, 0x0a, 0x9c, 0x00, 0x00, 0x03, 0xb6, 0x67, 0x61, 0x73, 0x70,
    0xff, 0xff, 0x00, 0x04, 0x00, 0x01, 0x1b, 0x24, 0x00, 0x00, 0x00, 0x08, 0x67, 0x6c, 0x79, 0x66,
    0x83, 0x00, 0x95, 0x06, 0x00, 0x00, 0x12, 0xb8, 0x00, 0x00, 0xf1, 0x60, 0x68, 0x65, 0x61, 0x64,
    0x07, 0xad, 0xa8, 0x33, 0x00, 0x00, 0x00, 0xfc, 0x00, 0x00, 0x00, 0x36, 0x68, 0x68, 0x65, 0x61,
    0x07, 0xed, 0x05, 0x77, 0x00, 0x00, 0x01, 0x34, 0x00, 0x00, 0x00, 0x24, 0x68, 0x6d, 0x74, 0x78,
    0xe1, 0x23, 0x68, 0x3a, 0x00, 0x00, 0x01, 0xd8, 0x00, 0x00, 0x08, 0xc4, 0x6c, 0x6f, 0x63, 0x61,
    0xa4, 0x94, 0xe0, 0x02, 0x00, 0x00, 0x0e, 0x54, 0x00, 0x00, 0x04, 0x64, 0x6d, 0x61, 0x78, 0x70,
    0x02, 0x39, 0x00, 0x89, 0x00, 0x00, 0x01, 0x58, 0x00, 0x00, 0x00, 0x20, 0x6e, 0x61, 0x6d, 0x65,
    0xfa, 0xe2, 0xbd, 0xd2, 0x00, 0x01, 0x04, 0x18, 0x00, 0x00, 0x05, 0x9a, 0x70, 0x6f, 0x73, 0x74,
    0xe0, 0xb0, 0x95, 0x3c, 0x00, 0x01, 0x09, 0xb4, 0x00, 0x00, 0x11, 0x6e, 0x00, 0x01, 0x00, 0x00,
    0x00, 0x01, 0x00, 0x00, 0x17, 0x93, 0x1b, 0x3f, 0x5f, 0x0f, 0x3c, 0xf5, 0x00, 0x1f, 0x03, 0xe8,
    0x00, 0x00, 0x00, 0x00, 0xd2, 0x18, 0x32, 0x5f, 0x00, 0x00, 0x00, 0x00, 0xd2, 0x18, 0x32, 0x5f,
    0xff, 0x51, 0xfe, 0xf0, 0x04, 0xf9, 0x03, 0xa0, 0x00, 0x00, 0x00, 0x08, 0x00, 0x02, 0x00, 0x00,
    0x00, 0x00, 0x00, 0x00, 0x00, 0x01, 0x00, 0x00, 0x03, 0xa0, 0xfe, 0xf0, 0x00, 0x00, 0x05, 0x0d,
    0xff, 0x51, 0xff, 0x48, 0x04, 0xf9, 0x00, 0x01, 0x00, 0x00, 0x00, 0x00, 0x00, 0x00, 0x00, 0x00,
    0x00, 0x00, 0x00, 0x00, 0x00, 0x00, 0x02, 0x31, 0x00, 0x01, 0x00, 0x00, 0x02, 0x31, 0x00, 0x7c,
    0x00, 0x07, 0x00, 0x00, 0x00, 0x00, 0x00, 0x01, 0x00, 0x00, 0x00, 0x00, 0x00, 0x00, 0x00, 0x00,
    0x00, 0x00, 0x00, 0x0c, 0x00, 0x00, 0x00, 0x00, 0x00, 0x04, 0x02, 0x3d, 0x01, 0x90, 0x00, 0x05,
    0x00, 0x00, 0x02, 0x8a, 0x02, 0x58, 0x00, 0x00, 0x00, 0x4b, 0x02, 0x8a, 0x02, 0x58, 0x00, 0x00,
    0x01, 0x5e, 0x00, 0x32, 0x01, 0x2c, 0x00, 0x00, 0x02, 0x0b, 0x05, 0x03, 0x04, 0x05, 0x01, 0x02,
    0x05, 0x04, 0x80, 0x00, 0x00, 0x27, 0x10, 0x00, 0x00, 0x00, 0x00, 0x00, 0x00, 0x00, 0x00, 0x00,
    0x00, 0x00, 0x56, 0x52, 0x55, 0x53, 0x01, 0x00, 0x00, 0x20, 0xfb, 0x06, 0x03, 0xa0, 0xfe, 0xf0,
    0x00, 0x00, 0x03, 0xa0, 0x01, 0x10, 0x00, 0x00, 0x00, 0x01, 0x00, 0x00, 0x00, 0x00, 0x01, 0xf4,
    0x02, 0xbd, 0x00, 0x00, 0x00, 0x20, 0x00, 0x03, 0x01, 0xf4, 0x00, 0x00, 0x00, 0x00, 0x00, 0x00,
    0x01, 0x4d, 0x00, 0x00, 0x00, 0xbc, 0x00, 0x00, 0x01, 0x2a, 0x00, 0x4f, 0x01, 0x4b, 0x00, 0x35,
    0x02, 0x48, 0x00, 0x2b, 0x02, 0x48, 0x00, 0x29, 0x03, 0x80, 0x00, 0x29, 0x02, 0xa5, 0x00, 0x31,
    0x00, 0xc4, 0x00, 0x35, 0x01, 0x3d, 0x00, 0x57, 0x01, 0x3e, 0x00, 0x0f, 0x01, 0x9e, 0x00, 0x1f,
    0x02, 0x48, 0x00, 0x22, 0x00, 0xf6, 0x00, 0x32, 0x01, 0x8b, 0x00, 0x2e, 0x00, 0xf6, 0x00, 0x34,
    0x01, 0xa0, 0x00, 0x23, 0x02, 0x67, 0x00, 0x38, 0x01, 0x75, 0x00, 0x38, 0x02, 0x55, 0x00, 0x3f,
    0x02, 0x56, 0x00, 0x39, 0x02, 0x6f, 0x00, 0x22, 0x02, 0x50, 0x00, 0x46, 0x02, 0x41, 0x00, 0x32,
    0x02, 0x0c, 0x00, 0x34, 0x02, 0x72, 0x00, 0x40, 0x02, 0x41, 0x00, 0x2e, 0x00, 0xfd, 0x00, 0x38,
    0x00, 0xfd, 0x00, 0x35, 0x02, 0x48, 0x00, 0x22, 0x02, 0x48, 0x00, 0x22, 0x02, 0x48, 0x00, 0x22,
    0x01, 0xd2, 0x00, 0x1d, 0x03, 0x33, 0x00, 0x33, 0x02, 0xa0, 0x00, 0x15, 0x02, 0x90, 0x00, 0x5c,
    0x02, 0xb9, 0x00, 0x37, 0x02, 0xd1, 0x00, 0x5c, 0x02, 0x4c, 0x00, 0x5c, 0x02, 0x2b, 0x00, 0x5c,
    0x02, 0xc5, 0x00, 0x37, 0x03, 0x12, 0x00, 0x5c, 0x01, 0xac, 0x00, 0x3e, 0x01, 0xfe, 0x00, 0x42,
    0x02, 0x9b, 0x00, 0x5c, 0x02, 0x08, 0x00, 0x5c, 0x03, 0x62, 0x00, 0x5c, 0x02, 0xf8, 0x00, 0x5c,
    0x02, 0xeb, 0x00, 0x37, 0x02, 0x68, 0x00, 0x5c, 0x02, 0xeb, 0x00, 0x37, 0x02, 0x9c, 0x00, 0x5c,
    0x02, 0x83, 0x00, 0x35, 0x02, 0x43, 0x00, 0x1d, 0x02, 0xe2, 0x00, 0x57, 0x02, 0x9c, 0x00, 0x18,
    0x03, 0xc7, 0x00, 0x19, 0x02, 0x8e, 0x00, 0x17, 0x02, 0x6f, 0x00, 0x13, 0x02, 0x56, 0x00, 0x2d,
    0x01, 0x2a, 0x00, 0x57, 0x01, 0x9e, 0x00, 0x0f, 0x01, 0x2a, 0x00, 0x11, 0x02, 0x48, 0x00, 0x2c,
    0x01, 0xf6, 0x00, 0x00, 0x00, 0xad, 0x00, 0x00, 0x02, 0x3e, 0x00, 0x33, 0x02, 0x60, 0x00, 0x55,
    0x02, 0x23, 0x00, 0x32, 0x02, 0x5e, 0x00, 0x32, 0x02, 0x37, 0x00, 0x32, 0x01, 0x56, 0x00, 0x1a,
    0x02, 0x35, 0x00, 0x26, 0x02, 0x62, 0x00, 0x55, 0x01, 0x0c, 0x00, 0x48, 0x01, 0x0d, 0xff, 0xd0,
    0x02, 0x21, 0x00, 0x55, 0x01, 0x15, 0x00, 0x50, 0x03, 0xb0, 0x00, 0x55, 0x02, 0x62, 0x00, 0x55,
    0x02, 0x4a, 0x00, 0x32, 0x02, 0x60, 0x00, 0x55, 0x02, 0x5e, 0x00, 0x32, 0x01, 0x79, 0x00, 0x55,
    0x01, 0xfe, 0x00, 0x2b, 0x01, 0x82, 0x00, 0x1d, 0x02, 0x5a, 0x00, 0x4e, 0x02, 0x09, 0x00, 0x0d,
    0x03, 0x1b, 0x00, 0x15, 0x01, 0xfc, 0x00, 0x17, 0x02, 0x06, 0x00, 0x10, 0x01, 0xd3, 0x00, 0x23,
    0x01, 0x47, 0x00, 0x28, 0x01, 0x13, 0x00, 0x63, 0x01, 0x47, 0x00, 0x0e, 0x02, 0x48, 0x00, 0x29,
    0x01, 0x2a, 0x00, 0x4f, 0x02, 0x48, 0x00, 0x46, 0x02, 0x48, 0x00, 0x58, 0x02, 0x4e, 0x00, 0x28,
    0x02, 0x48, 0x00, 0x19, 0x01, 0x13, 0x00, 0x63, 0x02, 0x2e, 0x00, 0x3c, 0x01, 0x2c, 0x00, 0x00,
    0x02, 0xb5, 0x00, 0x35, 0x01, 0x77, 0x00, 0x1e, 0x01, 0xd5, 0x00, 0x2d, 0x02, 0x48, 0x00, 0x22,
    0x01, 0x7a, 0x00, 0x2e, 0x01, 0x8d, 0x00, 0x1e, 0x01, 0x0a, 0x00, 0x00, 0x01, 0x8b, 0x00, 0x2b,
    0x02, 0x48, 0x00, 0x22, 0x01, 0x6d, 0x00, 0x24, 0x01, 0x6d, 0x00, 0x23, 0x00, 0xad, 0x00, 0x00,
    0x02, 0x68, 0x00, 0x53, 0x02, 0x7e, 0x00, 0x1f, 0x00, 0xc6, 0x00, 0x00, 0x01, 0x6d, 0x00, 0x6b,
    0x01, 0x7e, 0x00, 0x19, 0x01, 0xd6, 0x00, 0x1e, 0x03, 0x29, 0x00, 0x53, 0x03, 0x66, 0x00, 0x53,
    0x03, 0x93, 0x00, 0x4c, 0x01, 0xd0, 0x00, 0x2f, 0x02, 0xa0, 0x00, 0x15, 0x02, 0xa0, 0x00, 0x15,
    0x02, 0xa0, 0x00, 0x15, 0x02, 0xa0, 0x00, 0x15, 0x02, 0xa0, 0x00, 0x15, 0x02, 0xa0, 0x00, 0x15,
    0x03, 0xab, 0x00, 0x0e, 0x02, 0xb9, 0x00, 0x37, 0x02, 0x4c, 0x00, 0x5c, 0x02, 0x4c, 0x00, 0x5c,
    0x02, 0x4c, 0x00, 0x5c, 0x02, 0x4c, 0x00, 0x5c, 0x01, 0xac, 0x00, 0x3e, 0x01, 0xac, 0x00, 0x3e,
    0x01, 0xac, 0x00, 0x3b, 0x01, 0xac, 0x00, 0x3e, 0x02, 0xd1, 0x00, 0x0f, 0x02, 0xf8, 0x00, 0x5c,
    0x02, 0xeb, 0x00, 0x37, 0x02, 0xeb, 0x00, 0x37, 0x02, 0xeb, 0x00, 0x37, 0x02, 0xeb, 0x00, 0x37,
    0x02, 0xeb, 0x00, 0x37, 0x02, 0x48, 0x00, 0x2f, 0x02, 0xeb, 0x00, 0x37, 0x02, 0xe2, 0x00, 0x57,
    0x02, 0xe2, 0x00, 0x57, 0x02, 0xe2, 0x00, 0x57, 0x02, 0xe2, 0x00, 0x57, 0x02, 0x6f, 0x00, 0x13,
    0x02, 0x63, 0x00, 0x5c, 0x02, 0x7e, 0x00, 0x54, 0x02, 0x3e, 0x00, 0x33, 0x02, 0x3e, 0x00, 0x33,
    0x02, 0x3e, 0x00, 0x33, 0x02, 0x3e, 0x00, 0x33, 0x02, 0x3e, 0x00, 0x33, 0x02, 0x3e, 0x00, 0x33,
    0x03, 0x91, 0x00, 0x33, 0x02, 0x23, 0x00, 0x32, 0x02, 0x37, 0x00, 0x32, 0x02, 0x37, 0x00, 0x32,
    0x02, 0x37, 0x00, 0x32, 0x02, 0x37, 0x00, 0x32, 0x01, 0x0c, 0x00, 0x0b, 0x01, 0x0c, 0x00, 0x55,
    0x01, 0x0c, 0xff, 0xf4, 0x01, 0x0c, 0xff, 0xf0, 0x02, 0x41, 0x00, 0x31, 0x02, 0x62, 0x00, 0x55,
    0x02, 0x4a, 0x00, 0x32, 0x02, 0x4a, 0x00, 0x32, 0x02, 0x4a, 0x00, 0x32, 0x02, 0x4a, 0x00, 0x32,
    0x02, 0x4a, 0x00, 0x32, 0x02, 0x48, 0x00, 0x22, 0x02, 0x4d, 0x00, 0x32, 0x02, 0x5a, 0x00, 0x4e,
    0x02, 0x5a, 0x00, 0x4e, 0x02, 0x5a, 0x00, 0x4e, 0x02, 0x5a, 0x00, 0x4e, 0x02, 0x06, 0x00, 0x10,
    0x02, 0x60, 0x00, 0x55, 0x02, 0x06, 0x00, 0x10, 0x02, 0xa0, 0x00, 0x15, 0x02, 0x3e, 0x00, 0x33,
    0x02, 0xa0, 0x00, 0x15, 0x02, 0x3e, 0x00, 0x33, 0x02, 0xa0, 0x00, 0x15, 0x02, 0x3e, 0x00, 0x33,
    0x02, 0xb9, 0x00, 0x37, 0x02, 0x23, 0x00, 0x32, 0x02, 0xb9, 0x00, 0x37, 0x02, 0x23, 0x00, 0x32,
    0x02, 0xb9, 0x00, 0x37, 0x02, 0x23, 0x00, 0x32, 0x02, 0xb9, 0x00, 0x37, 0x02, 0x23, 0x00, 0x32,
    0x02, 0xd1, 0x00, 0x5c, 0x02, 0x7b, 0x00, 0x32, 0x02, 0xd1, 0x00, 0x0f, 0x02, 0x5e, 0x00, 0x32,
    0x02, 0x4c, 0x00, 0x5c, 0x02, 0x37, 0x00, 0x32, 0x02, 0x4c, 0x00, 0x5c, 0x02, 0x37, 0x00, 0x32,
    0x02, 0x4c, 0x00, 0x5c, 0x02, 0x37, 0x00, 0x32, 0x02, 0x4c, 0x00, 0x5c, 0x02, 0x36, 0x00, 0x32,
    0x02, 0x4c, 0x00, 0x5c, 0x02, 0x37, 0x00, 0x32, 0x02, 0xc5, 0x00, 0x37, 0x02, 0x35, 0x00, 0x26,
    0x02, 0xc5, 0x00, 0x37, 0x02, 0x35, 0x00, 0x26, 0x02, 0xc5, 0x00, 0x37, 0x02, 0x35, 0x00, 0x26,
    0x02, 0xc5, 0x00, 0x37, 0x02, 0x35, 0x00, 0x26, 0x03, 0x12, 0x00, 0x5c, 0x02, 0x62, 0xff, 0xec,
    0x03, 0x12, 0x00, 0x0a, 0x02, 0x62, 0x00, 0x08, 0x01, 0xac, 0x00, 0x3e, 0x01, 0x0c, 0xff, 0xfa,
    0x01, 0xac, 0x00, 0x3e, 0x01, 0x0c, 0x00, 0x01, 0x01, 0xac, 0x00, 0x3e, 0x01, 0x0c, 0x00, 0x0a,
    0x01, 0xac, 0x00, 0x3e, 0x01, 0x0c, 0x00, 0x55, 0x01, 0xfe, 0x00, 0x42, 0x01, 0x0d, 0xff, 0xd0,
    0x02, 0x9b, 0x00, 0x5c, 0x02, 0x21, 0x00, 0x55, 0x02, 0x21, 0x00, 0x55, 0x02, 0x08, 0x00, 0x5c,
    0x01, 0x15, 0x00, 0x50, 0x02, 0x08, 0x00, 0x5c, 0x01, 0x15, 0x00, 0x50, 0x02, 0x08, 0x00, 0x5c,
    0x01, 0x33, 0x00, 0x50, 0x02, 0x11, 0x00, 0x5c, 0x01, 0x86, 0x00, 0x50, 0x02, 0x08, 0x00, 0x06,
    0x01, 0x16, 0x00, 0x0a, 0x02, 0xf8, 0x00, 0x5c, 0x02, 0x62, 0x00, 0x55, 0x02, 0xf8, 0x00, 0x5c,
    0x02, 0x62, 0x00, 0x55, 0x02, 0xf8, 0x00, 0x5c, 0x02, 0x62, 0x00, 0x55, 0x02, 0xf8, 0x00, 0x5c,
    0x02, 0x62, 0x00, 0x55, 0x02, 0xeb, 0x00, 0x37, 0x02, 0x4a, 0x00, 0x32, 0x02, 0xeb, 0x00, 0x37,
    0x02, 0x4a, 0x00, 0x32, 0x03, 0xdf, 0x00, 0x37, 0x03, 0xbb, 0x00, 0x32, 0x02, 0x9c, 0x00, 0x5c,
    0x01, 0x79, 0x00, 0x55, 0x02, 0x9c, 0x00, 0x5c, 0x01, 0x79, 0x00, 0x44, 0x02, 0x9c, 0x00, 0x5c,
    0x01, 0x79, 0x00, 0x47, 0x02, 0x83, 0x00, 0x35, 0x01, 0xfe, 0x00, 0x2b, 0x02, 0x83, 0x00, 0x35,
    0x01, 0xfe, 0x00, 0x2b, 0x02, 0x83, 0x00, 0x35, 0x01, 0xfe, 0x00, 0x2b, 0x02, 0x83, 0x00, 0x35,
    0x01, 0xfe, 0x00, 0x2b, 0x02, 0x43, 0x00, 0x1d, 0x01, 0x82, 0x00, 0x1d, 0x02, 0x43, 0x00, 0x1d,
    0x01, 0x82, 0x00, 0x1d, 0x02, 0x43, 0x00, 0x1d, 0x01, 0x82, 0x00, 0x1d, 0x02, 0xe2, 0x00, 0x57,
    0x02, 0x5a, 0x00, 0x4e, 0x02, 0xe2, 0x00, 0x57, 0x02, 0x5a, 0x00, 0x4e, 0x02, 0xe2, 0x00, 0x57,
    0x02, 0x5a, 0x00, 0x4e, 0x02, 0xe2, 0x00, 0x57, 0x02, 0x5a, 0x00, 0x4e, 0x02, 0xe2, 0x00, 0x57,
    0x02, 0x5a, 0x00, 0x4e, 0x02, 0xe2, 0x00, 0x57, 0x02, 0x5a, 0x00, 0x4e, 0x02, 0x6f, 0x00, 0x13,
    0x02, 0x56, 0x00, 0x2d, 0x01, 0xd3, 0x00, 0x23, 0x02, 0x56, 0x00, 0x2d, 0x01, 0xd3, 0x00, 0x23,
    0x02, 0x56, 0x00, 0x2d, 0x01, 0xd3, 0x00, 0x23, 0x01, 0x1a, 0xff, 0xfd, 0x02, 0x29, 0x00, 0x10,
    0x03, 0xab, 0x00, 0x0e, 0x03, 0x91, 0x00, 0x33, 0x02, 0x83, 0x00, 0x35, 0x01, 0xfe, 0x00, 0x2b,
    0x02, 0x43, 0x00, 0x1d, 0x01, 0x82, 0x00, 0x1d, 0x01, 0x24, 0x00, 0x00, 0x01, 0x23, 0x00, 0x00,
    0x01, 0x1c, 0x00, 0x00, 0x00, 0x75, 0x00, 0x00, 0x00, 0xd5, 0x00, 0x00, 0x00, 0xcb, 0x00, 0x00,
    0x01, 0x19, 0x00, 0x00, 0x01, 0x54, 0x00, 0x00, 0x02, 0x94, 0x00, 0x2b, 0x01, 0xfb, 0x00, 0x19,
    0x03, 0x48, 0x00, 0x19, 0x00, 0xe6, 0x00, 0x30, 0x00, 0xe6, 0x00, 0x2e, 0x00, 0xe6, 0x00, 0x2e,
    0x01, 0x9f, 0x00, 0x30, 0x01, 0x9f, 0x00, 0x2e, 0x01, 0x9f, 0x00, 0x2e, 0x02, 0x01, 0x00, 0x37,
    0x02, 0x07, 0x00, 0x3a, 0x01, 0x4a, 0x00, 0x3c, 0x03, 0x8f, 0x00, 0x56, 0x04, 0xf1, 0x00, 0x29,
    0x01, 0x27, 0x00, 0x2d, 0x01, 0x27, 0x00, 0x1e, 0x00, 0xb5, 0xff, 0x51, 0x02, 0x48, 0x00, 0x04,
    0x02, 0x63, 0x00, 0x15, 0x03, 0x11, 0x00, 0x41, 0x01, 0xa9, 0x00, 0x21, 0x02, 0x69, 0x00, 0x22,
    0x02, 0xb2, 0x00, 0x1e, 0x02, 0x3f, 0x00, 0x29, 0x02, 0x48, 0x00, 0x22, 0x02, 0x6e, 0x00, 0x1b,
    0x02, 0xfd, 0x00, 0x1d, 0x01, 0x4b, 0x00, 0x1a, 0x02, 0x48, 0x00, 0x22, 0x02, 0x48, 0x00, 0x22,
    0x02, 0x48, 0x00, 0x22, 0x02, 0x48, 0x00, 0x22, 0x02, 0x20, 0x00, 0x1e, 0x04, 0x87, 0x00, 0x1d,
    0x03, 0x5c, 0x00, 0x1a, 0x03, 0xa5, 0x00, 0x32, 0x03, 0xb6, 0x00, 0x1a, 0x05, 0x0c, 0x00, 0x1a,
    0x05, 0x0d, 0x00, 0x1a, 0x03, 0xb9, 0x00, 0x1a, 0x04, 0xb1, 0x00, 0x1a, 0x03, 0xb8, 0x00, 0x1a,
    0x02, 0x63, 0x00, 0x1a, 0x03, 0x77, 0x00, 0x1a, 0x05, 0x0a, 0x00, 0x1d, 0x03, 0x88, 0x00, 0x1d,
    0x04, 0x3c, 0x00, 0x26, 0x03, 0x43, 0x00, 0x26, 0x00, 0x87, 0x00, 0x00, 0x02, 0xac, 0x00, 0x1a,
    0x03, 0xb8, 0x00, 0x1a, 0x03, 0xc1, 0x00, 0x1a, 0x03, 0x85, 0x00, 0x2b, 0x02, 0x9f, 0x00, 0x3e,
    0x02, 0x48, 0x00, 0x2a, 0x02, 0x73, 0x00, 0x34, 0x02, 0x48, 0x00, 0x20, 0x02, 0x48, 0x00, 0x82,
    0x01, 0x8d, 0x00, 0x38, 0x02, 0x48, 0x00, 0x66, 0x02, 0x48, 0x00, 0x40, 0x02, 0x17, 0x00, 0x38,
    0x02, 0x48, 0x00, 0x58, 0x02, 0x48, 0x00, 0x3c, 0x02, 0x1f, 0x00, 0x24, 0x02, 0x48, 0x00, 0x3e,
    0x02, 0x48, 0x00, 0x1d, 0x02, 0x5f, 0x00, 0x1d, 0x02, 0x48, 0x00, 0x19, 0x02, 0x48, 0x00, 0x48,
    0x02, 0x22, 0x00, 0x2f, 0x02, 0x48, 0x00, 0x4b, 0x02, 0x48, 0x00, 0x36, 0x02, 0x47, 0x00, 0x34,
    0x02, 0x48, 0x00, 0x39, 0x02, 0x48, 0x00, 0x45, 0x01, 0xfa, 0x00, 0x1a, 0x02, 0x48, 0x00, 0x4c,
    0x02, 0x48, 0x00, 0x32, 0x02, 0x43, 0x00, 0x37, 0x02, 0x48, 0x00, 0x3e, 0x02, 0x48, 0x00, 0x31,
    0x02, 0x47, 0x00, 0x32, 0x02, 0x48, 0x00, 0x35, 0x02, 0x9c, 0x00, 0x0e, 0x01, 0xf8, 0x00, 0x5c,
    0x01, 0xe9, 0x00, 0x5c, 0x02, 0xd3, 0x00, 0x37, 0x01, 0x1c, 0x00, 0x5c, 0x02, 0x75, 0x00, 0x5c,
    0x03, 0x8a, 0x00, 0x5c, 0x03, 0x01, 0x00, 0x5c, 0x02, 0x6b, 0x00, 0x5c, 0x02, 0xeb, 0x00, 0x37,
    0x02, 0x96, 0x00, 0x5c, 0x02, 0xac, 0x00, 0x11, 0x02, 0x56, 0x00, 0x1a, 0x02, 0x5e, 0x00, 0x32,
    0x02, 0x21, 0x00, 0x32, 0x01, 0x56, 0x00, 0x04, 0x02, 0x5e, 0x00, 0x32, 0x02, 0x55, 0x00, 0x55,
    0x01, 0x0c, 0x00, 0x3c, 0x01, 0x0d, 0xff, 0xd0, 0x02, 0x1f, 0x00, 0x55, 0x01, 0x0d, 0x00, 0x55,
    0x03, 0x95, 0x00, 0x55, 0x02, 0x55, 0x00, 0x55, 0x01, 0x73, 0x00, 0x55, 0x01, 0x78, 0x00, 0x1d,
    0x02, 0x05, 0x00, 0x0f, 0x00, 0x6e, 0x00, 0x00, 0x00, 0xf5, 0x00, 0x34, 0x02, 0xac, 0x00, 0x11,
    0x02, 0x55, 0x00, 0x08, 0x01, 0x0d, 0x00, 0x0e, 0x01, 0x78, 0x00, 0x1d, 0x00, 0xd5, 0x00, 0x19,
    0x00, 0xbf, 0x00, 0x0a, 0x01, 0x32, 0xff, 0xfe, 0x01, 0x2c, 0xff, 0xfe, 0x01, 0x0f, 0x00, 0x00,
    0x01, 0x14, 0x00, 0x00, 0x00, 0x75, 0x00, 0x00, 0x01, 0x2f, 0x00, 0x00, 0x00, 0xe0, 0x00, 0x00,
    0x00, 0xc7, 0x00, 0x00, 0x01, 0x70, 0x00, 0x06, 0x00, 0xcb, 0x00, 0x00, 0x01, 0x38, 0xff, 0xfe,
    0x00, 0x87, 0x00, 0x00, 0x02, 0x9c, 0x00, 0x0e, 0x02, 0x9c, 0x00, 0x0e, 0x02, 0x9c, 0x00, 0x0e,
    0x02, 0x9c, 0x00, 0x0e, 0x02, 0x9c, 0x00, 0x0e, 0x02, 0x9c, 0x00, 0x0e, 0x01, 0xf8, 0x00, 0x5c,
    0x01, 0xf8, 0x00, 0x5c, 0x01, 0xf8, 0x00, 0x5c, 0x01, 0xf8, 0x00, 0x5c, 0x01, 0x1c, 0x00, 0x5c,
    0x01, 0x1c, 0xff, 0xf3, 0x01, 0x1c, 0xff, 0xf6, 0x01, 0x1c, 0x00, 0x05, 0x03, 0x01, 0x00, 0x5c,
    0x02, 0x56, 0x00, 0x1a, 0x02, 0x56, 0x00, 0x1a, 0x02, 0x5e, 0x00, 0x32, 0x02, 0x5e, 0x00, 0x32,
    0x02, 0x5e, 0x00, 0x32, 0x02, 0x5e, 0x00, 0x32, 0x02, 0x5e, 0x00, 0x32, 0x02, 0x5e, 0x00, 0x32,
    0x02, 0x21, 0x00, 0x32, 0x02, 0x21, 0x00, 0x32, 0x02, 0x21, 0x00, 0x32, 0x02, 0x21, 0x00, 0x32,
    0x02, 0x55, 0x00, 0x55, 0x02, 0x05, 0x00, 0x0f, 0x02, 0x05, 0x00, 0x0f, 0x03, 0x0c, 0x00, 0x3c,
    0x04, 0x7a, 0x00, 0x1d, 0x03, 0x9c, 0x00, 0x32, 0x03, 0xb5, 0x00, 0x04, 0x02, 0xab, 0x00, 0x04,
    0x05, 0x0b, 0x00, 0x1a, 0x05, 0x01, 0x00, 0x1a, 0x03, 0xb8, 0x00, 0x1a, 0x03, 0xb9, 0x00, 0x1a,
    0x03, 0xb8, 0x00, 0x1a, 0x04, 0xb0, 0x00, 0x1a, 0x03, 0xab, 0x00, 0x04, 0x02, 0x62, 0x00, 0x1a,
    0x02, 0x62, 0x00, 0x04, 0x02, 0x63, 0x00, 0x04, 0x03, 0x75, 0x00, 0x04, 0x02, 0x6b, 0x00, 0x1a,
    0x02, 0x62, 0x00, 0x04, 0x03, 0x5a, 0x00, 0x04, 0x03, 0x7b, 0x00, 0x2b, 0x04, 0xf5, 0x00, 0x1c,
    0x03, 0x7d, 0x00, 0x1c, 0x02, 0x9c, 0x00, 0x0e, 0x02, 0x9c, 0x00, 0x0e, 0x02, 0x9c, 0x00, 0x0e,
    0x01, 0xf8, 0x00, 0x5c, 0x01, 0xf8, 0x00, 0x5c, 0x01, 0xf8, 0x00, 0x5c, 0x01, 0xf8, 0x00, 0x5c,
    0x01, 0xf8, 0x00, 0x5c, 0x02, 0xd3, 0x00, 0x37, 0x02, 0xd3, 0x00, 0x37, 0x02, 0xd3, 0x00, 0x37,
    0x02, 0xd3, 0x00, 0x37, 0x01, 0x1c, 0x00, 0x53, 0x01, 0x1c, 0x00, 0x07, 0x01, 0x1c, 0x00, 0x11,
    0x01, 0x1c, 0xff, 0xf6, 0x02, 0x75, 0x00, 0x5c, 0x03, 0x01, 0x00, 0x5c, 0x03, 0x01, 0x00, 0x5c,
    0x03, 0x01, 0x00, 0x5c, 0x02, 0x96, 0x00, 0x5c, 0x02, 0x96, 0x00, 0x5c, 0x02, 0x96, 0x00, 0x5c,
    0x02, 0xac, 0x00, 0x11, 0x02, 0xac, 0x00, 0x11, 0x02, 0x5e, 0x00, 0x32, 0x02, 0x5e, 0x00, 0x32,
    0x02, 0x5e, 0x00, 0x32, 0x02, 0x21, 0x00, 0x32, 0x02, 0x21, 0x00, 0x32, 0x02, 0x21, 0x00, 0x32,
    0x02, 0x21, 0x00, 0x32, 0x02, 0x21, 0x00, 0x32, 0x02, 0x5e, 0x00, 0x32, 0x02, 0x5e, 0x00, 0x32,
    0x02, 0x5e, 0x00, 0x32, 0x02, 0x5e, 0x00, 0x32, 0x02, 0x55, 0xff, 0xec, 0x01, 0x0c, 0x00, 0x0a,
    0x02, 0x1f, 0x00, 0x55, 0x01, 0x0d, 0x00, 0x55, 0x01, 0x2a, 0x00, 0x55, 0x01, 0x0d, 0x00, 0x44,
    0x01, 0x7d, 0x00, 0x55, 0x02, 0x55, 0x00, 0x55, 0x02, 0x55, 0x00, 0x55, 0x02, 0x55, 0x00, 0x55,
    0x01, 0x73, 0x00, 0x55, 0x01, 0x73, 0x00, 0x50, 0x01, 0x73, 0x00, 0x44, 0x01, 0x78, 0x00, 0x1d,
    0x01, 0x78, 0x00, 0x1d, 0x02, 0xac, 0x00, 0x11, 0x01, 0x78, 0x00, 0x1d, 0x00, 0x00, 0x00, 0x03,
    0x00, 0x00, 0x00, 0x03, 0x00, 0x00, 0x00, 0x1c, 0x00, 0x01, 0x00, 0x00, 0x00, 0x00, 0x01, 0xac,
    0x00, 0x03, 0x00, 0x01, 0x00, 0x00, 0x00, 0x1c, 0x00, 0x04, 0x01, 0x90, 0x00, 0x00, 0x00, 0x60,
    0x00, 0x40, 0x00, 0x05, 0x00, 0x20, 0x00, 0x7e, 0x00, 0xb6, 0x01, 0x2b, 0x01, 0x31, 0x01, 0x48,
    0x01, 0x4d, 0x01, 0x73, 0x01, 0x7f, 0x01, 0x92, 0x01, 0xfd, 0x02, 0x1b, 0x02, 0xc7, 0x02, 0xdd,
    0x03, 0xc0, 0x20, 0x14, 0x20, 0x1a, 0x20, 0x1e, 0x20, 0x22, 0x20, 0x26, 0x20, 0x30, 0x20, 0x3a,
    0x20, 0x44, 0x20, 0xac, 0x21, 0x22, 0x21, 0x26, 0x22, 0x02, 0x22, 0x06, 0x22, 0x0f, 0x22, 0x12,
    0x22, 0x1a, 0x22, 0x1e, 0x22, 0x2b, 0x22, 0x48, 0x22, 0x60, 0x22, 0x65, 0x25, 0xca, 0xe0, 0x62,
    0xe0, 0x85, 0xe0, 0x87, 0xe0, 0x95, 0xe0, 0x98, 0xe0, 0x9b, 0xe0, 0xac, 0xf6, 0xc3, 0xfb, 0x00,
    0xfb, 0x04, 0xfb, 0x06, 0xff, 0xff, 0x00, 0x00, 0x00, 0x20, 0x00, 0xa1, 0x00, 0xb8, 0x01, 0x2e,
    0x01, 0x34, 0x01, 0x4a, 0x01, 0x50, 0x01, 0x78, 0x01, 0x92, 0x01, 0xfc, 0x02, 0x18, 0x02, 0xc6,
    0x02, 0xd8, 0x03, 0xc0, 0x20, 0x13, 0x20, 0x18, 0x20, 0x1c, 0x20, 0x20, 0x20, 0x26, 0x20, 0x30,
    0x20, 0x39, 0x20, 0x44, 0x20, 0xac, 0x21, 0x22, 0x21, 0x26, 0x22, 0x02, 0x22, 0x06, 0x22, 0x0f,
    0x22, 0x11, 0x22, 0x1a, 0x22, 0x1e, 0x22, 0x2b, 0x22, 0x48, 0x22, 0x60, 0x22, 0x64, 0x25, 0xca,
    0xe0, 0x62, 0xe0, 0x85, 0xe0, 0x87, 0xe0, 0x92, 0xe0, 0x97, 0xe0, 0x9a, 0xe0, 0xa9, 0xf6, 0xc3,
    0xfb, 0x00, 0xfb, 0x03, 0xfb, 0x06, 0xff, 0xff, 0xff, 0xe3, 0xff, 0xc1, 0xff, 0xc0, 0xff, 0xbe,
    0xff, 0xbc, 0xff, 0xbb, 0xff, 0xb9, 0xff, 0xb5, 0xff, 0xa3, 0xff, 0x3a, 0xff, 0x20, 0xfe, 0x76,
    0xfe, 0x66, 0xfd, 0x84, 0xe1, 0x32, 0xe1, 0x2f, 0xe1, 0x2e, 0xe1, 0x2d, 0xe1, 0x2a, 0xe1, 0x21,
    0xe1, 0x19, 0xe1, 0x10, 0xe0, 0xa9, 0xe0, 0x34, 0xe0, 0x31, 0xdf, 0x56, 0xdf, 0x53, 0xdf, 0x4b,
    0xdf, 0x4a, 0xdf, 0x43, 0xdf, 0x40, 0xdf, 0x34, 0xdf, 0x18, 0xdf, 0x01, 0xde, 0xfe, 0xdb, 0x9a,
    0x21, 0x03, 0x20, 0xe1, 0x20, 0xe0, 0x20, 0xd6, 0x20, 0xd5, 0x20, 0xd4, 0x20, 0xc7, 0x0a, 0xb1,
    0x06, 0x75, 0x06, 0x73, 0x06, 0x72, 0x00, 0x01, 0x00, 0x00, 0x00, 0x00, 0x00, 0x00, 0x00, 0x00,
    0x00, 0x00, 0x00, 0x00, 0x00, 0x00, 0x00, 0x00, 0x00, 0x00, 0x00, 0x00, 0x00, 0x00, 0x00, 0x00,
    0x00, 0x00, 0x00, 0x00, 0x00, 0x00, 0x00, 0x00, 0x00, 0x00, 0x00, 0x00, 0x00, 0x00, 0x00, 0x00,
    0x00, 0x00, 0x00, 0x00, 0x00, 0x00, 0x00, 0x00, 0x00, 0x00, 0x00, 0x00, 0x00, 0x00, 0x00, 0x00,
    0x00, 0x00, 0x00, 0x00, 0x00, 0x00, 0x00, 0x00, 0x00, 0x00, 0x00, 0x00, 0x00, 0x00, 0x00, 0x00,
    0x00, 0x00, 0x00, 0x00, 0x00, 0x00, 0x00, 0x00, 0x00, 0x00, 0x00, 0x00, 0x00, 0x00, 0x00, 0x00,
    0x00, 0x00, 0x00, 0x00, 0x00, 0x00, 0x00, 0x00, 0x00, 0x06, 0x02, 0x0a, 0x00, 0x00, 0x00, 0x00,
    0x01, 0x00, 0x00, 0x01, 0x00, 0x00, 0x00, 0x00, 0x00, 0x00, 0x00, 0x00, 0x00, 0x00, 0x00, 0x00,
    0x00, 0x00, 0x00, 0x01, 0x00, 0x02, 0x00, 0x00, 0x00, 0x00, 0x00, 0x00, 0x00, 0x02, 0x00, 0x00,
    0x00, 0x00, 0x00, 0x00, 0x00, 0x00, 0x00, 0x00, 0x00, 0x00, 0x00, 0x00, 0x00, 0x00, 0x00, 0x00,
    0x00, 0x00, 0x00, 0x00, 0x00, 0x00, 0x00, 0x00, 0x00, 0x00, 0x00, 0x00, 0x00, 0x01, 0x00, 0x00,
    0x00, 0x00, 0x00, 0x03, 0x00, 0x04, 0x00, 0x05, 0x00, 0x06, 0x00, 0x07, 0x00, 0x08, 0x00, 0x09,
    0x00, 0x0a, 0x00, 0x0b, 0x00, 0x0c, 0x00, 0x0d, 0x00, 0x0e, 0x00, 0x0f, 0x00, 0x10, 0x00, 0x11,
    0x00, 0x12, 0x00, 0x13, 0x00, 0x14, 0x00, 0x15, 0x00, 0x16, 0x00, 0x17, 0x00, 0x18, 0x00, 0x19,
    0x00, 0x1a, 0x00, 0x1b, 0x00, 0x1c, 0x00, 0x1d, 0x00, 0x1e, 0x00, 0x1f, 0x00, 0x20, 0x00, 0x21,
    0x00, 0x22, 0x00, 0x23, 0x00, 0x24, 0x00, 0x25, 0x00, 0x26, 0x00, 0x27, 0x00, 0x28, 0x00, 0x29,
    0x00, 0x2a, 0x00, 0x2b, 0x00, 0x2c, 0x00, 0x2d, 0x00, 0x2e, 0x00, 0x2f, 0x00, 0x30, 0x00, 0x31,
    0x00, 0x32, 0x00, 0x33, 0x00, 0x34, 0x00, 0x35, 0x00, 0x36, 0x00, 0x37, 0x00, 0x38, 0x00, 0x39,
    0x00, 0x3a, 0x00, 0x3b, 0x00, 0x3c, 0x00, 0x3d, 0x00, 0x3e, 0x00, 0x3f, 0x00, 0x40, 0x00, 0x41,
    0x00, 0x42, 0x00, 0x43, 0x00, 0x44, 0x00, 0x45, 0x00, 0x46, 0x00, 0x47, 0x00, 0x48, 0x00, 0x49,
    0x00, 0x4a, 0x00, 0x4b, 0x00, 0x4c, 0x00, 0x4d, 0x00, 0x4e, 0x00, 0x4f, 0x00, 0x50, 0x00, 0x51,
    0x00, 0x52, 0x00, 0x53, 0x00, 0x54, 0x00, 0x55, 0x00, 0x56, 0x00, 0x57, 0x00, 0x58, 0x00, 0x59,
    0x00, 0x5a, 0x00, 0x5b, 0x00, 0x5c, 0x00, 0x5d, 0x00, 0x5e, 0x00, 0x5f, 0x00, 0x60, 0x00, 0x61,
    0x00, 0x00, 0x00, 0x84, 0x00, 0x85, 0x00, 0x87, 0x00, 0x89, 0x00, 0x91, 0x00, 0x96, 0x00, 0x9c,
    0x00, 0xa1, 0x00, 0xa0, 0x00, 0xa2, 0x00, 0xa4, 0x00, 0xa3, 0x00, 0xa5, 0x00, 0xa7, 0x00, 0xa9,
    0x00, 0xa8, 0x00, 0xaa, 0x00, 0xab, 0x00, 0xad, 0x00, 0xac, 0x00, 0xae, 0x00, 0xaf, 0x00, 0xb1,
    0x00, 0xb3, 0x00, 0xb2, 0x00, 0xb4, 0x00, 0xb6, 0x00, 0xb5, 0x00, 0xba, 0x00, 0xb9, 0x00, 0xbb,
    0x00, 0xbc, 0x01, 0x4d, 0x00, 0x71, 0x00, 0x63, 0x00, 0x64, 0x00, 0x68, 0x01, 0x4f, 0x00, 0x77,
    0x00, 0x9f, 0x00, 0x6f, 0x00, 0x6a, 0x01, 0x56, 0x00, 0x75, 0x00, 0x69, 0x01, 0x61, 0x00, 0x86,
    0x00, 0x98, 0x01, 0x5e, 0x00, 0x72, 0x01, 0x62, 0x01, 0x63, 0x00, 0x66, 0x00, 0x76, 0x01, 0x58,
    0x01, 0x5b, 0x01, 0x5a, 0x01, 0x44, 0x01, 0x5f, 0x00, 0x6b, 0x00, 0x7a, 0x00, 0x00, 0x00, 0xa6,
    0x00, 0xb8, 0x00, 0x7f, 0x00, 0x62, 0x00, 0x6d, 0x01, 0x5d, 0x01, 0x35, 0x01, 0x60, 0x01, 0x59,
    0x00, 0x6c, 0x00, 0x7b, 0x01, 0x50, 0x00, 0x00, 0x00, 0x80, 0x00, 0x83, 0x00, 0x95, 0x01, 0x0b,
    0x01, 0x0c, 0x01, 0x45, 0x01, 0x46, 0x01, 0x4a, 0x01, 0x4b, 0x01, 0x47, 0x01, 0x48, 0x00, 0xb7,
    0x01, 0x64, 0x00, 0xbf, 0x01, 0x2d, 0x01, 0x54, 0x01, 0x55, 0x01, 0x52, 0x01, 0x53, 0x00, 0x00,
    0x00, 0x00, 0x01, 0x4e, 0x00, 0x00, 0x01, 0x49, 0x01, 0x4c, 0x01, 0x51, 0x00, 0x82, 0x00, 0x8a,
    0x00, 0x81, 0x00, 0x8b, 0x00, 0x88, 0x00, 0x8d, 0x00, 0x8e, 0x00, 0x8f, 0x00, 0x8c, 0x00, 0x93,
    0x00, 0x94, 0x00, 0x00, 0x00, 0x92, 0x00, 0x9a, 0x00, 0x9b, 0x00, 0x99, 0x00, 0xef, 0x01, 0x3c,
    0x01, 0x42, 0x00, 0x70, 0x01, 0x3e, 0x01, 0x3f, 0x01, 0x40, 0x00, 0x78, 0x01, 0x43, 0x01, 0x41,
    0x01, 0x3d, 0x00, 0x00, 0x00, 0x00, 0x00, 0x00, 0x00, 0x00, 0x00, 0x00, 0x00, 0x00, 0x00, 0x26,
    0x00, 0x40, 0x00, 0x76, 0x00, 0xe4, 0x01, 0x60, 0x01, 0xc6, 0x01, 0xda, 0x02, 0x02, 0x02, 0x2a,
    0x02, 0x4e, 0x02, 0x68, 0x02, 0x92, 0x02, 0xa6, 0x02, 0xc2, 0x02, 0xd6, 0x03, 0x16, 0x03, 0x2e,
    0x03, 0x64, 0x03, 0xa2, 0x03, 0xc4, 0x03, 0xf0, 0x04, 0x30, 0x04, 0x48, 0x04, 0x9e, 0x04, 0xdc,
    0x05, 0x08, 0x05, 0x42, 0x05, 0x5c, 0x05, 0x76, 0x05, 0x90, 0x05, 0xde, 0x06, 0x42, 0x06, 0x62,
    0x06, 0xa6, 0x06, 0xe2, 0x07, 0x12, 0x07, 0x30, 0x07, 0x4c, 0x07, 0x8e, 0x07, 0xac, 0x07, 0xc8,
    0x07, 0xf2, 0x08, 0x12, 0x08, 0x28, 0x08, 0x4a, 0x08, 0x68, 0x08, 0xa8, 0x08, 0xd4, 0x09, 0x20,
    0x09, 0x58, 0x09, 0xb4, 0x09, 0xcc, 0x09, 0xfa, 0x0a, 0x20, 0x0a, 0x42, 0x0a, 0x64, 0x0a, 0x80,
    0x0a, 0x9e, 0x0a, 0xb6, 0x0a, 0xca, 0x0a, 0xe2, 0x0a, 0xfa, 0x0b, 0x0e, 0x0b, 0x20, 0x0b, 0x6e,
    0x0b, 0xa6, 0x0b, 0xd8, 0x0c, 0x0e, 0x0c, 0x44, 0x0c, 0x6e, 0x0c, 0xf0, 0x0d, 0x1a, 0x0d, 0x3e,
    0x0d, 0x6e, 0x0d, 0x8c, 0x0d, 0xa8, 0x0d, 0xe8, 0x0e, 0x12, 0x0e, 0x3e, 0x0e, 0x76, 0x0e, 0xac,
    0x0e, 0xce, 0x0f, 0x18, 0x0f, 0x44, 0x0f, 0x6c, 0x0f, 0x8e, 0x0f, 0xb0, 0x0f, 0xce, 0x10, 0x02,
    0x10, 0x20, 0x10, 0x58, 0x10, 0x6c, 0x10, 0xa4, 0x10, 0xd6, 0x10, 0xfc, 0x11, 0x3a, 0x11, 0x74,
    0x11, 0xb8, 0x11, 0xe4, 0x11, 0xfc, 0x12, 0x72, 0x12, 0x9e, 0x12, 0xf6, 0x13, 0x3c, 0x13, 0x5e,
    0x13, 0x74, 0x13, 0x88, 0x13, 0xce, 0x13, 0xe2, 0x14, 0x18, 0x14, 0x38, 0x14, 0x66, 0x14, 0xa2,
    0x14, 0xb6, 0x14, 0xe8, 0x15, 0x26, 0x15, 0x52, 0x15, 0x6a, 0x15, 0x94, 0x15, 0xb6, 0x15, 0xe8,
    0x16, 0x26, 0x16, 0x7e, 0x16, 0xce, 0x16, 0xf4, 0x17, 0x1a, 0x17, 0x44, 0x17, 0x8a, 0x17, 0xc8,
    0x18, 0x04, 0x18, 0x2e, 0x18, 0x86, 0x18, 0xaa, 0x18, 0xce, 0x18, 0xf6, 0x19, 0x32, 0x19, 0x56,
    0x19, 0x7a, 0x19, 0xa2, 0x19, 0xde, 0x1a, 0x14, 0x1a, 0x56, 0x1a, 0x9c, 0x1a, 0xe2, 0x1b, 0x2c,
    0x1b, 0x92, 0x1b, 0xf2, 0x1c, 0x12, 0x1c, 0x68, 0x1c, 0x9c, 0x1c, 0xd2, 0x1d, 0x0a, 0x1d, 0x58,
    0x1d, 0x7c, 0x1d, 0xaa, 0x1d, 0xf2, 0x1e, 0x46, 0x1e, 0x9a, 0x1e, 0xf2, 0x1f, 0x64, 0x1f, 0xd0,
    0x20, 0x3e, 0x20, 0xb0, 0x21, 0x00, 0x21, 0x3e, 0x21, 0x7c, 0x21, 0xbe, 0x22, 0x14, 0x22, 0x2e,
    0x22, 0x48, 0x22, 0x66, 0x22, 0x98, 0x22, 0xe4, 0x23, 0x32, 0x23, 0x64, 0x23, 0x96, 0x23, 0xcc,
    0x24, 0x1c, 0x24, 0x68, 0x24, 0x9a, 0x24, 0xe0, 0x25, 0x0e, 0x25, 0x3c, 0x25, 0x6e, 0x25, 0xb4,
    0x25, 0xf0, 0x26, 0x28, 0x26, 0x7c, 0x26, 0xa2, 0x26, 0xf6, 0x27, 0x26, 0x27, 0x88, 0x27, 0xc0,
    0x28, 0x24, 0x28, 0x68, 0x28, 0xa0, 0x28, 0xe8, 0x29, 0x24, 0x29, 0x70, 0x29, 0xb2, 0x29, 0xfa,
    0x2a, 0x38, 0x2a, 0x72, 0x2a, 0xae, 0x2a, 0xe4, 0x2b, 0x22, 0x2b, 0x46, 0x2b, 0x84, 0x2b, 0xb2,
    0x2b, 0xfc, 0x2c, 0x2a, 0x2c, 0x70, 0x2c, 0xa4, 0x2c, 0xf8, 0x2d, 0x20, 0x2d, 0x62, 0x2d, 0xb0,
    0x2e, 0x3c, 0x2e, 0x90, 0x2f, 0x26, 0x2f, 0x78, 0x30, 0x0a, 0x30, 0x66, 0x31, 0x00, 0x31, 0x2a,
    0x31, 0x5e, 0x31, 0x8a, 0x31, 0xbc, 0x31, 0xfe, 0x32, 0x36, 0x32, 0x5a, 0x32, 0x74, 0x32, 0xac,
    0x32, 0xe8, 0x33, 0x14, 0x33, 0x28, 0x33, 0x5e, 0x33, 0x88, 0x33, 0xc2, 0x33, 0xf8, 0x34, 0x16,
    0x34, 0x32, 0x34, 0x54, 0x34, 0x84, 0x34, 0xb8, 0x34, 0xd4, 0x34, 0xf6, 0x35, 0x1e, 0x35, 0x4c,
    0x35, 0x6e, 0x35, 0x96, 0x35, 0xba, 0x35, 0xea, 0x36, 0x20, 0x36, 0x62, 0x36, 0x8a, 0x36, 0xbe,
    0x36, 0xe8, 0x37, 0x1e, 0x37, 0x66, 0x37, 0x9a, 0x37, 0xe6, 0x38, 0x1e, 0x38, 0x6c, 0x38, 0xc2,
    0x39, 0x02, 0x39, 0x2a, 0x39, 0x7c, 0x39, 0xb6, 0x39, 0xfa, 0x3a, 0x26, 0x3a, 0x8a, 0x3a, 0xda,
    0x3b, 0x40, 0x3b, 0x94, 0x3c, 0x0c, 0x3c, 0x72, 0x3c, 0xd8, 0x3d, 0x2c, 0x3d, 0x60, 0x3d, 0xa8,
    0x3d, 0xca, 0x3d, 0xfc, 0x3e, 0x1c, 0x3e, 0x4e, 0x3e, 0xa2, 0x3e, 0xee, 0x3f, 0x24, 0x3f, 0x52,
    0x3f, 0x92, 0x3f, 0xce, 0x40, 0x1a, 0x40, 0x62, 0x40, 0x9c, 0x40, 0xd0, 0x41, 0x14, 0x41, 0x52,
    0x41, 0x8e, 0x41, 0xb2, 0x41, 0xd6, 0x42, 0x04, 0x42, 0x32, 0x42, 0x5a, 0x42, 0x82, 0x42, 0xb2,
    0x42, 0xf0, 0x43, 0x20, 0x43, 0x98, 0x44, 0x0e, 0x44, 0x70, 0x44, 0xa2, 0x44, 0xe6, 0x44, 0xfe,
    0x45, 0x14, 0x45, 0x34, 0x45, 0x50, 0x45, 0x7c, 0x45, 0xa2, 0x45, 0xd2, 0x45, 0xec, 0x46, 0x24,
    0x46, 0x38, 0x46, 0x4c, 0x46, 0x74, 0x46, 0x9a, 0x46, 0xbe, 0x47, 0x00, 0x47, 0x3e, 0x47, 0x7a,
    0x47, 0x98, 0x47, 0xbe, 0x47, 0xda, 0x48, 0x16, 0x48, 0xc6, 0x48, 0xdc, 0x48, 0xf2, 0x49, 0x06,
    0x49, 0x52, 0x49, 0x7c, 0x49, 0xc2, 0x4a, 0x10, 0x4a, 0x2c, 0x4a, 0x4a, 0x4a, 0x6a, 0x4a, 0x7e,
    0x4a, 0x9c, 0x4a, 0xf8, 0x4b, 0x2e, 0x4b, 0x7a, 0x4b, 0xa2, 0x4b, 0xc2, 0x4b, 0xe2, 0x4c, 0x02,
    0x4c, 0x34, 0x4c, 0x84, 0x4c, 0xe4, 0x4d, 0x38, 0x4d, 0xa8, 0x4e, 0x06, 0x4e, 0x5c, 0x4e, 0xc4,
    0x4f, 0x0a, 0x4f, 0x44, 0x4f, 0x7c, 0x4f, 0xe6, 0x50, 0x36, 0x50, 0xda, 0x51, 0x6e, 0x51, 0x92,
    0x51, 0xd8, 0x52, 0x24, 0x52, 0x76, 0x52, 0xf6, 0x53, 0x4c, 0x53, 0x8c, 0x53, 0xbc, 0x53, 0xec,
    0x54, 0x04, 0x54, 0x1c, 0x54, 0x34, 0x54, 0x68, 0x54, 0x98, 0x54, 0xc6, 0x55, 0x0a, 0x55, 0x4e,
    0x55, 0x92, 0x55, 0xb4, 0x55, 0xd6, 0x55, 0xf8, 0x56, 0x24, 0x56, 0x56, 0x56, 0x8a, 0x56, 0xca,
    0x57, 0x04, 0x57, 0x42, 0x57, 0x5a, 0x57, 0x72, 0x57, 0x8a, 0x57, 0xd8, 0x58, 0x28, 0x58, 0x74,
    0x58, 0xb0, 0x58, 0xec, 0x59, 0x28, 0x59, 0x52, 0x59, 0x6e, 0x59, 0x88, 0x59, 0xcc, 0x59, 0xe0,
    0x5a, 0x00, 0x5a, 0x22, 0x5a, 0x40, 0x5a, 0x60, 0x5a, 0xaa, 0x5a, 0xda, 0x5a, 0xf8, 0x5b, 0x1e,
    0x5b, 0x54, 0x5b, 0x88, 0x5b, 0xc0, 0x5c, 0x08, 0x5c, 0x26, 0x5c, 0x46, 0x5c, 0x74, 0x5c, 0x92,
    0x5c, 0xa6, 0x5c, 0xc8, 0x5c, 0xe6, 0x5c, 0xfc, 0x5d, 0x18, 0x5d, 0x3c, 0x5d, 0x3c, 0x5d, 0x58,
    0x5d, 0x7e, 0x5d, 0xa4, 0x5d, 0xc2, 0x5d, 0xe6, 0x5d, 0xfa, 0x5e, 0x0e, 0x5e, 0x26, 0x5e, 0x58,
    0x5e, 0x6c, 0x5e, 0x8a, 0x5e, 0xa6, 0x5e, 0xd2, 0x5e, 0xfc, 0x5f, 0x26, 0x5f, 0x40, 0x5f, 0x66,
    0x5f, 0x7e, 0x5f, 0xa4, 0x5f, 0xd4, 0x60, 0x08, 0x60, 0x50, 0x60, 0x80, 0x60, 0xc6, 0x61, 0x14,
    0x61, 0x38, 0x61, 0x60, 0x61, 0x9c, 0x61, 0xc0, 0x61, 0xda, 0x61, 0xf8, 0x62, 0x2a, 0x62, 0x44,
    0x62, 0x88, 0x62, 0xb4, 0x62, 0xfa, 0x63, 0x36, 0x63, 0x76, 0x63, 0xca, 0x64, 0x06, 0x64, 0x5a,
    0x64, 0xb4, 0x64, 0xee, 0x65, 0x2c, 0x65, 0x7e, 0x65, 0xb8, 0x65, 0xfa, 0x66, 0x24, 0x66, 0x66,
    0x66, 0xa0, 0x66, 0xc6, 0x67, 0x1a, 0x67, 0x7c, 0x67, 0xda, 0x68, 0x56, 0x68, 0xb8, 0x69, 0x0c,
    0x69, 0x6e, 0x69, 0xc4, 0x6a, 0x28, 0x6a, 0x6e, 0x6a, 0x9e, 0x6a, 0xd8, 0x6b, 0x1e, 0x6b, 0x64,
    0x6b, 0x9a, 0x6b, 0xd6, 0x6c, 0x22, 0x6c, 0x90, 0x6c, 0xca, 0x6c, 0xfa, 0x6d, 0x34, 0x6d, 0x64,
    0x6d, 0xa4, 0x6d, 0xd2, 0x6d, 0xfa, 0x6e, 0x26, 0x6e, 0x4a, 0x6e, 0x7e, 0x6e, 0xd2, 0x6f, 0x20,
    0x6f, 0x7e, 0x6f, 0xd2, 0x6f, 0xf6, 0x70, 0x10, 0x70, 0x3e, 0x70, 0x76, 0x70, 0xb0, 0x70, 0xd6,
    0x71, 0x00, 0x71, 0x38, 0x71, 0x6e, 0x71, 0xa8, 0x71, 0xf2, 0x72, 0x1c, 0x72, 0x56, 0x72, 0xa0,
    0x72, 0xdc, 0x73, 0x26, 0x73, 0x6e, 0x73, 0xac, 0x73, 0xf0, 0x74, 0x2a, 0x74, 0x76, 0x74, 0xd2,
    0x75, 0x24, 0x75, 0x86, 0x75, 0xde, 0x76, 0x08, 0x76, 0x42, 0x76, 0x78, 0x76, 0x92, 0x76, 0xac,
    0x76, 0xd8, 0x76, 0xfc, 0x77, 0x20, 0x77, 0x48, 0x77, 0x7c, 0x77, 0x98, 0x77, 0xb8, 0x77, 0xe6,
    0x78, 0x08, 0x78, 0x42, 0x78, 0x7c, 0x78, 0xb0, 0x00, 0x02, 0x00, 0x4f, 0xff, 0xf5, 0x00, 0xdb,
    0x02, 0xaf, 0x00, 0x05, 0x00, 0x11, 0x00, 0x0c, 0xb0, 0x09, 0x1c, 0xdf, 0xd6, 0x68, 0x3a, 0x1a,
    0xe5, 0x5f, 0xeb, 0x00, 0x13, 0x35, 0x33, 0x15, 0x03, 0x23, 0x07, 0x34, 0x36, 0x33, 0x32, 0x16,
    0x15, 0x14, 0x06, 0x23, 0x22, 0x26, 0x63, 0x67, 0x13, 0x42, 0x26, 0x23, 0x23, 0x23, 0x23, 0x23,
    0x23, 0x23, 0x23, 0x01, 0xf1, 0xbe, 0xbe, 0xfe, 0xd1, 0x88, 0x1d, 0x26, 0x26, 0x1d, 0x1f, 0x26,
    0x26, 0x00, 0x00, 0x00, 0x00, 0x02, 0x00, 0x35, 0x01, 0xdf, 0x01, 0x16, 0x02, 0xb7, 0x00, 0x03,
    0x00, 0x07, 0x00, 0x0c, 0xb0, 0x09, 0x1c, 0xdf, 0xd6, 0x68, 0x3a, 0x1a, 0xe5, 0x5f, 0xeb, 0x00,
    0x13, 0x33, 0x07, 0x23, 0x27, 0x33, 0x07, 0x23, 0xbf, 0x57, 0x0c, 0x3f, 0x96, 0x58, 0x0c, 0x40,
    0x02, 0xb7, 0xd8, 0xd8, 0xd8, 0x00, 0x00, 0x00, 0x00, 0x02, 0x00, 0x2b, 0x00, 0x00, 0x02, 0x1d,
    0x02, 0xbc, 0x00, 0x1b, 0x00, 0x1f, 0x00, 0x0c, 0xb0, 0x09, 0x1c, 0xdf, 0xd6, 0x68, 0x3a, 0x1a,
    0xe5, 0x5f, 0xeb, 0x00, 0x13, 0x33, 0x37, 0x33, 0x07, 0x33, 0x37, 0x33, 0x07, 0x33, 0x15, 0x23,
    0x07, 0x33, 0x15, 0x23, 0x07, 0x23, 0x37, 0x23, 0x07, 0x23, 0x37, 0x23, 0x35, 0x33, 0x37, 0x23,
    0x17, 0x33, 0x37, 0x23, 0x53, 0x73, 0x2a, 0x43, 0x2a, 0x72, 0x2a, 0x44, 0x2a, 0x5e, 0x6a, 0x21,
    0x63, 0x6f, 0x28, 0x44, 0x28, 0x72, 0x28, 0x43, 0x28, 0x62, 0x6e, 0x21, 0x67, 0x89, 0x72, 0x21,
    0x72, 0x01, 0xec, 0xd0, 0xd0, 0xd0, 0xd0, 0x3f, 0xa5, 0x3e, 0xca, 0xca, 0xca, 0xca, 0x3e, 0xa5,
    0xa5, 0xa5, 0x00, 0x00, 0x00, 0x03, 0x00, 0x29, 0xff, 0x99, 0x02, 0x2a, 0x03, 0x14, 0x00, 0x32,
    0x00, 0x3e, 0x00, 0x48, 0x00, 0x0c, 0xb0, 0x09, 0x1c, 0xdf, 0xd6, 0x68, 0x3a, 0x1a, 0xe5, 0x5f,
    0xeb, 0x00, 0x37, 0x34, 0x36, 0x37, 0x33, 0x06, 0x14, 0x15, 0x14, 0x16, 0x17, 0x35, 0x2e, 0x01,
    0x27, 0x2e, 0x01, 0x35, 0x34, 0x36, 0x37, 0x35, 0x33, 0x15, 0x1e, 0x01, 0x15, 0x1c, 0x01, 0x07,
    0x23, 0x36, 0x35, 0x34, 0x26, 0x27, 0x15, 0x1e, 0x01, 0x17, 0x1e, 0x01, 0x15, 0x14, 0x06, 0x07,
    0x15, 0x23, 0x35, 0x2e, 0x01, 0x25, 0x2e, 0x01, 0x27, 0x15, 0x3e, 0x03, 0x35, 0x34, 0x26, 0x27,
    0x1e, 0x01, 0x17, 0x35, 0x0e, 0x01, 0x15, 0x14, 0x16, 0x29, 0x01, 0x02, 0x61, 0x02, 0x3f, 0x42,
    0x15, 0x24, 0x0e, 0x3e, 0x45, 0x6a, 0x5d, 0x40, 0x54, 0x60, 0x02, 0x5e, 0x01, 0x2f, 0x2a, 0x1c,
    0x33, 0x0d, 0x41, 0x48, 0x76, 0x6d, 0x40, 0x6e, 0x70, 0x01, 0x57, 0x0d, 0x1e, 0x10, 0x1e, 0x30,
    0x23, 0x13, 0x25, 0xac, 0x04, 0x0a, 0x06, 0x30, 0x3b, 0x27, 0xc9, 0x0a, 0x17, 0x07, 0x06, 0x17,
    0x04, 0x37, 0x30, 0x04, 0xda, 0x04, 0x06, 0x04, 0x0e, 0x55, 0x43, 0x51, 0x5b, 0x06, 0x6f, 0x70,
    0x08, 0x51, 0x45, 0x0b, 0x0e, 0x06, 0x04, 0x0e, 0x2a, 0x2a, 0x06, 0xc5, 0x05, 0x0a, 0x03, 0x0f,
    0x59, 0x42, 0x5c, 0x61, 0x06, 0x76, 0x77, 0x07, 0x61, 0xb1, 0x04, 0x06, 0x03, 0xd2, 0x01, 0x0c,
    0x18, 0x29, 0x20, 0x23, 0x29, 0x7e, 0x01, 0x02, 0x01, 0xbc, 0x02, 0x2a, 0x33, 0x24, 0x2b, 0x00,
    0x00, 0x05, 0x00, 0x29, 0xff, 0xf2, 0x03, 0x57, 0x02, 0xb2, 0x00, 0x13, 0x00, 0x27, 0x00, 0x3b,
    0x00, 0x4f, 0x00, 0x53, 0x00, 0x0c, 0xb0, 0x09, 0x1c, 0xdf, 0xd6, 0x68, 0x3a, 0x1a, 0xe5, 0x5f,
    0xeb, 0x00, 0x13, 0x22, 0x2e, 0x02, 0x35, 0x34, 0x3e, 0x02, 0x33, 0x32, 0x1e, 0x02, 0x15, 0x14,
    0x0e, 0x02, 0x27, 0x32, 0x3e, 0x02, 0x35, 0x34, 0x2e, 0x02, 0x23, 0x22, 0x0e, 0x02, 0x15, 0x14,
    0x1e, 0x02, 0x05, 0x34, 0x3e, 0x02, 0x33, 0x32, 0x1e, 0x02, 0x15, 0x14, 0x0e, 0x02, 0x23, 0x22,
    0x2e, 0x02, 0x37, 0x14, 0x1e, 0x02, 0x33, 0x32, 0x3e, 0x02, 0x35, 0x34, 0x2e, 0x02, 0x23, 0x22,
    0x0e, 0x02, 0x13, 0x33, 0x01, 0x23, 0xd1, 0x23, 0x3d, 0x2d, 0x1b, 0x1b, 0x2e, 0x3d, 0x22, 0x22,
    0x3d, 0x2e, 0x1b, 0x1b, 0x2d, 0x3e, 0x22, 0x17, 0x24, 0x19, 0x0d, 0x0e, 0x1a, 0x24, 0x15, 0x15,
    0x24, 0x1a, 0x0f, 0x0d, 0x19, 0x24, 0x01, 0x4f, 0x1b, 0x2d, 0x3d, 0x23, 0x22, 0x3d, 0x2d, 0x1b,
    0x1a, 0x2e, 0x3d, 0x22, 0x23, 0x3d, 0x2e, 0x1a, 0x46, 0x0d, 0x19, 0x24, 0x18, 0x17, 0x24, 0x19,
    0x0d, 0x0f, 0x19, 0x24, 0x15, 0x15, 0x24, 0x1a, 0x0f, 0x30, 0x44, 0xfe, 0x2d, 0x44, 0x01, 0x0d,
    0x16, 0x32, 0x50, 0x3a, 0x3a, 0x50, 0x32, 0x17, 0x17, 0x32, 0x50, 0x3a, 0x3a, 0x50, 0x32, 0x16,
    0x3f, 0x0e, 0x22, 0x38, 0x2b, 0x2c, 0x39, 0x22, 0x0d, 0x0d, 0x22, 0x39, 0x2c, 0x2b, 0x38, 0x22,
    0x0e, 0x88, 0x3a, 0x50, 0x32, 0x17, 0x17, 0x32, 0x50, 0x3a, 0x3a, 0x50, 0x32, 0x16, 0x16, 0x32,
    0x50, 0x3a, 0x2b, 0x38, 0x22, 0x0e, 0x0e, 0x22, 0x38, 0x2b, 0x2c, 0x39, 0x22, 0x0d, 0x0d, 0x22,
    0x39, 0x01, 0xb8, 0xfd, 0x4e, 0x00, 0x00, 0x00, 0x00, 0x02, 0x00, 0x31, 0xff, 0xf0, 0x02, 0x8a,
    0x02, 0xc7, 0x00, 0x3b, 0x00, 0x44, 0x00, 0x0c, 0xb0, 0x09, 0x1c, 0xdf, 0xd6, 0x68, 0x3a, 0x1a,
    0xe5, 0x5f, 0xeb, 0x00, 0x37, 0x34, 0x3e, 0x02, 0x37, 0x2e, 0x01, 0x35, 0x34, 0x36, 0x33, 0x32,
    0x1e, 0x02, 0x15, 0x23, 0x34, 0x2e, 0x02, 0x23, 0x22, 0x06, 0x15, 0x14, 0x16, 0x17, 0x13, 0x3e,
    0x01, 0x35, 0x34, 0x26, 0x27, 0x34, 0x36, 0x3b, 0x01, 0x15, 0x23, 0x1e, 0x01, 0x15, 0x14, 0x06,
    0x07, 0x16, 0x3b, 0x01, 0x15, 0x23, 0x22, 0x27, 0x0e, 0x01, 0x23, 0x22, 0x26, 0x17, 0x32, 0x36,
    0x37, 0x03, 0x0e, 0x01, 0x15, 0x14, 0x31, 0x13, 0x1f, 0x29, 0x17, 0x19, 0x13, 0x57, 0x67, 0x36,
    0x48, 0x2b, 0x12, 0x5d, 0x0c, 0x18, 0x23, 0x17, 0x32, 0x2e, 0x13, 0x19, 0xd2, 0x0a, 0x07, 0x0b,
    0x0b, 0x03, 0x08, 0xb1, 0x5c, 0x03, 0x04, 0x11, 0x14, 0x0f, 0x11, 0x4c, 0x4e, 0x33, 0x26, 0x1e,
    0x52, 0x36, 0x83, 0x7b, 0xfe, 0x22, 0x33, 0x14, 0xc4, 0x25, 0x21, 0xd8, 0x2a, 0x43, 0x31, 0x1f,
    0x07, 0x22, 0x3a, 0x25, 0x55, 0x55, 0x16, 0x2d, 0x47, 0x30, 0x1f, 0x28, 0x16, 0x09, 0x29, 0x30,
    0x1f, 0x31, 0x21, 0xfe, 0xee, 0x18, 0x3b, 0x23, 0x2f, 0x41, 0x1a, 0x06, 0x08, 0x4d, 0x10, 0x27,
    0x15, 0x34, 0x58, 0x23, 0x06, 0x57, 0x1b, 0x14, 0x17, 0x7b, 0x26, 0x0a, 0x09, 0x01, 0x02, 0x0b,
    0x44, 0x33, 0x93, 0x00, 0x00, 0x01, 0x00, 0x35, 0x01, 0xdf, 0x00, 0x8f, 0x02, 0xb7, 0x00, 0x03,
    0x00, 0x0c, 0xb0, 0x09, 0x1c, 0xdf, 0xd6, 0x68, 0x3a, 0x1a, 0xe5, 0x5f, 0xeb, 0x00, 0x13, 0x33,
    0x07, 0x23, 0x35, 0x5a, 0x0c, 0x42, 0x02, 0xb7, 0xd8, 0x00, 0x00, 0x00, 0x00, 0x01, 0x00, 0x57,
    0xff, 0x69, 0x01, 0x2f, 0x02, 0xcd, 0x00, 0x13, 0x00, 0x0c, 0xb0, 0x09, 0x1c, 0xdf, 0xd6, 0x68,
    0x3a, 0x1a, 0xe5, 0x5f, 0xeb, 0x00, 0x13, 0x34, 0x36, 0x37, 0x15, 0x0e, 0x03, 0x15, 0x11, 0x14,
    0x1e, 0x02, 0x17, 0x15, 0x2e, 0x01, 0x35, 0x57, 0x6f, 0x69, 0x27, 0x30, 0x1c, 0x0a, 0x0b, 0x1d,
    0x30, 0x25, 0x69, 0x6f, 0x01, 0xf7, 0x64, 0x6f, 0x03, 0x56, 0x02, 0x16, 0x25, 0x34, 0x1f, 0xfe,
    0x69, 0x20, 0x33, 0x26, 0x16, 0x02, 0x56, 0x03, 0x6f, 0x64, 0x00, 0x00, 0x00, 0x01, 0x00, 0x0f,
    0xff, 0x69, 0x00, 0xe7, 0x02, 0xcd, 0x00, 0x13, 0x00, 0x0c, 0xb0, 0x09, 0x1c, 0xdf, 0xd6, 0x68,
    0x3a, 0x1a, 0xe5, 0x5f, 0xeb, 0x00, 0x17, 0x3e, 0x03, 0x35, 0x11, 0x34, 0x2e, 0x02, 0x27, 0x35,
    0x1e, 0x01, 0x15, 0x11, 0x14, 0x06, 0x07, 0x0f, 0x24, 0x30, 0x1d, 0x0b, 0x0a, 0x1b, 0x31, 0x26,
    0x68, 0x70, 0x70, 0x68, 0x41, 0x02, 0x16, 0x26, 0x33, 0x20, 0x01, 0x96, 0x1f, 0x34, 0x26, 0x16,
    0x02, 0x56, 0x03, 0x6f, 0x65, 0xfe, 0x49, 0x64, 0x6f, 0x03, 0x00, 0x00, 0x00, 0x01, 0x00, 0x1f,
    0x01, 0x6b, 0x01, 0x7f, 0x02, 0xbd, 0x00, 0x0e, 0x00, 0x0c, 0xb0, 0x09, 0x1c, 0xdf, 0xd6, 0x68,
    0x3a, 0x1a, 0xe5, 0x5f, 0xeb, 0x00, 0x13, 0x37, 0x27, 0x37, 0x17, 0x27, 0x33, 0x07, 0x37, 0x17,
    0x07, 0x17, 0x07, 0x27, 0x07, 0x42, 0x5d, 0x80, 0x21, 0x73, 0x0a, 0x4c, 0x09, 0x72, 0x21, 0x81,
    0x5d, 0x37, 0x56, 0x54, 0x01, 0x96, 0x6a, 0x3b, 0x39, 0x44, 0x8d, 0x8c, 0x43, 0x39, 0x3b, 0x6a,
    0x2b, 0x7c, 0x7c, 0x00, 0x00, 0x01, 0x00, 0x22, 0x00, 0x00, 0x02, 0x26, 0x02, 0x03, 0x00, 0x0b,
    0x00, 0x0c, 0xb0, 0x09, 0x1c, 0xdf, 0xd6, 0x68, 0x3a, 0x1a, 0xe5, 0x5f, 0xeb, 0x00, 0x13, 0x33,
    0x35, 0x33, 0x15, 0x33, 0x15, 0x23, 0x15, 0x23, 0x35, 0x23, 0x22, 0xde, 0x46, 0xe0, 0xe0, 0x46,
    0xde, 0x01, 0x2c, 0xd7, 0xd7, 0x47, 0xe5, 0xe5, 0x00, 0x01, 0x00, 0x32, 0xff, 0x7f, 0x00, 0xc2,
    0x00, 0x7b, 0x00, 0x16, 0x00, 0x0c, 0xb0, 0x09, 0x1c, 0xdf, 0xd6, 0x68, 0x3a, 0x1a, 0xe5, 0x5f,
    0xeb, 0x00, 0x37, 0x34, 0x36, 0x33, 0x32, 0x15, 0x14, 0x0e, 0x02, 0x2b, 0x01, 0x35, 0x32, 0x3e,
    0x02, 0x37, 0x27, 0x06, 0x23, 0x22, 0x26, 0x32, 0x23, 0x22, 0x4b, 0x0e, 0x1b, 0x2a, 0x1b, 0x19,
    0x10, 0x1d, 0x15, 0x0d, 0x01, 0x0e, 0x08, 0x11, 0x16, 0x1c, 0x38, 0x1d, 0x26, 0x67, 0x20, 0x36,
    0x28, 0x17, 0x42, 0x04, 0x0d, 0x18, 0x14, 0x08, 0x06, 0x1e, 0x00, 0x00, 0x00, 0x01, 0x00, 0x2e,
    0x00, 0xdd, 0x01, 0x5d, 0x01, 0x34, 0x00, 0x03, 0x00, 0x0c, 0xb0, 0x09, 0x1c, 0xdf, 0xd6, 0x68,
    0x3a, 0x1a, 0xe5, 0x5f, 0xeb, 0x00, 0x13, 0x21, 0x15, 0x21, 0x2e, 0x01, 0x2f, 0xfe, 0xd1, 0x01,
    0x34, 0x57, 0x00, 0x00, 0x00, 0x01, 0x00, 0x34, 0xff, 0xf5, 0x00, 0xc0, 0x00, 0x7d, 0x00, 0x0b,
    0x00, 0x0c, 0xb0, 0x09, 0x1c, 0xdf, 0xd6, 0x68, 0x3a, 0x1a, 0xe5, 0x5f, 0xeb, 0x00, 0x17, 0x22,
    0x26, 0x35, 0x34, 0x36, 0x33, 0x32, 0x16, 0x15, 0x14, 0x06, 0x7a, 0x23, 0x23, 0x23, 0x23, 0x23,
    0x23, 0x23, 0x0b, 0x26, 0x1f, 0x1d, 0x26, 0x26, 0x1d, 0x1f, 0x26, 0x00, 0x00, 0x01, 0x00, 0x23,
    0xff, 0xe2, 0x01, 0x91, 0x02, 0xbc, 0x00, 0x03, 0x00, 0x0c, 0xb0, 0x09, 0x1c, 0xdf, 0xd6, 0x68,
    0x3a, 0x1a, 0xe5, 0x5f, 0xeb, 0x00, 0x01, 0x33, 0x01, 0x23, 0x01, 0x42, 0x4f, 0xfe, 0xe1, 0x4f,
    0x02, 0xbc, 0xfd, 0x26, 0x00, 0x02, 0x00, 0x38, 0xff, 0xf0, 0x02, 0x2f, 0x02, 0xce, 0x00, 0x13,
    0x00, 0x27, 0x00, 0x0c, 0xb0, 0x09, 0x1c, 0xdf, 0xd6, 0x68, 0x3a, 0x1a, 0xe5, 0x5f, 0xeb, 0x00,
    0x05, 0x22, 0x2e, 0x02, 0x35, 0x34, 0x3e, 0x02, 0x33, 0x32, 0x1e, 0x02, 0x15, 0x14, 0x0e, 0x02,
    0x27, 0x32, 0x3e, 0x02, 0x35, 0x34, 0x2e, 0x02, 0x23, 0x22, 0x0e, 0x02, 0x15, 0x14, 0x1e, 0x02,
    0x01, 0x33, 0x35, 0x5c, 0x44, 0x26, 0x27, 0x44, 0x5b, 0x35, 0x34, 0x5c, 0x45, 0x27, 0x27, 0x44,
    0x5c, 0x35, 0x24, 0x37, 0x27, 0x14, 0x17, 0x28, 0x37, 0x20, 0x20, 0x37, 0x28, 0x17, 0x14, 0x27,
    0x37, 0x10, 0x27, 0x57, 0x8b, 0x63, 0x64, 0x8d, 0x58, 0x29, 0x29, 0x58, 0x8c, 0x64, 0x63, 0x8b,
    0x57, 0x28, 0x5e, 0x19, 0x3d, 0x67, 0x4e, 0x54, 0x6c, 0x3f, 0x18, 0x18, 0x3f, 0x6c, 0x54, 0x4e,
    0x67, 0x3d, 0x19, 0x00, 0x00, 0x01, 0x00, 0x38, 0x00, 0x00, 0x01, 0x04, 0x02, 0xbc, 0x00, 0x06,
    0x00, 0x0c, 0xb0, 0x09, 0x1c, 0xdf, 0xd6, 0x68, 0x3a, 0x1a, 0xe5, 0x5f, 0xeb, 0x00, 0x13, 0x07,
    0x35, 0x37, 0x33, 0x11, 0x23, 0xa1, 0x69, 0x69, 0x63, 0x63, 0x02, 0x4f, 0x49, 0x6c, 0x4a, 0xfd,
    0x44, 0x00, 0x00, 0x00, 0x00, 0x01, 0x00, 0x3f, 0x00, 0x00, 0x02, 0x24, 0x02, 0xcb, 0x00, 0x1e,
    0x00, 0x0c, 0xb0, 0x09, 0x1c, 0xdf, 0xd6, 0x68, 0x3a, 0x1a, 0xe5, 0x5f, 0xeb, 0x00, 0x37, 0x01,
    0x3e, 0x03, 0x35, 0x34, 0x26, 0x23, 0x22, 0x0e, 0x02, 0x15, 0x23, 0x34, 0x3e, 0x02, 0x33, 0x32,
    0x16, 0x15, 0x14, 0x06, 0x0f, 0x01, 0x21, 0x15, 0x21, 0x42, 0x01, 0x02, 0x17, 0x23, 0x18, 0x0c,
    0x43, 0x3f, 0x1f, 0x2f, 0x20, 0x11, 0x62, 0x1f, 0x3b, 0x55, 0x36, 0x6b, 0x76, 0x2b, 0x2d, 0xde,
    0x01, 0x55, 0xfe, 0x1e, 0x43, 0x01, 0x13, 0x18, 0x29, 0x27, 0x29, 0x19, 0x3e, 0x37, 0x0e, 0x22,
    0x38, 0x2a, 0x3f, 0x58, 0x38, 0x19, 0x5f, 0x66, 0x3a, 0x5a, 0x2f, 0xe7, 0x5c, 0x00, 0x00, 0x00,
    0x00, 0x01, 0x00, 0x39, 0xff, 0xee, 0x02, 0x1a, 0x02, 0xcb, 0x00, 0x28, 0x00, 0x0c, 0xb0, 0x09,
    0x1c, 0xdf, 0xd6, 0x68, 0x3a, 0x1a, 0xe5, 0x5f, 0xeb, 0x00, 0x37, 0x14, 0x16, 0x33, 0x32, 0x36,
    0x35, 0x34, 0x26, 0x2b, 0x01, 0x35, 0x33, 0x32, 0x36, 0x35, 0x34, 0x26, 0x23, 0x22, 0x06, 0x15,
    0x23, 0x34, 0x36, 0x33, 0x32, 0x16, 0x15, 0x14, 0x06, 0x07, 0x1e, 0x01, 0x15, 0x14, 0x06, 0x23,
    0x22, 0x26, 0x35, 0x9b, 0x4a, 0x42, 0x45, 0x4a, 0x4a, 0x52, 0x1f, 0x1f, 0x48, 0x39, 0x39, 0x3d,
    0x44, 0x35, 0x63, 0x6a, 0x73, 0x6c, 0x6d, 0x23, 0x29, 0x30, 0x37, 0x83, 0x72, 0x75, 0x77, 0xcc,
    0x45, 0x44, 0x40, 0x41, 0x3f, 0x42, 0x51, 0x3c, 0x36, 0x39, 0x34, 0x3c, 0x3d, 0x5f, 0x70, 0x64,
    0x55, 0x2b, 0x56, 0x1c, 0x19, 0x5b, 0x3e, 0x69, 0x6c, 0x6f, 0x6f, 0x00, 0x00, 0x02, 0x00, 0x22,
    0x00, 0x00, 0x02, 0x4c, 0x02, 0xbc, 0x00, 0x0a, 0x00, 0x0d, 0x00, 0x0c, 0xb0, 0x09, 0x1c, 0xdf,
    0xd6, 0x68, 0x3a, 0x1a, 0xe5, 0x5f, 0xeb, 0x00, 0x37, 0x01, 0x33, 0x11, 0x33, 0x15, 0x23, 0x15,
    0x23, 0x35, 0x21, 0x25, 0x11, 0x03, 0x22, 0x01, 0x32, 0x87, 0x71, 0x71, 0x62, 0xfe, 0xa9, 0x01,
    0x57, 0xdf, 0xec, 0x01, 0xd0, 0xfe, 0x42, 0x54, 0xaa, 0xaa, 0x54, 0x01, 0x55, 0xfe, 0xab, 0x00,
    0x00, 0x01, 0x00, 0x46, 0xff, 0xee, 0x02, 0x1f, 0x02, 0xbc, 0x00, 0x19, 0x00, 0x0c, 0xb0, 0x09,
    0x1c, 0xdf, 0xd6, 0x68, 0x3a, 0x1a, 0xe5, 0x5f, 0xeb, 0x00, 0x37, 0x14, 0x16, 0x33, 0x32, 0x36,
    0x35, 0x34, 0x26, 0x2b, 0x01, 0x11, 0x21, 0x15, 0x21, 0x15, 0x33, 0x32, 0x16, 0x15, 0x14, 0x06,
    0x23, 0x22, 0x26, 0x35, 0xa9, 0x3f, 0x4a, 0x48, 0x42, 0x44, 0x48, 0xd0, 0x01, 0x90, 0xfe, 0xd2,
    0x71, 0x78, 0x74, 0x78, 0x75, 0x7a, 0x72, 0xd2, 0x44, 0x4b, 0x49, 0x47, 0x48, 0x46, 0x01, 0x5b,
    0x5a, 0xa7, 0x73, 0x70, 0x74, 0x76, 0x79, 0x6b, 0x00, 0x02, 0x00, 0x32, 0xff, 0xed, 0x02, 0x13,
    0x02, 0xbc, 0x00, 0x19, 0x00, 0x25, 0x00, 0x0c, 0xb0, 0x09, 0x1c, 0xdf, 0xd6, 0x68, 0x3a, 0x1a,
    0xe5, 0x5f, 0xeb, 0x00, 0x13, 0x3e, 0x01, 0x33, 0x32, 0x1e, 0x02, 0x15, 0x14, 0x0e, 0x02, 0x23,
    0x22, 0x2e, 0x02, 0x35, 0x34, 0x3e, 0x02, 0x37, 0x13, 0x33, 0x01, 0x14, 0x16, 0x33, 0x32, 0x36,
    0x35, 0x34, 0x26, 0x23, 0x22, 0x06, 0xeb, 0x11, 0x24, 0x13, 0x35, 0x54, 0x39, 0x1e, 0x1f, 0x3d,
    0x5a, 0x3a, 0x39, 0x5a, 0x3d, 0x21, 0x12, 0x19, 0x1c, 0x0a, 0xb0, 0x70, 0xfe, 0xf3, 0x48, 0x45,
    0x45, 0x49, 0x49, 0x45, 0x45, 0x48, 0x01, 0xa9, 0x05, 0x05, 0x24, 0x3d, 0x52, 0x2d, 0x33, 0x55,
    0x3d, 0x21, 0x21, 0x3b, 0x54, 0x33, 0x25, 0x43, 0x39, 0x2e, 0x0f, 0x01, 0x0e, 0xfe, 0x16, 0x41,
    0x4d, 0x4d, 0x41, 0x41, 0x4d, 0x4d, 0x00, 0x00, 0x00, 0x01, 0x00, 0x34, 0x00, 0x00, 0x01, 0xeb,
    0x02, 0xbc, 0x00, 0x06, 0x00, 0x0c, 0xb0, 0x09, 0x1c, 0xdf, 0xd6, 0x68, 0x3a, 0x1a, 0xe5, 0x5f,
    0xeb, 0x00, 0x01, 0x21, 0x35, 0x21, 0x15, 0x01, 0x23, 0x01, 0x7c, 0xfe, 0xb8, 0x01, 0xb7, 0xfe,
    0xd3, 0x6a, 0x02, 0x61, 0x5b, 0x4e, 0xfd, 0x92, 0x00, 0x03, 0x00, 0x40, 0xff, 0xed, 0x02, 0x32,
    0x02, 0xcd, 0x00, 0x1b, 0x00, 0x27, 0x00, 0x37, 0x00, 0x0c, 0xb0, 0x09, 0x1c, 0xdf, 0xd6, 0x68,
    0x3a, 0x1a, 0xe5, 0x5f, 0xeb, 0x00, 0x37, 0x34, 0x36, 0x37, 0x2e, 0x01, 0x35, 0x34, 0x36, 0x33,
    0x32, 0x16, 0x15, 0x14, 0x06, 0x07, 0x1e, 0x01, 0x15, 0x14, 0x0e, 0x02, 0x23, 0x22, 0x2e, 0x02,
    0x37, 0x14, 0x16, 0x33, 0x32, 0x36, 0x35, 0x34, 0x26, 0x23, 0x22, 0x06, 0x13, 0x14, 0x1e, 0x02,
    0x33, 0x32, 0x3e, 0x02, 0x35, 0x34, 0x26, 0x23, 0x22, 0x06, 0x40, 0x35, 0x30, 0x24, 0x26, 0x72,
    0x6c, 0x6c, 0x72, 0x26, 0x25, 0x31, 0x35, 0x22, 0x41, 0x5c, 0x3a, 0x3a, 0x5c, 0x41, 0x22, 0x63,
    0x50, 0x46, 0x46, 0x50, 0x52, 0x44, 0x44, 0x52, 0x19, 0x0d, 0x1d, 0x30, 0x23, 0x23, 0x30, 0x1d,
    0x0d, 0x3b, 0x42, 0x42, 0x3b, 0xbe, 0x3b, 0x64, 0x14, 0x17, 0x54, 0x2e, 0x57, 0x6c, 0x6c, 0x57,
    0x2e, 0x54, 0x17, 0x14, 0x64, 0x3b, 0x30, 0x4d, 0x36, 0x1e, 0x1e, 0x36, 0x4d, 0x35, 0x41, 0x3c,
    0x3c, 0x41, 0x3f, 0x3f, 0x3f, 0x01, 0x00, 0x18, 0x2a, 0x1f, 0x12, 0x12, 0x1f, 0x2a, 0x18, 0x37,
    0x37, 0x37, 0x00, 0x00, 0x00, 0x02, 0x00, 0x2e, 0x00, 0x00, 0x02, 0x0f, 0x02, 0xcd, 0x00, 0x18,
    0x00, 0x24, 0x00, 0x0c, 0xb0, 0x09, 0x1c, 0xdf, 0xd6, 0x68, 0x3a, 0x1a, 0xe5, 0x5f, 0xeb, 0x00,
    0x01, 0x06, 0x23, 0x22, 0x2e, 0x02, 0x35, 0x34, 0x3e, 0x02, 0x33, 0x32, 0x1e, 0x02, 0x15, 0x14,
    0x0e, 0x02, 0x07, 0x03, 0x23, 0x03, 0x14, 0x16, 0x33, 0x32, 0x36, 0x35, 0x34, 0x26, 0x23, 0x22,
    0x06, 0x01, 0x5d, 0x1e, 0x2d, 0x36, 0x55, 0x3a, 0x1f, 0x20, 0x3d, 0x59, 0x39, 0x38, 0x5a, 0x3f,
    0x21, 0x0d, 0x16, 0x1e, 0x12, 0xac, 0x71, 0x0f, 0x48, 0x45, 0x45, 0x49, 0x49, 0x45, 0x45, 0x48,
    0x01, 0x1a, 0x0f, 0x24, 0x3d, 0x52, 0x2f, 0x30, 0x52, 0x3c, 0x22, 0x21, 0x3c, 0x52, 0x31, 0x21,
    0x3b, 0x37, 0x36, 0x1b, 0xfe, 0xf7, 0x01, 0xec, 0x41, 0x4c, 0x4c, 0x41, 0x40, 0x4d, 0x4d, 0x00,
    0x00, 0x02, 0x00, 0x38, 0xff, 0xf5, 0x00, 0xc4, 0x01, 0xd7, 0x00, 0x0b, 0x00, 0x17, 0x00, 0x0c,
    0xb0, 0x09, 0x1c, 0xdf, 0xd6, 0x68, 0x3a, 0x1a, 0xe5, 0x5f, 0xeb, 0x00, 0x13, 0x34, 0x36, 0x33,
    0x32, 0x16, 0x15, 0x14, 0x06, 0x23, 0x22, 0x26, 0x11, 0x34, 0x36, 0x33, 0x32, 0x16, 0x15, 0x14,
    0x06, 0x23, 0x22, 0x26, 0x38, 0x23, 0x23, 0x23, 0x23, 0x23, 0x23, 0x23, 0x23, 0x23, 0x23, 0x23,
    0x23, 0x23, 0x23, 0x23, 0x23, 0x01, 0x94, 0x1d, 0x26, 0x26, 0x1d, 0x1f, 0x26, 0x26, 0xfe, 0xc5,
    0x1d, 0x26, 0x26, 0x1d, 0x1f, 0x26, 0x26, 0x00, 0x00, 0x02, 0x00, 0x35, 0xff, 0x7f, 0x00, 0xc4,
    0x01, 0xd7, 0x00, 0x0b, 0x00, 0x22, 0x00, 0x0c, 0xb0, 0x09, 0x1c, 0xdf, 0xd6, 0x68, 0x3a, 0x1a,
    0xe5, 0x5f, 0xeb, 0x00, 0x13, 0x34, 0x36, 0x33, 0x32, 0x16, 0x15, 0x14, 0x06, 0x23, 0x22, 0x26,
    0x03, 0x34, 0x36, 0x33, 0x32, 0x15, 0x14, 0x0e, 0x02, 0x2b, 0x01, 0x35, 0x32, 0x3e, 0x02, 0x37,
    0x27, 0x06, 0x23, 0x22, 0x26, 0x37, 0x23, 0x23, 0x23, 0x23, 0x23, 0x23, 0x23, 0x23, 0x02, 0x24,
    0x1f, 0x4c, 0x0e, 0x1b, 0x29, 0x1b, 0x19, 0x10, 0x1d, 0x15, 0x0d, 0x01, 0x0e, 0x08, 0x12, 0x15,
    0x1c, 0x01, 0x94, 0x1d, 0x26, 0x26, 0x1d, 0x1f, 0x26, 0x26, 0xfe, 0xc5, 0x1b, 0x26, 0x67, 0x20,
    0x36, 0x28, 0x17, 0x42, 0x04, 0x0d, 0x18, 0x14, 0x08, 0x06, 0x1d, 0x00, 0x00, 0x01, 0x00, 0x22,
    0xff, 0xfe, 0x02, 0x26, 0x02, 0x0f, 0x00, 0x06, 0x00, 0x0c, 0xb0, 0x09, 0x1c, 0xdf, 0xd6, 0x68,
    0x3a, 0x1a, 0xe5, 0x5f, 0xeb, 0x00, 0x13, 0x25, 0x15, 0x0d, 0x01, 0x15, 0x25, 0x22, 0x02, 0x04,
    0xfe, 0x59, 0x01, 0xa7, 0xfd, 0xfc, 0x01, 0x21, 0xee, 0x48, 0xc9, 0xb8, 0x48, 0xd8, 0x00, 0x00,
    0x00, 0x02, 0x00, 0x22, 0x00, 0x8c, 0x02, 0x26, 0x01, 0x95, 0x00, 0x03, 0x00, 0x07, 0x00, 0x0c,
    0xb0, 0x09, 0x1c, 0xdf, 0xd6, 0x68, 0x3a, 0x1a, 0xe5, 0x5f, 0xeb, 0x00, 0x13, 0x21, 0x15, 0x21,
    0x15, 0x21, 0x15, 0x21, 0x22, 0x02, 0x04, 0xfd, 0xfc, 0x02, 0x04, 0xfd, 0xfc, 0x01, 0x95, 0x46,
    0x7d, 0x46, 0x00, 0x00, 0x00, 0x01, 0x00, 0x22, 0xff, 0xfe, 0x02, 0x26, 0x02, 0x0f, 0x00, 0x06,
    0x00, 0x0c, 0xb0, 0x09, 0x1c, 0xdf, 0xd6, 0x68, 0x3a, 0x1a, 0xe5, 0x5f, 0xeb, 0x00, 0x37, 0x2d,
    0x01, 0x35, 0x05, 0x15, 0x05, 0x22, 0x01, 0xa8, 0xfe, 0x58, 0x02, 0x04, 0xfd, 0xfc, 0x44, 0xb8,
    0xc9, 0x4a, 0xee, 0x4b, 0xd8, 0x00, 0x00, 0x00, 0x00, 0x02, 0x00, 0x1d, 0xff, 0xf5, 0x01, 0xa4,
    0x02, 0xbc, 0x00, 0x26, 0x00, 0x32, 0x00, 0x0c, 0xb0, 0x09, 0x1c, 0xdf, 0xd6, 0x68, 0x3a, 0x1a,
    0xe5, 0x5f, 0xeb, 0x00, 0x37, 0x34, 0x3e, 0x02, 0x37, 0x3e, 0x03, 0x35, 0x34, 0x26, 0x23, 0x22,
    0x06, 0x07, 0x23, 0x34, 0x36, 0x33, 0x32, 0x16, 0x15, 0x14, 0x0e, 0x02, 0x07, 0x0e, 0x03, 0x15,
    0x14, 0x16, 0x17, 0x23, 0x26, 0x07, 0x34, 0x36, 0x33, 0x32, 0x16, 0x15, 0x14, 0x06, 0x23, 0x22,
    0x26, 0x9b, 0x12, 0x1d, 0x21, 0x0f, 0x15, 0x1c, 0x12, 0x07, 0x2c, 0x36, 0x37, 0x31, 0x01, 0x5c,
    0x5c, 0x66, 0x67, 0x5e, 0x0e, 0x1a, 0x22, 0x14, 0x11, 0x1b, 0x15, 0x0b, 0x03, 0x02, 0x60, 0x04,
    0x10, 0x23, 0x23, 0x23, 0x23, 0x23, 0x23, 0x23, 0x23, 0xde, 0x27, 0x38, 0x27, 0x1a, 0x0b, 0x0f,
    0x19, 0x1c, 0x20, 0x15, 0x33, 0x3a, 0x3c, 0x3c, 0x5f, 0x66, 0x61, 0x54, 0x23, 0x35, 0x29, 0x1e,
    0x0c, 0x0a, 0x14, 0x1a, 0x24, 0x1b, 0x0d, 0x0f, 0x08, 0x0b, 0x92, 0x1e, 0x25, 0x26, 0x1d, 0x1e,
    0x27, 0x26, 0x00, 0x00, 0x00, 0x02, 0x00, 0x33, 0xff, 0x8a, 0x03, 0x03, 0x02, 0x71, 0x00, 0x37,
    0x00, 0x44, 0x00, 0x0c, 0xb0, 0x09, 0x1c, 0xdf, 0xd6, 0x68, 0x3a, 0x1a, 0xe5, 0x5f, 0xeb, 0x00,
    0x37, 0x34, 0x36, 0x33, 0x32, 0x16, 0x17, 0x35, 0x33, 0x11, 0x3e, 0x01, 0x35, 0x34, 0x2e, 0x02,
    0x23, 0x22, 0x0e, 0x02, 0x15, 0x14, 0x16, 0x33, 0x32, 0x36, 0x37, 0x17, 0x0e, 0x01, 0x23, 0x22,
    0x26, 0x35, 0x34, 0x3e, 0x02, 0x33, 0x32, 0x1e, 0x02, 0x15, 0x14, 0x06, 0x2b, 0x01, 0x35, 0x0e,
    0x01, 0x23, 0x22, 0x26, 0x17, 0x32, 0x3e, 0x02, 0x35, 0x34, 0x26, 0x23, 0x22, 0x15, 0x14, 0x16,
    0xe4, 0x57, 0x4c, 0x2a, 0x36, 0x0e, 0x46, 0x45, 0x43, 0x2a, 0x4b, 0x69, 0x3f, 0x49, 0x72, 0x4e,
    0x28, 0x9a, 0x93, 0x3c, 0x7b, 0x30, 0x18, 0x28, 0x75, 0x58, 0xb6, 0xc3, 0x33, 0x60, 0x89, 0x56,
    0x4e, 0x81, 0x5c, 0x33, 0x77, 0x68, 0x2f, 0x0f, 0x3b, 0x2c, 0x48, 0x53, 0xae, 0x18, 0x26, 0x1a,
    0x0e, 0x33, 0x2d, 0x6b, 0x2f, 0xef, 0x61, 0x6e, 0x22, 0x18, 0x30, 0xfe, 0xc1, 0x05, 0x55, 0x55,
    0x43, 0x67, 0x44, 0x23, 0x2d, 0x53, 0x76, 0x49, 0x90, 0xa2, 0x1e, 0x22, 0x39, 0x1a, 0x27, 0xbd,
    0xae, 0x59, 0x8d, 0x62, 0x34, 0x2b, 0x54, 0x79, 0x4e, 0x79, 0x79, 0x33, 0x1a, 0x21, 0x61, 0x23,
    0x0e, 0x20, 0x34, 0x26, 0x4a, 0x3f, 0x91, 0x3f, 0x41, 0x00, 0x00, 0x00, 0x00, 0x02, 0x00, 0x15,
    0x00, 0x00, 0x02, 0x8b, 0x02, 0xbc, 0x00, 0x07, 0x00, 0x0a, 0x00, 0x0c, 0xb0, 0x09, 0x1c, 0xdf,
    0xd6, 0x68, 0x3a, 0x1a, 0xe5, 0x5f, 0xeb, 0x00, 0x01, 0x33, 0x13, 0x23, 0x03, 0x23, 0x03, 0x23,
    0x13, 0x33, 0x03, 0x01, 0x0c, 0x87, 0xf8, 0x67, 0x5b, 0xf4, 0x5a, 0x66, 0xdc, 0xbc, 0x5e, 0x02,
    0xbc, 0xfd, 0x44, 0x01, 0x07, 0xfe, 0xf9, 0x01, 0x59, 0x01, 0x11, 0x00, 0x00, 0x03, 0x00, 0x5c,
    0x00, 0x00, 0x02, 0x71, 0x02, 0xbc, 0x00, 0x12, 0x00, 0x1b, 0x00, 0x28, 0x00, 0x0c, 0xb0, 0x09,
    0x1c, 0xdf, 0xd6, 0x68, 0x3a, 0x1a, 0xe5, 0x5f, 0xeb, 0x00, 0x13, 0x21, 0x32, 0x1e, 0x02, 0x15,
    0x14, 0x06, 0x07, 0x1e, 0x03, 0x15, 0x14, 0x06, 0x23, 0x21, 0x13, 0x15, 0x33, 0x32, 0x36, 0x35,
    0x34, 0x26, 0x23, 0x03, 0x15, 0x33, 0x32, 0x3e, 0x02, 0x35, 0x34, 0x2e, 0x02, 0x23, 0x5c, 0x01,
    0x00, 0x2f, 0x46, 0x2e, 0x17, 0x1e, 0x1a, 0x23, 0x37, 0x25, 0x14, 0x71, 0x60, 0xfe, 0xbc, 0x64,
    0xd6, 0x3e, 0x3a, 0x39, 0x3f, 0xd6, 0x92, 0x13, 0x22, 0x1b, 0x10, 0x10, 0x1a, 0x22, 0x13, 0x02,
    0xbc, 0x1c, 0x32, 0x44, 0x28, 0x26, 0x3d, 0x14, 0x05, 0x23, 0x33, 0x41, 0x23, 0x62, 0x6a, 0x01,
    0x4a, 0xf0, 0x38, 0x3b, 0x39, 0x44, 0x01, 0x1d, 0xcd, 0x0c, 0x1a, 0x26, 0x1b, 0x1a, 0x27, 0x19,
    0x0c, 0x00, 0x00, 0x00, 0x00, 0x01, 0x00, 0x37, 0xff, 0xf0, 0x02, 0x8c, 0x02, 0xce, 0x00, 0x25,
    0x00, 0x0c, 0xb0, 0x09, 0x1c, 0xdf, 0xd6, 0x68, 0x3a, 0x1a, 0xe5, 0x5f, 0xeb, 0x00, 0x25, 0x0e,
    0x03, 0x23, 0x22, 0x26, 0x35, 0x34, 0x3e, 0x02, 0x33, 0x32, 0x16, 0x17, 0x23, 0x2e, 0x03, 0x23,
    0x22, 0x0e, 0x02, 0x15, 0x14, 0x1e, 0x02, 0x33, 0x32, 0x3e, 0x02, 0x37, 0x02, 0x8c, 0x04, 0x2d,
    0x4a, 0x63, 0x3a, 0xa4, 0x99, 0x2d, 0x52, 0x73, 0x47, 0x81, 0x8a, 0x04, 0x63, 0x02, 0x13, 0x28,
    0x40, 0x2f, 0x34, 0x4f, 0x34, 0x1b, 0x18, 0x34, 0x51, 0x39, 0x32, 0x43, 0x29, 0x13, 0x03, 0xd9,
    0x3f, 0x59, 0x37, 0x1a, 0xbb, 0xb5, 0x65, 0x8b, 0x57, 0x27, 0x75, 0x7a, 0x24, 0x37, 0x24, 0x12,
    0x19, 0x3f, 0x6c, 0x53, 0x48, 0x65, 0x40, 0x1d, 0x12, 0x23, 0x33, 0x22, 0x00, 0x02, 0x00, 0x5c,
    0x00, 0x00, 0x02, 0x9a, 0x02, 0xbc, 0x00, 0x0c, 0x00, 0x19, 0x00, 0x0c, 0xb0, 0x09, 0x1c, 0xdf,
    0xd6, 0x68, 0x3a, 0x1a, 0xe5, 0x5f, 0xeb, 0x00, 0x13, 0x21, 0x32, 0x1e, 0x02, 0x15, 0x14, 0x0e,
    0x02, 0x23, 0x21, 0x13, 0x11, 0x33, 0x32, 0x3e, 0x02, 0x35, 0x34, 0x2e, 0x02, 0x23, 0x5c, 0x01,
    0x1f, 0x4d, 0x6d, 0x45, 0x20, 0x26, 0x4d, 0x76, 0x51, 0xfe, 0xfc, 0x65, 0x94, 0x41, 0x56, 0x34,
    0x16, 0x15, 0x2f, 0x4c, 0x37, 0x02, 0xbc, 0x32, 0x5a, 0x7e, 0x4c, 0x52, 0x84, 0x5d, 0x33, 0x02,
    0x62, 0xfd, 0xf8, 0x23, 0x44, 0x64, 0x41, 0x3f, 0x5e, 0x3f, 0x20, 0x00, 0x00, 0x01, 0x00, 0x5c,
    0x00, 0x00, 0x02, 0x1f, 0x02, 0xbc, 0x00, 0x0b, 0x00, 0x0c, 0xb0, 0x09, 0x1c, 0xdf, 0xd6, 0x68,
    0x3a, 0x1a, 0xe5, 0x5f, 0xeb, 0x00, 0x13, 0x21, 0x15, 0x21, 0x15, 0x21, 0x15, 0x23, 0x15, 0x21,
    0x15, 0x21, 0x5c, 0x01, 0xb9, 0xfe, 0xaa, 0x00, 0xff, 0xff, 0x01, 0x60, 0xfe, 0x3d, 0x02, 0xbc,
    0x5c, 0xb5, 0x5c, 0xf2, 0x5d, 0x00, 0x00, 0x00, 0x00, 0x01, 0x00, 0x5c, 0x00, 0x00, 0x02, 0x12,
    0x02, 0xbc, 0x00, 0x09, 0x00, 0x0c, 0xb0, 0x09, 0x1c, 0xdf, 0xd6, 0x68, 0x3a, 0x1a, 0xe5, 0x5f,
    0xeb, 0x00, 0x13, 0x21, 0x15, 0x21, 0x15, 0x21, 0x15, 0x21, 0x11, 0x23, 0x5c, 0x01, 0xb6, 0xfe,
    0xad, 0x01, 0x02, 0xfe, 0xfe, 0x63, 0x02, 0xbc, 0x5c, 0xab, 0x5c, 0xfe, 0xa7, 0x00, 0x00, 0x00,
    0x00, 0x01, 0x00, 0x37, 0xff, 0xf0, 0x02, 0x97, 0x02, 0xce, 0x00, 0x2a, 0x00, 0x0c, 0xb0, 0x09,
    0x1c, 0xdf, 0xd6, 0x68, 0x3a, 0x1a, 0xe5, 0x5f, 0xeb, 0x00, 0x01, 0x21, 0x16, 0x15, 0x14, 0x0e,
    0x02, 0x23, 0x22, 0x2e, 0x02, 0x35, 0x34, 0x3e, 0x02, 0x33, 0x32, 0x1e, 0x02, 0x15, 0x23, 0x2e,
    0x01, 0x23, 0x22, 0x0e, 0x02, 0x15, 0x14, 0x1e, 0x02, 0x33, 0x32, 0x36, 0x3d, 0x01, 0x23, 0x01,
    0x80, 0x01, 0x12, 0x05, 0x1e, 0x45, 0x72, 0x54, 0x44, 0x72, 0x52, 0x2f, 0x2c, 0x51, 0x74, 0x48,
    0x3a, 0x62, 0x46, 0x28, 0x63, 0x03, 0x55, 0x4f, 0x33, 0x4f, 0x36, 0x1b, 0x1f, 0x37, 0x4d, 0x2e,
    0x6c, 0x5f, 0xb9, 0x01, 0x63, 0x1c, 0x2b, 0x42, 0x6e, 0x50, 0x2c, 0x25, 0x56, 0x8c, 0x67, 0x62,
    0x8c, 0x59, 0x29, 0x1d, 0x3b, 0x56, 0x39, 0x48, 0x41, 0x1b, 0x3f, 0x6b, 0x4f, 0x52, 0x68, 0x3c,
    0x17, 0x57, 0x58, 0x11, 0x00, 0x01, 0x00, 0x5c, 0x00, 0x00, 0x02, 0xb6, 0x02, 0xbc, 0x00, 0x0b,
    0x00, 0x0c, 0xb0, 0x09, 0x1c, 0xdf, 0xd6, 0x68, 0x3a, 0x1a, 0xe5, 0x5f, 0xeb, 0x00, 0x01, 0x21,
    0x11, 0x23, 0x11, 0x33, 0x11, 0x21, 0x11, 0x33, 0x11, 0x23, 0x02, 0x53, 0xfe, 0x6c, 0x63, 0x63,
    0x01, 0x94, 0x63, 0x63, 0x01, 0x41, 0xfe, 0xbf, 0x02, 0xbc, 0xfe, 0xe2, 0x01, 0x1e, 0xfd, 0x44,
    0x00, 0x01, 0x00, 0x3e, 0x00, 0x00, 0x01, 0x6d, 0x02, 0xbc, 0x00, 0x0b, 0x00, 0x0c, 0xb0, 0x09,
    0x1c, 0xdf, 0xd6, 0x68, 0x3a, 0x1a, 0xe5, 0x5f, 0xeb, 0x00, 0x13, 0x21, 0x15, 0x23, 0x11, 0x33,
    0x15, 0x21, 0x35, 0x33, 0x11, 0x23, 0x42, 0x01, 0x29, 0x64, 0x66, 0xfe, 0xd1, 0x66, 0x62, 0x02,
    0xbc, 0x58, 0xfd, 0xf5, 0x59, 0x59, 0x02, 0x0b, 0x00, 0x01, 0x00, 0x42, 0xff, 0xf3, 0x01, 0xa6,
    0x02, 0xbc, 0x00, 0x15, 0x00, 0x0c, 0xb0, 0x09, 0x1c, 0xdf, 0xd6, 0x68, 0x3a, 0x1a, 0xe5, 0x5f,
    0xeb, 0x00, 0x13, 0x21, 0x11, 0x14, 0x0e, 0x02, 0x23, 0x22, 0x26, 0x27, 0x35, 0x1e, 0x01, 0x33,
    0x32, 0x3e, 0x02, 0x35, 0x11, 0x21, 0x42, 0x01, 0x64, 0x21, 0x3e, 0x59, 0x38, 0x1c, 0x38, 0x1c,
    0x18, 0x38, 0x1d, 0x1f, 0x35, 0x27, 0x16, 0xfe, 0xfe, 0x02, 0xbc, 0xfe, 0x1b, 0x42, 0x58, 0x35,
    0x15, 0x06, 0x09, 0x55, 0x03, 0x05, 0x0a, 0x1e, 0x37, 0x2d, 0x01, 0x86, 0x00, 0x01, 0x00, 0x5c,
    0x00, 0x00, 0x02, 0x8e, 0x02, 0xbc, 0x00, 0x0b, 0x00, 0x0c, 0xb0, 0x09, 0x1c, 0xdf, 0xd6, 0x68,
    0x3a, 0x1a, 0xe5, 0x5f, 0xeb, 0x00, 0x01, 0x07, 0x15, 0x23, 0x11, 0x33, 0x11, 0x01, 0x33, 0x03,
    0x01, 0x23, 0x01, 0x23, 0x64, 0x63, 0x63, 0x01, 0x24, 0x79, 0xfb, 0x01, 0x2d, 0x7a, 0x01, 0x53,
    0x74, 0xdf, 0x02, 0xbc, 0xfe, 0xa8, 0x01, 0x58, 0xfe, 0xde, 0xfe, 0x66, 0x00, 0x01, 0x00, 0x5c,
    0x00, 0x00, 0x01, 0xe8, 0x02, 0xbc, 0x00, 0x05, 0x00, 0x0c, 0xb0, 0x09, 0x1c, 0xdf, 0xd6, 0x68,
    0x3a, 0x1a, 0xe5, 0x5f, 0xeb, 0x00, 0x13, 0x33, 0x11, 0x21, 0x15, 0x21, 0x5c, 0x63, 0x01, 0x29,
    0xfe, 0x74, 0x02, 0xbc, 0xfd, 0xa1, 0x5d, 0x00, 0x00, 0x01, 0x00, 0x5c, 0x00, 0x00, 0x03, 0x06,
    0x02, 0xbc, 0x00, 0x0c, 0x00, 0x0c, 0xb0, 0x09, 0x1c, 0xdf, 0xd6, 0x68, 0x3a, 0x1a, 0xe5, 0x5f,
    0xeb, 0x00, 0x13, 0x33, 0x1b, 0x01, 0x33, 0x11, 0x23, 0x11, 0x03, 0x23, 0x03, 0x11, 0x23, 0x5c,
    0x64, 0xf1, 0xf1, 0x64, 0x63, 0xc6, 0x58, 0xc6, 0x63, 0x02, 0xbc, 0xfe, 0x6c, 0x01, 0x94, 0xfd,
    0x44, 0x02, 0x1f, 0xfe, 0xaf, 0x01, 0x52, 0xfd, 0xe0, 0x00, 0x00, 0x00, 0x00, 0x01, 0x00, 0x5c,
    0x00, 0x00, 0x02, 0x9c, 0x02, 0xbc, 0x00, 0x09, 0x00, 0x0c, 0xb0, 0x09, 0x1c, 0xdf, 0xd6, 0x68,
    0x3a, 0x1a, 0xe5, 0x5f, 0xeb, 0x00, 0x13, 0x33, 0x01, 0x11, 0x33, 0x11, 0x23, 0x01, 0x11, 0x23,
    0x5c, 0x5a, 0x01, 0x83, 0x63, 0x62, 0xfe, 0x85, 0x63, 0x02, 0xbc, 0xfd, 0xd8, 0x02, 0x28, 0xfd,
    0x44, 0x02, 0x1d, 0xfd, 0xe3, 0x00, 0x00, 0x00, 0x00, 0x02, 0x00, 0x37, 0xff, 0xf0, 0x02, 0xb3,
    0x02, 0xce, 0x00, 0x13, 0x00, 0x27, 0x00, 0x0c, 0xb0, 0x09, 0x1c, 0xdf, 0xd6, 0x68, 0x3a, 0x1a,
    0xe5, 0x5f, 0xeb, 0x00, 0x05, 0x22, 0x2e, 0x02, 0x35, 0x34, 0x3e, 0x02, 0x33, 0x32, 0x1e, 0x02,
    0x15, 0x14, 0x0e, 0x02, 0x27, 0x32, 0x3e, 0x02, 0x35, 0x34, 0x2e, 0x02, 0x23, 0x22, 0x0e, 0x02,
    0x15, 0x14, 0x1e, 0x02, 0x01, 0x75, 0x44, 0x74, 0x55, 0x31, 0x32, 0x56, 0x74, 0x42, 0x43, 0x74,
    0x56, 0x31, 0x30, 0x56, 0x74, 0x44, 0x31, 0x51, 0x38, 0x1f, 0x21, 0x3b, 0x4f, 0x2e, 0x2e, 0x4f,
    0x3a, 0x21, 0x1f, 0x38, 0x50, 0x10, 0x28, 0x58, 0x8b, 0x63, 0x63, 0x8c, 0x59, 0x28, 0x28, 0x59,
    0x8c, 0x63, 0x63, 0x8b, 0x58, 0x28, 0x5f, 0x1a, 0x3f, 0x68, 0x4e, 0x52, 0x6a, 0x3e, 0x18, 0x18,
    0x3e, 0x6a, 0x52, 0x4e, 0x68, 0x3f, 0x1a, 0x00, 0x00, 0x02, 0x00, 0x5c, 0x00, 0x00, 0x02, 0x46,
    0x02, 0xbc, 0x00, 0x0e, 0x00, 0x17, 0x00, 0x0c, 0xb0, 0x09, 0x1c, 0xdf, 0xd6, 0x68, 0x3a, 0x1a,
    0xe5, 0x5f, 0xeb, 0x00, 0x13, 0x21, 0x32, 0x1e, 0x02, 0x15, 0x14, 0x0e, 0x02, 0x2b, 0x01, 0x11,
    0x23, 0x13, 0x15, 0x33, 0x32, 0x36, 0x35, 0x34, 0x26, 0x23, 0x5c, 0x01, 0x2c, 0x2e, 0x47, 0x30,
    0x19, 0x19, 0x30, 0x46, 0x2e, 0xca, 0x63, 0x63, 0xc7, 0x25, 0x37, 0x37, 0x25, 0x02, 0xbc, 0x1e,
    0x34, 0x48, 0x2b, 0x26, 0x46, 0x35, 0x20, 0xfe, 0xca, 0x02, 0x62, 0xd2, 0x32, 0x35, 0x33, 0x38,
    0x00, 0x02, 0x00, 0x37, 0xff, 0xa3, 0x02, 0xb3, 0x02, 0xce, 0x00, 0x16, 0x00, 0x2e, 0x00, 0x0c,
    0xb0, 0x09, 0x1c, 0xdf, 0xd6, 0x68, 0x3a, 0x1a, 0xe5, 0x5f, 0xeb, 0x00, 0x05, 0x22, 0x2e, 0x02,
    0x35, 0x34, 0x3e, 0x02, 0x33, 0x32, 0x1e, 0x02, 0x15, 0x14, 0x06, 0x07, 0x17, 0x07, 0x27, 0x06,
    0x03, 0x17, 0x3e, 0x01, 0x35, 0x34, 0x2e, 0x02, 0x23, 0x22, 0x0e, 0x02, 0x15, 0x14, 0x1e, 0x02,
    0x33, 0x32, 0x36, 0x37, 0x27, 0x01, 0x75, 0x43, 0x74, 0x56, 0x31, 0x32, 0x56, 0x74, 0x42, 0x43,
    0x74, 0x56, 0x31, 0x3d, 0x36, 0x44, 0x47, 0x47, 0x3b, 0x22, 0x6f, 0x21, 0x25, 0x21, 0x3b, 0x4f,
    0x2e, 0x2e, 0x4f, 0x3a, 0x21, 0x1f, 0x38, 0x50, 0x31, 0x13, 0x23, 0x11, 0x69, 0x10, 0x29, 0x58,
    0x8b, 0x62, 0x63, 0x8c, 0x59, 0x28, 0x28, 0x59, 0x8c, 0x63, 0x70, 0x94, 0x2b, 0x5d, 0x2f, 0x62,
    0x15, 0x01, 0x27, 0x9a, 0x1e, 0x6d, 0x56, 0x52, 0x6a, 0x3e, 0x18, 0x18, 0x3e, 0x6a, 0x52, 0x4e,
    0x69, 0x3f, 0x1a, 0x03, 0x05, 0x93, 0x00, 0x00, 0x00, 0x02, 0x00, 0x5c, 0x00, 0x00, 0x02, 0x86,
    0x02, 0xbc, 0x00, 0x12, 0x00, 0x1f, 0x00, 0x0c, 0xb0, 0x09, 0x1c, 0xdf, 0xd6, 0x68, 0x3a, 0x1a,
    0xe5, 0x5f, 0xeb, 0x00, 0x01, 0x23, 0x11, 0x23, 0x11, 0x21, 0x32, 0x1e, 0x02, 0x15, 0x14, 0x0e,
    0x02, 0x2b, 0x01, 0x01, 0x23, 0x01, 0x15, 0x33, 0x32, 0x3e, 0x02, 0x35, 0x34, 0x2e, 0x02, 0x23,
    0x01, 0x0a, 0x4b, 0x63, 0x01, 0x3f, 0x2b, 0x44, 0x2e, 0x19, 0x18, 0x2e, 0x43, 0x2c, 0x1e, 0x01,
    0x08, 0x7f, 0xfe, 0xb8, 0xd6, 0x11, 0x20, 0x19, 0x0f, 0x0f, 0x1a, 0x20, 0x10, 0x01, 0x45, 0xfe,
    0xbb, 0x02, 0xbc, 0x1d, 0x34, 0x46, 0x28, 0x23, 0x42, 0x33, 0x20, 0xfe, 0xbb, 0x02, 0x61, 0xc6,
    0x0e, 0x19, 0x24, 0x17, 0x16, 0x25, 0x1b, 0x0e, 0x00, 0x01, 0x00, 0x35, 0xff, 0xef, 0x02, 0x5b,
    0x02, 0xcc, 0x00, 0x3e, 0x00, 0x0c, 0xb0, 0x09, 0x1c, 0xdf, 0xd6, 0x68, 0x3a, 0x1a, 0xe5, 0x5f,
    0xeb, 0x00, 0x37, 0x0e, 0x01, 0x15, 0x14, 0x16, 0x33, 0x32, 0x3e, 0x02, 0x35, 0x34, 0x26, 0x27,
    0x2e, 0x03, 0x27, 0x2e, 0x01, 0x35, 0x34, 0x36, 0x33, 0x32, 0x16, 0x15, 0x1c, 0x01, 0x07, 0x23,
    0x36, 0x35, 0x34, 0x26, 0x23, 0x22, 0x06, 0x15, 0x14, 0x16, 0x17, 0x1e, 0x03, 0x17, 0x1e, 0x01,
    0x15, 0x14, 0x06, 0x23, 0x22, 0x2e, 0x02, 0x35, 0x34, 0x36, 0x37, 0x9f, 0x01, 0x01, 0x50, 0x5d,
    0x26, 0x3e, 0x2d, 0x18, 0x2e, 0x2a, 0x12, 0x31, 0x32, 0x30, 0x12, 0x49, 0x4d, 0x7d, 0x71, 0x6d,
    0x7c, 0x01, 0x66, 0x02, 0x45, 0x3f, 0x3d, 0x49, 0x2d, 0x29, 0x12, 0x30, 0x33, 0x30, 0x12, 0x4b,
    0x4d, 0x89, 0x87, 0x49, 0x69, 0x44, 0x20, 0x01, 0x02, 0xec, 0x07, 0x14, 0x0a, 0x3f, 0x40, 0x0c,
    0x1a, 0x2a, 0x1e, 0x30, 0x30, 0x0d, 0x06, 0x0a, 0x0a, 0x09, 0x05, 0x14, 0x5d, 0x4d, 0x5e, 0x65,
    0x5b, 0x54, 0x0d, 0x11, 0x07, 0x05, 0x10, 0x39, 0x31, 0x30, 0x39, 0x2f, 0x30, 0x0d, 0x06, 0x0a,
    0x09, 0x09, 0x05, 0x14, 0x5e, 0x4e, 0x62, 0x6a, 0x1f, 0x37, 0x4d, 0x2f, 0x0a, 0x18, 0x09, 0x00,
    0x00, 0x01, 0x00, 0x1d, 0x00, 0x00, 0x02, 0x26, 0x02, 0xbc, 0x00, 0x07, 0x00, 0x0c, 0xb0, 0x09,
    0x1c, 0xdf, 0xd6, 0x68, 0x3a, 0x1a, 0xe5, 0x5f, 0xeb, 0x00, 0x13, 0x21, 0x15, 0x23, 0x11, 0x23,
    0x11, 0x23, 0x1d, 0x02, 0x09, 0xd3, 0x63, 0xd3, 0x02, 0xbc, 0x5c, 0xfd, 0xa0, 0x02, 0x60, 0x00,
    0x00, 0x01, 0x00, 0x57, 0xff, 0xf0, 0x02, 0x8a, 0x02, 0xbc, 0x00, 0x19, 0x00, 0x0c, 0xb0, 0x09,
    0x1c, 0xdf, 0xd6, 0x68, 0x3a, 0x1a, 0xe5, 0x5f, 0xeb, 0x00, 0x13, 0x33, 0x11, 0x14, 0x1e, 0x02,
    0x33, 0x32, 0x3e, 0x02, 0x35, 0x11, 0x33, 0x11, 0x14, 0x0e, 0x02, 0x23, 0x22, 0x2e, 0x02, 0x35,
    0x57, 0x64, 0x1a, 0x2f, 0x43, 0x2a, 0x2a, 0x43, 0x2f, 0x1a, 0x63, 0x27, 0x49, 0x68, 0x41, 0x41,
    0x68, 0x49, 0x28, 0x02, 0xbc, 0xfe, 0x35, 0x2c, 0x3e, 0x27, 0x11, 0x11, 0x27, 0x3e, 0x2c, 0x01,
    0xcb, 0xfe, 0x2b, 0x3b, 0x5c, 0x3f, 0x21, 0x21, 0x3f, 0x5c, 0x3b, 0x00, 0x00, 0x01, 0x00, 0x18,
    0x00, 0x00, 0x02, 0x84, 0x02, 0xbc, 0x00, 0x10, 0x00, 0x0c, 0xb0, 0x09, 0x1c, 0xdf, 0xd6, 0x68,
    0x3a, 0x1a, 0xe5, 0x5f, 0xeb, 0x00, 0x13, 0x33, 0x13, 0x1e, 0x03, 0x17, 0x3e, 0x03, 0x37, 0x13,
    0x33, 0x03, 0x23, 0x18, 0x6c, 0x97, 0x03, 0x0e, 0x0f, 0x10, 0x05, 0x05, 0x0e, 0x0f, 0x0d, 0x03,
    0x98, 0x6a, 0xf3, 0x87, 0x02, 0xbc, 0xfe, 0x40, 0x0b, 0x26, 0x2b, 0x2b, 0x0f, 0x0f, 0x2b, 0x2c,
    0x25, 0x0b, 0x01, 0xc0, 0xfd, 0x44, 0x00, 0x00, 0x00, 0x01, 0x00, 0x19, 0x00, 0x00, 0x03, 0xae,
    0x02, 0xbc, 0x00, 0x0c, 0x00, 0x0c, 0xb0, 0x09, 0x1c, 0xdf, 0xd6, 0x68, 0x3a, 0x1a, 0xe5, 0x5f,
    0xeb, 0x00, 0x13, 0x33, 0x1b, 0x01, 0x33, 0x1b, 0x01, 0x33, 0x03, 0x23, 0x0b, 0x01, 0x23, 0x19,
    0x6a, 0x94, 0x9c, 0x61, 0x9a, 0x95, 0x6b, 0xc9, 0x6e, 0x94, 0x94, 0x6e, 0x02, 0xbc, 0xfd, 0xc0,
    0x02, 0x40, 0xfd, 0xbf, 0x02, 0x41, 0xfd, 0x44, 0x02, 0x1d, 0xfd, 0xe3, 0x00, 0x01, 0x00, 0x17,
    0x00, 0x00, 0x02, 0x76, 0x02, 0xbc, 0x00, 0x0b, 0x00, 0x0c, 0xb0, 0x09, 0x1c, 0xdf, 0xd6, 0x68,
    0x3a, 0x1a, 0xe5, 0x5f, 0xeb, 0x00, 0x01, 0x03, 0x33, 0x17, 0x37, 0x33, 0x03, 0x13, 0x23, 0x0b,
    0x01, 0x23, 0x01, 0x0a, 0xc5, 0x75, 0x90, 0x93, 0x75, 0xcb, 0xef, 0x75, 0xbd, 0xb6, 0x77, 0x01,
    0x81, 0x01, 0x3b, 0xed, 0xed, 0xfe, 0xc4, 0xfe, 0x80, 0x01, 0x31, 0xfe, 0xcf, 0x00, 0x00, 0x00,
    0x00, 0x01, 0x00, 0x13, 0x00, 0x00, 0x02, 0x5d, 0x02, 0xbc, 0x00, 0x08, 0x00, 0x0c, 0xb0, 0x09,
    0x1c, 0xdf, 0xd6, 0x68, 0x3a, 0x1a, 0xe5, 0x5f, 0xeb, 0x00, 0x01, 0x03, 0x33, 0x1b, 0x01, 0x33,
    0x03, 0x11, 0x23, 0x01, 0x06, 0xf3, 0x78, 0xb0, 0xae, 0x74, 0xf4, 0x63, 0x01, 0x1d, 0x01, 0x9f,
    0xfe, 0xc1, 0x01, 0x3f, 0xfe, 0x61, 0xfe, 0xe3, 0x00, 0x01, 0x00, 0x2d, 0x00, 0x00, 0x02, 0x33,
    0x02, 0xbc, 0x00, 0x09, 0x00, 0x0c, 0xb0, 0x09, 0x1c, 0xdf, 0xd6, 0x68, 0x3a, 0x1a, 0xe5, 0x5f,
    0xeb, 0x00, 0x37, 0x01, 0x21, 0x35, 0x21, 0x15, 0x01, 0x21, 0x15, 0x21, 0x2d, 0x01, 0x80, 0xfe,
    0x8d, 0x01, 0xec, 0xfe, 0x7d, 0x01, 0x90, 0xfd, 0xfa, 0x4c, 0x02, 0x16, 0x5a, 0x4b, 0xfd, 0xe9,
    0x5a, 0x00, 0x00, 0x00, 0x00, 0x01, 0x00, 0x57, 0xff, 0x64, 0x01, 0x19, 0x02, 0xc9, 0x00, 0x07,
    0x00, 0x0c, 0xb0, 0x09, 0x1c, 0xdf, 0xd6, 0x68, 0x3a, 0x1a, 0xe5, 0x5f, 0xeb, 0x00, 0x13, 0x11,
    0x33, 0x15, 0x23, 0x11, 0x33, 0x15, 0xad, 0x6c, 0xc2, 0xc1, 0x02, 0x79, 0xfd, 0x3b, 0x50, 0x03,
    0x65, 0x50, 0x00, 0x00, 0x00, 0x01, 0x00, 0x0f, 0xff, 0xe2, 0x01, 0x7c, 0x02, 0xbc, 0x00, 0x03,
    0x00, 0x0c, 0xb0, 0x09, 0x1c, 0xdf, 0xd6, 0x68, 0x3a, 0x1a, 0xe5, 0x5f, 0xeb, 0x00, 0x13, 0x33,
    0x01, 0x23, 0x0f, 0x4f, 0x01, 0x1e, 0x50, 0x02, 0xbc, 0xfd, 0x26, 0x00, 0x00, 0x01, 0x00, 0x11,
    0xff, 0x64, 0x00, 0xd3, 0x02, 0xc9, 0x00, 0x07, 0x00, 0x0c, 0xb0, 0x09, 0x1c, 0xdf, 0xd6, 0x68,
    0x3a, 0x1a, 0xe5, 0x5f, 0xeb, 0x00, 0x17, 0x11, 0x23, 0x35, 0x33, 0x11, 0x23, 0x35, 0x7e, 0x6c,
    0xc1, 0xc2, 0x4c, 0x02, 0xc5, 0x50, 0xfc, 0x9b, 0x50, 0x00, 0x00, 0x00, 0x00, 0x01, 0x00, 0x2c,
    0x00, 0xdc, 0x02, 0x1b, 0x02, 0xa3, 0x00, 0x06, 0x00, 0x0c, 0xb0, 0x09, 0x1c, 0xdf, 0xd6, 0x68,
    0x3a, 0x1a, 0xe5, 0x5f, 0xeb, 0x00, 0x13, 0x33, 0x13, 0x23, 0x0b, 0x01, 0x23, 0xfb, 0x53, 0xcd,
    0x53, 0xa6, 0xa7, 0x4f, 0x02, 0xa3, 0xfe, 0x39, 0x01, 0x85, 0xfe, 0x7b, 0x00, 0x01, 0x00, 0x00,
    0xff, 0xa1, 0x01, 0xf6, 0xff, 0xdd, 0x00, 0x03, 0x00, 0x0c, 0xb0, 0x09, 0x1c, 0xdf, 0xd6, 0x68,
    0x3a, 0x1a, 0xe5, 0x5f, 0xeb, 0x00, 0x05, 0x15, 0x21, 0x35, 0x01, 0xf6, 0xfe, 0x0a, 0x23, 0x3c,
    0x3c, 0x00, 0x00, 0x00, 0x00, 0x01, 0x00, 0x00, 0x02, 0x32, 0x00, 0xad, 0x02, 0xca, 0x00, 0x03,
    0x00, 0x0c, 0xb0, 0x09, 0x1c, 0xdf, 0xd6, 0x68, 0x3a, 0x1a, 0xe5, 0x5f, 0xeb, 0x00, 0x11, 0x33,
    0x17, 0x23, 0x69, 0x44, 0x4f, 0x02, 0xca, 0x98, 0x00, 0x02, 0x00, 0x33, 0xff, 0xf6, 0x01, 0xee,
    0x02, 0x02, 0x00, 0x25, 0x00, 0x32, 0x00, 0x0c, 0xb0, 0x09, 0x1c, 0xdf, 0xd6, 0x68, 0x3a, 0x1a,
    0xe5, 0x5f, 0xeb, 0x00, 0x25, 0x0e, 0x03, 0x23, 0x22, 0x2e, 0x02, 0x35, 0x34, 0x3e, 0x02, 0x33,
    0x32, 0x16, 0x17, 0x35, 0x34, 0x26, 0x23, 0x22, 0x07, 0x23, 0x3e, 0x03, 0x33, 0x32, 0x1e, 0x02,
    0x15, 0x11, 0x23, 0x27, 0x32, 0x36, 0x37, 0x35, 0x2e, 0x01, 0x23, 0x22, 0x06, 0x15, 0x14, 0x16,
    0x01, 0x8d, 0x07, 0x21, 0x2f, 0x3a, 0x20, 0x25, 0x3e, 0x2d, 0x19, 0x22, 0x3b, 0x4f, 0x2c, 0x2e,
    0x46, 0x0e, 0x39, 0x37, 0x6e, 0x02, 0x62, 0x01, 0x22, 0x3b, 0x4e, 0x2d, 0x25, 0x48, 0x39, 0x24,
    0x61, 0x9b, 0x36, 0x57, 0x0e, 0x14, 0x3b, 0x25, 0x41, 0x45, 0x32, 0x5d, 0x17, 0x26, 0x1b, 0x0f,
    0x14, 0x28, 0x3b, 0x26, 0x2d, 0x3c, 0x26, 0x10, 0x0d, 0x07, 0x2a, 0x3c, 0x2e, 0x48, 0x29, 0x3a,
    0x24, 0x11, 0x0e, 0x28, 0x49, 0x3b, 0xfe, 0xb8, 0x46, 0x39, 0x39, 0x25, 0x06, 0x0b, 0x28, 0x2f,
    0x29, 0x28, 0x00, 0x00, 0x00, 0x02, 0x00, 0x55, 0xff, 0xf1, 0x02, 0x2e, 0x02, 0xc6, 0x00, 0x12,
    0x00, 0x20, 0x00, 0x0c, 0xb0, 0x09, 0x1c, 0xdf, 0xd6, 0x68, 0x3a, 0x1a, 0xe5, 0x5f, 0xeb, 0x00,
    0x13, 0x33, 0x11, 0x3e, 0x01, 0x33, 0x32, 0x1e, 0x02, 0x15, 0x14, 0x06, 0x23, 0x22, 0x26, 0x27,
    0x15, 0x23, 0x13, 0x22, 0x06, 0x15, 0x14, 0x16, 0x33, 0x32, 0x36, 0x35, 0x34, 0x2e, 0x02, 0x55,
    0x63, 0x18, 0x5d, 0x36, 0x35, 0x4d, 0x31, 0x18, 0x72, 0x6b, 0x3c, 0x4b, 0x12, 0x63, 0xf6, 0x4c,
    0x4c, 0x3e, 0x50, 0x4b, 0x40, 0x0d, 0x1e, 0x31, 0x02, 0xc6, 0xfe, 0xe3, 0x2a, 0x30, 0x26, 0x44,
    0x60, 0x3a, 0x83, 0x8b, 0x30, 0x23, 0x44, 0x01, 0xaf, 0x52, 0x62, 0x60, 0x57, 0x5b, 0x60, 0x27,
    0x41, 0x2e, 0x1a, 0x00, 0x00, 0x01, 0x00, 0x32, 0xff, 0xf0, 0x01, 0xfa, 0x02, 0x03, 0x00, 0x1d,
    0x00, 0x0c, 0xb0, 0x09, 0x1c, 0xdf, 0xd6, 0x68, 0x3a, 0x1a, 0xe5, 0x5f, 0xeb, 0x00, 0x25, 0x14,
    0x0e, 0x02, 0x23, 0x22, 0x26, 0x35, 0x34, 0x36, 0x33, 0x32, 0x1e, 0x02, 0x15, 0x23, 0x34, 0x26,
    0x23, 0x22, 0x06, 0x15, 0x14, 0x16, 0x33, 0x32, 0x36, 0x37, 0x01, 0xfa, 0x18, 0x34, 0x52, 0x3a,
    0x73, 0x7d, 0x7c, 0x74, 0x36, 0x4d, 0x31, 0x16, 0x61, 0x2d, 0x3c, 0x4d, 0x41, 0x42, 0x4c, 0x3c,
    0x38, 0x03, 0xa3, 0x23, 0x41, 0x32, 0x1d, 0x7e, 0x87, 0x8f, 0x7f, 0x19, 0x2f, 0x43, 0x29, 0x2d,
    0x35, 0x56, 0x66, 0x5c, 0x56, 0x34, 0x2c, 0x00, 0x00, 0x02, 0x00, 0x32, 0xff, 0xf1, 0x02, 0x09,
    0x02, 0xc6, 0x00, 0x12, 0x00, 0x1e, 0x00, 0x0c, 0xb0, 0x09, 0x1c, 0xdf, 0xd6, 0x68, 0x3a, 0x1a,
    0xe5, 0x5f, 0xeb, 0x00, 0x25, 0x0e, 0x01, 0x23, 0x22, 0x26, 0x35, 0x34, 0x3e, 0x02, 0x33, 0x32,
    0x16, 0x17, 0x11, 0x33, 0x11, 0x23, 0x37, 0x34, 0x26, 0x23, 0x22, 0x06, 0x15, 0x14, 0x16, 0x33,
    0x32, 0x36, 0x01, 0xa6, 0x17, 0x56, 0x32, 0x6c, 0x69, 0x1e, 0x39, 0x53, 0x35, 0x3a, 0x49, 0x12,
    0x63, 0x63, 0x05, 0x3d, 0x4e, 0x4a, 0x42, 0x3d, 0x4a, 0x4d, 0x43, 0x48, 0x27, 0x30, 0x88, 0x7d,
    0x3c, 0x64, 0x46, 0x27, 0x2e, 0x21, 0x01, 0x12, 0xfd, 0x3a, 0xfa, 0x60, 0x55, 0x62, 0x57, 0x58,
    0x5a, 0x54, 0x00, 0x00, 0x00, 0x02, 0x00, 0x32, 0xff, 0xf0, 0x02, 0x08, 0x02, 0x03, 0x00, 0x16,
    0x00, 0x1f, 0x00, 0x0c, 0xb0, 0x09, 0x1c, 0xdf, 0xd6, 0x68, 0x3a, 0x1a, 0xe5, 0x5f, 0xeb, 0x00,
    0x37, 0x1e, 0x01, 0x33, 0x32, 0x36, 0x37, 0x33, 0x14, 0x06, 0x23, 0x22, 0x26, 0x35, 0x34, 0x36,
    0x33, 0x32, 0x1e, 0x02, 0x1d, 0x01, 0x27, 0x22, 0x06, 0x07, 0x21, 0x34, 0x2e, 0x02, 0x92, 0x02,
    0x46, 0x4b, 0x3a, 0x3b, 0x05, 0x5d, 0x6b, 0x6c, 0x74, 0x7f, 0x7c, 0x77, 0x3f, 0x57, 0x35, 0x18,
    0xe3, 0x40, 0x46, 0x0a, 0x01, 0x0f, 0x0c, 0x1e, 0x31, 0xee, 0x5b, 0x50, 0x2b, 0x22, 0x45, 0x5b,
    0x80, 0x8a, 0x88, 0x81, 0x20, 0x3e, 0x58, 0x39, 0x26, 0xc4, 0x3c, 0x43, 0x1d, 0x2f, 0x21, 0x12,
    0x00, 0x01, 0x00, 0x1a, 0x00, 0x00, 0x01, 0x61, 0x02, 0xcd, 0x00, 0x17, 0x00, 0x0c, 0xb0, 0x09,
    0x1c, 0xdf, 0xd6, 0x68, 0x3a, 0x1a, 0xe5, 0x5f, 0xeb, 0x00, 0x13, 0x33, 0x35, 0x34, 0x36, 0x33,
    0x32, 0x16, 0x17, 0x15, 0x2e, 0x01, 0x23, 0x22, 0x06, 0x1d, 0x01, 0x33, 0x15, 0x23, 0x11, 0x23,
    0x11, 0x23, 0x1a, 0x4a, 0x5b, 0x5a, 0x11, 0x28, 0x0f, 0x0e, 0x20, 0x0c, 0x34, 0x2d, 0x7c, 0x7c,
    0x62, 0x4a, 0x01, 0xf4, 0x34, 0x49, 0x5c, 0x04, 0x04, 0x4b, 0x02, 0x03, 0x31, 0x2c, 0x2e, 0x48,
    0xfe, 0x54, 0x01, 0xac, 0x00, 0x03, 0x00, 0x26, 0xff, 0x29, 0x02, 0x22, 0x02, 0x01, 0x00, 0x3d,
    0x00, 0x49, 0x00, 0x59, 0x00, 0x0c, 0xb0, 0x09, 0x1c, 0xdf, 0xd6, 0x68, 0x3a, 0x1a, 0xe5, 0x5f,
    0xeb, 0x00, 0x17, 0x34, 0x36, 0x37, 0x2e, 0x01, 0x35, 0x34, 0x36, 0x37, 0x2e, 0x01, 0x35, 0x34,
    0x3e, 0x02, 0x33, 0x32, 0x16, 0x17, 0x3e, 0x01, 0x3b, 0x01, 0x15, 0x27, 0x2e, 0x01, 0x27, 0x16,
    0x15, 0x14, 0x0e, 0x02, 0x23, 0x22, 0x26, 0x27, 0x06, 0x15, 0x14, 0x16, 0x33, 0x32, 0x36, 0x33,
    0x32, 0x1e, 0x02, 0x15, 0x14, 0x0e, 0x02, 0x23, 0x22, 0x2e, 0x02, 0x13, 0x32, 0x36, 0x35, 0x34,
    0x26, 0x23, 0x22, 0x06, 0x15, 0x14, 0x16, 0x03, 0x14, 0x16, 0x33, 0x32, 0x36, 0x35, 0x34, 0x2e,
    0x02, 0x23, 0x22, 0x0e, 0x02, 0x26, 0x21, 0x22, 0x10, 0x0f, 0x1f, 0x17, 0x21, 0x29, 0x19, 0x35,
    0x50, 0x37, 0x33, 0x4d, 0x1a, 0x08, 0x27, 0x15, 0x39, 0x13, 0x0b, 0x29, 0x10, 0x16, 0x1a, 0x34,
    0x4c, 0x32, 0x16, 0x30, 0x0c, 0x23, 0x11, 0x16, 0x0d, 0x27, 0x20, 0x40, 0x58, 0x36, 0x17, 0x18,
    0x37, 0x5a, 0x41, 0x42, 0x5c, 0x39, 0x19, 0xe5, 0x40, 0x38, 0x37, 0x41, 0x41, 0x35, 0x37, 0x4a,
    0x41, 0x53, 0x50, 0x3d, 0x0c, 0x20, 0x37, 0x2a, 0x2a, 0x39, 0x23, 0x0e, 0x47, 0x23, 0x36, 0x0e,
    0x0b, 0x24, 0x14, 0x1e, 0x2f, 0x0a, 0x12, 0x44, 0x35, 0x28, 0x44, 0x33, 0x1d, 0x19, 0x16, 0x11,
    0x11, 0x5c, 0x04, 0x02, 0x04, 0x01, 0x28, 0x35, 0x28, 0x42, 0x30, 0x1a, 0x05, 0x03, 0x02, 0x23,
    0x11, 0x0f, 0x04, 0x16, 0x27, 0x37, 0x22, 0x23, 0x38, 0x29, 0x16, 0x15, 0x26, 0x35, 0x01, 0x44,
    0x35, 0x33, 0x33, 0x3b, 0x3b, 0x33, 0x33, 0x35, 0xfe, 0xe7, 0x29, 0x27, 0x26, 0x2a, 0x13, 0x1e,
    0x14, 0x0a, 0x0a, 0x13, 0x1e, 0x00, 0x00, 0x00, 0x00, 0x01, 0x00, 0x55, 0x00, 0x00, 0x02, 0x12,
    0x02, 0xc6, 0x00, 0x15, 0x00, 0x0c, 0xb0, 0x09, 0x1c, 0xdf, 0xd6, 0x68, 0x3a, 0x1a, 0xe5, 0x5f,
    0xeb, 0x00, 0x13, 0x33, 0x11, 0x3e, 0x03, 0x33, 0x32, 0x16, 0x15, 0x11, 0x23, 0x11, 0x34, 0x26,
    0x23, 0x22, 0x06, 0x07, 0x11, 0x23, 0x55, 0x63, 0x04, 0x19, 0x29, 0x39, 0x24, 0x53, 0x64, 0x63,
    0x2e, 0x3c, 0x39, 0x46, 0x0e, 0x63, 0x02, 0xc6, 0xfe, 0xe0, 0x12, 0x20, 0x1a, 0x0f, 0x55, 0x5e,
    0xfe, 0xb2, 0x01, 0x4b, 0x2f, 0x33, 0x34, 0x40, 0xfe, 0xc7, 0x00, 0x00, 0x00, 0x02, 0x00, 0x48,
    0x00, 0x00, 0x00, 0xc4, 0x02, 0xbe, 0x00, 0x03, 0x00, 0x0f, 0x00, 0x0c, 0xb0, 0x09, 0x1c, 0xdf,
    0xd6, 0x68, 0x3a, 0x1a, 0xe5, 0x5f, 0xeb, 0x00, 0x13, 0x33, 0x11, 0x23, 0x13, 0x22, 0x26, 0x35,
    0x34, 0x36, 0x33, 0x32, 0x16, 0x15, 0x14, 0x06, 0x55, 0x63, 0x63, 0x31, 0x1d, 0x21, 0x21, 0x1d,
    0x1e, 0x20, 0x20, 0x01, 0xf4, 0xfe, 0x0c, 0x02, 0x49, 0x22, 0x1a, 0x19, 0x20, 0x20, 0x19, 0x1a,
    0x22, 0x00, 0x00, 0x00, 0x00, 0x02, 0xff, 0xd0, 0xff, 0x36, 0x00, 0xc5, 0x02, 0xbe, 0x00, 0x0d,
    0x00, 0x19, 0x00, 0x0c, 0xb0, 0x09, 0x1c, 0xdf, 0xd6, 0x68, 0x3a, 0x1a, 0xe5, 0x5f, 0xeb, 0x00,
    0x07, 0x37, 0x3e, 0x01, 0x35, 0x11, 0x33, 0x11, 0x14, 0x06, 0x23, 0x22, 0x26, 0x27, 0x13, 0x22,
    0x26, 0x35, 0x34, 0x36, 0x33, 0x32, 0x16, 0x15, 0x14, 0x06, 0x30, 0x47, 0x23, 0x1c, 0x62, 0x4e,
    0x48, 0x0e, 0x32, 0x12, 0xb7, 0x1e, 0x21, 0x21, 0x1e, 0x1e, 0x20, 0x20, 0x73, 0x05, 0x02, 0x42,
    0x33, 0x01, 0xeb, 0xfe, 0x0d, 0x60, 0x6b, 0x02, 0x04, 0x03, 0x0d, 0x22, 0x1a, 0x19, 0x20, 0x20,
    0x19, 0x1a, 0x22, 0x00, 0x00, 0x01, 0x00, 0x55, 0x00, 0x00, 0x02, 0x1a, 0x02, 0xc6, 0x00, 0x0b,
    0x00, 0x0c, 0xb0, 0x09, 0x1c, 0xdf, 0xd6, 0x68, 0x3a, 0x1a, 0xe5, 0x5f, 0xeb, 0x00, 0x13, 0x33,
    0x11, 0x37, 0x33, 0x07, 0x13, 0x23, 0x27, 0x07, 0x15, 0x23, 0x55, 0x63, 0xd1, 0x79, 0xc6, 0xde,
    0x73, 0xaf, 0x40, 0x63, 0x02, 0xc6, 0xfe, 0x61, 0xcd, 0xbf, 0xfe, 0xcb, 0xf4, 0x3e, 0xb6, 0x00,
    0x00, 0x01, 0x00, 0x50, 0xff, 0xf9, 0x00, 0xf1, 0x02, 0xc6, 0x00, 0x0b, 0x00, 0x0c, 0xb0, 0x09,
    0x1c, 0xdf, 0xd6, 0x68, 0x3a, 0x1a, 0xe5, 0x5f, 0xeb, 0x00, 0x13, 0x33, 0x11, 0x14, 0x3b, 0x01,
    0x15, 0x06, 0x23, 0x22, 0x26, 0x35, 0x50, 0x63, 0x1e, 0x20, 0x22, 0x23, 0x35, 0x27, 0x02, 0xc6,
    0xfd, 0xa7, 0x1f, 0x4d, 0x08, 0x2f, 0x2f, 0x00, 0x00, 0x01, 0x00, 0x55, 0x00, 0x00, 0x03, 0x60,
    0x02, 0x01, 0x00, 0x26, 0x00, 0x0c, 0xb0, 0x09, 0x1c, 0xdf, 0xd6, 0x68, 0x3a, 0x1a, 0xe5, 0x5f,
    0xeb, 0x00, 0x13, 0x33, 0x15, 0x3e, 0x03, 0x33, 0x32, 0x16, 0x17, 0x3e, 0x01, 0x33, 0x32, 0x16,
    0x15, 0x11, 0x23, 0x11, 0x34, 0x26, 0x23, 0x22, 0x0e, 0x02, 0x07, 0x11, 0x23, 0x11, 0x34, 0x26,
    0x23, 0x22, 0x06, 0x07, 0x11, 0x23, 0x55, 0x63, 0x04, 0x19, 0x29, 0x39, 0x24, 0x3c, 0x53, 0x13,
    0x0f, 0x54, 0x4a, 0x5d, 0x59, 0x63, 0x30, 0x37, 0x18, 0x2d, 0x25, 0x1a, 0x06, 0x63, 0x2b, 0x3a,
    0x38, 0x46, 0x0e, 0x63, 0x01, 0xf4, 0x4e, 0x12, 0x20, 0x1a, 0x0f, 0x2d, 0x30, 0x27, 0x36, 0x5a,
    0x58, 0xfe, 0xb1, 0x01, 0x4b, 0x30, 0x32, 0x0a, 0x17, 0x24, 0x1a, 0xfe, 0xb2, 0x01, 0x4b, 0x2e,
    0x34, 0x34, 0x40, 0xfe, 0xc7, 0x00, 0x00, 0x00, 0x00, 0x01, 0x00, 0x55, 0x00, 0x00, 0x02, 0x12,
    0x02, 0x01, 0x00, 0x15, 0x00, 0x0c, 0xb0, 0x09, 0x1c, 0xdf, 0xd6, 0x68, 0x3a, 0x1a, 0xe5, 0x5f,
    0xeb, 0x00, 0x13, 0x33, 0x15, 0x3e, 0x03, 0x33, 0x32, 0x16, 0x15, 0x11, 0x23, 0x11, 0x34, 0x26,
    0x23, 0x22, 0x06, 0x07, 0x11, 0x23, 0x55, 0x63, 0x04, 0x19, 0x29, 0x39, 0x24, 0x53, 0x64, 0x63,
    0x2e, 0x3c, 0x39, 0x46, 0x0e, 0x63, 0x01, 0xf4, 0x4e, 0x12, 0x20, 0x1a, 0x0f, 0x55, 0x5e, 0xfe,
    0xb2, 0x01, 0x4b, 0x2f, 0x33, 0x34, 0x40, 0xfe, 0xc7, 0x00, 0x00, 0x00, 0x00, 0x02, 0x00, 0x32,
    0xff, 0xf0, 0x02, 0x19, 0x02, 0x03, 0x00, 0x0b, 0x00, 0x17, 0x00, 0x0c, 0xb0, 0x09, 0x1c, 0xdf,
    0xd6, 0x68, 0x3a, 0x1a, 0xe5, 0x5f, 0xeb, 0x00, 0x05, 0x22, 0x26, 0x35, 0x34, 0x36, 0x33, 0x32,
    0x16, 0x15, 0x14, 0x06, 0x27, 0x32, 0x36, 0x35, 0x34, 0x26, 0x23, 0x22, 0x06, 0x15, 0x14, 0x16,
    0x01, 0x25, 0x7c, 0x77, 0x76, 0x7d, 0x7d, 0x77, 0x78, 0x7c, 0x50, 0x41, 0x40, 0x51, 0x52, 0x3f,
    0x41, 0x10, 0x86, 0x80, 0x81, 0x8c, 0x8c, 0x81, 0x80, 0x86, 0x53, 0x5c, 0x57, 0x5b, 0x60, 0x60,
    0x5b, 0x57, 0x5c, 0x00, 0x00, 0x02, 0x00, 0x55, 0xff, 0x38, 0x02, 0x2e, 0x02, 0x03, 0x00, 0x12,
    0x00, 0x20, 0x00, 0x0c, 0xb0, 0x09, 0x1c, 0xdf, 0xd6, 0x68, 0x3a, 0x1a, 0xe5, 0x5f, 0xeb, 0x00,
    0x13, 0x33, 0x15, 0x3e, 0x01, 0x33, 0x32, 0x1e, 0x02, 0x15, 0x14, 0x06, 0x23, 0x22, 0x26, 0x27,
    0x11, 0x23, 0x13, 0x22, 0x06, 0x15, 0x14, 0x16, 0x33, 0x32, 0x36, 0x35, 0x34, 0x2e, 0x02, 0x55,
    0x63, 0x18, 0x5d, 0x36, 0x35, 0x4d, 0x31, 0x18, 0x72, 0x6b, 0x3c, 0x4b, 0x12, 0x63, 0xf6, 0x4c,
    0x4c, 0x3e, 0x50, 0x4b, 0x40, 0x0d, 0x1e, 0x31, 0x01, 0xf4, 0x4b, 0x2a, 0x30, 0x26, 0x44, 0x60,
    0x3a, 0x83, 0x8b, 0x30, 0x23, 0xfe, 0xf4, 0x02, 0x77, 0x52, 0x62, 0x60, 0x57, 0x5b, 0x60, 0x27,
    0x41, 0x2e, 0x1a, 0x00, 0x00, 0x02, 0x00, 0x32, 0xff, 0x38, 0x02, 0x09, 0x02, 0x03, 0x00, 0x12,
    0x00, 0x1e, 0x00, 0x0c, 0xb0, 0x09, 0x1c, 0xdf, 0xd6, 0x68, 0x3a, 0x1a, 0xe5, 0x5f, 0xeb, 0x00,
    0x25, 0x0e, 0x01, 0x23, 0x22, 0x26, 0x35, 0x34, 0x3e, 0x02, 0x33, 0x32, 0x16, 0x17, 0x35, 0x33,
    0x11, 0x23, 0x03, 0x32, 0x36, 0x35, 0x34, 0x26, 0x23, 0x22, 0x06, 0x15, 0x14, 0x16, 0x01, 0xa6,
    0x17, 0x56, 0x32, 0x6c, 0x69, 0x1e, 0x39, 0x53, 0x35, 0x3a, 0x49, 0x12, 0x63, 0x63, 0x8b, 0x4d,
    0x43, 0x3d, 0x4e, 0x4a, 0x42, 0x3d, 0x48, 0x27, 0x30, 0x88, 0x7d, 0x3c, 0x64, 0x46, 0x27, 0x2e,
    0x21, 0x40, 0xfd, 0x44, 0x01, 0x0c, 0x54, 0x62, 0x60, 0x55, 0x62, 0x57, 0x58, 0x5a, 0x00, 0x00,
    0x00, 0x01, 0x00, 0x55, 0x00, 0x00, 0x01, 0x61, 0x01, 0xff, 0x00, 0x0f, 0x00, 0x0c, 0xb0, 0x09,
    0x1c, 0xdf, 0xd6, 0x68, 0x3a, 0x1a, 0xe5, 0x5f, 0xeb, 0x00, 0x13, 0x33, 0x15, 0x3e, 0x01, 0x33,
    0x32, 0x16, 0x17, 0x15, 0x23, 0x22, 0x06, 0x07, 0x11, 0x23, 0x55, 0x59, 0x03, 0x52, 0x42, 0x06,
    0x10, 0x06, 0x11, 0x4d, 0x44, 0x07, 0x63, 0x01, 0xf4, 0x81, 0x41, 0x4b, 0x01, 0x02, 0x59, 0x33,
    0x3b, 0xfe, 0xcb, 0x00, 0x00, 0x01, 0x00, 0x2b, 0xff, 0xf0, 0x01, 0xda, 0x02, 0x01, 0x00, 0x2e,
    0x00, 0x0c, 0xb0, 0x09, 0x1c, 0xdf, 0xd6, 0x68, 0x3a, 0x1a, 0xe5, 0x5f, 0xeb, 0x00, 0x37, 0x14,
    0x16, 0x33, 0x32, 0x36, 0x35, 0x34, 0x26, 0x27, 0x2e, 0x01, 0x27, 0x2e, 0x01, 0x35, 0x34, 0x3e,
    0x02, 0x33, 0x32, 0x16, 0x17, 0x23, 0x26, 0x23, 0x22, 0x06, 0x15, 0x14, 0x16, 0x17, 0x1e, 0x03,
    0x17, 0x1e, 0x01, 0x15, 0x14, 0x06, 0x23, 0x22, 0x26, 0x35, 0x8d, 0x3e, 0x3c, 0x39, 0x3a, 0x1c,
    0x22, 0x1e, 0x52, 0x1f, 0x34, 0x3f, 0x1d, 0x33, 0x47, 0x2b, 0x5d, 0x63, 0x01, 0x61, 0x02, 0x5f,
    0x2f, 0x32, 0x1c, 0x22, 0x0f, 0x25, 0x26, 0x26, 0x0f, 0x34, 0x3f, 0x6c, 0x67, 0x71, 0x6b, 0x96,
    0x2f, 0x29, 0x24, 0x2b, 0x16, 0x24, 0x08, 0x07, 0x0b, 0x08, 0x0e, 0x43, 0x37, 0x24, 0x36, 0x24,
    0x12, 0x4a, 0x45, 0x43, 0x22, 0x22, 0x16, 0x24, 0x08, 0x03, 0x06, 0x06, 0x07, 0x04, 0x0e, 0x43,
    0x37, 0x4d, 0x50, 0x56, 0x50, 0x00, 0x00, 0x00, 0x00, 0x01, 0x00, 0x1d, 0xff, 0xf7, 0x01, 0x5c,
    0x02, 0x9c, 0x00, 0x18, 0x00, 0x0c, 0xb0, 0x09, 0x1c, 0xdf, 0xd6, 0x68, 0x3a, 0x1a, 0xe5, 0x5f,
    0xeb, 0x00, 0x13, 0x33, 0x35, 0x33, 0x15, 0x33, 0x15, 0x23, 0x11, 0x14, 0x16, 0x33, 0x32, 0x37,
    0x15, 0x0e, 0x01, 0x23, 0x22, 0x2e, 0x02, 0x35, 0x11, 0x23, 0x1d, 0x5a, 0x62, 0x83, 0x83, 0x1c,
    0x17, 0x20, 0x1c, 0x0e, 0x2a, 0x1d, 0x23, 0x30, 0x1d, 0x0c, 0x5a, 0x01, 0xf4, 0xa8, 0xa8, 0x48,
    0xfe, 0xd1, 0x1b, 0x16, 0x14, 0x50, 0x0b, 0x0e, 0x0e, 0x1e, 0x30, 0x21, 0x01, 0x38, 0x00, 0x00,
    0x00, 0x01, 0x00, 0x4e, 0xff, 0xf1, 0x02, 0x05, 0x01, 0xf4, 0x00, 0x13, 0x00, 0x0c, 0xb0, 0x09,
    0x1c, 0xdf, 0xd6, 0x68, 0x3a, 0x1a, 0xe5, 0x5f, 0xeb, 0x00, 0x25, 0x0e, 0x01, 0x23, 0x22, 0x26,
    0x35, 0x11, 0x33, 0x11, 0x14, 0x16, 0x33, 0x32, 0x36, 0x37, 0x11, 0x33, 0x11, 0x23, 0x01, 0xa2,
    0x0d, 0x5b, 0x3c, 0x5b, 0x55, 0x63, 0x2d, 0x35, 0x34, 0x4c, 0x0f, 0x63, 0x63, 0x45, 0x28, 0x2c,
    0x5b, 0x58, 0x01, 0x50, 0xfe, 0xb4, 0x35, 0x2e, 0x2e, 0x34, 0x01, 0x4d, 0xfe, 0x0c, 0x00, 0x00,
    0x00, 0x01, 0x00, 0x0d, 0x00, 0x00, 0x01, 0xfc, 0x01, 0xf4, 0x00, 0x0c, 0x00, 0x0c, 0xb0, 0x09,
    0x1c, 0xdf, 0xd6, 0x68, 0x3a, 0x1a, 0xe5, 0x5f, 0xeb, 0x00, 0x13, 0x33, 0x13, 0x1e, 0x01, 0x17,
    0x3e, 0x01, 0x37, 0x13, 0x33, 0x03, 0x23, 0x0d, 0x69, 0x76, 0x08, 0x0f, 0x05, 0x06, 0x0e, 0x08,
    0x74, 0x64, 0xce, 0x56, 0x01, 0xf4, 0xfe, 0xca, 0x14, 0x2b, 0x13, 0x12, 0x2c, 0x14, 0x01, 0x36,
    0xfe, 0x0c, 0x00, 0x00, 0x00, 0x01, 0x00, 0x15, 0x00, 0x00, 0x03, 0x06, 0x01, 0xf4, 0x00, 0x0c,
    0x00, 0x0c, 0xb0, 0x09, 0x1c, 0xdf, 0xd6, 0x68, 0x3a, 0x1a, 0xe5, 0x5f, 0xeb, 0x00, 0x13, 0x33,
    0x1b, 0x01, 0x33, 0x1b, 0x01, 0x33, 0x03, 0x23, 0x0b, 0x01, 0x23, 0x15, 0x67, 0x75, 0x71, 0x58,
    0x71, 0x75, 0x66, 0xab, 0x5d, 0x73, 0x6d, 0x5e, 0x01, 0xf4, 0xfe, 0x73, 0x01, 0x8d, 0xfe, 0x73,
    0x01, 0x8d, 0xfe, 0x0c, 0x01, 0x70, 0xfe, 0x90, 0x00, 0x01, 0x00, 0x17, 0x00, 0x00, 0x01, 0xe7,
    0x01, 0xf4, 0x00, 0x0b, 0x00, 0x0c, 0xb0, 0x09, 0x1c, 0xdf, 0xd6, 0x68, 0x3a, 0x1a, 0xe5, 0x5f,
    0xeb, 0x00, 0x25, 0x07, 0x23, 0x37, 0x03, 0x33, 0x17, 0x37, 0x33, 0x07, 0x17, 0x23, 0x00, 0xff,
    0x6f, 0x69, 0xa6, 0xb6, 0x6b, 0x80, 0x76, 0x6b, 0xb0, 0xb4, 0x6c, 0xae, 0xae, 0xf4, 0x01, 0x00,
    0xb3, 0xb3, 0xf9, 0xfb, 0x00, 0x01, 0x00, 0x10, 0xff, 0x35, 0x01, 0xf6, 0x01, 0xf4, 0x00, 0x1a,
    0x00, 0x0c, 0xb0, 0x09, 0x1c, 0xdf, 0xd6, 0x68, 0x3a, 0x1a, 0xe5, 0x5f, 0xeb, 0x00, 0x17, 0x16,
    0x33, 0x32, 0x3e, 0x02, 0x3f, 0x01, 0x03, 0x33, 0x13, 0x1e, 0x01, 0x17, 0x3e, 0x01, 0x37, 0x13,
    0x33, 0x03, 0x0e, 0x01, 0x23, 0x22, 0x26, 0x27, 0x47, 0x10, 0x16, 0x10, 0x1d, 0x19, 0x17, 0x09,
    0x0b, 0xce, 0x67, 0x7b, 0x08, 0x0b, 0x05, 0x05, 0x0b, 0x07, 0x6e, 0x67, 0xdb, 0x19, 0x52, 0x31,
    0x14, 0x18, 0x0c, 0x6b, 0x06, 0x07, 0x13, 0x23, 0x1b, 0x1f, 0x01, 0xee, 0xfe, 0xc1, 0x13, 0x27,
    0x11, 0x11, 0x27, 0x13, 0x01, 0x3f, 0xfd, 0xc0, 0x42, 0x3d, 0x04, 0x04, 0x00, 0x01, 0x00, 0x23,
    0x00, 0x00, 0x01, 0xb3, 0x01, 0xf4, 0x00, 0x09, 0x00, 0x0c, 0xb0, 0x09, 0x1c, 0xdf, 0xd6, 0x68,
    0x3a, 0x1a, 0xe5, 0x5f, 0xeb, 0x00, 0x37, 0x01, 0x21, 0x35, 0x21, 0x15, 0x01, 0x21, 0x15, 0x21,
    0x23, 0x01, 0x0b, 0xfe, 0xf8, 0x01, 0x84, 0xfe, 0xf2, 0x01, 0x17, 0xfe, 0x70, 0x36, 0x01, 0x6f,
    0x4f, 0x36, 0xfe, 0x91, 0x4f, 0x00, 0x00, 0x00, 0x00, 0x01, 0x00, 0x28, 0xff, 0x68, 0x01, 0x39,
    0x02, 0xc7, 0x00, 0x22, 0x00, 0x0c, 0xb0, 0x09, 0x1c, 0xdf, 0xd6, 0x68, 0x3a, 0x1a, 0xe5, 0x5f,
    0xeb, 0x00, 0x37, 0x27, 0x35, 0x37, 0x35, 0x34, 0x3e, 0x02, 0x33, 0x15, 0x22, 0x0e, 0x02, 0x1d,
    0x01, 0x14, 0x06, 0x07, 0x1e, 0x01, 0x1d, 0x01, 0x14, 0x1e, 0x02, 0x33, 0x15, 0x22, 0x2e, 0x02,
    0x35, 0x78, 0x50, 0x50, 0x1d, 0x33, 0x47, 0x2a, 0x20, 0x2a, 0x18, 0x09, 0x13, 0x14, 0x14, 0x13,
    0x09, 0x18, 0x2a, 0x20, 0x2a, 0x47, 0x33, 0x1d, 0xe9, 0x17, 0x32, 0x17, 0xdc, 0x35, 0x40, 0x22,
    0x0b, 0x50, 0x0a, 0x16, 0x21, 0x16, 0xc3, 0x12, 0x25, 0x0d, 0x0b, 0x25, 0x14, 0xc7, 0x17, 0x21,
    0x15, 0x0b, 0x4e, 0x0b, 0x22, 0x3f, 0x35, 0x00, 0x00, 0x01, 0x00, 0x63, 0xff, 0x1f, 0x00, 0xb0,
    0x02, 0xc8, 0x00, 0x03, 0x00, 0x0c, 0xb0, 0x09, 0x1c, 0xdf, 0xd6, 0x68, 0x3a, 0x1a, 0xe5, 0x5f,
    0xeb, 0x00, 0x13, 0x33, 0x11, 0x23, 0x63, 0x4d, 0x4d, 0x02, 0xc8, 0xfc, 0x57, 0x00, 0x00, 0x00,
    0x00, 0x01, 0x00, 0x0e, 0xff, 0x68, 0x01, 0x20, 0x02, 0xc7, 0x00, 0x22, 0x00, 0x0c, 0xb0, 0x09,
    0x1c, 0xdf, 0xd6, 0x68, 0x3a, 0x1a, 0xe5, 0x5f, 0xeb, 0x00, 0x17, 0x32, 0x3e, 0x02, 0x3d, 0x01,
    0x34, 0x36, 0x37, 0x2e, 0x01, 0x3d, 0x01, 0x34, 0x2e, 0x02, 0x23, 0x35, 0x32, 0x1e, 0x02, 0x1d,
    0x01, 0x17, 0x15, 0x07, 0x15, 0x14, 0x0e, 0x02, 0x23, 0x0e, 0x20, 0x2a, 0x18, 0x0a, 0x12, 0x14,
    0x14, 0x12, 0x0a, 0x18, 0x2a, 0x20, 0x2a, 0x47, 0x33, 0x1d, 0x51, 0x51, 0x1d, 0x33, 0x47, 0x2a,
    0x4a, 0x0b, 0x15, 0x21, 0x17, 0xc7, 0x14, 0x25, 0x0b, 0x0d, 0x25, 0x12, 0xc3, 0x16, 0x21, 0x16,
    0x0a, 0x50, 0x0b, 0x22, 0x40, 0x35, 0xdc, 0x17, 0x32, 0x17, 0xe0, 0x35, 0x3f, 0x22, 0x0b, 0x00,
    0x00, 0x01, 0x00, 0x29, 0x00, 0xf2, 0x02, 0x1f, 0x01, 0x94, 0x00, 0x1d, 0x00, 0x0c, 0xb0, 0x09,
    0x1c, 0xdf, 0xd6, 0x68, 0x3a, 0x1a, 0xe5, 0x5f, 0xeb, 0x00, 0x37, 0x34, 0x3e, 0x02, 0x33, 0x32,
    0x1e, 0x02, 0x33, 0x32, 0x36, 0x35, 0x33, 0x14, 0x0e, 0x02, 0x23, 0x22, 0x2e, 0x02, 0x23, 0x22,
    0x0e, 0x02, 0x15, 0x29, 0x18, 0x29, 0x34, 0x1c, 0x1f, 0x34, 0x31, 0x30, 0x1b, 0x2a, 0x2b, 0x41,
    0x1a, 0x29, 0x34, 0x1b, 0x22, 0x35, 0x30, 0x2e, 0x1b, 0x18, 0x20, 0x13, 0x09, 0xf2, 0x22, 0x38,
    0x27, 0x16, 0x17, 0x1b, 0x16, 0x31, 0x22, 0x23, 0x38, 0x27, 0x15, 0x16, 0x1b, 0x17, 0x0e, 0x18,
    0x1e, 0x0f, 0x00, 0x00, 0x00, 0x02, 0x00, 0x4f, 0xff, 0x45, 0x00, 0xdb, 0x01, 0xfe, 0x00, 0x0b,
    0x00, 0x11, 0x00, 0x0c, 0xb0, 0x09, 0x1c, 0xdf, 0xd6, 0x68, 0x3a, 0x1a, 0xe5, 0x5f, 0xeb, 0x00,
    0x13, 0x22, 0x26, 0x35, 0x34, 0x36, 0x33, 0x32, 0x16, 0x15, 0x14, 0x06, 0x07, 0x33, 0x13, 0x15,
    0x23, 0x35, 0x95, 0x23, 0x23, 0x23, 0x23, 0x23, 0x23, 0x23, 0x44, 0x41, 0x13, 0x67, 0x01, 0x76,
    0x25, 0x1f, 0x1d, 0x27, 0x27, 0x1d, 0x1f, 0x25, 0x44, 0xfe, 0xd1, 0xbe, 0xbe, 0x00, 0x00, 0x00,
    0x00, 0x02, 0x00, 0x46, 0xff, 0xd6, 0x02, 0x07, 0x02, 0xe5, 0x00, 0x1c, 0x00, 0x23, 0x00, 0x0c,
    0xb0, 0x09, 0x1c, 0xdf, 0xd6, 0x68, 0x3a, 0x1a, 0xe5, 0x5f, 0xeb, 0x00, 0x13, 0x34, 0x36, 0x37,
    0x35, 0x33, 0x15, 0x1e, 0x01, 0x15, 0x23, 0x34, 0x26, 0x27, 0x11, 0x3e, 0x01, 0x37, 0x33, 0x14,
    0x0e, 0x02, 0x07, 0x15, 0x23, 0x35, 0x2e, 0x01, 0x37, 0x14, 0x16, 0x17, 0x11, 0x0e, 0x01, 0x46,
    0x66, 0x61, 0x3d, 0x5f, 0x56, 0x5e, 0x2a, 0x30, 0x30, 0x2d, 0x04, 0x5f, 0x14, 0x2d, 0x48, 0x34,
    0x3e, 0x62, 0x64, 0x60, 0x31, 0x39, 0x37, 0x33, 0x01, 0x5b, 0x80, 0x7d, 0x0b, 0x82, 0x81, 0x05,
    0x58, 0x4b, 0x26, 0x2d, 0x04, 0xfe, 0x95, 0x04, 0x2d, 0x25, 0x20, 0x3a, 0x2d, 0x1c, 0x03, 0x82,
    0x84, 0x0a, 0x7a, 0x7e, 0x52, 0x56, 0x0a, 0x01, 0x67, 0x0a, 0x54, 0x00, 0x00, 0x01, 0x00, 0x58,
    0x00, 0x00, 0x01, 0xf4, 0x02, 0xb1, 0x00, 0x23, 0x00, 0x0c, 0xb0, 0x09, 0x1c, 0xdf, 0xd6, 0x68,
    0x3a, 0x1a, 0xe5, 0x5f, 0xeb, 0x00, 0x37, 0x3e, 0x01, 0x3d, 0x01, 0x23, 0x35, 0x33, 0x35, 0x34,
    0x3e, 0x02, 0x33, 0x32, 0x1e, 0x02, 0x17, 0x07, 0x26, 0x23, 0x22, 0x06, 0x1d, 0x01, 0x33, 0x15,
    0x23, 0x15, 0x14, 0x06, 0x07, 0x21, 0x15, 0x21, 0x6e, 0x12, 0x11, 0x39, 0x39, 0x19, 0x32, 0x49,
    0x30, 0x27, 0x35, 0x22, 0x14, 0x06, 0x43, 0x14, 0x41, 0x33, 0x35, 0xce, 0xce, 0x09, 0x0c, 0x01,
    0x1c, 0xfe, 0x7a, 0x4e, 0x0a, 0x28, 0x13, 0x9f, 0x3d, 0x88, 0x29, 0x44, 0x32, 0x1b, 0x11, 0x1b,
    0x22, 0x10, 0x1c, 0x2e, 0x3d, 0x35, 0x84, 0x3d, 0x95, 0x16, 0x28, 0x11, 0x4e, 0x00, 0x00, 0x00,
    0x00, 0x02, 0x00, 0x28, 0x00, 0x59, 0x02, 0x26, 0x02, 0x5d, 0x00, 0x1b, 0x00, 0x27, 0x00, 0x0c,
    0xb0, 0x09, 0x1c, 0xdf, 0xd6, 0x68, 0x3a, 0x1a, 0xe5, 0x5f, 0xeb, 0x00, 0x3f, 0x01, 0x26, 0x35,
    0x34, 0x37, 0x27, 0x37, 0x17, 0x36, 0x33, 0x32, 0x17, 0x37, 0x17, 0x07, 0x16, 0x15, 0x14, 0x07,
    0x17, 0x07, 0x27, 0x06, 0x23, 0x22, 0x27, 0x07, 0x37, 0x32, 0x36, 0x35, 0x34, 0x26, 0x23, 0x22,
    0x06, 0x15, 0x14, 0x16, 0x28, 0x49, 0x1f, 0x21, 0x4b, 0x42, 0x3b, 0x32, 0x50, 0x50, 0x32, 0x3c,
    0x41, 0x4c, 0x22, 0x1f, 0x49, 0x41, 0x3a, 0x34, 0x50, 0x50, 0x34, 0x39, 0xbd, 0x43, 0x3f, 0x3f,
    0x43, 0x44, 0x3d, 0x3d, 0x95, 0x3f, 0x35, 0x4e, 0x53, 0x36, 0x41, 0x3c, 0x48, 0x23, 0x23, 0x48,
    0x3c, 0x41, 0x38, 0x51, 0x51, 0x32, 0x3f, 0x3c, 0x46, 0x23, 0x23, 0x46, 0x6b, 0x4a, 0x49, 0x49,
    0x4e, 0x4e, 0x49, 0x48, 0x4b, 0x00, 0x00, 0x00, 0x00, 0x01, 0x00, 0x19, 0x00, 0x00, 0x02, 0x2f,
    0x02, 0xa6, 0x00, 0x18, 0x00, 0x0c, 0xb0, 0x09, 0x1c, 0xdf, 0xd6, 0x68, 0x3a, 0x1a, 0xe5, 0x5f,
    0xeb, 0x00, 0x13, 0x33, 0x03, 0x33, 0x1b, 0x01, 0x33, 0x03, 0x33, 0x15, 0x23, 0x07, 0x15, 0x33,
    0x15, 0x23, 0x15, 0x23, 0x35, 0x23, 0x35, 0x33, 0x35, 0x27, 0x23, 0x3f, 0x92, 0xb8, 0x70, 0x9e,
    0x9d, 0x6b, 0xb9, 0x97, 0xb8, 0x03, 0xbb, 0xbb, 0x5d, 0xb6, 0xb6, 0x04, 0xb2, 0x01, 0x68, 0x01,
    0x3e, 0xfe, 0xcf, 0x01, 0x31, 0xfe, 0xc2, 0x38, 0x06, 0x41, 0x38, 0xb1, 0xb1, 0x38, 0x41, 0x06,
    0x00, 0x02, 0x00, 0x63, 0xff, 0x65, 0x00, 0xb0, 0x02, 0xc6, 0x00, 0x03, 0x00, 0x07, 0x00, 0x0c,
    0xb0, 0x09, 0x1c, 0xdf, 0xd6, 0x68, 0x3a, 0x1a, 0xe5, 0x5f, 0xeb, 0x00, 0x13, 0x33, 0x11, 0x23,
    0x15, 0x33, 0x11, 0x23, 0x63, 0x4d, 0x4d, 0x4d, 0x4d, 0x02, 0xc6, 0xfe, 0x9c, 0x99, 0xfe, 0x9c,
    0x00, 0x02, 0x00, 0x3c, 0xff, 0xce, 0x01, 0xf2, 0x02, 0xc3, 0x00, 0x45, 0x00, 0x51, 0x00, 0x0c,
    0xb0, 0x09, 0x1c, 0xdf, 0xd6, 0x68, 0x3a, 0x1a, 0xe5, 0x5f, 0xeb, 0x00, 0x37, 0x1e, 0x01, 0x33,
    0x32, 0x36, 0x35, 0x34, 0x26, 0x27, 0x2e, 0x03, 0x23, 0x2e, 0x03, 0x35, 0x34, 0x3e, 0x02, 0x37,
    0x2e, 0x01, 0x35, 0x34, 0x3e, 0x02, 0x33, 0x32, 0x16, 0x17, 0x23, 0x2e, 0x01, 0x23, 0x22, 0x06,
    0x15, 0x14, 0x16, 0x17, 0x1e, 0x03, 0x17, 0x1e, 0x03, 0x15, 0x14, 0x06, 0x07, 0x1e, 0x01, 0x15,
    0x14, 0x0e, 0x02, 0x23, 0x22, 0x26, 0x27, 0x37, 0x14, 0x16, 0x33, 0x32, 0x36, 0x35, 0x34, 0x26,
    0x23, 0x22, 0x06, 0xb9, 0x01, 0x30, 0x32, 0x2b, 0x35, 0x1f, 0x1a, 0x09, 0x22, 0x23, 0x1d, 0x04,
    0x27, 0x3a, 0x25, 0x12, 0x08, 0x14, 0x1e, 0x17, 0x1e, 0x1a, 0x1d, 0x34, 0x47, 0x2a, 0x55, 0x6a,
    0x02, 0x61, 0x01, 0x30, 0x32, 0x2c, 0x33, 0x1b, 0x1d, 0x09, 0x1e, 0x20, 0x1f, 0x09, 0x2a, 0x39,
    0x24, 0x0f, 0x2b, 0x26, 0x1c, 0x1e, 0x1d, 0x34, 0x47, 0x2a, 0x55, 0x6a, 0x02, 0x3d, 0x42, 0x41,
    0x3f, 0x43, 0x44, 0x3e, 0x40, 0x43, 0x62, 0x20, 0x28, 0x23, 0x26, 0x1d, 0x28, 0x05, 0x02, 0x03,
    0x02, 0x02, 0x02, 0x19, 0x27, 0x32, 0x1b, 0x12, 0x24, 0x22, 0x1d, 0x0a, 0x12, 0x3b, 0x20, 0x25,
    0x37, 0x24, 0x12, 0x48, 0x4b, 0x20, 0x28, 0x24, 0x25, 0x1b, 0x2a, 0x06, 0x02, 0x02, 0x02, 0x01,
    0x01, 0x03, 0x1b, 0x27, 0x31, 0x1a, 0x2e, 0x41, 0x11, 0x10, 0x38, 0x25, 0x25, 0x36, 0x24, 0x12,
    0x48, 0x4c, 0xe8, 0x2a, 0x25, 0x24, 0x2b, 0x2b, 0x20, 0x21, 0x00, 0x00, 0x00, 0x02, 0x00, 0x00,
    0x02, 0x48, 0x01, 0x2c, 0x02, 0xb5, 0x00, 0x0b, 0x00, 0x17, 0x00, 0x0c, 0xb0, 0x09, 0x1c, 0xdf,
    0xd6, 0x68, 0x3a, 0x1a, 0xe5, 0x5f, 0xeb, 0x00, 0x13, 0x22, 0x26, 0x35, 0x34, 0x36, 0x33, 0x32,
    0x16, 0x15, 0x14, 0x06, 0x33, 0x22, 0x26, 0x35, 0x34, 0x36, 0x33, 0x32, 0x16, 0x15, 0x14, 0x06,
    0x38, 0x1a, 0x1e, 0x1e, 0x1a, 0x1b, 0x1e, 0x1e, 0xa0, 0x1a, 0x1e, 0x1e, 0x1a, 0x1b, 0x1e, 0x1e,
    0x02, 0x48, 0x1f, 0x19, 0x17, 0x1e, 0x1e, 0x17, 0x19, 0x1f, 0x1f, 0x19, 0x17, 0x1e, 0x1e, 0x17,
    0x19, 0x1f, 0x00, 0x00, 0x00, 0x03, 0x00, 0x35, 0x00, 0x2a, 0x02, 0x80, 0x02, 0x9c, 0x00, 0x0f,
    0x00, 0x1f, 0x00, 0x3b, 0x00, 0x0c, 0xb0, 0x09, 0x1c, 0xdf, 0xd6, 0x68, 0x3a, 0x1a, 0xe5, 0x5f,
    0xeb, 0x00, 0x25, 0x22, 0x2e, 0x02, 0x35, 0x34, 0x36, 0x33, 0x32, 0x16, 0x15, 0x14, 0x0e, 0x02,
    0x27, 0x32, 0x36, 0x35, 0x34, 0x2e, 0x02, 0x23, 0x22, 0x0e, 0x02, 0x15, 0x14, 0x16, 0x37, 0x22,
    0x26, 0x35, 0x34, 0x36, 0x33, 0x32, 0x16, 0x15, 0x23, 0x34, 0x26, 0x23, 0x22, 0x06, 0x15, 0x14,
    0x16, 0x33, 0x32, 0x36, 0x37, 0x33, 0x14, 0x0e, 0x02, 0x01, 0x5a, 0x44, 0x6d, 0x4c, 0x28, 0x9b,
    0x8a, 0x8a, 0x9c, 0x29, 0x4c, 0x6d, 0x44, 0x73, 0x7b, 0x20, 0x3c, 0x59, 0x39, 0x39, 0x58, 0x3c,
    0x1f, 0x79, 0x7b, 0x52, 0x54, 0x55, 0x4f, 0x4b, 0x3e, 0x41, 0x1e, 0x2a, 0x34, 0x2e, 0x2e, 0x34,
    0x2a, 0x28, 0x02, 0x41, 0x10, 0x24, 0x38, 0x2a, 0x27, 0x4e, 0x73, 0x4c, 0x99, 0xa5, 0xa4, 0x9a,
    0x4c, 0x73, 0x4e, 0x27, 0x33, 0x86, 0x7b, 0x3d, 0x63, 0x45, 0x25, 0x25, 0x45, 0x63, 0x3d, 0x7b,
    0x86, 0x4e, 0x55, 0x5e, 0x63, 0x56, 0x41, 0x3b, 0x21, 0x24, 0x3c, 0x46, 0x40, 0x3b, 0x21, 0x20,
    0x18, 0x2c, 0x21, 0x14, 0x00, 0x02, 0x00, 0x1e, 0x01, 0x0c, 0x01, 0x46, 0x02, 0x6d, 0x00, 0x20,
    0x00, 0x2c, 0x00, 0x0c, 0xb0, 0x09, 0x1c, 0xdf, 0xd6, 0x68, 0x3a, 0x1a, 0xe5, 0x5f, 0xeb, 0x00,
    0x13, 0x22, 0x26, 0x35, 0x34, 0x3e, 0x02, 0x33, 0x32, 0x16, 0x17, 0x35, 0x34, 0x26, 0x23, 0x22,
    0x06, 0x15, 0x23, 0x3e, 0x01, 0x33, 0x32, 0x1e, 0x02, 0x1d, 0x01, 0x23, 0x35, 0x0e, 0x01, 0x27,
    0x32, 0x36, 0x37, 0x35, 0x2e, 0x01, 0x23, 0x22, 0x06, 0x15, 0x14, 0x8d, 0x30, 0x3f, 0x16, 0x28,
    0x36, 0x21, 0x1c, 0x27, 0x0b, 0x22, 0x21, 0x22, 0x1e, 0x48, 0x02, 0x50, 0x3c, 0x18, 0x2f, 0x25,
    0x16, 0x45, 0x06, 0x3e, 0x1f, 0x26, 0x38, 0x05, 0x0b, 0x24, 0x13, 0x2e, 0x2a, 0x01, 0x0c, 0x34,
    0x35, 0x1f, 0x2a, 0x1a, 0x0b, 0x06, 0x04, 0x1b, 0x23, 0x1b, 0x17, 0x17, 0x36, 0x33, 0x0a, 0x1b,
    0x2f, 0x25, 0xe1, 0x44, 0x20, 0x2b, 0x3a, 0x2e, 0x26, 0x10, 0x03, 0x04, 0x1b, 0x1e, 0x32, 0x00,
    0x00, 0x02, 0x00, 0x2d, 0x00, 0x3a, 0x01, 0xb6, 0x01, 0xbb, 0x00, 0x06, 0x00, 0x0d, 0x00, 0x0c,
    0xb0, 0x09, 0x1c, 0xdf, 0xd6, 0x68, 0x3a, 0x1a, 0xe5, 0x5f, 0xeb, 0x00, 0x13, 0x37, 0x33, 0x07,
    0x17, 0x23, 0x27, 0x23, 0x35, 0x37, 0x33, 0x07, 0x17, 0x23, 0xdd, 0x81, 0x57, 0x88, 0x89, 0x58,
    0x81, 0xb0, 0x80, 0x58, 0x89, 0x8a, 0x59, 0x01, 0x00, 0xbb, 0xc9, 0xb8, 0xa7, 0x1f, 0xbb, 0xc9,
    0xb8, 0x00, 0x00, 0x00, 0x00, 0x01, 0x00, 0x22, 0x00, 0x69, 0x02, 0x26, 0x01, 0x95, 0x00, 0x05,
    0x00, 0x0c, 0xb0, 0x09, 0x1c, 0xdf, 0xd6, 0x68, 0x3a, 0x1a, 0xe5, 0x5f, 0xeb, 0x00, 0x13, 0x21,
    0x11, 0x23, 0x35, 0x21, 0x22, 0x02, 0x04, 0x44, 0xfe, 0x40, 0x01, 0x95, 0xfe, 0xd4, 0xe5, 0x00,
    0x00, 0x01, 0x00, 0x2e, 0x00, 0xdd, 0x01, 0x5d, 0x01, 0x34, 0x00, 0x03, 0x00, 0x0c, 0xb0, 0x09,
    0x1c, 0xdf, 0xd6, 0x68, 0x3a, 0x1a, 0xe5, 0x5f, 0xeb, 0x00, 0x13, 0x21, 0x15, 0x21, 0x2e, 0x01,
    0x2f, 0xfe, 0xd1, 0x01, 0x34, 0x57, 0x00, 0x00, 0x00, 0x04, 0x00, 0x1e, 0x01, 0x66, 0x01, 0x70,
    0x02, 0xc5, 0x00, 0x0b, 0x00, 0x17, 0x00, 0x25, 0x00, 0x2c, 0x00, 0x0c, 0xb0, 0x09, 0x1c, 0xdf,
    0xd6, 0x68, 0x3a, 0x1a, 0xe5, 0x5f, 0xeb, 0x00, 0x13, 0x22, 0x26, 0x35, 0x34, 0x36, 0x33, 0x32,
    0x16, 0x15, 0x14, 0x06, 0x27, 0x32, 0x36, 0x35, 0x34, 0x26, 0x23, 0x22, 0x06, 0x15, 0x14, 0x16,
    0x27, 0x33, 0x32, 0x16, 0x15, 0x14, 0x06, 0x23, 0x17, 0x23, 0x27, 0x23, 0x15, 0x23, 0x37, 0x15,
    0x33, 0x32, 0x35, 0x34, 0x23, 0xc6, 0x4d, 0x5b, 0x5a, 0x4e, 0x4e, 0x5c, 0x5c, 0x4e, 0x3c, 0x44,
    0x44, 0x3c, 0x3c, 0x43, 0x43, 0x0b, 0x5c, 0x16, 0x21, 0x20, 0x15, 0x41, 0x30, 0x3d, 0x0c, 0x26,
    0x26, 0x35, 0x11, 0x11, 0x01, 0x66, 0x5a, 0x53, 0x53, 0x5f, 0x5e, 0x54, 0x53, 0x5a, 0x25, 0x46,
    0x42, 0x42, 0x4b, 0x4c, 0x41, 0x42, 0x46, 0xe5, 0x1b, 0x19, 0x17, 0x1d, 0x49, 0x49, 0x49, 0x91,
    0x2a, 0x16, 0x14, 0x00, 0x00, 0x01, 0x00, 0x00, 0x02, 0x4b, 0x01, 0x0a, 0x02, 0x8f, 0x00, 0x03,
    0x00, 0x0c, 0xb0, 0x09, 0x1c, 0xdf, 0xd6, 0x68, 0x3a, 0x1a, 0xe5, 0x5f, 0xeb, 0x00, 0x11, 0x21,
    0x15, 0x21, 0x01, 0x0a, 0xfe, 0xf6, 0x02, 0x8f, 0x44, 0x00, 0x00, 0x00, 0x00, 0x02, 0x00, 0x2b,
    0x01, 0x93, 0x01, 0x60, 0x02, 0xc6, 0x00, 0x13, 0x00, 0x1f, 0x00, 0x0c, 0xb0, 0x09, 0x1c, 0xdf,
    0xd6, 0x68, 0x3a, 0x1a, 0xe5, 0x5f, 0xeb, 0x00, 0x13, 0x22, 0x2e, 0x02, 0x35, 0x34, 0x3e, 0x02,
    0x33, 0x32, 0x1e, 0x02, 0x15, 0x14, 0x0e, 0x02, 0x27, 0x32, 0x36, 0x35, 0x34, 0x26, 0x23, 0x22,
    0x06, 0x15, 0x14, 0x16, 0xc6, 0x23, 0x39, 0x29, 0x16, 0x16, 0x29, 0x39, 0x23, 0x22, 0x39, 0x29,
    0x16, 0x16, 0x29, 0x39, 0x22, 0x2a, 0x26, 0x27, 0x29, 0x2a, 0x28, 0x28, 0x01, 0x93, 0x17, 0x2a,
    0x38, 0x21, 0x21, 0x38, 0x29, 0x17, 0x17, 0x29, 0x38, 0x21, 0x21, 0x38, 0x2a, 0x17, 0x49, 0x2c,
    0x25, 0x26, 0x2b, 0x2b, 0x26, 0x26, 0x2b, 0x00, 0x00, 0x02, 0x00, 0x22, 0x00, 0x00, 0x02, 0x26,
    0x02, 0x40, 0x00, 0x0b, 0x00, 0x0f, 0x00, 0x0c, 0xb0, 0x09, 0x1c, 0xdf, 0xd6, 0x68, 0x3a, 0x1a,
    0xe5, 0x5f, 0xeb, 0x00, 0x13, 0x33, 0x35, 0x33, 0x15, 0x33, 0x15, 0x23, 0x15, 0x23, 0x35, 0x23,
    0x15, 0x21, 0x15, 0x21, 0x22, 0xde, 0x46, 0xe0, 0xe0, 0x46, 0xde, 0x02, 0x04, 0xfd, 0xfc, 0x01,
    0x87, 0xb9, 0xb9, 0x47, 0xc7, 0xc7, 0xfb, 0x45, 0x00, 0x01, 0x00, 0x24, 0x01, 0x9f, 0x01, 0x4a,
    0x03, 0x3e, 0x00, 0x18, 0x00, 0x0c, 0xb0, 0x09, 0x1c, 0xdf, 0xd6, 0x68, 0x3a, 0x1a, 0xe5, 0x5f,
    0xeb, 0x00, 0x13, 0x37, 0x3e, 0x01, 0x35, 0x34, 0x26, 0x23, 0x22, 0x06, 0x15, 0x23, 0x34, 0x36,
    0x33, 0x32, 0x16, 0x15, 0x14, 0x06, 0x0f, 0x01, 0x33, 0x15, 0x21, 0x26, 0x93, 0x17, 0x23, 0x24,
    0x21, 0x22, 0x27, 0x41, 0x4d, 0x41, 0x42, 0x45, 0x16, 0x1d, 0x75, 0xb9, 0xfe, 0xdc, 0x01, 0xca,
    0x97, 0x18, 0x2f, 0x1f, 0x1e, 0x1d, 0x22, 0x2d, 0x4a, 0x41, 0x3c, 0x3b, 0x20, 0x33, 0x1e, 0x79,
    0x3e, 0x00, 0x00, 0x00, 0x00, 0x01, 0x00, 0x23, 0x01, 0x99, 0x01, 0x47, 0x03, 0x3e, 0x00, 0x26,
    0x00, 0x0c, 0xb0, 0x09, 0x1c, 0xdf, 0xd6, 0x68, 0x3a, 0x1a, 0xe5, 0x5f, 0xeb, 0x00, 0x13, 0x22,
    0x26, 0x35, 0x33, 0x14, 0x16, 0x33, 0x32, 0x36, 0x35, 0x34, 0x26, 0x23, 0x35, 0x32, 0x36, 0x35,
    0x34, 0x26, 0x23, 0x22, 0x06, 0x15, 0x23, 0x34, 0x36, 0x33, 0x32, 0x16, 0x15, 0x14, 0x06, 0x07,
    0x1e, 0x01, 0x15, 0x14, 0x06, 0xb2, 0x46, 0x49, 0x47, 0x25, 0x24, 0x22, 0x2c, 0x2e, 0x40, 0x37,
    0x28, 0x22, 0x1f, 0x1e, 0x20, 0x46, 0x44, 0x43, 0x3f, 0x46, 0x17, 0x18, 0x1e, 0x1f, 0x52, 0x01,
    0x99, 0x44, 0x3f, 0x28, 0x20, 0x1d, 0x24, 0x20, 0x24, 0x3a, 0x1d, 0x1d, 0x1e, 0x18, 0x19, 0x23,
    0x37, 0x40, 0x38, 0x34, 0x1c, 0x2f, 0x0e, 0x0f, 0x35, 0x22, 0x3a, 0x40, 0x00, 0x01, 0x00, 0x00,
    0x02, 0x32, 0x00, 0xad, 0x02, 0xca, 0x00, 0x03, 0x00, 0x0c, 0xb0, 0x09, 0x1c, 0xdf, 0xd6, 0x68,
    0x3a, 0x1a, 0xe5, 0x5f, 0xeb, 0x00, 0x13, 0x33, 0x07, 0x23, 0x44, 0x69, 0x5d, 0x50, 0x02, 0xca,
    0x98, 0x00, 0x00, 0x00, 0x00, 0x01, 0x00, 0x53, 0xff, 0x38, 0x02, 0x36, 0x01, 0xf4, 0x00, 0x1b,
    0x00, 0x0c, 0xb0, 0x09, 0x1c, 0xdf, 0xd6, 0x68, 0x3a, 0x1a, 0xe5, 0x5f, 0xeb, 0x00, 0x13, 0x33,
    0x11, 0x1e, 0x01, 0x33, 0x32, 0x36, 0x37, 0x11, 0x33, 0x11, 0x14, 0x16, 0x17, 0x15, 0x23, 0x22,
    0x26, 0x27, 0x0e, 0x01, 0x23, 0x22, 0x26, 0x27, 0x15, 0x23, 0x53, 0x61, 0x04, 0x3b, 0x33, 0x2d,
    0x46, 0x0b, 0x61, 0x17, 0x1a, 0x1f, 0x27, 0x38, 0x0c, 0x0b, 0x4f, 0x32, 0x2b, 0x37, 0x0a, 0x61,
    0x01, 0xf4, 0xfe, 0xb5, 0x34, 0x2e, 0x28, 0x36, 0x01, 0x4f, 0xfe, 0x99, 0x1d, 0x21, 0x02, 0x58,
    0x26, 0x26, 0x24, 0x2a, 0x1d, 0x19, 0xf1, 0x00, 0x00, 0x01, 0x00, 0x1f, 0xff, 0x9a, 0x02, 0x21,
    0x02, 0xc6, 0x00, 0x26, 0x00, 0x0c, 0xb0, 0x09, 0x1c, 0xdf, 0xd6, 0x68, 0x3a, 0x1a, 0xe5, 0x5f,
    0xeb, 0x00, 0x25, 0x32, 0x3e, 0x02, 0x35, 0x11, 0x23, 0x11, 0x23, 0x22, 0x2e, 0x02, 0x35, 0x34,
    0x3e, 0x02, 0x33, 0x21, 0x11, 0x14, 0x0e, 0x02, 0x23, 0x35, 0x32, 0x3e, 0x02, 0x35, 0x11, 0x23,
    0x11, 0x14, 0x06, 0x23, 0x01, 0x0e, 0x1f, 0x2a, 0x1b, 0x0c, 0x39, 0x66, 0x2e, 0x48, 0x31, 0x19,
    0x1a, 0x31, 0x48, 0x2e, 0x01, 0x41, 0x29, 0x49, 0x65, 0x3c, 0x35, 0x52, 0x37, 0x1c, 0x30, 0x53,
    0x57, 0x39, 0x09, 0x1b, 0x31, 0x29, 0x01, 0xd3, 0xfe, 0xac, 0x21, 0x37, 0x47, 0x26, 0x2b, 0x4a,
    0x37, 0x1f, 0xfd, 0xd6, 0x47, 0x62, 0x3e, 0x1b, 0x38, 0x15, 0x2f, 0x4d, 0x39, 0x01, 0xee, 0xfe,
    0x2d, 0x65, 0x51, 0x00, 0x00, 0x01, 0x00, 0x00, 0xff, 0x2c, 0x00, 0xc6, 0x00, 0x08, 0x00, 0x17,
    0x00, 0x0c, 0xb0, 0x09, 0x1c, 0xdf, 0xd6, 0x68, 0x3a, 0x1a, 0xe5, 0x5f, 0xeb, 0x00, 0x37, 0x07,
    0x32, 0x1e, 0x02, 0x15, 0x14, 0x06, 0x23, 0x22, 0x26, 0x27, 0x37, 0x1e, 0x01, 0x33, 0x32, 0x36,
    0x35, 0x34, 0x2b, 0x01, 0x37, 0x93, 0x21, 0x10, 0x1e, 0x18, 0x0e, 0x42, 0x35, 0x1a, 0x2a, 0x0b,
    0x13, 0x0b, 0x1e, 0x13, 0x14, 0x1d, 0x28, 0x34, 0x27, 0x08, 0x40, 0x08, 0x11, 0x1b, 0x13, 0x2c,
    0x29, 0x08, 0x06, 0x37, 0x05, 0x06, 0x0c, 0x11, 0x1c, 0x69, 0x00, 0x00, 0x00, 0x01, 0x00, 0x6b,
    0x01, 0x9f, 0x00, 0xf5, 0x03, 0x35, 0x00, 0x06, 0x00, 0x0c, 0xb0, 0x09, 0x1c, 0xdf, 0xd6, 0x68,
    0x3a, 0x1a, 0xe5, 0x5f, 0xeb, 0x00, 0x13, 0x07, 0x35, 0x37, 0x33, 0x11, 0x23, 0xae, 0x43, 0x43,
    0x47, 0x47, 0x02, 0xe5, 0x34, 0x52, 0x32, 0xfe, 0x6a, 0x00, 0x00, 0x00, 0x00, 0x02, 0x00, 0x19,
    0x01, 0x0c, 0x01, 0x65, 0x02, 0x6d, 0x00, 0x09, 0x00, 0x15, 0x00, 0x0c, 0xb0, 0x09, 0x1c, 0xdf,
    0xd6, 0x68, 0x3a, 0x1a, 0xe5, 0x5f, 0xeb, 0x00, 0x13, 0x22, 0x26, 0x35, 0x34, 0x33, 0x32, 0x15,
    0x14, 0x06, 0x27, 0x32, 0x36, 0x35, 0x34, 0x26, 0x23, 0x22, 0x06, 0x15, 0x14, 0x16, 0xbf, 0x53,
    0x53, 0xa6, 0xa6, 0x54, 0x52, 0x33, 0x27, 0x27, 0x33, 0x33, 0x28, 0x28, 0x01, 0x0c, 0x55, 0x59,
    0xb3, 0xb3, 0x59, 0x55, 0x3c, 0x38, 0x3a, 0x3c, 0x3b, 0x3b, 0x3c, 0x3a, 0x38, 0x00, 0x00, 0x00,
    0x00, 0x02, 0x00, 0x1e, 0x00, 0x3a, 0x01, 0xa9, 0x01, 0xbb, 0x00, 0x06, 0x00, 0x0d, 0x00, 0x0c,
    0xb0, 0x09, 0x1c, 0xdf, 0xd6, 0x68, 0x3a, 0x1a, 0xe5, 0x5f, 0xeb, 0x00, 0x37, 0x27, 0x33, 0x17,
    0x15, 0x07, 0x23, 0x25, 0x27, 0x33, 0x17, 0x15, 0x07, 0x23, 0xa8, 0x8a, 0x59, 0x81, 0x81, 0x58,
    0x01, 0x3a, 0x89, 0x58, 0x81, 0x81, 0x57, 0xf1, 0xca, 0xbb, 0x1f, 0xa7, 0xb7, 0xca, 0xbb, 0x1f,
    0xa7, 0x00, 0x00, 0x00, 0x00, 0x04, 0x00, 0x53, 0xff, 0xf6, 0x02, 0xe3, 0x02, 0xa9, 0x00, 0x0a,
    0x00, 0x0e, 0x00, 0x15, 0x00, 0x18, 0x00, 0x0c, 0xb0, 0x09, 0x1c, 0xdf, 0xd6, 0x68, 0x3a, 0x1a,
    0xe5, 0x5f, 0xeb, 0x00, 0x25, 0x13, 0x33, 0x11, 0x33, 0x15, 0x23, 0x15, 0x23, 0x35, 0x23, 0x13,
    0x33, 0x01, 0x23, 0x13, 0x07, 0x35, 0x37, 0x33, 0x11, 0x23, 0x05, 0x35, 0x07, 0x01, 0x9f, 0xb7,
    0x51, 0x3c, 0x3c, 0x42, 0xc6, 0x9b, 0x43, 0xfe, 0x2d, 0x44, 0x21, 0x34, 0x35, 0x46, 0x47, 0x01,
    0xde, 0x78, 0x8e, 0x01, 0x0a, 0xfe, 0xff, 0x38, 0x5f, 0x5f, 0x02, 0x49, 0xfd, 0x4e, 0x02, 0x61,
    0x31, 0x53, 0x30, 0xfe, 0x6a, 0x7c, 0xb3, 0xb3, 0x00, 0x03, 0x00, 0x53, 0xff, 0xf6, 0x03, 0x15,
    0x02, 0xa9, 0x00, 0x17, 0x00, 0x1b, 0x00, 0x22, 0x00, 0x0c, 0xb0, 0x09, 0x1c, 0xdf, 0xd6, 0x68,
    0x3a, 0x1a, 0xe5, 0x5f, 0xeb, 0x00, 0x25, 0x37, 0x3e, 0x01, 0x35, 0x34, 0x23, 0x22, 0x06, 0x15,
    0x23, 0x34, 0x36, 0x33, 0x32, 0x16, 0x15, 0x14, 0x06, 0x0f, 0x01, 0x33, 0x15, 0x21, 0x13, 0x33,
    0x01, 0x23, 0x13, 0x07, 0x35, 0x37, 0x33, 0x11, 0x23, 0x01, 0xf1, 0x93, 0x17, 0x22, 0x44, 0x22,
    0x27, 0x41, 0x4d, 0x41, 0x42, 0x45, 0x17, 0x1d, 0x74, 0xb9, 0xfe, 0xdc, 0x48, 0x44, 0xfe, 0x2c,
    0x43, 0x21, 0x34, 0x35, 0x46, 0x47, 0x2b, 0x97, 0x18, 0x2f, 0x1f, 0x3b, 0x22, 0x2d, 0x4a, 0x41,
    0x3c, 0x3b, 0x20, 0x33, 0x1e, 0x79, 0x3e, 0x02, 0xa8, 0xfd, 0x4e, 0x02, 0x61, 0x31, 0x53, 0x30,
    0xfe, 0x6a, 0x00, 0x00, 0x00, 0x04, 0x00, 0x4c, 0xff, 0xf6, 0x03, 0x4c, 0x02, 0xb1, 0x00, 0x0a,
    0x00, 0x31, 0x00, 0x35, 0x00, 0x38, 0x00, 0x0c, 0xb0, 0x09, 0x1c, 0xdf, 0xd6, 0x68, 0x3a, 0x1a,
    0xe5, 0x5f, 0xeb, 0x00, 0x25, 0x13, 0x33, 0x11, 0x33, 0x15, 0x23, 0x15, 0x23, 0x35, 0x23, 0x25,
    0x22, 0x26, 0x35, 0x33, 0x14, 0x16, 0x33, 0x32, 0x36, 0x35, 0x34, 0x26, 0x23, 0x35, 0x32, 0x36,
    0x35, 0x34, 0x26, 0x23, 0x22, 0x06, 0x15, 0x23, 0x34, 0x36, 0x33, 0x32, 0x16, 0x15, 0x14, 0x06,
    0x07, 0x1e, 0x01, 0x15, 0x14, 0x06, 0x01, 0x33, 0x01, 0x23, 0x25, 0x35, 0x07, 0x02, 0x08, 0xb7,
    0x51, 0x3c, 0x3c, 0x41, 0xc7, 0xfe, 0xd3, 0x46, 0x49, 0x47, 0x25, 0x23, 0x23, 0x2c, 0x2e, 0x40,
    0x36, 0x29, 0x22, 0x1f, 0x1f, 0x1f, 0x46, 0x44, 0x42, 0x3f, 0x46, 0x17, 0x18, 0x1e, 0x1f, 0x51,
    0x01, 0x85, 0x43, 0xfe, 0x2d, 0x44, 0x02, 0x00, 0x79, 0x8e, 0x01, 0x0a, 0xfe, 0xff, 0x38, 0x5f,
    0x5f, 0xae, 0x44, 0x3f, 0x28, 0x20, 0x1d, 0x24, 0x20, 0x24, 0x39, 0x1e, 0x1d, 0x1e, 0x18, 0x19,
    0x23, 0x37, 0x3f, 0x37, 0x34, 0x1c, 0x2f, 0x0e, 0x0f, 0x36, 0x21, 0x3a, 0x40, 0x01, 0x9b, 0xfd,
    0x4e, 0xa1, 0xb4, 0xb4, 0x00, 0x02, 0x00, 0x2f, 0xff, 0x37, 0x01, 0xb3, 0x01, 0xfe, 0x00, 0x0b,
    0x00, 0x33, 0x00, 0x0c, 0xb0, 0x09, 0x1c, 0xdf, 0xd6, 0x68, 0x3a, 0x1a, 0xe5, 0x5f, 0xeb, 0x00,
    0x01, 0x22, 0x26, 0x35, 0x34, 0x36, 0x33, 0x32, 0x16, 0x15, 0x14, 0x06, 0x03, 0x34, 0x3e, 0x02,
    0x37, 0x3e, 0x03, 0x35, 0x34, 0x26, 0x27, 0x33, 0x1e, 0x01, 0x15, 0x14, 0x0e, 0x02, 0x07, 0x0e,
    0x03, 0x15, 0x14, 0x16, 0x33, 0x32, 0x36, 0x37, 0x33, 0x14, 0x06, 0x23, 0x22, 0x26, 0x01, 0x05,
    0x23, 0x23, 0x23, 0x23, 0x23, 0x23, 0x23, 0xf9, 0x10, 0x1a, 0x22, 0x11, 0x11, 0x1c, 0x15, 0x0b,
    0x03, 0x02, 0x60, 0x02, 0x01, 0x11, 0x1b, 0x21, 0x11, 0x12, 0x1b, 0x14, 0x0a, 0x2b, 0x37, 0x39,
    0x2d, 0x01, 0x5c, 0x59, 0x68, 0x66, 0x5d, 0x01, 0x76, 0x25, 0x1f, 0x1e, 0x26, 0x27, 0x1d, 0x1e,
    0x26, 0xfe, 0x6f, 0x25, 0x38, 0x2b, 0x1f, 0x0b, 0x0a, 0x15, 0x1a, 0x24, 0x1a, 0x0d, 0x0f, 0x08,
    0x06, 0x0c, 0x0b, 0x26, 0x35, 0x27, 0x1d, 0x0d, 0x0e, 0x18, 0x1d, 0x24, 0x19, 0x2f, 0x36, 0x3c,
    0x3c, 0x60, 0x65, 0x5c, 0x00, 0x03, 0x00, 0x15, 0x00, 0x00, 0x02, 0x8b, 0x03, 0x6f, 0x00, 0x07,
    0x00, 0x0a, 0x00, 0x0e, 0x00, 0x0c, 0xb0, 0x09, 0x1c, 0xdf, 0xd6, 0x68, 0x3a, 0x1a, 0xe5, 0x5f,
    0xeb, 0x00, 0x01, 0x33, 0x13, 0x23, 0x03, 0x23, 0x03, 0x23, 0x13, 0x33, 0x0b, 0x01, 0x33, 0x17,
    0x23, 0x01, 0x0c, 0x87, 0xf8, 0x67, 0x5b, 0xf4, 0x5a, 0x66, 0xdc, 0xbc, 0x5e, 0x90, 0x7c, 0x3e,
    0x59, 0x02, 0xbc, 0xfd, 0x44, 0x01, 0x07, 0xfe, 0xf9, 0x01, 0x59, 0x01, 0x11, 0x01, 0x05, 0x80,
    0x00, 0x03, 0x00, 0x15, 0x00, 0x00, 0x02, 0x8b, 0x03, 0x6f, 0x00, 0x07, 0x00, 0x0a, 0x00, 0x0e,
    0x00, 0x0c, 0xb0, 0x09, 0x1c, 0xdf, 0xd6, 0x68, 0x3a, 0x1a, 0xe5, 0x5f, 0xeb, 0x00, 0x01, 0x33,
    0x13, 0x23, 0x03, 0x23, 0x03, 0x23, 0x13, 0x33, 0x03, 0x13, 0x33, 0x07, 0x23, 0x01, 0x0c, 0x87,
    0xf8, 0x67, 0x5b, 0xf4, 0x5a, 0x66, 0xdc, 0xbc, 0x5e, 0x0e, 0x7b, 0x5c, 0x59, 0x02, 0xbc, 0xfd,
    0x44, 0x01, 0x07, 0xfe, 0xf9, 0x01, 0x59, 0x01, 0x11, 0x01, 0x05, 0x80, 0x00, 0x03, 0x00, 0x15,
    0x00, 0x00, 0x02, 0x8b, 0x03, 0x65, 0x00, 0x07, 0x00, 0x0a, 0x00, 0x11, 0x00, 0x0c, 0xb0, 0x09,
    0x1c, 0xdf, 0xd6, 0x68, 0x3a, 0x1a, 0xe5, 0x5f, 0xeb, 0x00, 0x01, 0x33, 0x13, 0x23, 0x03, 0x23,
    0x03, 0x23, 0x13, 0x33, 0x03, 0x27, 0x33, 0x17, 0x23, 0x27, 0x07, 0x23, 0x01, 0x0c, 0x87, 0xf8,
    0x67, 0x5b, 0xf4, 0x5a, 0x66, 0xdc, 0xbc, 0x5e, 0x34, 0x68, 0x67, 0x5e, 0x3d, 0x3d, 0x5e, 0x02,
    0xbc, 0xfd, 0x44, 0x01, 0x07, 0xfe, 0xf9, 0x01, 0x59, 0x01, 0x11, 0xfb, 0x7d, 0x4f, 0x4f, 0x00,
    0x00, 0x03, 0x00, 0x15, 0x00, 0x00, 0x02, 0x8b, 0x03, 0x66, 0x00, 0x07, 0x00, 0x0a, 0x00, 0x27,
    0x00, 0x0c, 0xb0, 0x09, 0x1c, 0xdf, 0xd6, 0x68, 0x3a, 0x1a, 0xe5, 0x5f, 0xeb, 0x00, 0x01, 0x33,
    0x13, 0x23, 0x03, 0x23, 0x03, 0x23, 0x13, 0x33, 0x03, 0x27, 0x34, 0x3e, 0x02, 0x33, 0x32, 0x16,
    0x17, 0x1e, 0x01, 0x33, 0x32, 0x35, 0x33, 0x14, 0x0e, 0x02, 0x23, 0x22, 0x26, 0x27, 0x2e, 0x01,
    0x23, 0x22, 0x06, 0x15, 0x01, 0x0c, 0x87, 0xf8, 0x67, 0x5b, 0xf4, 0x5a, 0x66, 0xdc, 0xbc, 0x5e,
    0x98, 0x10, 0x1a, 0x22, 0x12, 0x12, 0x1d, 0x0b, 0x0a, 0x17, 0x0b, 0x27, 0x44, 0x10, 0x1b, 0x21,
    0x12, 0x11, 0x1d, 0x0b, 0x0b, 0x12, 0x10, 0x14, 0x12, 0x02, 0xbc, 0xfd, 0x44, 0x01, 0x07, 0xfe,
    0xf9, 0x01, 0x59, 0x01, 0x11, 0x85, 0x1f, 0x2b, 0x1a, 0x0b, 0x0b, 0x07, 0x07, 0x09, 0x2a, 0x20,
    0x2b, 0x1a, 0x0b, 0x0a, 0x08, 0x08, 0x09, 0x16, 0x14, 0x00, 0x00, 0x00, 0x00, 0x04, 0x00, 0x15,
    0x00, 0x00, 0x02, 0x8b, 0x03, 0x5b, 0x00, 0x07, 0x00, 0x0a, 0x00, 0x16, 0x00, 0x22, 0x00, 0x0c,
    0xb0, 0x09, 0x1c, 0xdf, 0xd6, 0x68, 0x3a, 0x1a, 0xe5, 0x5f, 0xeb, 0x00, 0x01, 0x33, 0x13, 0x23,
    0x03, 0x23, 0x03, 0x23, 0x13, 0x33, 0x03, 0x27, 0x22, 0x26, 0x35, 0x34, 0x36, 0x33, 0x32, 0x16,
    0x15, 0x14, 0x06, 0x33, 0x22, 0x26, 0x35, 0x34, 0x36, 0x33, 0x32, 0x16, 0x15, 0x14, 0x06, 0x01,
    0x0c, 0x87, 0xf8, 0x67, 0x5b, 0xf4, 0x5a, 0x66, 0xdc, 0xbc, 0x5e, 0x5e, 0x1c, 0x1e, 0x1e, 0x1c,
    0x1b, 0x1f, 0x1f, 0xa0, 0x1b, 0x1e, 0x1e, 0x1b, 0x1c, 0x1e, 0x1e, 0x02, 0xbc, 0xfd, 0x44, 0x01,
    0x07, 0xfe, 0xf9, 0x01, 0x59, 0x01, 0x11, 0x84, 0x20, 0x18, 0x17, 0x1e, 0x1e, 0x17, 0x18, 0x20,
    0x1f, 0x19, 0x17, 0x1e, 0x1e, 0x17, 0x18, 0x20, 0x00, 0x04, 0x00, 0x15, 0x00, 0x00, 0x02, 0x8b,
    0x03, 0xa0, 0x00, 0x07, 0x00, 0x0a, 0x00, 0x16, 0x00, 0x20, 0x00, 0x0c, 0xb0, 0x09, 0x1c, 0xdf,
    0xd6, 0x68, 0x3a, 0x1a, 0xe5, 0x5f, 0xeb, 0x00, 0x01, 0x33, 0x13, 0x23, 0x03, 0x23, 0x03, 0x23,
    0x13, 0x33, 0x03, 0x35, 0x22, 0x26, 0x35, 0x34, 0x36, 0x33, 0x32, 0x16, 0x15, 0x14, 0x06, 0x27,
    0x32, 0x36, 0x35, 0x34, 0x26, 0x23, 0x22, 0x15, 0x14, 0x01, 0x0c, 0x87, 0xf8, 0x67, 0x5b, 0xf4,
    0x5a, 0x66, 0xdc, 0xbc, 0x5e, 0x33, 0x3b, 0x3b, 0x33, 0x36, 0x3c, 0x3c, 0x36, 0x1c, 0x17, 0x17,
    0x1c, 0x30, 0x02, 0xbc, 0xfd, 0x44, 0x01, 0x07, 0xfe, 0xf9, 0x01, 0x59, 0x01, 0x11, 0x6a, 0x38,
    0x2e, 0x2d, 0x39, 0x39, 0x2d, 0x2e, 0x38, 0x38, 0x18, 0x16, 0x18, 0x1a, 0x32, 0x2e, 0x00, 0x00,
    0x00, 0x02, 0x00, 0x0e, 0x00, 0x00, 0x03, 0x7a, 0x02, 0xbc, 0x00, 0x0f, 0x00, 0x12, 0x00, 0x0c,
    0xb0, 0x09, 0x1c, 0xdf, 0xd6, 0x68, 0x3a, 0x1a, 0xe5, 0x5f, 0xeb, 0x00, 0x01, 0x21, 0x15, 0x21,
    0x17, 0x33, 0x15, 0x23, 0x17, 0x21, 0x15, 0x21, 0x03, 0x23, 0x03, 0x23, 0x01, 0x33, 0x03, 0x01,
    0x72, 0x01, 0xfe, 0xfe, 0xa5, 0x07, 0xfb, 0xf7, 0x09, 0x01, 0x51, 0xfe, 0x54, 0x0b, 0xcc, 0x85,
    0x64, 0x01, 0x13, 0x9f, 0x0b, 0x02, 0xbc, 0x5c, 0xb6, 0x5b, 0xf3, 0x5c, 0x01, 0x07, 0xfe, 0xf9,
    0x01, 0x59, 0x01, 0x24, 0x00, 0x01, 0x00, 0x37, 0xff, 0x26, 0x02, 0x8c, 0x02, 0xce, 0x00, 0x3a,
    0x00, 0x0c, 0xb0, 0x09, 0x1c, 0xdf, 0xd6, 0x68, 0x3a, 0x1a, 0xe5, 0x5f, 0xeb, 0x00, 0x25, 0x0e,
    0x03, 0x0f, 0x01, 0x1e, 0x01, 0x15, 0x14, 0x06, 0x23, 0x22, 0x26, 0x27, 0x37, 0x1e, 0x01, 0x33,
    0x32, 0x36, 0x35, 0x34, 0x2b, 0x01, 0x37, 0x2e, 0x01, 0x35, 0x34, 0x3e, 0x02, 0x33, 0x32, 0x16,
    0x17, 0x23, 0x2e, 0x03, 0x23, 0x22, 0x0e, 0x02, 0x15, 0x14, 0x1e, 0x02, 0x33, 0x32, 0x3e, 0x02,
    0x37, 0x02, 0x8c, 0x04, 0x27, 0x40, 0x56, 0x33, 0x14, 0x24, 0x2f, 0x40, 0x36, 0x1b, 0x2b, 0x0b,
    0x14, 0x0b, 0x20, 0x12, 0x14, 0x19, 0x29, 0x30, 0x1d, 0x93, 0x88, 0x2d, 0x52, 0x73, 0x47, 0x81,
    0x8a, 0x04, 0x63, 0x02, 0x13, 0x28, 0x40, 0x2f, 0x34, 0x4f, 0x34, 0x1b, 0x18, 0x34, 0x51, 0x39,
    0x32, 0x43, 0x29, 0x13, 0x03, 0xd9, 0x3a, 0x54, 0x38, 0x1e, 0x04, 0x29, 0x02, 0x20, 0x25, 0x2f,
    0x2c, 0x0b, 0x06, 0x38, 0x04, 0x07, 0x0d, 0x11, 0x1c, 0x53, 0x0a, 0xb9, 0xac, 0x65, 0x8b, 0x57,
    0x27, 0x75, 0x7a, 0x24, 0x37, 0x24, 0x12, 0x19, 0x3f, 0x6c, 0x53, 0x48, 0x65, 0x40, 0x1d, 0x12,
    0x23, 0x33, 0x22, 0x00, 0x00, 0x02, 0x00, 0x5c, 0x00, 0x00, 0x02, 0x1f, 0x03, 0x6f, 0x00, 0x0b,
    0x00, 0x0f, 0x00, 0x0c, 0xb0, 0x09, 0x1c, 0xdf, 0xd6, 0x68, 0x3a, 0x1a, 0xe5, 0x5f, 0xeb, 0x00,
    0x13, 0x21, 0x15, 0x21, 0x15, 0x21, 0x15, 0x23, 0x15, 0x21, 0x15, 0x21, 0x13, 0x33, 0x17, 0x23,
    0x5c, 0x01, 0xb9, 0xfe, 0xaa, 0x00, 0xff, 0xff, 0x01, 0x60, 0xfe, 0x3d, 0x5b, 0x7c, 0x3e, 0x59,
    0x02, 0xbc, 0x5c, 0xb5, 0x5c, 0xf2, 0x5d, 0x03, 0x6f, 0x80, 0x00, 0x00, 0x00, 0x02, 0x00, 0x5c,
    0x00, 0x00, 0x02, 0x1f, 0x03, 0x6f, 0x00, 0x0b, 0x00, 0x0f, 0x00, 0x0c, 0xb0, 0x09, 0x1c, 0xdf,
    0xd6, 0x68, 0x3a, 0x1a, 0xe5, 0x5f, 0xeb, 0x00, 0x13, 0x21, 0x15, 0x21, 0x15, 0x21, 0x15, 0x23,
    0x15, 0x21, 0x15, 0x21, 0x13, 0x33, 0x07, 0x23, 0x5c, 0x01, 0xb9, 0xfe, 0xaa, 0x00, 0xff, 0xff,
    0x01, 0x60, 0xfe, 0x3d, 0xe5, 0x7b, 0x5c, 0x59, 0x02, 0xbc, 0x5c, 0xb5, 0x5c, 0xf2, 0x5d, 0x03,
    0x6f, 0x80, 0x00, 0x00, 0x00, 0x02, 0x00, 0x5c, 0x00, 0x00, 0x02, 0x1f, 0x03, 0x65, 0x00, 0x0b,
    0x00, 0x12, 0x00, 0x0c, 0xb0, 0x09, 0x1c, 0xdf, 0xd6, 0x68, 0x3a, 0x1a, 0xe5, 0x5f, 0xeb, 0x00,
    0x13, 0x21, 0x15, 0x21, 0x15, 0x21, 0x15, 0x23, 0x15, 0x21, 0x15, 0x21, 0x13, 0x33, 0x17, 0x23,
    0x27, 0x07, 0x23, 0x5c, 0x01, 0xb9, 0xfe, 0xaa, 0x00, 0xff, 0xff, 0x01, 0x60, 0xfe, 0x3d, 0xb1,
    0x68, 0x67, 0x5e, 0x3d, 0x3d, 0x5e, 0x02, 0xbc, 0x5c, 0xb5, 0x5c, 0xf2, 0x5d, 0x03, 0x65, 0x7d,
    0x4f, 0x4f, 0x00, 0x00, 0x00, 0x03, 0x00, 0x5c, 0x00, 0x00, 0x02, 0x1f, 0x03, 0x5b, 0x00, 0x0b,
    0x00, 0x17, 0x00, 0x23, 0x00, 0x0c, 0xb0, 0x09, 0x1c, 0xdf, 0xd6, 0x68, 0x3a, 0x1a, 0xe5, 0x5f,
    0xeb, 0x00, 0x13, 0x21, 0x15, 0x21, 0x15, 0x21, 0x15, 0x23, 0x15, 0x21, 0x15, 0x21, 0x13, 0x22,
    0x26, 0x35, 0x34, 0x36, 0x33, 0x32, 0x16, 0x15, 0x14, 0x06, 0x33, 0x22, 0x26, 0x35, 0x34, 0x36,
    0x33, 0x32, 0x16, 0x15, 0x14, 0x06, 0x5c, 0x01, 0xb9, 0xfe, 0xaa, 0x00, 0xff, 0xff, 0x01, 0x60,
    0xfe, 0x3d, 0x86, 0x1c, 0x1e, 0x1e, 0x1c, 0x1b, 0x1f, 0x1f, 0xa0, 0x1b, 0x1e, 0x1e, 0x1b, 0x1c,
    0x1e, 0x1e, 0x02, 0xbc, 0x5c, 0xb5, 0x5c, 0xf2, 0x5d, 0x02, 0xee, 0x20, 0x18, 0x17, 0x1e, 0x1e,
    0x17, 0x18, 0x20, 0x1f, 0x19, 0x17, 0x1e, 0x1e, 0x17, 0x18, 0x20, 0x00, 0x00, 0x02, 0x00, 0x3e,
    0x00, 0x00, 0x01, 0x6d, 0x03, 0x6f, 0x00, 0x0b, 0x00, 0x0f, 0x00, 0x0c, 0xb0, 0x09, 0x1c, 0xdf,
    0xd6, 0x68, 0x3a, 0x1a, 0xe5, 0x5f, 0xeb, 0x00, 0x13, 0x21, 0x15, 0x23, 0x11, 0x33, 0x15, 0x21,
    0x35, 0x33, 0x11, 0x23, 0x13, 0x33, 0x17, 0x23, 0x42, 0x01, 0x29, 0x64, 0x66, 0xfe, 0xd1, 0x66,
    0x62, 0x0d, 0x7c, 0x3e, 0x59, 0x02, 0xbc, 0x58, 0xfd, 0xf5, 0x59, 0x59, 0x02, 0x0b, 0x01, 0x0b,
    0x80, 0x00, 0x00, 0x00, 0x00, 0x02, 0x00, 0x3e, 0x00, 0x00, 0x01, 0x6d, 0x03, 0x6f, 0x00, 0x0b,
    0x00, 0x0f, 0x00, 0x0c, 0xb0, 0x09, 0x1c, 0xdf, 0xd6, 0x68, 0x3a, 0x1a, 0xe5, 0x5f, 0xeb, 0x00,
    0x13, 0x21, 0x15, 0x23, 0x11, 0x33, 0x15, 0x21, 0x35, 0x33, 0x11, 0x23, 0x13, 0x33, 0x07, 0x23,
    0x42, 0x01, 0x29, 0x64, 0x66, 0xfe, 0xd1, 0x66, 0x62, 0x98, 0x7b, 0x5c, 0x59, 0x02, 0xbc, 0x58,
    0xfd, 0xf5, 0x59, 0x59, 0x02, 0x0b, 0x01, 0x0b, 0x80, 0x00, 0x00, 0x00, 0x00, 0x02, 0x00, 0x3b,
    0x00, 0x00, 0x01, 0x71, 0x03, 0x65, 0x00, 0x0b, 0x00, 0x12, 0x00, 0x0c, 0xb0, 0x09, 0x1c, 0xdf,
    0xd6, 0x68, 0x3a, 0x1a, 0xe5, 0x5f, 0xeb, 0x00, 0x13, 0x21, 0x15, 0x23, 0x11, 0x33, 0x15, 0x21,
    0x35, 0x33, 0x11, 0x23, 0x13, 0x33, 0x17, 0x23, 0x27, 0x07, 0x23, 0x42, 0x01, 0x29, 0x64, 0x66,
    0xfe, 0xd1, 0x66, 0x62, 0x60, 0x68, 0x67, 0x5e, 0x3d, 0x3d, 0x5e, 0x02, 0xbc, 0x58, 0xfd, 0xf5,
    0x59, 0x59, 0x02, 0x0b, 0x01, 0x01, 0x7d, 0x4f, 0x4f, 0x00, 0x00, 0x00, 0x00, 0x03, 0x00, 0x3e,
    0x00, 0x00, 0x01, 0x6d, 0x03, 0x5b, 0x00, 0x0b, 0x00, 0x17, 0x00, 0x23, 0x00, 0x0c, 0xb0, 0x09,
    0x1c, 0xdf, 0xd6, 0x68, 0x3a, 0x1a, 0xe5, 0x5f, 0xeb, 0x00, 0x13, 0x21, 0x15, 0x23, 0x11, 0x33,
    0x15, 0x21, 0x35, 0x33, 0x11, 0x23, 0x37, 0x22, 0x26, 0x35, 0x34, 0x36, 0x33, 0x32, 0x16, 0x15,
    0x14, 0x06, 0x33, 0x22, 0x26, 0x35, 0x34, 0x36, 0x33, 0x32, 0x16, 0x15, 0x14, 0x06, 0x42, 0x01,
    0x29, 0x64, 0x66, 0xfe, 0xd1, 0x66, 0x62, 0x36, 0x1c, 0x1e, 0x1e, 0x1c, 0x1b, 0x1f, 0x1f, 0xa0,
    0x1b, 0x1e, 0x1e, 0x1b, 0x1c, 0x1e, 0x1e, 0x02, 0xbc, 0x58, 0xfd, 0xf5, 0x59, 0x59, 0x02, 0x0b,
    0x8a, 0x20, 0x18, 0x17, 0x1e, 0x1e, 0x17, 0x18, 0x20, 0x1f, 0x19, 0x17, 0x1e, 0x1e, 0x17, 0x18,
    0x20, 0x00, 0x00, 0x00, 0x00, 0x02, 0x00, 0x0f, 0x00, 0x00, 0x02, 0x9a, 0x02, 0xbc, 0x00, 0x10,
    0x00, 0x1f, 0x00, 0x0c, 0xb0, 0x09, 0x1c, 0xdf, 0xd6, 0x68, 0x3a, 0x1a, 0xe5, 0x5f, 0xeb, 0x00,
    0x13, 0x33, 0x11, 0x21, 0x32, 0x1e, 0x02, 0x15, 0x14, 0x0e, 0x02, 0x23, 0x21, 0x11, 0x23, 0x13,
    0x15, 0x33, 0x15, 0x23, 0x15, 0x33, 0x32, 0x3e, 0x02, 0x35, 0x34, 0x26, 0x23, 0x0f, 0x4d, 0x01,
    0x1f, 0x4e, 0x6d, 0x45, 0x1f, 0x26, 0x4d, 0x76, 0x51, 0xfe, 0xfc, 0x4d, 0xb2, 0xc2, 0xc2, 0x94,
    0x41, 0x56, 0x34, 0x16, 0x59, 0x6e, 0x01, 0x90, 0x01, 0x2c, 0x32, 0x5a, 0x7e, 0x4c, 0x52, 0x84,
    0x5d, 0x33, 0x01, 0x3c, 0x01, 0x26, 0xd2, 0x54, 0xe2, 0x23, 0x44, 0x64, 0x41, 0x7e, 0x7e, 0x00,
    0x00, 0x02, 0x00, 0x5c, 0x00, 0x00, 0x02, 0x9c, 0x03, 0x66, 0x00, 0x09, 0x00, 0x26, 0x00, 0x0c,
    0xb0, 0x09, 0x1c, 0xdf, 0xd6, 0x68, 0x3a, 0x1a, 0xe5, 0x5f, 0xeb, 0x00, 0x13, 0x33, 0x01, 0x11,
    0x33, 0x11, 0x23, 0x01, 0x11, 0x23, 0x13, 0x34, 0x3e, 0x02, 0x33, 0x32, 0x16, 0x17, 0x1e, 0x01,
    0x33, 0x32, 0x35, 0x33, 0x14, 0x0e, 0x02, 0x23, 0x22, 0x26, 0x27, 0x2e, 0x01, 0x23, 0x22, 0x06,
    0x15, 0x5c, 0x5a, 0x01, 0x83, 0x63, 0x62, 0xfe, 0x85, 0x63, 0x89, 0x10, 0x1a, 0x22, 0x12, 0x12,
    0x1d, 0x0b, 0x0a, 0x17, 0x0b, 0x27, 0x44, 0x10, 0x1b, 0x21, 0x12, 0x11, 0x1d, 0x0b, 0x0b, 0x12,
    0x10, 0x14, 0x12, 0x02, 0xbc, 0xfd, 0xd8, 0x02, 0x28, 0xfd, 0x44, 0x02, 0x1d, 0xfd, 0xe3, 0x02,
    0xef, 0x1f, 0x2b, 0x1a, 0x0b, 0x0b, 0x07, 0x07, 0x09, 0x2a, 0x20, 0x2b, 0x1a, 0x0b, 0x0a, 0x08,
    0x08, 0x09, 0x16, 0x14, 0x00, 0x03, 0x00, 0x37, 0xff, 0xf0, 0x02, 0xb3, 0x03, 0x6f, 0x00, 0x13,
    0x00, 0x27, 0x00, 0x2b, 0x00, 0x0c, 0xb0, 0x09, 0x1c, 0xdf, 0xd6, 0x68, 0x3a, 0x1a, 0xe5, 0x5f,
    0xeb, 0x00, 0x05, 0x22, 0x2e, 0x02, 0x35, 0x34, 0x3e, 0x02, 0x33, 0x32, 0x1e, 0x02, 0x15, 0x14,
    0x0e, 0x02, 0x27, 0x32, 0x3e, 0x02, 0x35, 0x34, 0x2e, 0x02, 0x23, 0x22, 0x0e, 0x02, 0x15, 0x14,
    0x1e, 0x02, 0x03, 0x33, 0x17, 0x23, 0x01, 0x75, 0x44, 0x74, 0x55, 0x31, 0x32, 0x56, 0x74, 0x42,
    0x43, 0x74, 0x56, 0x31, 0x30, 0x56, 0x74, 0x44, 0x31, 0x51, 0x38, 0x1f, 0x21, 0x3b, 0x4f, 0x2e,
    0x2e, 0x4f, 0x3a, 0x21, 0x1f, 0x38, 0x50, 0x58, 0x7c, 0x3e, 0x59, 0x10, 0x28, 0x58, 0x8b, 0x63,
    0x63, 0x8c, 0x59, 0x28, 0x28, 0x59, 0x8c, 0x63, 0x63, 0x8b, 0x58, 0x28, 0x5f, 0x1a, 0x3f, 0x68,
    0x4e, 0x52, 0x6a, 0x3e, 0x18, 0x18, 0x3e, 0x6a, 0x52, 0x4e, 0x68, 0x3f, 0x1a, 0x03, 0x20, 0x80,
    0x00, 0x03, 0x00, 0x37, 0xff, 0xf0, 0x02, 0xb3, 0x03, 0x6f, 0x00, 0x13, 0x00, 0x27, 0x00, 0x2b,
    0x00, 0x0c, 0xb0, 0x09, 0x1c, 0xdf, 0xd6, 0x68, 0x3a, 0x1a, 0xe5, 0x5f, 0xeb, 0x00, 0x05, 0x22,
    0x2e, 0x02, 0x35, 0x34, 0x3e, 0x02, 0x33, 0x32, 0x1e, 0x02, 0x15, 0x14, 0x0e, 0x02, 0x27, 0x32,
    0x3e, 0x02, 0x35, 0x34, 0x2e, 0x02, 0x23, 0x22, 0x0e, 0x02, 0x15, 0x14, 0x1e, 0x02, 0x13, 0x33,
    0x07, 0x23, 0x01, 0x75, 0x44, 0x74, 0x55, 0x31, 0x32, 0x56, 0x74, 0x42, 0x43, 0x74, 0x56, 0x31,
    0x30, 0x56, 0x74, 0x44, 0x31, 0x51, 0x38, 0x1f, 0x21, 0x3b, 0x4f, 0x2e, 0x2e, 0x4f, 0x3a, 0x21,
    0x1f, 0x38, 0x50, 0x39, 0x7b, 0x5c, 0x59, 0x10, 0x28, 0x58, 0x8b, 0x63, 0x63, 0x8c, 0x59, 0x28,
    0x28, 0x59, 0x8c, 0x63, 0x63, 0x8b, 0x58, 0x28, 0x5f, 0x1a, 0x3f, 0x68, 0x4e, 0x52, 0x6a, 0x3e,
    0x18, 0x18, 0x3e, 0x6a, 0x52, 0x4e, 0x68, 0x3f, 0x1a, 0x03, 0x20, 0x80, 0x00, 0x03, 0x00, 0x37,
    0xff, 0xf0, 0x02, 0xb3, 0x03, 0x65, 0x00, 0x13, 0x00, 0x27, 0x00, 0x2e, 0x00, 0x0c, 0xb0, 0x09,
    0x1c, 0xdf, 0xd6, 0x68, 0x3a, 0x1a, 0xe5, 0x5f, 0xeb, 0x00, 0x05, 0x22, 0x2e, 0x02, 0x35, 0x34,
    0x3e, 0x02, 0x33, 0x32, 0x1e, 0x02, 0x15, 0x14, 0x0e, 0x02, 0x27, 0x32, 0x3e, 0x02, 0x35, 0x34,
    0x2e, 0x02, 0x23, 0x22, 0x0e, 0x02, 0x15, 0x14, 0x1e, 0x02, 0x03, 0x33, 0x17, 0x23, 0x27, 0x07,
    0x23, 0x01, 0x75, 0x44, 0x74, 0x55, 0x31, 0x32, 0x56, 0x74, 0x42, 0x43, 0x74, 0x56, 0x31, 0x30,
    0x56, 0x74, 0x44, 0x31, 0x51, 0x38, 0x1f, 0x21, 0x3b, 0x4f, 0x2e, 0x2e, 0x4f, 0x3a, 0x21, 0x1f,
    0x38, 0x50, 0x02, 0x68, 0x67, 0x5e, 0x3d, 0x3d, 0x5e, 0x10, 0x28, 0x58, 0x8b, 0x63, 0x63, 0x8c,
    0x59, 0x28, 0x28, 0x59, 0x8c, 0x63, 0x63, 0x8b, 0x58, 0x28, 0x5f, 0x1a, 0x3f, 0x68, 0x4e, 0x52,
    0x6a, 0x3e, 0x18, 0x18, 0x3e, 0x6a, 0x52, 0x4e, 0x68, 0x3f, 0x1a, 0x03, 0x16, 0x7d, 0x4f, 0x4f,
    0x00, 0x03, 0x00, 0x37, 0xff, 0xf0, 0x02, 0xb3, 0x03, 0x66, 0x00, 0x13, 0x00, 0x27, 0x00, 0x44,
    0x00, 0x0c, 0xb0, 0x09, 0x1c, 0xdf, 0xd6, 0x68, 0x3a, 0x1a, 0xe5, 0x5f, 0xeb, 0x00, 0x05, 0x22,
    0x2e, 0x02, 0x35, 0x34, 0x3e, 0x02, 0x33, 0x32, 0x1e, 0x02, 0x15, 0x14, 0x0e, 0x02, 0x27, 0x32,
    0x3e, 0x02, 0x35, 0x34, 0x2e, 0x02, 0x23, 0x22, 0x0e, 0x02, 0x15, 0x14, 0x1e, 0x02, 0x03, 0x34,
    0x3e, 0x02, 0x33, 0x32, 0x16, 0x17, 0x1e, 0x01, 0x33, 0x32, 0x35, 0x33, 0x14, 0x0e, 0x02, 0x23,
    0x22, 0x26, 0x27, 0x2e, 0x01, 0x23, 0x22, 0x06, 0x15, 0x01, 0x75, 0x44, 0x74, 0x55, 0x31, 0x32,
    0x56, 0x74, 0x42, 0x43, 0x74, 0x56, 0x31, 0x30, 0x56, 0x74, 0x44, 0x31, 0x51, 0x38, 0x1f, 0x21,
    0x3b, 0x4f, 0x2e, 0x2e, 0x4f, 0x3a, 0x21, 0x1f, 0x38, 0x50, 0x66, 0x10, 0x1a, 0x22, 0x12, 0x12,
    0x1d, 0x0b, 0x0a, 0x17, 0x0b, 0x27, 0x44, 0x10, 0x1b, 0x21, 0x12, 0x11, 0x1d, 0x0b, 0x0b, 0x12,
    0x10, 0x14, 0x12, 0x10, 0x28, 0x58, 0x8b, 0x63, 0x63, 0x8c, 0x59, 0x28, 0x28, 0x59, 0x8c, 0x63,
    0x63, 0x8b, 0x58, 0x28, 0x5f, 0x1a, 0x3f, 0x68, 0x4e, 0x52, 0x6a, 0x3e, 0x18, 0x18, 0x3e, 0x6a,
    0x52, 0x4e, 0x68, 0x3f, 0x1a, 0x02, 0xa0, 0x1f, 0x2b, 0x1a, 0x0b, 0x0b, 0x07, 0x07, 0x09, 0x2a,
    0x20, 0x2b, 0x1a, 0x0b, 0x0a, 0x08, 0x08, 0x09, 0x16, 0x14, 0x00, 0x00, 0x00, 0x04, 0x00, 0x37,
    0xff, 0xf0, 0x02, 0xb3, 0x03, 0x5b, 0x00, 0x13, 0x00, 0x27, 0x00, 0x33, 0x00, 0x3f, 0x00, 0x0c,
    0xb0, 0x09, 0x1c, 0xdf, 0xd6, 0x68, 0x3a, 0x1a, 0xe5, 0x5f, 0xeb, 0x00, 0x05, 0x22, 0x2e, 0x02,
    0x35, 0x34, 0x3e, 0x02, 0x33, 0x32, 0x1e, 0x02, 0x15, 0x14, 0x0e, 0x02, 0x27, 0x32, 0x3e, 0x02,
    0x35, 0x34, 0x2e, 0x02, 0x23, 0x22, 0x0e, 0x02, 0x15, 0x14, 0x1e, 0x02, 0x03, 0x22, 0x26, 0x35,
    0x34, 0x36, 0x33, 0x32, 0x16, 0x15, 0x14, 0x06, 0x33, 0x22, 0x26, 0x35, 0x34, 0x36, 0x33, 0x32,
    0x16, 0x15, 0x14, 0x06, 0x01, 0x75, 0x44, 0x74, 0x55, 0x31, 0x32, 0x56, 0x74, 0x42, 0x43, 0x74,
    0x56, 0x31, 0x30, 0x56, 0x74, 0x44, 0x31, 0x51, 0x38, 0x1f, 0x21, 0x3b, 0x4f, 0x2e, 0x2e, 0x4f,
    0x3a, 0x21, 0x1f, 0x38, 0x50, 0x2c, 0x1c, 0x1e, 0x1e, 0x1c, 0x1b, 0x1f, 0x1f, 0xa0, 0x1b, 0x1e,
    0x1e, 0x1b, 0x1c, 0x1e, 0x1e, 0x10, 0x28, 0x58, 0x8b, 0x63, 0x63, 0x8c, 0x59, 0x28, 0x28, 0x59,
    0x8c, 0x63, 0x63, 0x8b, 0x58, 0x28, 0x5f, 0x1a, 0x3f, 0x68, 0x4e, 0x52, 0x6a, 0x3e, 0x18, 0x18,
    0x3e, 0x6a, 0x52, 0x4e, 0x68, 0x3f, 0x1a, 0x02, 0x9f, 0x20, 0x18, 0x17, 0x1e, 0x1e, 0x17, 0x18,
    0x20, 0x1f, 0x19, 0x17, 0x1e, 0x1e, 0x17, 0x18, 0x20, 0x00, 0x00, 0x00, 0x00, 0x01, 0x00, 0x2f,
    0x00, 0x00, 0x02, 0x19, 0x02, 0x09, 0x00, 0x0b, 0x00, 0x0c, 0xb0, 0x09, 0x1c, 0xdf, 0xd6, 0x68,
    0x3a, 0x1a, 0xe5, 0x5f, 0xeb, 0x00, 0x13, 0x17, 0x37, 0x17, 0x07, 0x17, 0x07, 0x27, 0x07, 0x27,
    0x37, 0x27, 0x5e, 0xc6, 0xc6, 0x2e, 0xc7, 0xc8, 0x2e, 0xc7, 0xc7, 0x2e, 0xc7, 0xc7, 0x02, 0x09,
    0xd4, 0xd3, 0x2f, 0xd4, 0xd5, 0x30, 0xd4, 0xd4, 0x30, 0xd4, 0xd5, 0x00, 0x00, 0x03, 0x00, 0x37,
    0xff, 0xc5, 0x02, 0xb4, 0x03, 0x00, 0x00, 0x19, 0x00, 0x25, 0x00, 0x31, 0x00, 0x0c, 0xb0, 0x09,
    0x1c, 0xdf, 0xd6, 0x68, 0x3a, 0x1a, 0xe5, 0x5f, 0xeb, 0x00, 0x05, 0x22, 0x27, 0x07, 0x27, 0x37,
    0x2e, 0x01, 0x35, 0x34, 0x3e, 0x02, 0x33, 0x32, 0x17, 0x37, 0x17, 0x07, 0x1e, 0x01, 0x15, 0x14,
    0x0e, 0x02, 0x27, 0x32, 0x3e, 0x02, 0x35, 0x34, 0x26, 0x27, 0x01, 0x1e, 0x01, 0x03, 0x14, 0x16,
    0x17, 0x01, 0x2e, 0x01, 0x23, 0x22, 0x0e, 0x02, 0x01, 0x76, 0x5f, 0x48, 0x30, 0x39, 0x31, 0x2d,
    0x33, 0x32, 0x56, 0x74, 0x43, 0x51, 0x42, 0x2f, 0x39, 0x2d, 0x34, 0x3c, 0x31, 0x55, 0x75, 0x43,
    0x31, 0x50, 0x38, 0x1f, 0x20, 0x1c, 0xfe, 0xee, 0x19, 0x3b, 0xb7, 0x18, 0x16, 0x01, 0x0d, 0x16,
    0x31, 0x1b, 0x2f, 0x4f, 0x3a, 0x21, 0x10, 0x27, 0x52, 0x29, 0x52, 0x2d, 0x8b, 0x66, 0x64, 0x8c,
    0x58, 0x28, 0x1e, 0x50, 0x29, 0x4c, 0x2b, 0x93, 0x6f, 0x63, 0x8b, 0x58, 0x28, 0x5f, 0x1a, 0x3f,
    0x68, 0x4e, 0x51, 0x68, 0x20, 0xfe, 0x32, 0x0e, 0x0c, 0x01, 0x0f, 0x45, 0x60, 0x20, 0x01, 0xc6,
    0x09, 0x08, 0x18, 0x3e, 0x6a, 0x00, 0x00, 0x00, 0x00, 0x02, 0x00, 0x57, 0xff, 0xf0, 0x02, 0x8a,
    0x03, 0x6f, 0x00, 0x19, 0x00, 0x1d, 0x00, 0x0c, 0xb0, 0x09, 0x1c, 0xdf, 0xd6, 0x68, 0x3a, 0x1a,
    0xe5, 0x5f, 0xeb, 0x00, 0x13, 0x33, 0x11, 0x14, 0x1e, 0x02, 0x33, 0x32, 0x3e, 0x02, 0x35, 0x11,
    0x33, 0x11, 0x14, 0x0e, 0x02, 0x23, 0x22, 0x2e, 0x02, 0x35, 0x13, 0x33, 0x17, 0x23, 0x57, 0x64,
    0x1a, 0x2f, 0x43, 0x2a, 0x2a, 0x43, 0x2f, 0x1a, 0x63, 0x27, 0x49, 0x68, 0x41, 0x41, 0x68, 0x49,
    0x28, 0x9b, 0x7c, 0x3e, 0x59, 0x02, 0xbc, 0xfe, 0x35, 0x2c, 0x3e, 0x27, 0x11, 0x11, 0x27, 0x3e,
    0x2c, 0x01, 0xcb, 0xfe, 0x2b, 0x3b, 0x5c, 0x3f, 0x21, 0x21, 0x3f, 0x5c, 0x3b, 0x02, 0x88, 0x80,
    0x00, 0x02, 0x00, 0x57, 0xff, 0xf0, 0x02, 0x8a, 0x03, 0x6f, 0x00, 0x19, 0x00, 0x1d, 0x00, 0x0c,
    0xb0, 0x09, 0x1c, 0xdf, 0xd6, 0x68, 0x3a, 0x1a, 0xe5, 0x5f, 0xeb, 0x00, 0x13, 0x33, 0x11, 0x14,
    0x1e, 0x02, 0x33, 0x32, 0x3e, 0x02, 0x35, 0x11, 0x33, 0x11, 0x14, 0x0e, 0x02, 0x23, 0x22, 0x2e,
    0x02, 0x35, 0x01, 0x33, 0x07, 0x23, 0x57, 0x64, 0x1a, 0x2f, 0x43, 0x2a, 0x2a, 0x43, 0x2f, 0x1a,
    0x63, 0x27, 0x49, 0x68, 0x41, 0x41, 0x68, 0x49, 0x28, 0x01, 0x15, 0x7b, 0x5c, 0x59, 0x02, 0xbc,
    0xfe, 0x35, 0x2c, 0x3e, 0x27, 0x11, 0x11, 0x27, 0x3e, 0x2c, 0x01, 0xcb, 0xfe, 0x2b, 0x3b, 0x5c,
    0x3f, 0x21, 0x21, 0x3f, 0x5c, 0x3b, 0x02, 0x88, 0x80, 0x00, 0x00, 0x00, 0x00, 0x02, 0x00, 0x57,
    0xff, 0xf0, 0x02, 0x8a, 0x03, 0x65, 0x00, 0x19, 0x00, 0x20, 0x00, 0x0c, 0xb0, 0x09, 0x1c, 0xdf,
    0xd6, 0x68, 0x3a, 0x1a, 0xe5, 0x5f, 0xeb, 0x00, 0x13, 0x33, 0x11, 0x14, 0x1e, 0x02, 0x33, 0x32,
    0x3e, 0x02, 0x35, 0x11, 0x33, 0x11, 0x14, 0x0e, 0x02, 0x23, 0x22, 0x2e, 0x02, 0x35, 0x13, 0x33,
    0x17, 0x23, 0x27, 0x07, 0x23, 0x57, 0x64, 0x1a, 0x2f, 0x43, 0x2a, 0x2a, 0x43, 0x2f, 0x1a, 0x63,
    0x27, 0x49, 0x68, 0x41, 0x41, 0x68, 0x49, 0x28, 0xe7, 0x68, 0x67, 0x5e, 0x3d, 0x3d, 0x5e, 0x02,
    0xbc, 0xfe, 0x35, 0x2c, 0x3e, 0x27, 0x11, 0x11, 0x27, 0x3e, 0x2c, 0x01, 0xcb, 0xfe, 0x2b, 0x3b,
    0x5c, 0x3f, 0x21, 0x21, 0x3f, 0x5c, 0x3b, 0x02, 0x7e, 0x7d, 0x4f, 0x4f, 0x00, 0x03, 0x00, 0x57,
    0xff, 0xf0, 0x02, 0x8a, 0x03, 0x5b, 0x00, 0x19, 0x00, 0x25, 0x00, 0x31, 0x00, 0x0c, 0xb0, 0x09,
    0x1c, 0xdf, 0xd6, 0x68, 0x3a, 0x1a, 0xe5, 0x5f, 0xeb, 0x00, 0x13, 0x33, 0x11, 0x14, 0x1e, 0x02,
    0x33, 0x32, 0x3e, 0x02, 0x35, 0x11, 0x33, 0x11, 0x14, 0x0e, 0x02, 0x23, 0x22, 0x2e, 0x02, 0x35,
    0x13, 0x22, 0x26, 0x35, 0x34, 0x36, 0x33, 0x32, 0x16, 0x15, 0x14, 0x06, 0x33, 0x22, 0x26, 0x35,
    0x34, 0x36, 0x33, 0x32, 0x16, 0x15, 0x14, 0x06, 0x57, 0x64, 0x1a, 0x2f, 0x43, 0x2a, 0x2a, 0x43,
    0x2f, 0x1a, 0x63, 0x27, 0x49, 0x68, 0x41, 0x41, 0x68, 0x49, 0x28, 0xbd, 0x1c, 0x1e, 0x1e, 0x1c,
    0x1b, 0x1f, 0x1f, 0xa0, 0x1b, 0x1e, 0x1e, 0x1b, 0x1c, 0x1e, 0x1e, 0x02, 0xbc, 0xfe, 0x35, 0x2c,
    0x3e, 0x27, 0x11, 0x11, 0x27, 0x3e, 0x2c, 0x01, 0xcb, 0xfe, 0x2b, 0x3b, 0x5c, 0x3f, 0x21, 0x21,
    0x3f, 0x5c, 0x3b, 0x02, 0x07, 0x20, 0x18, 0x17, 0x1e, 0x1e, 0x17, 0x18, 0x20, 0x1f, 0x19, 0x17,
    0x1e, 0x1e, 0x17, 0x18, 0x20, 0x00, 0x00, 0x00, 0x00, 0x02, 0x00, 0x13, 0x00, 0x00, 0x02, 0x5d,
    0x03, 0x6f, 0x00, 0x08, 0x00, 0x0c, 0x00, 0x0c, 0xb0, 0x09, 0x1c, 0xdf, 0xd6, 0x68, 0x3a, 0x1a,
    0xe5, 0x5f, 0xeb, 0x00, 0x01, 0x03, 0x33, 0x1b, 0x01, 0x33, 0x03, 0x11, 0x23, 0x13, 0x33, 0x07,
    0x23, 0x01, 0x06, 0xf3, 0x78, 0xb0, 0xae, 0x74, 0xf4, 0x63, 0x36, 0x7b, 0x5c, 0x59, 0x01, 0x1d,
    0x01, 0x9f, 0xfe, 0xc1, 0x01, 0x3f, 0xfe, 0x61, 0xfe, 0xe3, 0x03, 0x6f, 0x80, 0x00, 0x00, 0x00,
    0x00, 0x02, 0x00, 0x5c, 0x00, 0x00, 0x02, 0x46, 0x02, 0xbc, 0x00, 0x10, 0x00, 0x19, 0x00, 0x0c,
    0xb0, 0x09, 0x1c, 0xdf, 0xd6, 0x68, 0x3a, 0x1a, 0xe5, 0x5f, 0xeb, 0x00, 0x13, 0x33, 0x15, 0x33,
    0x32, 0x1e, 0x02, 0x15, 0x14, 0x0e, 0x02, 0x2b, 0x01, 0x15, 0x23, 0x13, 0x15, 0x33, 0x32, 0x36,
    0x35, 0x34, 0x26, 0x23, 0x5c, 0x63, 0xc9, 0x2e, 0x47, 0x30, 0x19, 0x19, 0x30, 0x46, 0x2e, 0xca,
    0x63, 0x63, 0xc7, 0x25, 0x37, 0x37, 0x25, 0x02, 0xbc, 0x83, 0x1e, 0x34, 0x49, 0x2b, 0x26, 0x45,
    0x35, 0x20, 0xb3, 0x01, 0xdf, 0xd2, 0x31, 0x35, 0x33, 0x39, 0x00, 0x00, 0x00, 0x01, 0x00, 0x54,
    0xff, 0xf0, 0x02, 0x4f, 0x02, 0xd6, 0x00, 0x2f, 0x00, 0x0c, 0xb0, 0x09, 0x1c, 0xdf, 0xd6, 0x68,
    0x3a, 0x1a, 0xe5, 0x5f, 0xeb, 0x00, 0x13, 0x34, 0x3e, 0x02, 0x33, 0x32, 0x1e, 0x02, 0x15, 0x14,
    0x06, 0x07, 0x1e, 0x01, 0x15, 0x14, 0x06, 0x23, 0x22, 0x26, 0x35, 0x33, 0x14, 0x33, 0x32, 0x3e,
    0x02, 0x35, 0x34, 0x26, 0x2b, 0x01, 0x35, 0x33, 0x32, 0x36, 0x35, 0x34, 0x26, 0x23, 0x22, 0x06,
    0x15, 0x11, 0x23, 0x54, 0x20, 0x3c, 0x57, 0x37, 0x33, 0x53, 0x3c, 0x21, 0x21, 0x22, 0x39, 0x38,
    0x68, 0x5c, 0x58, 0x5a, 0x5e, 0x54, 0x16, 0x25, 0x1b, 0x0e, 0x37, 0x3c, 0x66, 0x2d, 0x3c, 0x41,
    0x3a, 0x48, 0x4a, 0x3d, 0x63, 0x02, 0x02, 0x3c, 0x51, 0x31, 0x16, 0x14, 0x2c, 0x46, 0x31, 0x2f,
    0x49, 0x18, 0x17, 0x68, 0x4b, 0x6a, 0x6b, 0x52, 0x4e, 0x51, 0x0c, 0x1f, 0x34, 0x27, 0x4b, 0x4a,
    0x4c, 0x3c, 0x3c, 0x34, 0x37, 0x3f, 0x48, 0xfd, 0xfe, 0x00, 0x00, 0x00, 0x00, 0x03, 0x00, 0x33,
    0xff, 0xf6, 0x01, 0xee, 0x02, 0xca, 0x00, 0x25, 0x00, 0x32, 0x00, 0x36, 0x00, 0x0c, 0xb0, 0x09,
    0x1c, 0xdf, 0xd6, 0x68, 0x3a, 0x1a, 0xe5, 0x5f, 0xeb, 0x00, 0x25, 0x0e, 0x03, 0x23, 0x22, 0x2e,
    0x02, 0x35, 0x34, 0x3e, 0x02, 0x33, 0x32, 0x16, 0x17, 0x35, 0x34, 0x26, 0x23, 0x22, 0x07, 0x23,
    0x3e, 0x03, 0x33, 0x32, 0x1e, 0x02, 0x15, 0x11, 0x23, 0x27, 0x32, 0x36, 0x37, 0x35, 0x2e, 0x01,
    0x23, 0x22, 0x06, 0x15, 0x14, 0x16, 0x03, 0x33, 0x17, 0x23, 0x01, 0x8d, 0x07, 0x21, 0x2f, 0x3a,
    0x20, 0x25, 0x3e, 0x2d, 0x19, 0x22, 0x3b, 0x4f, 0x2c, 0x2e, 0x46, 0x0e, 0x39, 0x37, 0x6e, 0x02,
    0x62, 0x01, 0x22, 0x3b, 0x4e, 0x2d, 0x25, 0x48, 0x39, 0x24, 0x61, 0x9b, 0x36, 0x57, 0x0e, 0x14,
    0x3b, 0x25, 0x41, 0x45, 0x32, 0x1e, 0x69, 0x44, 0x4f, 0x5d, 0x17, 0x26, 0x1b, 0x0f, 0x14, 0x28,
    0x3b, 0x26, 0x2d, 0x3c, 0x26, 0x10, 0x0d, 0x07, 0x2a, 0x3c, 0x2e, 0x48, 0x29, 0x3a, 0x24, 0x11,
    0x0e, 0x28, 0x49, 0x3b, 0xfe, 0xb8, 0x46, 0x39, 0x39, 0x25, 0x06, 0x0b, 0x28, 0x2f, 0x29, 0x28,
    0x02, 0x84, 0x98, 0x00, 0x00, 0x03, 0x00, 0x33, 0xff, 0xf6, 0x01, 0xee, 0x02, 0xca, 0x00, 0x25,
    0x00, 0x32, 0x00, 0x36, 0x00, 0x0c, 0xb0, 0x09, 0x1c, 0xdf, 0xd6, 0x68, 0x3a, 0x1a, 0xe5, 0x5f,
    0xeb, 0x00, 0x25, 0x0e, 0x03, 0x23, 0x22, 0x2e, 0x02, 0x35, 0x34, 0x3e, 0x02, 0x33, 0x32, 0x16,
    0x17, 0x35, 0x34, 0x26, 0x23, 0x22, 0x07, 0x23, 0x3e, 0x03, 0x33, 0x32, 0x1e, 0x02, 0x15, 0x11,
    0x23, 0x27, 0x32, 0x36, 0x37, 0x35, 0x2e, 0x01, 0x23, 0x22, 0x06, 0x15, 0x14, 0x16, 0x13, 0x33,
    0x07, 0x23, 0x01, 0x8d, 0x07, 0x21, 0x2f, 0x3a, 0x20, 0x25, 0x3e, 0x2d, 0x19, 0x22, 0x3b, 0x4f,
    0x2c, 0x2e, 0x46, 0x0e, 0x39, 0x37, 0x6e, 0x02, 0x62, 0x01, 0x22, 0x3b, 0x4e, 0x2d, 0x25, 0x48,
    0x39, 0x24, 0x61, 0x9b, 0x36, 0x57, 0x0e, 0x14, 0x3b, 0x25, 0x41, 0x45, 0x32, 0x75, 0x69, 0x5d,
    0x50, 0x5d, 0x17, 0x26, 0x1b, 0x0f, 0x14, 0x28, 0x3b, 0x26, 0x2d, 0x3c, 0x26, 0x10, 0x0d, 0x07,
    0x2a, 0x3c, 0x2e, 0x48, 0x29, 0x3a, 0x24, 0x11, 0x0e, 0x28, 0x49, 0x3b, 0xfe, 0xb8, 0x46, 0x39,
    0x39, 0x25, 0x06, 0x0b, 0x28, 0x2f, 0x29, 0x28, 0x02, 0x84, 0x98, 0x00, 0x00, 0x03, 0x00, 0x33,
    0xff, 0xf6, 0x01, 0xee, 0x02, 0xc1, 0x00, 0x25, 0x00, 0x32, 0x00, 0x39, 0x00, 0x0c, 0xb0, 0x09,
    0x1c, 0xdf, 0xd6, 0x68, 0x3a, 0x1a, 0xe5, 0x5f, 0xeb, 0x00, 0x25, 0x0e, 0x03, 0x23, 0x22, 0x2e,
    0x02, 0x35, 0x34, 0x3e, 0x02, 0x33, 0x32, 0x16, 0x17, 0x35, 0x34, 0x26, 0x23, 0x22, 0x07, 0x23,
    0x3e, 0x03, 0x33, 0x32, 0x1e, 0x02, 0x15, 0x11, 0x23, 0x27, 0x32, 0x36, 0x37, 0x35, 0x2e, 0x01,
    0x23, 0x22, 0x06, 0x15, 0x14, 0x16, 0x13, 0x33, 0x17, 0x23, 0x27, 0x07, 0x23, 0x01, 0x8d, 0x07,
    0x21, 0x2f, 0x3a, 0x20, 0x25, 0x3e, 0x2d, 0x19, 0x22, 0x3b, 0x4f, 0x2c, 0x2e, 0x46, 0x0e, 0x39,
    0x37, 0x6e, 0x02, 0x62, 0x01, 0x22, 0x3b, 0x4e, 0x2d, 0x25, 0x48, 0x39, 0x24, 0x61, 0x9b, 0x36,
    0x57, 0x0e, 0x14, 0x3b, 0x25, 0x41, 0x45, 0x32, 0x2f, 0x5d, 0x63, 0x57, 0x3a, 0x3c, 0x57, 0x5d,
    0x17, 0x26, 0x1b, 0x0f, 0x14, 0x28, 0x3b, 0x26, 0x2d, 0x3c, 0x26, 0x10, 0x0d, 0x07, 0x2a, 0x3c,
    0x2e, 0x48, 0x29, 0x3a, 0x24, 0x11, 0x0e, 0x28, 0x49, 0x3b, 0xfe, 0xb8, 0x46, 0x39, 0x39, 0x25,
    0x06, 0x0b, 0x28, 0x2f, 0x29, 0x28, 0x02, 0x7b, 0x90, 0x5f, 0x5f, 0x00, 0x00, 0x03, 0x00, 0x33,
    0xff, 0xf6, 0x01, 0xee, 0x02, 0xb1, 0x00, 0x25, 0x00, 0x32, 0x00, 0x4e, 0x00, 0x0c, 0xb0, 0x09,
    0x1c, 0xdf, 0xd6, 0x68, 0x3a, 0x1a, 0xe5, 0x5f, 0xeb, 0x00, 0x25, 0x0e, 0x03, 0x23, 0x22, 0x2e,
    0x02, 0x35, 0x34, 0x3e, 0x02, 0x33, 0x32, 0x16, 0x17, 0x35, 0x34, 0x26, 0x23, 0x22, 0x07, 0x23,
    0x3e, 0x03, 0x33, 0x32, 0x1e, 0x02, 0x15, 0x11, 0x23, 0x27, 0x32, 0x36, 0x37, 0x35, 0x2e, 0x01,
    0x23, 0x22, 0x06, 0x15, 0x14, 0x16, 0x03, 0x34, 0x3e, 0x02, 0x33, 0x32, 0x16, 0x17, 0x16, 0x33,
    0x32, 0x36, 0x35, 0x33, 0x14, 0x0e, 0x02, 0x23, 0x22, 0x27, 0x2e, 0x01, 0x23, 0x22, 0x06, 0x15,
    0x01, 0x8d, 0x07, 0x21, 0x2f, 0x3a, 0x20, 0x25, 0x3e, 0x2d, 0x19, 0x22, 0x3b, 0x4f, 0x2c, 0x2e,
    0x46, 0x0e, 0x39, 0x37, 0x6e, 0x02, 0x62, 0x01, 0x22, 0x3b, 0x4e, 0x2d, 0x25, 0x48, 0x39, 0x24,
    0x61, 0x9b, 0x36, 0x57, 0x0e, 0x14, 0x3b, 0x25, 0x41, 0x45, 0x32, 0x30, 0x0f, 0x18, 0x20, 0x12,
    0x12, 0x17, 0x0b, 0x13, 0x15, 0x0f, 0x14, 0x41, 0x0f, 0x19, 0x20, 0x10, 0x21, 0x12, 0x0a, 0x11,
    0x0f, 0x11, 0x12, 0x5d, 0x17, 0x26, 0x1b, 0x0f, 0x14, 0x28, 0x3b, 0x26, 0x2d, 0x3c, 0x26, 0x10,
    0x0d, 0x07, 0x2a, 0x3c, 0x2e, 0x48, 0x29, 0x3a, 0x24, 0x11, 0x0e, 0x28, 0x49, 0x3b, 0xfe, 0xb8,
    0x46, 0x39, 0x39, 0x25, 0x06, 0x0b, 0x28, 0x2f, 0x29, 0x28, 0x01, 0xf2, 0x1f, 0x2c, 0x1d, 0x0d,
    0x0c, 0x0a, 0x13, 0x18, 0x15, 0x20, 0x2c, 0x1b, 0x0d, 0x14, 0x09, 0x0c, 0x1a, 0x14, 0x00, 0x00,
    0x00, 0x04, 0x00, 0x33, 0xff, 0xf6, 0x01, 0xee, 0x02, 0xb5, 0x00, 0x25, 0x00, 0x32, 0x00, 0x3e,
    0x00, 0x4a, 0x00, 0x0c, 0xb0, 0x09, 0x1c, 0xdf, 0xd6, 0x68, 0x3a, 0x1a, 0xe5, 0x5f, 0xeb, 0x00,
    0x25, 0x0e, 0x03, 0x23, 0x22, 0x2e, 0x02, 0x35, 0x34, 0x3e, 0x02, 0x33, 0x32, 0x16, 0x17, 0x35,
    0x34, 0x26, 0x23, 0x22, 0x07, 0x23, 0x3e, 0x03, 0x33, 0x32, 0x1e, 0x02, 0x15, 0x11, 0x23, 0x27,
    0x32, 0x36, 0x37, 0x35, 0x2e, 0x01, 0x23, 0x22, 0x06, 0x15, 0x14, 0x16, 0x03, 0x22, 0x26, 0x35,
    0x34, 0x36, 0x33, 0x32, 0x16, 0x15, 0x14, 0x06, 0x33, 0x22, 0x26, 0x35, 0x34, 0x36, 0x33, 0x32,
    0x16, 0x15, 0x14, 0x06, 0x01, 0x8d, 0x07, 0x21, 0x2f, 0x3a, 0x20, 0x25, 0x3e, 0x2d, 0x19, 0x22,
    0x3b, 0x4f, 0x2c, 0x2e, 0x46, 0x0e, 0x39, 0x37, 0x6e, 0x02, 0x62, 0x01, 0x22, 0x3b, 0x4e, 0x2d,
    0x25, 0x48, 0x39, 0x24, 0x61, 0x9b, 0x36, 0x57, 0x0e, 0x14, 0x3b, 0x25, 0x41, 0x45, 0x32, 0x01,
    0x1a, 0x1e, 0x1e, 0x1a, 0x1b, 0x1e, 0x1e, 0xa0, 0x1a, 0x1e, 0x1e, 0x1a, 0x1b, 0x1e, 0x1e, 0x5d,
    0x17, 0x26, 0x1b, 0x0f, 0x14, 0x28, 0x3b, 0x26, 0x2d, 0x3c, 0x26, 0x10, 0x0d, 0x07, 0x2a, 0x3c,
    0x2e, 0x48, 0x29, 0x3a, 0x24, 0x11, 0x0e, 0x28, 0x49, 0x3b, 0xfe, 0xb8, 0x46, 0x39, 0x39, 0x25,
    0x06, 0x0b, 0x28, 0x2f, 0x29, 0x28, 0x02, 0x02, 0x1f, 0x19, 0x17, 0x1e, 0x1e, 0x17, 0x19, 0x1f,
    0x1f, 0x19, 0x17, 0x1e, 0x1e, 0x17, 0x19, 0x1f, 0x00, 0x04, 0x00, 0x33, 0xff, 0xf6, 0x01, 0xee,
    0x02, 0xf4, 0x00, 0x25, 0x00, 0x32, 0x00, 0x3e, 0x00, 0x4a, 0x00, 0x0c, 0xb0, 0x09, 0x1c, 0xdf,
    0xd6, 0x68, 0x3a, 0x1a, 0xe5, 0x5f, 0xeb, 0x00, 0x25, 0x0e, 0x03, 0x23, 0x22, 0x2e, 0x02, 0x35,
    0x34, 0x3e, 0x02, 0x33, 0x32, 0x16, 0x17, 0x35, 0x34, 0x26, 0x23, 0x22, 0x07, 0x23, 0x3e, 0x03,
    0x33, 0x32, 0x1e, 0x02, 0x15, 0x11, 0x23, 0x27, 0x32, 0x36, 0x37, 0x35, 0x2e, 0x01, 0x23, 0x22,
    0x06, 0x15, 0x14, 0x16, 0x13, 0x22, 0x26, 0x35, 0x34, 0x36, 0x33, 0x32, 0x16, 0x15, 0x14, 0x06,
    0x27, 0x32, 0x36, 0x35, 0x34, 0x26, 0x23, 0x22, 0x06, 0x15, 0x14, 0x16, 0x01, 0x8d, 0x07, 0x21,
    0x2f, 0x3a, 0x20, 0x25, 0x3e, 0x2d, 0x19, 0x22, 0x3b, 0x4f, 0x2c, 0x2e, 0x46, 0x0e, 0x39, 0x37,
    0x6e, 0x02, 0x62, 0x01, 0x22, 0x3b, 0x4e, 0x2d, 0x25, 0x48, 0x39, 0x24, 0x61, 0x9b, 0x36, 0x57,
    0x0e, 0x14, 0x3b, 0x25, 0x41, 0x45, 0x32, 0x5d, 0x31, 0x38, 0x38, 0x31, 0x33, 0x39, 0x39, 0x33,
    0x1b, 0x15, 0x15, 0x1b, 0x19, 0x15, 0x15, 0x5d, 0x17, 0x26, 0x1b, 0x0f, 0x14, 0x28, 0x3b, 0x26,
    0x2d, 0x3c, 0x26, 0x10, 0x0d, 0x07, 0x2a, 0x3c, 0x2e, 0x48, 0x29, 0x3a, 0x24, 0x11, 0x0e, 0x28,
    0x49, 0x3b, 0xfe, 0xb8, 0x46, 0x39, 0x39, 0x25, 0x06, 0x0b, 0x28, 0x2f, 0x29, 0x28, 0x01, 0xe2,
    0x3a, 0x2c, 0x2b, 0x3b, 0x3b, 0x2b, 0x2c, 0x3a, 0x35, 0x1c, 0x15, 0x17, 0x1d, 0x1d, 0x17, 0x15,
    0x1c, 0x00, 0x00, 0x00, 0x00, 0x03, 0x00, 0x33, 0xff, 0xf0, 0x03, 0x63, 0x02, 0x03, 0x00, 0x36,
    0x00, 0x45, 0x00, 0x4c, 0x00, 0x0c, 0xb0, 0x09, 0x1c, 0xdf, 0xd6, 0x68, 0x3a, 0x1a, 0xe5, 0x5f,
    0xeb, 0x00, 0x37, 0x34, 0x3e, 0x02, 0x33, 0x32, 0x16, 0x17, 0x35, 0x34, 0x26, 0x23, 0x22, 0x07,
    0x23, 0x3e, 0x03, 0x33, 0x32, 0x1e, 0x02, 0x17, 0x3e, 0x01, 0x33, 0x32, 0x1e, 0x02, 0x1d, 0x01,
    0x21, 0x1e, 0x01, 0x33, 0x32, 0x36, 0x37, 0x33, 0x14, 0x06, 0x23, 0x22, 0x27, 0x0e, 0x03, 0x23,
    0x22, 0x26, 0x33, 0x32, 0x36, 0x37, 0x34, 0x26, 0x35, 0x2e, 0x01, 0x23, 0x22, 0x06, 0x15, 0x14,
    0x16, 0x01, 0x22, 0x06, 0x07, 0x21, 0x2e, 0x01, 0x33, 0x22, 0x3b, 0x4f, 0x2c, 0x30, 0x45, 0x0e,
    0x3a, 0x37, 0x6e, 0x02, 0x62, 0x01, 0x22, 0x3b, 0x4e, 0x2d, 0x18, 0x32, 0x2d, 0x24, 0x0b, 0x1c,
    0x62, 0x38, 0x3f, 0x57, 0x35, 0x18, 0xfe, 0x88, 0x02, 0x46, 0x4d, 0x3a, 0x3b, 0x05, 0x5e, 0x6c,
    0x6c, 0xaf, 0x30, 0x07, 0x21, 0x30, 0x3d, 0x21, 0x54, 0x64, 0xc3, 0x3f, 0x4f, 0x0b, 0x01, 0x14,
    0x3b, 0x26, 0x41, 0x45, 0x30, 0x01, 0xbd, 0x41, 0x46, 0x0a, 0x01, 0x11, 0x02, 0x38, 0x93, 0x2d,
    0x3c, 0x26, 0x10, 0x0d, 0x07, 0x2a, 0x3c, 0x2e, 0x48, 0x29, 0x3a, 0x24, 0x11, 0x09, 0x12, 0x1d,
    0x14, 0x2c, 0x21, 0x20, 0x3e, 0x58, 0x39, 0x26, 0x5b, 0x50, 0x2b, 0x22, 0x45, 0x5b, 0x89, 0x1d,
    0x30, 0x22, 0x14, 0x50, 0x4e, 0x43, 0x02, 0x02, 0x02, 0x06, 0x0b, 0x28, 0x2f, 0x29, 0x28, 0x01,
    0x6c, 0x3a, 0x45, 0x3e, 0x41, 0x00, 0x00, 0x00, 0x00, 0x01, 0x00, 0x32, 0xff, 0x2c, 0x01, 0xfa,
    0x02, 0x03, 0x00, 0x34, 0x00, 0x0c, 0xb0, 0x09, 0x1c, 0xdf, 0xd6, 0x68, 0x3a, 0x1a, 0xe5, 0x5f,
    0xeb, 0x00, 0x25, 0x14, 0x0e, 0x02, 0x0f, 0x01, 0x32, 0x1e, 0x02, 0x15, 0x14, 0x06, 0x23, 0x22,
    0x26, 0x27, 0x37, 0x1e, 0x01, 0x33, 0x32, 0x36, 0x35, 0x34, 0x2b, 0x01, 0x37, 0x2e, 0x01, 0x35,
    0x34, 0x36, 0x33, 0x32, 0x1e, 0x02, 0x15, 0x23, 0x34, 0x26, 0x23, 0x22, 0x06, 0x15, 0x14, 0x16,
    0x33, 0x32, 0x36, 0x37, 0x01, 0xfa, 0x15, 0x2e, 0x48, 0x33, 0x15, 0x10, 0x1e, 0x18, 0x0e, 0x42,
    0x35, 0x1a, 0x2a, 0x0b, 0x13, 0x0b, 0x1e, 0x13, 0x14, 0x1d, 0x28, 0x34, 0x1f, 0x60, 0x66, 0x7c,
    0x74, 0x36, 0x4d, 0x31, 0x16, 0x61, 0x2d, 0x3c, 0x4d, 0x41, 0x42, 0x4c, 0x3c, 0x38, 0x03, 0xa3,
    0x21, 0x3e, 0x30, 0x20, 0x03, 0x29, 0x08, 0x11, 0x1b, 0x13, 0x2c, 0x29, 0x08, 0x06, 0x37, 0x05,
    0x06, 0x0c, 0x11, 0x1c, 0x54, 0x0b, 0x7d, 0x7a, 0x8f, 0x7f, 0x19, 0x2f, 0x43, 0x29, 0x2d, 0x35,
    0x56, 0x66, 0x5c, 0x56, 0x34, 0x2c, 0x00, 0x00, 0x00, 0x03, 0x00, 0x32, 0xff, 0xf0, 0x02, 0x08,
    0x02, 0xca, 0x00, 0x16, 0x00, 0x1f, 0x00, 0x23, 0x00, 0x0c, 0xb0, 0x09, 0x1c, 0xdf, 0xd6, 0x68,
    0x3a, 0x1a, 0xe5, 0x5f, 0xeb, 0x00, 0x37, 0x1e, 0x01, 0x33, 0x32, 0x36, 0x37, 0x33, 0x14, 0x06,
    0x23, 0x22, 0x26, 0x35, 0x34, 0x36, 0x33, 0x32, 0x1e, 0x02, 0x1d, 0x01, 0x27, 0x22, 0x06, 0x07,
    0x21, 0x34, 0x2e, 0x02, 0x03, 0x33, 0x17, 0x23, 0x92, 0x02, 0x46, 0x4b, 0x3a, 0x3b, 0x05, 0x5d,
    0x6b, 0x6c, 0x74, 0x7f, 0x7c, 0x77, 0x3f, 0x57, 0x35, 0x18, 0xe3, 0x40, 0x46, 0x0a, 0x01, 0x0f,
    0x0c, 0x1e, 0x31, 0xa0, 0x69, 0x44, 0x4f, 0xee, 0x5b, 0x50, 0x2b, 0x22, 0x45, 0x5b, 0x80, 0x8a,
    0x88, 0x81, 0x20, 0x3e, 0x58, 0x39, 0x26, 0xc4, 0x3c, 0x43, 0x1d, 0x2f, 0x21, 0x12, 0x01, 0x18,
    0x98, 0x00, 0x00, 0x00, 0x00, 0x03, 0x00, 0x32, 0xff, 0xf0, 0x02, 0x08, 0x02, 0xca, 0x00, 0x16,
    0x00, 0x1f, 0x00, 0x23, 0x00, 0x0c, 0xb0, 0x09, 0x1c, 0xdf, 0xd6, 0x68, 0x3a, 0x1a, 0xe5, 0x5f,
    0xeb, 0x00, 0x37, 0x1e, 0x01, 0x33, 0x32, 0x36, 0x37, 0x33, 0x14, 0x06, 0x23, 0x22, 0x26, 0x35,
    0x34, 0x36, 0x33, 0x32, 0x1e, 0x02, 0x1d, 0x01, 0x27, 0x22, 0x06, 0x07, 0x21, 0x34, 0x2e, 0x02,
    0x03, 0x33, 0x07, 0x23, 0x92, 0x02, 0x46, 0x4b, 0x3a, 0x3b, 0x05, 0x5d, 0x6b, 0x6c, 0x74, 0x7f,
    0x7c, 0x77, 0x3f, 0x57, 0x35, 0x18, 0xe3, 0x40, 0x46, 0x0a, 0x01, 0x0f, 0x0c, 0x1e, 0x31, 0x0d,
    0x69, 0x5d, 0x50, 0xee, 0x5b, 0x50, 0x2b, 0x22, 0x45, 0x5b, 0x80, 0x8a, 0x88, 0x81, 0x20, 0x3e,
    0x58, 0x39, 0x26, 0xc4, 0x3c, 0x43, 0x1d, 0x2f, 0x21, 0x12, 0x01, 0x18, 0x98, 0x00, 0x00, 0x00,
    0x00, 0x03, 0x00, 0x32, 0xff, 0xf0, 0x02, 0x08, 0x02, 0xc1, 0x00, 0x16, 0x00, 0x1f, 0x00, 0x26,
    0x00, 0x0c, 0xb0, 0x09, 0x1c, 0xdf, 0xd6, 0x68, 0x3a, 0x1a, 0xe5, 0x5f, 0xeb, 0x00, 0x37, 0x1e,
    0x01, 0x33, 0x32, 0x36, 0x37, 0x33, 0x14, 0x06, 0x23, 0x22, 0x26, 0x35, 0x34, 0x36, 0x33, 0x32,
    0x1e, 0x02, 0x1d, 0x01, 0x27, 0x22, 0x06, 0x07, 0x21, 0x34, 0x2e, 0x02, 0x03, 0x33, 0x17, 0x23,
    0x27, 0x07, 0x23, 0x92, 0x02, 0x46, 0x4b, 0x3a, 0x3b, 0x05, 0x5d, 0x6b, 0x6c, 0x74, 0x7f, 0x7c,
    0x77, 0x3f, 0x57, 0x35, 0x18, 0xe3, 0x40, 0x46, 0x0a, 0x01, 0x0f, 0x0c, 0x1e, 0x31, 0x53, 0x5d,
    0x63, 0x57, 0x3a, 0x3c, 0x57, 0xee, 0x5b, 0x50, 0x2b, 0x22, 0x45, 0x5b, 0x80, 0x8a, 0x88, 0x81,
    0x20, 0x3e, 0x58, 0x39, 0x26, 0xc4, 0x3c, 0x43, 0x1d, 0x2f, 0x21, 0x12, 0x01, 0x0f, 0x90, 0x5f,
    0x5f, 0x00, 0x00, 0x00, 0x00, 0x04, 0x00, 0x32, 0xff, 0xf0, 0x02, 0x08, 0x02, 0xb5, 0x00, 0x16,
    0x00, 0x1f, 0x00, 0x2b, 0x00, 0x37, 0x00, 0x0c, 0xb0, 0x09, 0x1c, 0xdf, 0xd6, 0x68, 0x3a, 0x1a,
    0xe5, 0x5f, 0xeb, 0x00, 0x37, 0x1e, 0x01, 0x33, 0x32, 0x36, 0x37, 0x33, 0x14, 0x06, 0x23, 0x22,
    0x26, 0x35, 0x34, 0x36, 0x33, 0x32, 0x1e, 0x02, 0x1d, 0x01, 0x27, 0x22, 0x06, 0x07, 0x21, 0x34,
    0x2e, 0x02, 0x27, 0x22, 0x26, 0x35, 0x34, 0x36, 0x33, 0x32, 0x16, 0x15, 0x14, 0x06, 0x33, 0x22,
    0x26, 0x35, 0x34, 0x36, 0x33, 0x32, 0x16, 0x15, 0x14, 0x06, 0x92, 0x02, 0x46, 0x4b, 0x3a, 0x3b,
    0x05, 0x5d, 0x6b, 0x6c, 0x74, 0x7f, 0x7c, 0x77, 0x3f, 0x57, 0x35, 0x18, 0xe3, 0x40, 0x46, 0x0a,
    0x01, 0x0f, 0x0c, 0x1e, 0x31, 0x83, 0x1a, 0x1e, 0x1e, 0x1a, 0x1b, 0x1e, 0x1e, 0xa0, 0x1a, 0x1e,
    0x1e, 0x1a, 0x1b, 0x1e, 0x1e, 0xee, 0x5b, 0x50, 0x2b, 0x22, 0x45, 0x5b, 0x80, 0x8a, 0x88, 0x81,
    0x20, 0x3e, 0x58, 0x39, 0x26, 0xc4, 0x3c, 0x43, 0x1d, 0x2f, 0x21, 0x12, 0x96, 0x1f, 0x19, 0x17,
    0x1e, 0x1e, 0x17, 0x19, 0x1f, 0x1f, 0x19, 0x17, 0x1e, 0x1e, 0x17, 0x19, 0x1f, 0x00, 0x00, 0x00,
    0x00, 0x02, 0x00, 0x0b, 0x00, 0x00, 0x00, 0xb8, 0x02, 0xca, 0x00, 0x03, 0x00, 0x07, 0x00, 0x0c,
    0xb0, 0x09, 0x1c, 0xdf, 0xd6, 0x68, 0x3a, 0x1a, 0xe5, 0x5f, 0xeb, 0x00, 0x13, 0x33, 0x11, 0x23,
    0x03, 0x33, 0x17, 0x23, 0x55, 0x63, 0x63, 0x4a, 0x69, 0x44, 0x4f, 0x01, 0xf4, 0xfe, 0x0c, 0x02,
    0xca, 0x98, 0x00, 0x00, 0x00, 0x02, 0x00, 0x55, 0x00, 0x00, 0x01, 0x07, 0x02, 0xca, 0x00, 0x03,
    0x00, 0x07, 0x00, 0x0c, 0xb0, 0x09, 0x1c, 0xdf, 0xd6, 0x68, 0x3a, 0x1a, 0xe5, 0x5f, 0xeb, 0x00,
    0x13, 0x33, 0x11, 0x23, 0x13, 0x33, 0x07, 0x23, 0x55, 0x63, 0x63, 0x49, 0x69, 0x5d, 0x50, 0x01,
    0xf4, 0xfe, 0x0c, 0x02, 0xca, 0x98, 0x00, 0x00, 0x00, 0x02, 0xff, 0xf4, 0x00, 0x00, 0x01, 0x18,
    0x02, 0xc1, 0x00, 0x03, 0x00, 0x0a, 0x00, 0x0c, 0xb0, 0x09, 0x1c, 0xdf, 0xd6, 0x68, 0x3a, 0x1a,
    0xe5, 0x5f, 0xeb, 0x00, 0x13, 0x33, 0x11, 0x23, 0x13, 0x33, 0x17, 0x23, 0x27, 0x07, 0x23, 0x55,
    0x63, 0x63, 0x03, 0x5d, 0x63, 0x57, 0x3a, 0x3c, 0x57, 0x01, 0xf4, 0xfe, 0x0c, 0x02, 0xc1, 0x90,
    0x5f, 0x5f, 0x00, 0x00, 0x00, 0x03, 0xff, 0xf0, 0x00, 0x00, 0x01, 0x1c, 0x02, 0xb5, 0x00, 0x03,
    0x00, 0x0f, 0x00, 0x1b, 0x00, 0x0c, 0xb0, 0x09, 0x1c, 0xdf, 0xd6, 0x68, 0x3a, 0x1a, 0xe5, 0x5f,
    0xeb, 0x00, 0x13, 0x33, 0x11, 0x23, 0x03, 0x22, 0x26, 0x35, 0x34, 0x36, 0x33, 0x32, 0x16, 0x15,
    0x14, 0x06, 0x33, 0x22, 0x26, 0x35, 0x34, 0x36, 0x33, 0x32, 0x16, 0x15, 0x14, 0x06, 0x55, 0x63,
    0x63, 0x2d, 0x1a, 0x1e, 0x1e, 0x1a, 0x1b, 0x1e, 0x1e, 0xa0, 0x1a, 0x1e, 0x1e, 0x1a, 0x1b, 0x1e,
    0x1e, 0x01, 0xf4, 0xfe, 0x0c, 0x02, 0x48, 0x1f, 0x19, 0x17, 0x1e, 0x1e, 0x17, 0x19, 0x1f, 0x1f,
    0x19, 0x17, 0x1e, 0x1e, 0x17, 0x19, 0x1f, 0x00, 0x00, 0x02, 0x00, 0x31, 0xff, 0xf0, 0x02, 0x0d,
    0x02, 0xcc, 0x00, 0x1e, 0x00, 0x2e, 0x00, 0x0c, 0xb0, 0x09, 0x1c, 0xdf, 0xd6, 0x68, 0x3a, 0x1a,
    0xe5, 0x5f, 0xeb, 0x00, 0x13, 0x37, 0x26, 0x2b, 0x01, 0x35, 0x33, 0x32, 0x16, 0x17, 0x37, 0x17,
    0x07, 0x16, 0x15, 0x14, 0x06, 0x23, 0x22, 0x26, 0x35, 0x34, 0x36, 0x33, 0x32, 0x16, 0x17, 0x2e,
    0x01, 0x27, 0x07, 0x03, 0x14, 0x1e, 0x02, 0x33, 0x32, 0x36, 0x35, 0x34, 0x26, 0x23, 0x22, 0x0e,
    0x02, 0xae, 0x7a, 0x35, 0x4a, 0x20, 0x20, 0x3f, 0x65, 0x2a, 0x71, 0x17, 0x61, 0x6f, 0x75, 0x7d,
    0x78, 0x72, 0x77, 0x73, 0x33, 0x48, 0x13, 0x08, 0x26, 0x24, 0x93, 0x31, 0x0d, 0x1f, 0x35, 0x27,
    0x4d, 0x44, 0x44, 0x4e, 0x26, 0x34, 0x20, 0x0d, 0x02, 0x30, 0x3c, 0x19, 0x47, 0x1d, 0x1c, 0x38,
    0x27, 0x31, 0x6d, 0xeb, 0x9a, 0x91, 0x85, 0x7c, 0x81, 0x84, 0x24, 0x1a, 0x2a, 0x50, 0x1e, 0x4a,
    0xfe, 0xeb, 0x2a, 0x42, 0x2d, 0x17, 0x58, 0x58, 0x61, 0x5d, 0x19, 0x30, 0x47, 0x00, 0x00, 0x00,
    0x00, 0x02, 0x00, 0x55, 0x00, 0x00, 0x02, 0x12, 0x02, 0xb1, 0x00, 0x15, 0x00, 0x31, 0x00, 0x0c,
    0xb0, 0x09, 0x1c, 0xdf, 0xd6, 0x68, 0x3a, 0x1a, 0xe5, 0x5f, 0xeb, 0x00, 0x13, 0x33, 0x15, 0x3e,
    0x03, 0x33, 0x32, 0x16, 0x15, 0x11, 0x23, 0x11, 0x34, 0x26, 0x23, 0x22, 0x06, 0x07, 0x11, 0x23,
    0x13, 0x34, 0x3e, 0x02, 0x33, 0x32, 0x16, 0x17, 0x16, 0x33, 0x32, 0x36, 0x35, 0x33, 0x14, 0x0e,
    0x02, 0x23, 0x22, 0x27, 0x2e, 0x01, 0x23, 0x22, 0x06, 0x15, 0x55, 0x63, 0x04, 0x19, 0x29, 0x39,
    0x24, 0x53, 0x64, 0x63, 0x2e, 0x3c, 0x39, 0x46, 0x0e, 0x63, 0x60, 0x0f, 0x18, 0x20, 0x12, 0x12,
    0x17, 0x0b, 0x13, 0x15, 0x0f, 0x14, 0x41, 0x0f, 0x19, 0x20, 0x10, 0x21, 0x12, 0x0a, 0x11, 0x0f,
    0x11, 0x12, 0x01, 0xf4, 0x4e, 0x12, 0x20, 0x1a, 0x0f, 0x55, 0x5e, 0xfe, 0xb2, 0x01, 0x4b, 0x2f,
    0x33, 0x34, 0x40, 0xfe, 0xc7, 0x02, 0x38, 0x1f, 0x2c, 0x1d, 0x0d, 0x0c, 0x0a, 0x13, 0x18, 0x15,
    0x20, 0x2c, 0x1b, 0x0d, 0x14, 0x09, 0x0c, 0x1a, 0x14, 0x00, 0x00, 0x00, 0x00, 0x03, 0x00, 0x32,
    0xff, 0xf0, 0x02, 0x19, 0x02, 0xca, 0x00, 0x0b, 0x00, 0x17, 0x00, 0x1b, 0x00, 0x0c, 0xb0, 0x09,
    0x1c, 0xdf, 0xd6, 0x68, 0x3a, 0x1a, 0xe5, 0x5f, 0xeb, 0x00, 0x05, 0x22, 0x26, 0x35, 0x34, 0x36,
    0x33, 0x32, 0x16, 0x15, 0x14, 0x06, 0x27, 0x32, 0x36, 0x35, 0x34, 0x26, 0x23, 0x22, 0x06, 0x15,
    0x14, 0x16, 0x03, 0x33, 0x17, 0x23, 0x01, 0x25, 0x7c, 0x77, 0x76, 0x7d, 0x7d, 0x77, 0x78, 0x7c,
    0x50, 0x41, 0x40, 0x51, 0x52, 0x3f, 0x41, 0x2b, 0x69, 0x44, 0x4f, 0x10, 0x86, 0x80, 0x81, 0x8c,
    0x8c, 0x81, 0x80, 0x86, 0x53, 0x5c, 0x57, 0x5b, 0x60, 0x60, 0x5b, 0x57, 0x5c, 0x02, 0x87, 0x98,
    0x00, 0x03, 0x00, 0x32, 0xff, 0xf0, 0x02, 0x19, 0x02, 0xca, 0x00, 0x0b, 0x00, 0x17, 0x00, 0x1b,
    0x00, 0x0c, 0xb0, 0x09, 0x1c, 0xdf, 0xd6, 0x68, 0x3a, 0x1a, 0xe5, 0x5f, 0xeb, 0x00, 0x05, 0x22,
    0x26, 0x35, 0x34, 0x36, 0x33, 0x32, 0x16, 0x15, 0x14, 0x06, 0x27, 0x32, 0x36, 0x35, 0x34, 0x26,
    0x23, 0x22, 0x06, 0x15, 0x14, 0x16, 0x13, 0x33, 0x07, 0x23, 0x01, 0x25, 0x7c, 0x77, 0x76, 0x7d,
    0x7d, 0x77, 0x78, 0x7c, 0x50, 0x41, 0x40, 0x51, 0x52, 0x3f, 0x41, 0x68, 0x69, 0x5d, 0x50, 0x10,
    0x86, 0x80, 0x81, 0x8c, 0x8c, 0x81, 0x80, 0x86, 0x53, 0x5c, 0x57, 0x5b, 0x60, 0x60, 0x5b, 0x57,
    0x5c, 0x02, 0x87, 0x98, 0x00, 0x03, 0x00, 0x32, 0xff, 0xf0, 0x02, 0x19, 0x02, 0xc1, 0x00, 0x0b,
    0x00, 0x17, 0x00, 0x1e, 0x00, 0x0c, 0xb0, 0x09, 0x1c, 0xdf, 0xd6, 0x68, 0x3a, 0x1a, 0xe5, 0x5f,
    0xeb, 0x00, 0x05, 0x22, 0x26, 0x35, 0x34, 0x36, 0x33, 0x32, 0x16, 0x15, 0x14, 0x06, 0x27, 0x32,
    0x36, 0x35, 0x34, 0x26, 0x23, 0x22, 0x06, 0x15, 0x14, 0x16, 0x13, 0x33, 0x17, 0x23, 0x27, 0x07,
    0x23, 0x01, 0x25, 0x7c, 0x77, 0x76, 0x7d, 0x7d, 0x77, 0x78, 0x7c, 0x50, 0x41, 0x40, 0x51, 0x52,
    0x3f, 0x41, 0x22, 0x5d, 0x63, 0x57, 0x3a, 0x3c, 0x57, 0x10, 0x86, 0x80, 0x81, 0x8c, 0x8c, 0x81,
    0x80, 0x86, 0x53, 0x5c, 0x57, 0x5b, 0x60, 0x60, 0x5b, 0x57, 0x5c, 0x02, 0x7e, 0x90, 0x5f, 0x5f,
    0x00, 0x03, 0x00, 0x32, 0xff, 0xf0, 0x02, 0x19, 0x02, 0xb1, 0x00, 0x0b, 0x00, 0x17, 0x00, 0x33,
    0x00, 0x0c, 0xb0, 0x09, 0x1c, 0xdf, 0xd6, 0x68, 0x3a, 0x1a, 0xe5, 0x5f, 0xeb, 0x00, 0x05, 0x22,
    0x26, 0x35, 0x34, 0x36, 0x33, 0x32, 0x16, 0x15, 0x14, 0x06, 0x27, 0x32, 0x36, 0x35, 0x34, 0x26,
    0x23, 0x22, 0x06, 0x15, 0x14, 0x16, 0x03, 0x34, 0x3e, 0x02, 0x33, 0x32, 0x16, 0x17, 0x16, 0x33,
    0x32, 0x36, 0x35, 0x33, 0x14, 0x0e, 0x02, 0x23, 0x22, 0x27, 0x2e, 0x01, 0x23, 0x22, 0x06, 0x15,
    0x01, 0x25, 0x7c, 0x77, 0x76, 0x7d, 0x7d, 0x77, 0x78, 0x7c, 0x50, 0x41, 0x40, 0x51, 0x52, 0x3f,
    0x41, 0x3d, 0x0f, 0x18, 0x20, 0x12, 0x12, 0x17, 0x0b, 0x13, 0x15, 0x0f, 0x14, 0x41, 0x0f, 0x19,
    0x20, 0x10, 0x21, 0x12, 0x0a, 0x11, 0x0f, 0x11, 0x12, 0x10, 0x86, 0x80, 0x81, 0x8c, 0x8c, 0x81,
    0x80, 0x86, 0x53, 0x5c, 0x57, 0x5b, 0x60, 0x60, 0x5b, 0x57, 0x5c, 0x01, 0xf5, 0x1f, 0x2c, 0x1d,
    0x0d, 0x0c, 0x0a, 0x13, 0x18, 0x15, 0x20, 0x2c, 0x1b, 0x0d, 0x14, 0x09, 0x0c, 0x1a, 0x14, 0x00,
    0x00, 0x04, 0x00, 0x32, 0xff, 0xf0, 0x02, 0x19, 0x02, 0xb5, 0x00, 0x0b, 0x00, 0x17, 0x00, 0x23,
    0x00, 0x2f, 0x00, 0x0c, 0xb0, 0x09, 0x1c, 0xdf, 0xd6, 0x68, 0x3a, 0x1a, 0xe5, 0x5f, 0xeb, 0x00,
    0x05, 0x22, 0x26, 0x35, 0x34, 0x36, 0x33, 0x32, 0x16, 0x15, 0x14, 0x06, 0x27, 0x32, 0x36, 0x35,
    0x34, 0x26, 0x23, 0x22, 0x06, 0x15, 0x14, 0x16, 0x03, 0x22, 0x26, 0x35, 0x34, 0x36, 0x33, 0x32,
    0x16, 0x15, 0x14, 0x06, 0x33, 0x22, 0x26, 0x35, 0x34, 0x36, 0x33, 0x32, 0x16, 0x15, 0x14, 0x06,
    0x01, 0x25, 0x7c, 0x77, 0x76, 0x7d, 0x7d, 0x77, 0x78, 0x7c, 0x50, 0x41, 0x40, 0x51, 0x52, 0x3f,
    0x41, 0x0e, 0x1a, 0x1e, 0x1e, 0x1a, 0x1b, 0x1e, 0x1e, 0xa0, 0x1a, 0x1e, 0x1e, 0x1a, 0x1b, 0x1e,
    0x1e, 0x10, 0x86, 0x80, 0x81, 0x8c, 0x8c, 0x81, 0x80, 0x86, 0x53, 0x5c, 0x57, 0x5b, 0x60, 0x60,
    0x5b, 0x57, 0x5c, 0x02, 0x05, 0x1f, 0x19, 0x17, 0x1e, 0x1e, 0x17, 0x19, 0x1f, 0x1f, 0x19, 0x17,
    0x1e, 0x1e, 0x17, 0x19, 0x1f, 0x00, 0x00, 0x00, 0x00, 0x03, 0x00, 0x22, 0x00, 0x14, 0x02, 0x26,
    0x01, 0xfd, 0x00, 0x0b, 0x00, 0x0f, 0x00, 0x1b, 0x00, 0x0c, 0xb0, 0x09, 0x1c, 0xdf, 0xd6, 0x68,
    0x3a, 0x1a, 0xe5, 0x5f, 0xeb, 0x00, 0x13, 0x34, 0x36, 0x33, 0x32, 0x16, 0x15, 0x14, 0x06, 0x23,
    0x22, 0x26, 0x07, 0x21, 0x15, 0x21, 0x17, 0x34, 0x36, 0x33, 0x32, 0x16, 0x15, 0x14, 0x06, 0x23,
    0x22, 0x26, 0xe6, 0x20, 0x1d, 0x1d, 0x20, 0x20, 0x1d, 0x1d, 0x20, 0xc4, 0x02, 0x04, 0xfd, 0xfc,
    0xc4, 0x20, 0x1d, 0x1d, 0x20, 0x20, 0x1d, 0x1d, 0x20, 0x01, 0xc4, 0x19, 0x20, 0x20, 0x19, 0x1a,
    0x21, 0x21, 0x7e, 0x47, 0x95, 0x19, 0x1f, 0x1f, 0x19, 0x1a, 0x22, 0x22, 0x00, 0x03, 0x00, 0x32,
    0xff, 0xd0, 0x02, 0x1b, 0x02, 0x28, 0x00, 0x14, 0x00, 0x1d, 0x00, 0x26, 0x00, 0x0c, 0xb0, 0x09,
    0x1c, 0xdf, 0xd6, 0x68, 0x3a, 0x1a, 0xe5, 0x5f, 0xeb, 0x00, 0x37, 0x34, 0x36, 0x33, 0x32, 0x17,
    0x37, 0x17, 0x07, 0x1e, 0x01, 0x15, 0x14, 0x06, 0x23, 0x22, 0x27, 0x07, 0x27, 0x37, 0x26, 0x25,
    0x34, 0x26, 0x27, 0x03, 0x16, 0x33, 0x32, 0x36, 0x25, 0x14, 0x16, 0x17, 0x13, 0x26, 0x23, 0x22,
    0x06, 0x32, 0x77, 0x7d, 0x43, 0x30, 0x23, 0x28, 0x20, 0x2d, 0x2a, 0x78, 0x7d, 0x47, 0x34, 0x22,
    0x28, 0x1f, 0x4e, 0x01, 0x87, 0x11, 0x14, 0xbc, 0x1d, 0x31, 0x51, 0x42, 0xfe, 0xdb, 0x0e, 0x10,
    0xba, 0x1b, 0x2b, 0x52, 0x40, 0xf6, 0x81, 0x8c, 0x15, 0x3a, 0x1e, 0x35, 0x21, 0x70, 0x4e, 0x80,
    0x86, 0x17, 0x37, 0x1e, 0x34, 0x40, 0x94, 0x30, 0x49, 0x17, 0xfe, 0xcb, 0x10, 0x5d, 0x58, 0x2a,
    0x42, 0x17, 0x01, 0x31, 0x0d, 0x60, 0x00, 0x00, 0x00, 0x02, 0x00, 0x4e, 0xff, 0xf1, 0x02, 0x05,
    0x02, 0xca, 0x00, 0x13, 0x00, 0x17, 0x00, 0x0c, 0xb0, 0x09, 0x1c, 0xdf, 0xd6, 0x68, 0x3a, 0x1a,
    0xe5, 0x5f, 0xeb, 0x00, 0x25, 0x0e, 0x01, 0x23, 0x22, 0x26, 0x35, 0x11, 0x33, 0x11, 0x14, 0x16,
    0x33, 0x32, 0x36, 0x37, 0x11, 0x33, 0x11, 0x23, 0x03, 0x33, 0x17, 0x23, 0x01, 0xa2, 0x0d, 0x5b,
    0x3c, 0x5b, 0x55, 0x63, 0x2d, 0x35, 0x34, 0x4c, 0x0f, 0x63, 0x63, 0xf2, 0x69, 0x44, 0x4f, 0x45,
    0x28, 0x2c, 0x5b, 0x58, 0x01, 0x50, 0xfe, 0xb4, 0x35, 0x2e, 0x2e, 0x34, 0x01, 0x4d, 0xfe, 0x0c,
    0x02, 0xca, 0x98, 0x00, 0x00, 0x02, 0x00, 0x4e, 0xff, 0xf1, 0x02, 0x05, 0x02, 0xca, 0x00, 0x13,
    0x00, 0x17, 0x00, 0x0c, 0xb0, 0x09, 0x1c, 0xdf, 0xd6, 0x68, 0x3a, 0x1a, 0xe5, 0x5f, 0xeb, 0x00,
    0x25, 0x0e, 0x01, 0x23, 0x22, 0x26, 0x35, 0x11, 0x33, 0x11, 0x14, 0x16, 0x33, 0x32, 0x36, 0x37,
    0x11, 0x33, 0x11, 0x23, 0x03, 0x33, 0x07, 0x23, 0x01, 0xa2, 0x0d, 0x5b, 0x3c, 0x5b, 0x55, 0x63,
    0x2d, 0x35, 0x34, 0x4c, 0x0f, 0x63, 0x63, 0x5f, 0x69, 0x5d, 0x50, 0x45, 0x28, 0x2c, 0x5b, 0x58,
    0x01, 0x50, 0xfe, 0xb4, 0x35, 0x2e, 0x2e, 0x34, 0x01, 0x4d, 0xfe, 0x0c, 0x02, 0xca, 0x98, 0x00,
    0x00, 0x02, 0x00, 0x4e, 0xff, 0xf1, 0x02, 0x05, 0x02, 0xc1, 0x00, 0x13, 0x00, 0x1a, 0x00, 0x0c,
    0xb0, 0x09, 0x1c, 0xdf, 0xd6, 0x68, 0x3a, 0x1a, 0xe5, 0x5f, 0xeb, 0x00, 0x25, 0x0e, 0x01, 0x23,
    0x22, 0x26, 0x35, 0x11, 0x33, 0x11, 0x14, 0x16, 0x33, 0x32, 0x36, 0x37, 0x11, 0x33, 0x11, 0x23,
    0x03, 0x33, 0x17, 0x23, 0x27, 0x07, 0x23, 0x01, 0xa2, 0x0d, 0x5b, 0x3c, 0x5b, 0x55, 0x63, 0x2d,
    0x35, 0x34, 0x4c, 0x0f, 0x63, 0x63, 0xa5, 0x5d, 0x63, 0x57, 0x3a, 0x3c, 0x57, 0x45, 0x28, 0x2c,
    0x5b, 0x58, 0x01, 0x50, 0xfe, 0xb4, 0x35, 0x2e, 0x2e, 0x34, 0x01, 0x4d, 0xfe, 0x0c, 0x02, 0xc1,
    0x90, 0x5f, 0x5f, 0x00, 0x00, 0x03, 0x00, 0x4e, 0xff, 0xf1, 0x02, 0x05, 0x02, 0xb5, 0x00, 0x13,
    0x00, 0x1f, 0x00, 0x2b, 0x00, 0x0c, 0xb0, 0x09, 0x1c, 0xdf, 0xd6, 0x68, 0x3a, 0x1a, 0xe5, 0x5f,
    0xeb, 0x00, 0x25, 0x0e, 0x01, 0x23, 0x22, 0x26, 0x35, 0x11, 0x33, 0x11, 0x14, 0x16, 0x33, 0x32,
    0x36, 0x37, 0x11, 0x33, 0x11, 0x23, 0x03, 0x22, 0x26, 0x35, 0x34, 0x36, 0x33, 0x32, 0x16, 0x15,
    0x14, 0x06, 0x33, 0x22, 0x26, 0x35, 0x34, 0x36, 0x33, 0x32, 0x16, 0x15, 0x14, 0x06, 0x01, 0xa2,
    0x0d, 0x5b, 0x3c, 0x5b, 0x55, 0x63, 0x2d, 0x35, 0x34, 0x4c, 0x0f, 0x63, 0x63, 0xd5, 0x1a, 0x1e,
    0x1e, 0x1a, 0x1b, 0x1e, 0x1e, 0xa0, 0x1a, 0x1e, 0x1e, 0x1a, 0x1b, 0x1e, 0x1e, 0x45, 0x28, 0x2c,
    0x5b, 0x58, 0x01, 0x50, 0xfe, 0xb4, 0x35, 0x2e, 0x2e, 0x34, 0x01, 0x4d, 0xfe, 0x0c, 0x02, 0x48,
    0x1f, 0x19, 0x17, 0x1e, 0x1e, 0x17, 0x19, 0x1f, 0x1f, 0x19, 0x17, 0x1e, 0x1e, 0x17, 0x19, 0x1f,
    0x00, 0x02, 0x00, 0x10, 0xff, 0x35, 0x01, 0xf6, 0x02, 0xca, 0x00, 0x1a, 0x00, 0x1e, 0x00, 0x0c,
    0xb0, 0x09, 0x1c, 0xdf, 0xd6, 0x68, 0x3a, 0x1a, 0xe5, 0x5f, 0xeb, 0x00, 0x17, 0x16, 0x33, 0x32,
    0x3e, 0x02, 0x3f, 0x01, 0x03, 0x33, 0x13, 0x1e, 0x01, 0x17, 0x3e, 0x01, 0x37, 0x13, 0x33, 0x03,
    0x0e, 0x01, 0x23, 0x22, 0x26, 0x27, 0x13, 0x33, 0x07, 0x23, 0x47, 0x10, 0x16, 0x10, 0x1d, 0x19,
    0x17, 0x09, 0x0b, 0xce, 0x67, 0x7b, 0x08, 0x0b, 0x05, 0x05, 0x0b, 0x07, 0x6e, 0x67, 0xdb, 0x19,
    0x52, 0x31, 0x14, 0x18, 0x0c, 0xd3, 0x69, 0x5d, 0x50, 0x6b, 0x06, 0x07, 0x13, 0x23, 0x1b, 0x1f,
    0x01, 0xee, 0xfe, 0xc1, 0x13, 0x27, 0x11, 0x11, 0x27, 0x13, 0x01, 0x3f, 0xfd, 0xc0, 0x42, 0x3d,
    0x04, 0x04, 0x03, 0x8d, 0x98, 0x00, 0x00, 0x00, 0x00, 0x02, 0x00, 0x55, 0xff, 0x38, 0x02, 0x2e,
    0x02, 0xbc, 0x00, 0x12, 0x00, 0x20, 0x00, 0x0c, 0xb0, 0x09, 0x1c, 0xdf, 0xd6, 0x68, 0x3a, 0x1a,
    0xe5, 0x5f, 0xeb, 0x00, 0x13, 0x33, 0x11, 0x3e, 0x01, 0x33, 0x32, 0x1e, 0x02, 0x15, 0x14, 0x06,
    0x23, 0x22, 0x26, 0x27, 0x11, 0x23, 0x13, 0x22, 0x06, 0x15, 0x14, 0x16, 0x33, 0x32, 0x36, 0x35,
    0x34, 0x2e, 0x02, 0x55, 0x63, 0x18, 0x5d, 0x36, 0x35, 0x4d, 0x31, 0x18, 0x72, 0x6b, 0x3c, 0x4b,
    0x12, 0x63, 0xf6, 0x4c, 0x4c, 0x3e, 0x50, 0x4b, 0x40, 0x0d, 0x1e, 0x31, 0x02, 0xbc, 0xfe, 0xed,
    0x2a, 0x30, 0x26, 0x44, 0x60, 0x3a, 0x83, 0x8b, 0x30, 0x23, 0xfe, 0xf4, 0x02, 0x77, 0x52, 0x62,
    0x60, 0x57, 0x5b, 0x60, 0x27, 0x41, 0x2e, 0x1a, 0x00, 0x03, 0x00, 0x10, 0xff, 0x35, 0x01, 0xf6,
    0x02, 0xb5, 0x00, 0x1a, 0x00, 0x26, 0x00, 0x32, 0x00, 0x0c, 0xb0, 0x09, 0x1c, 0xdf, 0xd6, 0x68,
    0x3a, 0x1a, 0xe5, 0x5f, 0xeb, 0x00, 0x17, 0x16, 0x33, 0x32, 0x3e, 0x02, 0x3f, 0x01, 0x03, 0x33,
    0x13, 0x1e, 0x01, 0x17, 0x3e, 0x01, 0x37, 0x13, 0x33, 0x03, 0x0e, 0x01, 0x23, 0x22, 0x26, 0x27,
    0x13, 0x22, 0x26, 0x35, 0x34, 0x36, 0x33, 0x32, 0x16, 0x15, 0x14, 0x06, 0x33, 0x22, 0x26, 0x35,
    0x34, 0x36, 0x33, 0x32, 0x16, 0x15, 0x14, 0x06, 0x47, 0x10, 0x16, 0x10, 0x1d, 0x19, 0x17, 0x09,
    0x0b, 0xce, 0x67, 0x7b, 0x08, 0x0b, 0x05, 0x05, 0x0b, 0x07, 0x6e, 0x67, 0xdb, 0x19, 0x52, 0x31,
    0x14, 0x18, 0x0c, 0x5e, 0x1a, 0x1e, 0x1e, 0x1a, 0x1b, 0x1e, 0x1e, 0xa0, 0x1a, 0x1e, 0x1e, 0x1a,
    0x1b, 0x1e, 0x1e, 0x6b, 0x06, 0x07, 0x13, 0x23, 0x1b, 0x1f, 0x01, 0xee, 0xfe, 0xc1, 0x13, 0x27,
    0x11, 0x11, 0x27, 0x13, 0x01, 0x3f, 0xfd, 0xc0, 0x42, 0x3d, 0x04, 0x04, 0x03, 0x0b, 0x1f, 0x19,
    0x17, 0x1e, 0x1e, 0x17, 0x19, 0x1f, 0x1f, 0x19, 0x17, 0x1e, 0x1e, 0x17, 0x19, 0x1f, 0x00, 0x00,
    0x00, 0x03, 0x00, 0x15, 0x00, 0x00, 0x02, 0x8b, 0x03, 0x36, 0x00, 0x07, 0x00, 0x0a, 0x00, 0x0e,
    0x00, 0x0c, 0xb0, 0x09, 0x1c, 0xdf, 0xd6, 0x68, 0x3a, 0x1a, 0xe5, 0x5f, 0xeb, 0x00, 0x01, 0x33,
    0x13, 0x23, 0x03, 0x23, 0x03, 0x23, 0x13, 0x33, 0x03, 0x27, 0x21, 0x15, 0x21, 0x01, 0x0c, 0x87,
    0xf8, 0x67, 0x5b, 0xf4, 0x5a, 0x66, 0xdc, 0xbc, 0x5e, 0x87, 0x01, 0x0f, 0xfe, 0xf1, 0x02, 0xbc,
    0xfd, 0x44, 0x01, 0x07, 0xfe, 0xf9, 0x01, 0x59, 0x01, 0x11, 0xcc, 0x44, 0x00, 0x03, 0x00, 0x33,
    0xff, 0xf6, 0x01, 0xee, 0x02, 0x8f, 0x00, 0x25, 0x00, 0x32, 0x00, 0x36, 0x00, 0x0c, 0xb0, 0x09,
    0x1c, 0xdf, 0xd6, 0x68, 0x3a, 0x1a, 0xe5, 0x5f, 0xeb, 0x00, 0x25, 0x0e, 0x03, 0x23, 0x22, 0x2e,
    0x02, 0x35, 0x34, 0x3e, 0x02, 0x33, 0x32, 0x16, 0x17, 0x35, 0x34, 0x26, 0x23, 0x22, 0x07, 0x23,
    0x3e, 0x03, 0x33, 0x32, 0x1e, 0x02, 0x15, 0x11, 0x23, 0x27, 0x32, 0x36, 0x37, 0x35, 0x2e, 0x01,
    0x23, 0x22, 0x06, 0x15, 0x14, 0x16, 0x03, 0x21, 0x15, 0x21, 0x01, 0x8d, 0x07, 0x21, 0x2f, 0x3a,
    0x20, 0x25, 0x3e, 0x2d, 0x19, 0x22, 0x3b, 0x4f, 0x2c, 0x2e, 0x46, 0x0e, 0x39, 0x37, 0x6e, 0x02,
    0x62, 0x01, 0x22, 0x3b, 0x4e, 0x2d, 0x25, 0x48, 0x39, 0x24, 0x61, 0x9b, 0x36, 0x57, 0x0e, 0x14,
    0x3b, 0x25, 0x41, 0x45, 0x32, 0x28, 0x01, 0x0a, 0xfe, 0xf6, 0x5d, 0x17, 0x26, 0x1b, 0x0f, 0x14,
    0x28, 0x3b, 0x26, 0x2d, 0x3c, 0x26, 0x10, 0x0d, 0x07, 0x2a, 0x3c, 0x2e, 0x48, 0x29, 0x3a, 0x24,
    0x11, 0x0e, 0x28, 0x49, 0x3b, 0xfe, 0xb8, 0x46, 0x39, 0x39, 0x25, 0x06, 0x0b, 0x28, 0x2f, 0x29,
    0x28, 0x02, 0x49, 0x44, 0x00, 0x03, 0x00, 0x15, 0x00, 0x00, 0x02, 0x8b, 0x03, 0x5e, 0x00, 0x07,
    0x00, 0x0a, 0x00, 0x16, 0x00, 0x0c, 0xb0, 0x09, 0x1c, 0xdf, 0xd6, 0x68, 0x3a, 0x1a, 0xe5, 0x5f,
    0xeb, 0x00, 0x01, 0x33, 0x13, 0x23, 0x03, 0x23, 0x03, 0x23, 0x13, 0x33, 0x03, 0x35, 0x22, 0x26,
    0x27, 0x33, 0x16, 0x33, 0x32, 0x37, 0x33, 0x0e, 0x01, 0x01, 0x0c, 0x87, 0xf8, 0x67, 0x5b, 0xf4,
    0x5a, 0x66, 0xdc, 0xbc, 0x5e, 0x42, 0x46, 0x02, 0x4f, 0x01, 0x3a, 0x3a, 0x01, 0x4f, 0x02, 0x46,
    0x02, 0xbc, 0xfd, 0x44, 0x01, 0x07, 0xfe, 0xf9, 0x01, 0x59, 0x01, 0x11, 0x7d, 0x3b, 0x3c, 0x3c,
    0x3c, 0x3c, 0x3b, 0x00, 0x00, 0x03, 0x00, 0x33, 0xff, 0xf6, 0x01, 0xee, 0x02, 0xb8, 0x00, 0x25,
    0x00, 0x32, 0x00, 0x40, 0x00, 0x0c, 0xb0, 0x09, 0x1c, 0xdf, 0xd6, 0x68, 0x3a, 0x1a, 0xe5, 0x5f,
    0xeb, 0x00, 0x25, 0x0e, 0x03, 0x23, 0x22, 0x2e, 0x02, 0x35, 0x34, 0x3e, 0x02, 0x33, 0x32, 0x16,
    0x17, 0x35, 0x34, 0x26, 0x23, 0x22, 0x07, 0x23, 0x3e, 0x03, 0x33, 0x32, 0x1e, 0x02, 0x15, 0x11,
    0x23, 0x27, 0x32, 0x36, 0x37, 0x35, 0x2e, 0x01, 0x23, 0x22, 0x06, 0x15, 0x14, 0x16, 0x13, 0x22,
    0x26, 0x27, 0x33, 0x1e, 0x01, 0x33, 0x32, 0x36, 0x37, 0x33, 0x0e, 0x01, 0x01, 0x8d, 0x07, 0x21,
    0x2f, 0x3a, 0x20, 0x25, 0x3e, 0x2d, 0x19, 0x22, 0x3b, 0x4f, 0x2c, 0x2e, 0x46, 0x0e, 0x39, 0x37,
    0x6e, 0x02, 0x62, 0x01, 0x22, 0x3b, 0x4e, 0x2d, 0x25, 0x48, 0x39, 0x24, 0x61, 0x9b, 0x36, 0x57,
    0x0e, 0x14, 0x3b, 0x25, 0x41, 0x45, 0x32, 0x5d, 0x43, 0x49, 0x02, 0x4d, 0x01, 0x25, 0x1b, 0x1c,
    0x24, 0x01, 0x4d, 0x01, 0x4a, 0x5d, 0x17, 0x26, 0x1b, 0x0f, 0x14, 0x28, 0x3b, 0x26, 0x2d, 0x3c,
    0x26, 0x10, 0x0d, 0x07, 0x2a, 0x3c, 0x2e, 0x48, 0x29, 0x3a, 0x24, 0x11, 0x0e, 0x28, 0x49, 0x3b,
    0xfe, 0xb8, 0x46, 0x39, 0x39, 0x25, 0x06, 0x0b, 0x28, 0x2f, 0x29, 0x28, 0x01, 0xeb, 0x43, 0x44,
    0x2a, 0x21, 0x21, 0x2a, 0x44, 0x43, 0x00, 0x00, 0x00, 0x02, 0x00, 0x15, 0xff, 0x06, 0x02, 0x8b,
    0x02, 0xbc, 0x00, 0x19, 0x00, 0x1c, 0x00, 0x0c, 0xb0, 0x09, 0x1c, 0xdf, 0xd6, 0x68, 0x3a, 0x1a,
    0xe5, 0x5f, 0xeb, 0x00, 0x01, 0x33, 0x13, 0x23, 0x0e, 0x01, 0x15, 0x14, 0x33, 0x32, 0x36, 0x37,
    0x17, 0x0e, 0x01, 0x23, 0x22, 0x26, 0x35, 0x34, 0x36, 0x37, 0x03, 0x23, 0x03, 0x23, 0x13, 0x33,
    0x03, 0x01, 0x0c, 0x87, 0xf8, 0x01, 0x45, 0x31, 0x33, 0x0e, 0x1a, 0x0a, 0x11, 0x0e, 0x29, 0x1e,
    0x37, 0x3e, 0x35, 0x2d, 0x59, 0xf4, 0x5a, 0x66, 0xdc, 0xbc, 0x5e, 0x02, 0xbc, 0xfd, 0x44, 0x1d,
    0x3d, 0x20, 0x35, 0x08, 0x09, 0x3e, 0x0e, 0x10, 0x35, 0x36, 0x33, 0x46, 0x1c, 0x01, 0x01, 0xfe,
    0xf9, 0x01, 0x59, 0x01, 0x11, 0x00, 0x00, 0x00, 0x00, 0x02, 0x00, 0x33, 0xff, 0x06, 0x01, 0xee,
    0x02, 0x02, 0x00, 0x36, 0x00, 0x43, 0x00, 0x0c, 0xb0, 0x09, 0x1c, 0xdf, 0xd6, 0x68, 0x3a, 0x1a,
    0xe5, 0x5f, 0xeb, 0x00, 0x21, 0x0e, 0x01, 0x15, 0x14, 0x33, 0x32, 0x36, 0x37, 0x17, 0x0e, 0x01,
    0x23, 0x22, 0x26, 0x35, 0x34, 0x36, 0x37, 0x35, 0x0e, 0x03, 0x23, 0x22, 0x2e, 0x02, 0x35, 0x34,
    0x3e, 0x02, 0x33, 0x32, 0x16, 0x17, 0x35, 0x34, 0x26, 0x23, 0x22, 0x07, 0x23, 0x3e, 0x03, 0x33,
    0x32, 0x1e, 0x02, 0x15, 0x03, 0x32, 0x36, 0x37, 0x35, 0x2e, 0x01, 0x23, 0x22, 0x06, 0x15, 0x14,
    0x16, 0x01, 0xee, 0x45, 0x31, 0x33, 0x0e, 0x1a, 0x0a, 0x11, 0x0e, 0x29, 0x1e, 0x36, 0x3f, 0x39,
    0x30, 0x07, 0x21, 0x2f, 0x3a, 0x20, 0x25, 0x3e, 0x2d, 0x19, 0x22, 0x3b, 0x4f, 0x2c, 0x2e, 0x46,
    0x0e, 0x39, 0x37, 0x6e, 0x02, 0x62, 0x01, 0x22, 0x3b, 0x4e, 0x2d, 0x25, 0x48, 0x39, 0x24, 0xfc,
    0x36, 0x57, 0x0e, 0x14, 0x3b, 0x25, 0x41, 0x45, 0x32, 0x1d, 0x3d, 0x20, 0x35, 0x08, 0x09, 0x3e,
    0x0e, 0x10, 0x36, 0x36, 0x33, 0x49, 0x1d, 0x52, 0x17, 0x26, 0x1b, 0x0f, 0x14, 0x28, 0x3b, 0x26,
    0x2d, 0x3c, 0x26, 0x10, 0x0d, 0x07, 0x2a, 0x3c, 0x2e, 0x48, 0x29, 0x3a, 0x24, 0x11, 0x0e, 0x28,
    0x49, 0x3b, 0xfe, 0xfe, 0x39, 0x39, 0x25, 0x06, 0x0b, 0x28, 0x2f, 0x29, 0x28, 0x00, 0x00, 0x00,
    0x00, 0x02, 0x00, 0x37, 0xff, 0xf0, 0x02, 0x8c, 0x03, 0x6f, 0x00, 0x25, 0x00, 0x29, 0x00, 0x0c,
    0xb0, 0x09, 0x1c, 0xdf, 0xd6, 0x68, 0x3a, 0x1a, 0xe5, 0x5f, 0xeb, 0x00, 0x25, 0x0e, 0x03, 0x23,
    0x22, 0x26, 0x35, 0x34, 0x3e, 0x02, 0x33, 0x32, 0x16, 0x17, 0x23, 0x2e, 0x03, 0x23, 0x22, 0x0e,
    0x02, 0x15, 0x14, 0x1e, 0x02, 0x33, 0x32, 0x3e, 0x02, 0x37, 0x03, 0x33, 0x07, 0x23, 0x02, 0x8c,
    0x04, 0x2d, 0x4a, 0x63, 0x3a, 0xa4, 0x99, 0x2d, 0x52, 0x73, 0x47, 0x81, 0x8a, 0x04, 0x63, 0x02,
    0x13, 0x28, 0x40, 0x2f, 0x34, 0x4f, 0x34, 0x1b, 0x18, 0x34, 0x51, 0x39, 0x32, 0x43, 0x29, 0x13,
    0x03, 0xb2, 0x7b, 0x5c, 0x59, 0xd9, 0x3f, 0x59, 0x37, 0x1a, 0xbb, 0xb5, 0x65, 0x8b, 0x57, 0x27,
    0x75, 0x7a, 0x24, 0x37, 0x24, 0x12, 0x19, 0x3f, 0x6c, 0x53, 0x48, 0x65, 0x40, 0x1d, 0x12, 0x23,
    0x33, 0x22, 0x02, 0x96, 0x80, 0x00, 0x00, 0x00, 0x00, 0x02, 0x00, 0x32, 0xff, 0xf0, 0x01, 0xfa,
    0x02, 0xca, 0x00, 0x1d, 0x00, 0x21, 0x00, 0x0c, 0xb0, 0x09, 0x1c, 0xdf, 0xd6, 0x68, 0x3a, 0x1a,
    0xe5, 0x5f, 0xeb, 0x00, 0x25, 0x14, 0x0e, 0x02, 0x23, 0x22, 0x26, 0x35, 0x34, 0x36, 0x33, 0x32,
    0x1e, 0x02, 0x15, 0x23, 0x34, 0x26, 0x23, 0x22, 0x06, 0x15, 0x14, 0x16, 0x33, 0x32, 0x36, 0x37,
    0x03, 0x33, 0x07, 0x23, 0x01, 0xfa, 0x18, 0x34, 0x52, 0x3a, 0x73, 0x7d, 0x7c, 0x74, 0x36, 0x4d,
    0x31, 0x16, 0x61, 0x2d, 0x3c, 0x4d, 0x41, 0x42, 0x4c, 0x3c, 0x38, 0x03, 0x64, 0x69, 0x5d, 0x50,
    0xa3, 0x23, 0x41, 0x32, 0x1d, 0x7e, 0x87, 0x8f, 0x7f, 0x19, 0x2f, 0x43, 0x29, 0x2d, 0x35, 0x56,
    0x66, 0x5c, 0x56, 0x34, 0x2c, 0x02, 0x27, 0x98, 0x00, 0x02, 0x00, 0x37, 0xff, 0xf0, 0x02, 0x8c,
    0x03, 0x65, 0x00, 0x25, 0x00, 0x2c, 0x00, 0x0c, 0xb0, 0x09, 0x1c, 0xdf, 0xd6, 0x68, 0x3a, 0x1a,
    0xe5, 0x5f, 0xeb, 0x00, 0x25, 0x0e, 0x03, 0x23, 0x22, 0x26, 0x35, 0x34, 0x3e, 0x02, 0x33, 0x32,
    0x16, 0x17, 0x23, 0x2e, 0x03, 0x23, 0x22, 0x0e, 0x02, 0x15, 0x14, 0x1e, 0x02, 0x33, 0x32, 0x3e,
    0x02, 0x37, 0x03, 0x33, 0x17, 0x23, 0x27, 0x07, 0x23, 0x02, 0x8c, 0x04, 0x2d, 0x4a, 0x63, 0x3a,
    0xa4, 0x99, 0x2d, 0x52, 0x73, 0x47, 0x81, 0x8a, 0x04, 0x63, 0x02, 0x13, 0x28, 0x40, 0x2f, 0x34,
    0x4f, 0x34, 0x1b, 0x18, 0x34, 0x51, 0x39, 0x32, 0x43, 0x29, 0x13, 0x03, 0xea, 0x68, 0x67, 0x5e,
    0x3d, 0x3d, 0x5e, 0xd9, 0x3f, 0x59, 0x37, 0x1a, 0xbb, 0xb5, 0x65, 0x8b, 0x57, 0x27, 0x75, 0x7a,
    0x24, 0x37, 0x24, 0x12, 0x19, 0x3f, 0x6c, 0x53, 0x48, 0x65, 0x40, 0x1d, 0x12, 0x23, 0x33, 0x22,
    0x02, 0x8c, 0x7d, 0x4f, 0x4f, 0x00, 0x00, 0x00, 0x00, 0x02, 0x00, 0x32, 0xff, 0xf0, 0x01, 0xfa,
    0x02, 0xc1, 0x00, 0x1d, 0x00, 0x24, 0x00, 0x0c, 0xb0, 0x09, 0x1c, 0xdf, 0xd6, 0x68, 0x3a, 0x1a,
    0xe5, 0x5f, 0xeb, 0x00, 0x25, 0x14, 0x0e, 0x02, 0x23, 0x22, 0x26, 0x35, 0x34, 0x36, 0x33, 0x32,
    0x1e, 0x02, 0x15, 0x23, 0x34, 0x26, 0x23, 0x22, 0x06, 0x15, 0x14, 0x16, 0x33, 0x32, 0x36, 0x37,
    0x03, 0x33, 0x17, 0x23, 0x27, 0x07, 0x23, 0x01, 0xfa, 0x18, 0x34, 0x52, 0x3a, 0x73, 0x7d, 0x7c,
    0x74, 0x36, 0x4d, 0x31, 0x16, 0x61, 0x2d, 0x3c, 0x4d, 0x41, 0x42, 0x4c, 0x3c, 0x38, 0x03, 0xaa,
    0x5d, 0x63, 0x57, 0x3a, 0x3c, 0x57, 0xa3, 0x23, 0x41, 0x32, 0x1d, 0x7e, 0x87, 0x8f, 0x7f, 0x19,
    0x2f, 0x43, 0x29, 0x2d, 0x35, 0x56, 0x66, 0x5c, 0x56, 0x34, 0x2c, 0x02, 0x1e, 0x90, 0x5f, 0x5f,
    0x00, 0x02, 0x00, 0x37, 0xff, 0xf0, 0x02, 0x8c, 0x03, 0x5d, 0x00, 0x25, 0x00, 0x31, 0x00, 0x0c,
    0xb0, 0x09, 0x1c, 0xdf, 0xd6, 0x68, 0x3a, 0x1a, 0xe5, 0x5f, 0xeb, 0x00, 0x25, 0x0e, 0x03, 0x23,
    0x22, 0x26, 0x35, 0x34, 0x3e, 0x02, 0x33, 0x32, 0x16, 0x17, 0x23, 0x2e, 0x03, 0x23, 0x22, 0x0e,
    0x02, 0x15, 0x14, 0x1e, 0x02, 0x33, 0x32, 0x3e, 0x02, 0x37, 0x03, 0x22, 0x26, 0x35, 0x34, 0x36,
    0x33, 0x32, 0x16, 0x15, 0x14, 0x06, 0x02, 0x8c, 0x04, 0x2d, 0x4a, 0x63, 0x3a, 0xa4, 0x99, 0x2d,
    0x52, 0x73, 0x47, 0x81, 0x8a, 0x04, 0x63, 0x02, 0x13, 0x28, 0x40, 0x2f, 0x34, 0x4f, 0x34, 0x1b,
    0x18, 0x34, 0x51, 0x39, 0x32, 0x43, 0x29, 0x13, 0x03, 0xb6, 0x1d, 0x1e, 0x1e, 0x1d, 0x1d, 0x1d,
    0x1d, 0xd9, 0x3f, 0x59, 0x37, 0x1a, 0xbb, 0xb5, 0x65, 0x8b, 0x57, 0x27, 0x75, 0x7a, 0x24, 0x37,
    0x24, 0x12, 0x19, 0x3f, 0x6c, 0x53, 0x48, 0x65, 0x40, 0x1d, 0x12, 0x23, 0x33, 0x22, 0x02, 0x15,
    0x20, 0x19, 0x18, 0x1e, 0x1e, 0x18, 0x19, 0x20, 0x00, 0x02, 0x00, 0x32, 0xff, 0xf0, 0x01, 0xfa,
    0x02, 0xb9, 0x00, 0x1d, 0x00, 0x29, 0x00, 0x0c, 0xb0, 0x09, 0x1c, 0xdf, 0xd6, 0x68, 0x3a, 0x1a,
    0xe5, 0x5f, 0xeb, 0x00, 0x25, 0x14, 0x0e, 0x02, 0x23, 0x22, 0x26, 0x35, 0x34, 0x36, 0x33, 0x32,
    0x1e, 0x02, 0x15, 0x23, 0x34, 0x26, 0x23, 0x22, 0x06, 0x15, 0x14, 0x16, 0x33, 0x32, 0x36, 0x37,
    0x03, 0x22, 0x26, 0x35, 0x34, 0x36, 0x33, 0x32, 0x16, 0x15, 0x14, 0x06, 0x01, 0xfa, 0x18, 0x34,
    0x52, 0x3a, 0x73, 0x7d, 0x7c, 0x74, 0x36, 0x4d, 0x31, 0x16, 0x61, 0x2d, 0x3c, 0x4d, 0x41, 0x42,
    0x4c, 0x3c, 0x38, 0x03, 0x7d, 0x1c, 0x1e, 0x1e, 0x1c, 0x1d, 0x1e, 0x1e, 0xa3, 0x23, 0x41, 0x32,
    0x1d, 0x7e, 0x87, 0x8f, 0x7f, 0x19, 0x2f, 0x43, 0x29, 0x2d, 0x35, 0x56, 0x66, 0x5c, 0x56, 0x34,
    0x2c, 0x01, 0xa3, 0x21, 0x1a, 0x18, 0x20, 0x20, 0x18, 0x1a, 0x21, 0x00, 0x00, 0x02, 0x00, 0x37,
    0xff, 0xf0, 0x02, 0x8c, 0x03, 0x65, 0x00, 0x25, 0x00, 0x2c, 0x00, 0x0c, 0xb0, 0x09, 0x1c, 0xdf,
    0xd6, 0x68, 0x3a, 0x1a, 0xe5, 0x5f, 0xeb, 0x00, 0x25, 0x0e, 0x03, 0x23, 0x22, 0x26, 0x35, 0x34,
    0x3e, 0x02, 0x33, 0x32, 0x16, 0x17, 0x23, 0x2e, 0x03, 0x23, 0x22, 0x0e, 0x02, 0x15, 0x14, 0x1e,
    0x02, 0x33, 0x32, 0x3e, 0x02, 0x37, 0x01, 0x33, 0x17, 0x37, 0x33, 0x07, 0x23, 0x02, 0x8c, 0x04,
    0x2d, 0x4a, 0x63, 0x3a, 0xa4, 0x99, 0x2d, 0x52, 0x73, 0x47, 0x81, 0x8a, 0x04, 0x63, 0x02, 0x13,
    0x28, 0x40, 0x2f, 0x34, 0x4f, 0x34, 0x1b, 0x18, 0x34, 0x51, 0x39, 0x32, 0x43, 0x29, 0x13, 0x03,
    0xfe, 0xac, 0x5f, 0x3f, 0x3f, 0x5e, 0x6a, 0x67, 0xd9, 0x3f, 0x59, 0x37, 0x1a, 0xbb, 0xb5, 0x65,
    0x8b, 0x57, 0x27, 0x75, 0x7a, 0x24, 0x37, 0x24, 0x12, 0x19, 0x3f, 0x6c, 0x53, 0x48, 0x65, 0x40,
    0x1d, 0x12, 0x23, 0x33, 0x22, 0x02, 0x8c, 0x4f, 0x4f, 0x7d, 0x00, 0x00, 0x00, 0x02, 0x00, 0x32,
    0xff, 0xf0, 0x01, 0xfa, 0x02, 0xbf, 0x00, 0x1d, 0x00, 0x24, 0x00, 0x0c, 0xb0, 0x09, 0x1c, 0xdf,
    0xd6, 0x68, 0x3a, 0x1a, 0xe5, 0x5f, 0xeb, 0x00, 0x25, 0x14, 0x0e, 0x02, 0x23, 0x22, 0x26, 0x35,
    0x34, 0x36, 0x33, 0x32, 0x1e, 0x02, 0x15, 0x23, 0x34, 0x26, 0x23, 0x22, 0x06, 0x15, 0x14, 0x16,
    0x33, 0x32, 0x36, 0x37, 0x01, 0x33, 0x17, 0x37, 0x33, 0x07, 0x23, 0x01, 0xfa, 0x18, 0x34, 0x52,
    0x3a, 0x73, 0x7d, 0x7c, 0x74, 0x36, 0x4d, 0x31, 0x16, 0x61, 0x2d, 0x3c, 0x4d, 0x41, 0x42, 0x4c,
    0x3c, 0x38, 0x03, 0xfe, 0xf2, 0x57, 0x3b, 0x3a, 0x57, 0x63, 0x5d, 0xa3, 0x23, 0x41, 0x32, 0x1d,
    0x7e, 0x87, 0x8f, 0x7f, 0x19, 0x2f, 0x43, 0x29, 0x2d, 0x35, 0x56, 0x66, 0x5c, 0x56, 0x34, 0x2c,
    0x02, 0x1c, 0x63, 0x63, 0x94, 0x00, 0x00, 0x00, 0x00, 0x03, 0x00, 0x5c, 0x00, 0x00, 0x02, 0x9a,
    0x03, 0x65, 0x00, 0x0c, 0x00, 0x19, 0x00, 0x20, 0x00, 0x0c, 0xb0, 0x09, 0x1c, 0xdf, 0xd6, 0x68,
    0x3a, 0x1a, 0xe5, 0x5f, 0xeb, 0x00, 0x13, 0x21, 0x32, 0x1e, 0x02, 0x15, 0x14, 0x0e, 0x02, 0x23,
    0x21, 0x13, 0x11, 0x33, 0x32, 0x3e, 0x02, 0x35, 0x34, 0x2e, 0x02, 0x23, 0x03, 0x33, 0x17, 0x37,
    0x33, 0x07, 0x23, 0x5c, 0x01, 0x1f, 0x4d, 0x6d, 0x45, 0x20, 0x26, 0x4d, 0x76, 0x51, 0xfe, 0xfc,
    0x65, 0x94, 0x41, 0x56, 0x34, 0x16, 0x15, 0x2f, 0x4c, 0x37, 0xbd, 0x5f, 0x3f, 0x3f, 0x5e, 0x6a,
    0x67, 0x02, 0xbc, 0x32, 0x5a, 0x7e, 0x4c, 0x52, 0x84, 0x5d, 0x33, 0x02, 0x62, 0xfd, 0xf8, 0x23,
    0x44, 0x64, 0x41, 0x3f, 0x5e, 0x3f, 0x20, 0x01, 0x03, 0x4f, 0x4f, 0x7d, 0x00, 0x03, 0x00, 0x32,
    0xff, 0xf1, 0x02, 0xa7, 0x02, 0xc6, 0x00, 0x03, 0x00, 0x16, 0x00, 0x22, 0x00, 0x0c, 0xb0, 0x09,
    0x1c, 0xdf, 0xd6, 0x68, 0x3a, 0x1a, 0xe5, 0x5f, 0xeb, 0x00, 0x01, 0x33, 0x07, 0x23, 0x03, 0x0e,
    0x01, 0x23, 0x22, 0x26, 0x35, 0x34, 0x3e, 0x02, 0x33, 0x32, 0x16, 0x17, 0x11, 0x33, 0x11, 0x23,
    0x37, 0x34, 0x26, 0x23, 0x22, 0x06, 0x15, 0x14, 0x16, 0x33, 0x32, 0x36, 0x02, 0x49, 0x5e, 0x19,
    0x45, 0xa3, 0x17, 0x56, 0x32, 0x6c, 0x69, 0x1e, 0x39, 0x53, 0x35, 0x3a, 0x49, 0x12, 0x63, 0x63,
    0x05, 0x3d, 0x4e, 0x4a, 0x42, 0x3d, 0x4a, 0x4d, 0x43, 0x02, 0xc5, 0xbf, 0xfe, 0x42, 0x27, 0x30,
    0x88, 0x7d, 0x3c, 0x64, 0x46, 0x27, 0x2e, 0x21, 0x01, 0x12, 0xfd, 0x3a, 0xfa, 0x60, 0x55, 0x62,
    0x57, 0x58, 0x5a, 0x54, 0x00, 0x02, 0x00, 0x0f, 0x00, 0x00, 0x02, 0x9a, 0x02, 0xbc, 0x00, 0x10,
    0x00, 0x1f, 0x00, 0x0c, 0xb0, 0x09, 0x1c, 0xdf, 0xd6, 0x68, 0x3a, 0x1a, 0xe5, 0x5f, 0xeb, 0x00,
    0x13, 0x33, 0x11, 0x21, 0x32, 0x1e, 0x02, 0x15, 0x14, 0x0e, 0x02, 0x23, 0x21, 0x11, 0x23, 0x13,
    0x15, 0x33, 0x15, 0x23, 0x15, 0x33, 0x32, 0x3e, 0x02, 0x35, 0x34, 0x26, 0x23, 0x0f, 0x4d, 0x01,
    0x1f, 0x4e, 0x6d, 0x45, 0x1f, 0x26, 0x4d, 0x76, 0x51, 0xfe, 0xfc, 0x4d, 0xb2, 0xc2, 0xc2, 0x94,
    0x41, 0x56, 0x34, 0x16, 0x59, 0x6e, 0x01, 0x90, 0x01, 0x2c, 0x32, 0x5a, 0x7e, 0x4c, 0x52, 0x84,
    0x5d, 0x33, 0x01, 0x3c, 0x01, 0x26, 0xd2, 0x54, 0xe2, 0x23, 0x44, 0x64, 0x41, 0x7e, 0x7e, 0x00,
    0x00, 0x02, 0x00, 0x32, 0xff, 0xf1, 0x02, 0x4e, 0x02, 0xc6, 0x00, 0x1a, 0x00, 0x26, 0x00, 0x0c,
    0xb0, 0x09, 0x1c, 0xdf, 0xd6, 0x68, 0x3a, 0x1a, 0xe5, 0x5f, 0xeb, 0x00, 0x13, 0x33, 0x35, 0x33,
    0x15, 0x33, 0x15, 0x23, 0x11, 0x23, 0x35, 0x0e, 0x01, 0x23, 0x22, 0x26, 0x35, 0x34, 0x3e, 0x02,
    0x33, 0x32, 0x16, 0x17, 0x35, 0x23, 0x13, 0x34, 0x26, 0x23, 0x22, 0x06, 0x15, 0x14, 0x16, 0x33,
    0x32, 0x36, 0xf7, 0xaf, 0x63, 0x45, 0x45, 0x63, 0x17, 0x56, 0x32, 0x6c, 0x69, 0x1e, 0x39, 0x53,
    0x35, 0x3a, 0x49, 0x12, 0xaf, 0xb4, 0x3d, 0x4e, 0x4a, 0x42, 0x3d, 0x4a, 0x4d, 0x43, 0x02, 0x7d,
    0x49, 0x49, 0x43, 0xfd, 0xc6, 0x48, 0x27, 0x30, 0x88, 0x7d, 0x3c, 0x64, 0x46, 0x27, 0x2e, 0x21,
    0x86, 0xfe, 0xc0, 0x60, 0x55, 0x62, 0x57, 0x58, 0x5a, 0x54, 0x00, 0x00, 0x00, 0x02, 0x00, 0x5c,
    0x00, 0x00, 0x02, 0x1f, 0x03, 0x36, 0x00, 0x0b, 0x00, 0x0f, 0x00, 0x0c, 0xb0, 0x09, 0x1c, 0xdf,
    0xd6, 0x68, 0x3a, 0x1a, 0xe5, 0x5f, 0xeb, 0x00, 0x13, 0x21, 0x15, 0x21, 0x15, 0x21, 0x15, 0x23,
    0x15, 0x21, 0x15, 0x21, 0x13, 0x21, 0x15, 0x21, 0x5c, 0x01, 0xb9, 0xfe, 0xaa, 0x00, 0xff, 0xff,
    0x01, 0x60, 0xfe, 0x3d, 0x5d, 0x01, 0x0f, 0xfe, 0xf1, 0x02, 0xbc, 0x5c, 0xb5, 0x5c, 0xf2, 0x5d,
    0x03, 0x36, 0x44, 0x00, 0x00, 0x03, 0x00, 0x32, 0xff, 0xf0, 0x02, 0x08, 0x02, 0x8f, 0x00, 0x16,
    0x00, 0x1f, 0x00, 0x23, 0x00, 0x0c, 0xb0, 0x09, 0x1c, 0xdf, 0xd6, 0x68, 0x3a, 0x1a, 0xe5, 0x5f,
    0xeb, 0x00, 0x37, 0x1e, 0x01, 0x33, 0x32, 0x36, 0x37, 0x33, 0x14, 0x06, 0x23, 0x22, 0x26, 0x35,
    0x34, 0x36, 0x33, 0x32, 0x1e, 0x02, 0x1d, 0x01, 0x27, 0x22, 0x06, 0x07, 0x21, 0x34, 0x2e, 0x02,
    0x27, 0x21, 0x15, 0x21, 0x92, 0x02, 0x46, 0x4b, 0x3a, 0x3b, 0x05, 0x5d, 0x6b, 0x6c, 0x74, 0x7f,
    0x7c, 0x77, 0x3f, 0x57, 0x35, 0x18, 0xe3, 0x40, 0x46, 0x0a, 0x01, 0x0f, 0x0c, 0x1e, 0x31, 0xaa,
    0x01, 0x0a, 0xfe, 0xf6, 0xee, 0x5b, 0x50, 0x2b, 0x22, 0x45, 0x5b, 0x80, 0x8a, 0x88, 0x81, 0x20,
    0x3e, 0x58, 0x39, 0x26, 0xc4, 0x3c, 0x43, 0x1d, 0x2f, 0x21, 0x12, 0xdd, 0x44, 0x00, 0x00, 0x00,
    0x00, 0x02, 0x00, 0x5c, 0x00, 0x00, 0x02, 0x1f, 0x03, 0x5e, 0x00, 0x0b, 0x00, 0x17, 0x00, 0x0c,
    0xb0, 0x09, 0x1c, 0xdf, 0xd6, 0x68, 0x3a, 0x1a, 0xe5, 0x5f, 0xeb, 0x00, 0x13, 0x21, 0x15, 0x21,
    0x15, 0x21, 0x15, 0x23, 0x15, 0x21, 0x15, 0x21, 0x13, 0x22, 0x26, 0x27, 0x33, 0x16, 0x33, 0x32,
    0x37, 0x33, 0x0e, 0x01, 0x5c, 0x01, 0xb9, 0xfe, 0xaa, 0x00, 0xff, 0xff, 0x01, 0x60, 0xfe, 0x3d,
    0xe4, 0x42, 0x46, 0x02, 0x4f, 0x01, 0x3a, 0x3a, 0x01, 0x4f, 0x02, 0x46, 0x02, 0xbc, 0x5c, 0xb5,
    0x5c, 0xf2, 0x5d, 0x02, 0xe7, 0x3b, 0x3c, 0x3c, 0x3c, 0x3c, 0x3b, 0x00, 0x00, 0x03, 0x00, 0x32,
    0xff, 0xf0, 0x02, 0x08, 0x02, 0xb8, 0x00, 0x16, 0x00, 0x1f, 0x00, 0x2d, 0x00, 0x0c, 0xb0, 0x09,
    0x1c, 0xdf, 0xd6, 0x68, 0x3a, 0x1a, 0xe5, 0x5f, 0xeb, 0x00, 0x37, 0x1e, 0x01, 0x33, 0x32, 0x36,
    0x37, 0x33, 0x14, 0x06, 0x23, 0x22, 0x26, 0x35, 0x34, 0x36, 0x33, 0x32, 0x1e, 0x02, 0x1d, 0x01,
    0x27, 0x22, 0x06, 0x07, 0x21, 0x34, 0x2e, 0x02, 0x27, 0x22, 0x26, 0x27, 0x33, 0x1e, 0x01, 0x33,
    0x32, 0x36, 0x37, 0x33, 0x0e, 0x01, 0x92, 0x02, 0x46, 0x4b, 0x3a, 0x3b, 0x05, 0x5d, 0x6b, 0x6c,
    0x74, 0x7f, 0x7c, 0x77, 0x3f, 0x57, 0x35, 0x18, 0xe3, 0x40, 0x46, 0x0a, 0x01, 0x0f, 0x0c, 0x1e,
    0x31, 0x25, 0x43, 0x49, 0x02, 0x4d, 0x01, 0x25, 0x1b, 0x1c, 0x24, 0x01, 0x4d, 0x01, 0x4a, 0xee,
    0x5b, 0x50, 0x2b, 0x22, 0x45, 0x5b, 0x80, 0x8a, 0x88, 0x81, 0x20, 0x3e, 0x58, 0x39, 0x26, 0xc4,
    0x3c, 0x43, 0x1d, 0x2f, 0x21, 0x12, 0x7f, 0x43, 0x44, 0x2a, 0x21, 0x21, 0x2a, 0x44, 0x43, 0x00,
    0x00, 0x02, 0x00, 0x5c, 0x00, 0x00, 0x02, 0x1f, 0x03, 0x5d, 0x00, 0x0b, 0x00, 0x17, 0x00, 0x0c,
    0xb0, 0x09, 0x1c, 0xdf, 0xd6, 0x68, 0x3a, 0x1a, 0xe5, 0x5f, 0xeb, 0x00, 0x13, 0x21, 0x15, 0x21,
    0x15, 0x21, 0x15, 0x23, 0x15, 0x21, 0x15, 0x21, 0x13, 0x22, 0x26, 0x35, 0x34, 0x36, 0x33, 0x32,
    0x16, 0x15, 0x14, 0x06, 0x5c, 0x01, 0xb9, 0xfe, 0xaa, 0x00, 0xff, 0xff, 0x01, 0x60, 0xfe, 0x3d,
    0xe4, 0x1d, 0x1e, 0x1e, 0x1d, 0x1d, 0x1d, 0x1d, 0x02, 0xbc, 0x5c, 0xb5, 0x5c, 0xf2, 0x5d, 0x02,
    0xee, 0x20, 0x19, 0x18, 0x1e, 0x1e, 0x18, 0x19, 0x20, 0x00, 0x00, 0x00, 0x00, 0x03, 0x00, 0x32,
    0xff, 0xf0, 0x02, 0x08, 0x02, 0xb9, 0x00, 0x16, 0x00, 0x1f, 0x00, 0x2b, 0x00, 0x0c, 0xb0, 0x09,
    0x1c, 0xdf, 0xd6, 0x68, 0x3a, 0x1a, 0xe5, 0x5f, 0xeb, 0x00, 0x37, 0x1e, 0x01, 0x33, 0x32, 0x36,
    0x37, 0x33, 0x14, 0x06, 0x23, 0x22, 0x26, 0x35, 0x34, 0x36, 0x33, 0x32, 0x1e, 0x02, 0x1d, 0x01,
    0x27, 0x22, 0x06, 0x07, 0x21, 0x34, 0x2e, 0x02, 0x27, 0x22, 0x26, 0x35, 0x34, 0x36, 0x33, 0x32,
    0x16, 0x15, 0x14, 0x06, 0x92, 0x02, 0x46, 0x4b, 0x3a, 0x3b, 0x05, 0x5d, 0x6b, 0x6c, 0x74, 0x7f,
    0x7c, 0x77, 0x3f, 0x57, 0x35, 0x18, 0xe3, 0x40, 0x46, 0x0a, 0x01, 0x0f, 0x0c, 0x1e, 0x31, 0x25,
    0x1c, 0x1e, 0x1e, 0x1c, 0x1d, 0x1e, 0x1e, 0xee, 0x5b, 0x50, 0x2b, 0x22, 0x45, 0x5b, 0x80, 0x8a,
    0x88, 0x81, 0x20, 0x3e, 0x58, 0x39, 0x26, 0xc4, 0x3c, 0x43, 0x1d, 0x2f, 0x21, 0x12, 0x94, 0x21,
    0x1a, 0x18, 0x20, 0x20, 0x18, 0x1a, 0x21, 0x00, 0x00, 0x01, 0x00, 0x5c, 0xff, 0x06, 0x02, 0x1f,
    0x02, 0xbc, 0x00, 0x1d, 0x00, 0x0c, 0xb0, 0x09, 0x1c, 0xdf, 0xd6, 0x68, 0x3a, 0x1a, 0xe5, 0x5f,
    0xeb, 0x00, 0x13, 0x21, 0x15, 0x21, 0x15, 0x21, 0x15, 0x23, 0x15, 0x21, 0x15, 0x0e, 0x01, 0x15,
    0x14, 0x33, 0x32, 0x36, 0x37, 0x17, 0x0e, 0x01, 0x23, 0x22, 0x26, 0x35, 0x34, 0x36, 0x37, 0x21,
    0x5c, 0x01, 0xb9, 0xfe, 0xaa, 0x00, 0xff, 0xff, 0x01, 0x60, 0x45, 0x31, 0x33, 0x0e, 0x1a, 0x0a,
    0x11, 0x0e, 0x29, 0x1e, 0x37, 0x3e, 0x30, 0x28, 0xfe, 0xaf, 0x02, 0xbc, 0x5c, 0xb5, 0x5c, 0xf2,
    0x5d, 0x1d, 0x3d, 0x20, 0x35, 0x08, 0x09, 0x3e, 0x0e, 0x10, 0x35, 0x36, 0x30, 0x44, 0x1b, 0x00,
    0x00, 0x02, 0x00, 0x32, 0xff, 0x14, 0x02, 0x08, 0x02, 0x03, 0x00, 0x2c, 0x00, 0x35, 0x00, 0x0c,
    0xb0, 0x09, 0x1c, 0xdf, 0xd6, 0x68, 0x3a, 0x1a, 0xe5, 0x5f, 0xeb, 0x00, 0x37, 0x34, 0x36, 0x33,
    0x32, 0x1e, 0x02, 0x1d, 0x01, 0x21, 0x1e, 0x01, 0x33, 0x32, 0x36, 0x37, 0x33, 0x14, 0x06, 0x07,
    0x0e, 0x01, 0x15, 0x14, 0x16, 0x33, 0x32, 0x36, 0x37, 0x17, 0x0e, 0x01, 0x23, 0x22, 0x26, 0x35,
    0x34, 0x36, 0x37, 0x0e, 0x01, 0x23, 0x22, 0x26, 0x13, 0x22, 0x06, 0x07, 0x21, 0x34, 0x2e, 0x02,
    0x32, 0x7c, 0x77, 0x3f, 0x57, 0x35, 0x18, 0xfe, 0x8a, 0x02, 0x46, 0x4b, 0x3a, 0x3b, 0x05, 0x5d,
    0x25, 0x19, 0x1a, 0x29, 0x1c, 0x19, 0x14, 0x20, 0x0d, 0x0d, 0x11, 0x32, 0x21, 0x35, 0x3e, 0x1a,
    0x14, 0x0b, 0x19, 0x0c, 0x74, 0x7f, 0xf3, 0x40, 0x46, 0x0a, 0x01, 0x0f, 0x0c, 0x1e, 0x31, 0xfa,
    0x88, 0x81, 0x20, 0x3e, 0x58, 0x39, 0x26, 0x5b, 0x50, 0x2b, 0x22, 0x2c, 0x3a, 0x19, 0x18, 0x37,
    0x28, 0x1f, 0x1c, 0x10, 0x0c, 0x40, 0x12, 0x15, 0x38, 0x39, 0x26, 0x36, 0x13, 0x02, 0x02, 0x80,
    0x01, 0x42, 0x3c, 0x43, 0x1d, 0x2f, 0x21, 0x12, 0x00, 0x02, 0x00, 0x5c, 0x00, 0x00, 0x02, 0x1f,
    0x03, 0x65, 0x00, 0x0b, 0x00, 0x12, 0x00, 0x0c, 0xb0, 0x09, 0x1c, 0xdf, 0xd6, 0x68, 0x3a, 0x1a,
    0xe5, 0x5f, 0xeb, 0x00, 0x13, 0x21, 0x15, 0x21, 0x15, 0x21, 0x15, 0x23, 0x15, 0x21, 0x15, 0x21,
    0x13, 0x33, 0x17, 0x37, 0x33, 0x07, 0x23, 0x5c, 0x01, 0xb9, 0xfe, 0xaa, 0x00, 0xff, 0xff, 0x01,
    0x60, 0xfe, 0x3d, 0x46, 0x5f, 0x3f, 0x3f, 0x5e, 0x6a, 0x67, 0x02, 0xbc, 0x5c, 0xb5, 0x5c, 0xf2,
    0x5d, 0x03, 0x65, 0x4f, 0x4f, 0x7d, 0x00, 0x00, 0x00, 0x03, 0x00, 0x32, 0xff, 0xf0, 0x02, 0x08,
    0x02, 0xbf, 0x00, 0x16, 0x00, 0x1f, 0x00, 0x26, 0x00, 0x0c, 0xb0, 0x09, 0x1c, 0xdf, 0xd6, 0x68,
    0x3a, 0x1a, 0xe5, 0x5f, 0xeb, 0x00, 0x37, 0x1e, 0x01, 0x33, 0x32, 0x36, 0x37, 0x33, 0x14, 0x06,
    0x23, 0x22, 0x26, 0x35, 0x34, 0x36, 0x33, 0x32, 0x1e, 0x02, 0x1d, 0x01, 0x27, 0x22, 0x06, 0x07,
    0x21, 0x34, 0x2e, 0x02, 0x03, 0x33, 0x17, 0x37, 0x33, 0x07, 0x23, 0x92, 0x02, 0x46, 0x4b, 0x3a,
    0x3b, 0x05, 0x5d, 0x6b, 0x6c, 0x74, 0x7f, 0x7c, 0x77, 0x3f, 0x57, 0x35, 0x18, 0xe3, 0x40, 0x46,
    0x0a, 0x01, 0x0f, 0x0c, 0x1e, 0x31, 0xb6, 0x57, 0x3b, 0x3a, 0x57, 0x63, 0x5d, 0xee, 0x5b, 0x50,
    0x2b, 0x22, 0x45, 0x5b, 0x80, 0x8a, 0x88, 0x81, 0x20, 0x3e, 0x58, 0x39, 0x26, 0xc4, 0x3c, 0x43,
    0x1d, 0x2f, 0x21, 0x12, 0x01, 0x0d, 0x63, 0x63, 0x94, 0x00, 0x00, 0x00, 0x00, 0x02, 0x00, 0x37,
    0xff, 0xf0, 0x02, 0x97, 0x03, 0x65, 0x00, 0x2a, 0x00, 0x31, 0x00, 0x0c, 0xb0, 0x09, 0x1c, 0xdf,
    0xd6, 0x68, 0x3a, 0x1a, 0xe5, 0x5f, 0xeb, 0x00, 0x01, 0x21, 0x16, 0x15, 0x14, 0x0e, 0x02, 0x23,
    0x22, 0x2e, 0x02, 0x35, 0x34, 0x3e, 0x02, 0x33, 0x32, 0x1e, 0x02, 0x15, 0x23, 0x2e, 0x01, 0x23,
    0x22, 0x0e, 0x02, 0x15, 0x14, 0x1e, 0x02, 0x33, 0x32, 0x36, 0x3d, 0x01, 0x23, 0x03, 0x33, 0x17,
    0x23, 0x27, 0x07, 0x23, 0x01, 0x80, 0x01, 0x12, 0x05, 0x1e, 0x45, 0x72, 0x54, 0x44, 0x72, 0x52,
    0x2f, 0x2c, 0x51, 0x74, 0x48, 0x3a, 0x62, 0x46, 0x28, 0x63, 0x03, 0x55, 0x4f, 0x33, 0x4f, 0x36,
    0x1b, 0x1f, 0x37, 0x4d, 0x2e, 0x6c, 0x5f, 0xb9, 0x47, 0x68, 0x67, 0x5e, 0x3d, 0x3d, 0x5e, 0x01,
    0x63, 0x1c, 0x2b, 0x42, 0x6e, 0x50, 0x2c, 0x25, 0x56, 0x8c, 0x67, 0x62, 0x8c, 0x59, 0x29, 0x1d,
    0x3b, 0x56, 0x39, 0x48, 0x41, 0x1b, 0x3f, 0x6b, 0x4f, 0x52, 0x68, 0x3c, 0x17, 0x57, 0x58, 0x11,
    0x02, 0x56, 0x7d, 0x4f, 0x4f, 0x00, 0x00, 0x00, 0x00, 0x04, 0x00, 0x26, 0xff, 0x29, 0x02, 0x22,
    0x02, 0xc1, 0x00, 0x3d, 0x00, 0x49, 0x00, 0x59, 0x00, 0x60, 0x00, 0x0c, 0xb0, 0x09, 0x1c, 0xdf,
    0xd6, 0x68, 0x3a, 0x1a, 0xe5, 0x5f, 0xeb, 0x00, 0x17, 0x34, 0x36, 0x37, 0x2e, 0x01, 0x35, 0x34,
    0x36, 0x37, 0x2e, 0x01, 0x35, 0x34, 0x3e, 0x02, 0x33, 0x32, 0x16, 0x17, 0x3e, 0x01, 0x3b, 0x01,
    0x15, 0x27, 0x2e, 0x01, 0x27, 0x16, 0x15, 0x14, 0x0e, 0x02, 0x23, 0x22, 0x26, 0x27, 0x06, 0x15,
    0x14, 0x16, 0x33, 0x32, 0x36, 0x33, 0x32, 0x1e, 0x02, 0x15, 0x14, 0x0e, 0x02, 0x23, 0x22, 0x2e,
    0x02, 0x13, 0x32, 0x36, 0x35, 0x34, 0x26, 0x23, 0x22, 0x06, 0x15, 0x14, 0x16, 0x03, 0x14, 0x16,
    0x33, 0x32, 0x36, 0x35, 0x34, 0x2e, 0x02, 0x23, 0x22, 0x0e, 0x02, 0x13, 0x33, 0x17, 0x23, 0x27,
    0x07, 0x23, 0x26, 0x21, 0x22, 0x10, 0x0f, 0x1f, 0x17, 0x21, 0x29, 0x19, 0x35, 0x50, 0x37, 0x33,
    0x4d, 0x1a, 0x08, 0x27, 0x15, 0x39, 0x13, 0x0b, 0x29, 0x10, 0x16, 0x1a, 0x34, 0x4c, 0x32, 0x16,
    0x30, 0x0c, 0x23, 0x11, 0x16, 0x0d, 0x27, 0x20, 0x40, 0x58, 0x36, 0x17, 0x18, 0x37, 0x5a, 0x41,
    0x42, 0x5c, 0x39, 0x19, 0xe5, 0x40, 0x38, 0x37, 0x41, 0x41, 0x35, 0x37, 0x4a, 0x41, 0x53, 0x50,
    0x3d, 0x0c, 0x20, 0x37, 0x2a, 0x2a, 0x39, 0x23, 0x0e, 0x60, 0x5d, 0x63, 0x57, 0x3a, 0x3c, 0x57,
    0x47, 0x23, 0x36, 0x0e, 0x0b, 0x24, 0x14, 0x1e, 0x2f, 0x0a, 0x12, 0x44, 0x35, 0x28, 0x44, 0x33,
    0x1d, 0x19, 0x16, 0x11, 0x11, 0x5c, 0x04, 0x02, 0x04, 0x01, 0x28, 0x35, 0x28, 0x42, 0x30, 0x1a,
    0x05, 0x03, 0x02, 0x23, 0x11, 0x0f, 0x04, 0x16, 0x27, 0x37, 0x22, 0x23, 0x38, 0x29, 0x16, 0x15,
    0x26, 0x35, 0x01, 0x44, 0x35, 0x33, 0x33, 0x3b, 0x3b, 0x33, 0x33, 0x35, 0xfe, 0xe7, 0x29, 0x27,
    0x26, 0x2a, 0x13, 0x1e, 0x14, 0x0a, 0x0a, 0x13, 0x1e, 0x02, 0xe9, 0x90, 0x5f, 0x5f, 0x00, 0x00,
    0x00, 0x02, 0x00, 0x37, 0xff, 0xf0, 0x02, 0x97, 0x03, 0x5e, 0x00, 0x2a, 0x00, 0x36, 0x00, 0x0c,
    0xb0, 0x09, 0x1c, 0xdf, 0xd6, 0x68, 0x3a, 0x1a, 0xe5, 0x5f, 0xeb, 0x00, 0x01, 0x21, 0x16, 0x15,
    0x14, 0x0e, 0x02, 0x23, 0x22, 0x2e, 0x02, 0x35, 0x34, 0x3e, 0x02, 0x33, 0x32, 0x1e, 0x02, 0x15,
    0x23, 0x2e, 0x01, 0x23, 0x22, 0x0e, 0x02, 0x15, 0x14, 0x1e, 0x02, 0x33, 0x32, 0x36, 0x3d, 0x01,
    0x23, 0x03, 0x22, 0x26, 0x27, 0x33, 0x16, 0x33, 0x32, 0x37, 0x33, 0x0e, 0x01, 0x01, 0x80, 0x01,
    0x12, 0x05, 0x1e, 0x45, 0x72, 0x54, 0x44, 0x72, 0x52, 0x2f, 0x2c, 0x51, 0x74, 0x48, 0x3a, 0x62,
    0x46, 0x28, 0x63, 0x03, 0x55, 0x4f, 0x33, 0x4f, 0x36, 0x1b, 0x1f, 0x37, 0x4d, 0x2e, 0x6c, 0x5f,
    0xb9, 0x13, 0x42, 0x46, 0x02, 0x4f, 0x01, 0x3a, 0x3a, 0x01, 0x4f, 0x02, 0x46, 0x01, 0x63, 0x1c,
    0x2b, 0x42, 0x6e, 0x50, 0x2c, 0x25, 0x56, 0x8c, 0x67, 0x62, 0x8c, 0x59, 0x29, 0x1d, 0x3b, 0x56,
    0x39, 0x48, 0x41, 0x1b, 0x3f, 0x6b, 0x4f, 0x52, 0x68, 0x3c, 0x17, 0x57, 0x58, 0x11, 0x01, 0xd8,
    0x3b, 0x3c, 0x3c, 0x3c, 0x3c, 0x3b, 0x00, 0x00, 0x00, 0x04, 0x00, 0x26, 0xff, 0x29, 0x02, 0x22,
    0x02, 0xb8, 0x00, 0x3d, 0x00, 0x49, 0x00, 0x59, 0x00, 0x67, 0x00, 0x0c, 0xb0, 0x09, 0x1c, 0xdf,
    0xd6, 0x68, 0x3a, 0x1a, 0xe5, 0x5f, 0xeb, 0x00, 0x17, 0x34, 0x36, 0x37, 0x2e, 0x01, 0x35, 0x34,
    0x36, 0x37, 0x2e, 0x01, 0x35, 0x34, 0x3e, 0x02, 0x33, 0x32, 0x16, 0x17, 0x3e, 0x01, 0x3b, 0x01,
    0x15, 0x27, 0x2e, 0x01, 0x27, 0x16, 0x15, 0x14, 0x0e, 0x02, 0x23, 0x22, 0x26, 0x27, 0x06, 0x15,
    0x14, 0x16, 0x33, 0x32, 0x36, 0x33, 0x32, 0x1e, 0x02, 0x15, 0x14, 0x0e, 0x02, 0x23, 0x22, 0x2e,
    0x02, 0x13, 0x32, 0x36, 0x35, 0x34, 0x26, 0x23, 0x22, 0x06, 0x15, 0x14, 0x16, 0x03, 0x14, 0x16,
    0x33, 0x32, 0x36, 0x35, 0x34, 0x2e, 0x02, 0x23, 0x22, 0x0e, 0x02, 0x13, 0x22, 0x26, 0x27, 0x33,
    0x1e, 0x01, 0x33, 0x32, 0x36, 0x37, 0x33, 0x0e, 0x01, 0x26, 0x21, 0x22, 0x10, 0x0f, 0x1f, 0x17,
    0x21, 0x29, 0x19, 0x35, 0x50, 0x37, 0x33, 0x4d, 0x1a, 0x08, 0x27, 0x15, 0x39, 0x13, 0x0b, 0x29,
    0x10, 0x16, 0x1a, 0x34, 0x4c, 0x32, 0x16, 0x30, 0x0c, 0x23, 0x11, 0x16, 0x0d, 0x27, 0x20, 0x40,
    0x58, 0x36, 0x17, 0x18, 0x37, 0x5a, 0x41, 0x42, 0x5c, 0x39, 0x19, 0xe5, 0x40, 0x38, 0x37, 0x41,
    0x41, 0x35, 0x37, 0x4a, 0x41, 0x53, 0x50, 0x3d, 0x0c, 0x20, 0x37, 0x2a, 0x2a, 0x39, 0x23, 0x0e,
    0x8b, 0x43, 0x49, 0x02, 0x4d, 0x01, 0x25, 0x1b, 0x1c, 0x24, 0x01, 0x4d, 0x01, 0x4a, 0x47, 0x23,
    0x36, 0x0e, 0x0b, 0x24, 0x14, 0x1e, 0x2f, 0x0a, 0x12, 0x44, 0x35, 0x28, 0x44, 0x33, 0x1d, 0x19,
    0x16, 0x11, 0x11, 0x5c, 0x04, 0x02, 0x04, 0x01, 0x28, 0x35, 0x28, 0x42, 0x30, 0x1a, 0x05, 0x03,
    0x02, 0x23, 0x11, 0x0f, 0x04, 0x16, 0x27, 0x37, 0x22, 0x23, 0x38, 0x29, 0x16, 0x15, 0x26, 0x35,
    0x01, 0x44, 0x35, 0x33, 0x33, 0x3b, 0x3b, 0x33, 0x33, 0x35, 0xfe, 0xe7, 0x29, 0x27, 0x26, 0x2a,
    0x13, 0x1e, 0x14, 0x0a, 0x0a, 0x13, 0x1e, 0x02, 0x59, 0x43, 0x44, 0x2a, 0x21, 0x21, 0x2a, 0x44,
    0x43, 0x00, 0x00, 0x00, 0x00, 0x02, 0x00, 0x37, 0xff, 0xf0, 0x02, 0x97, 0x03, 0x5d, 0x00, 0x2a,
    0x00, 0x36, 0x00, 0x0c, 0xb0, 0x09, 0x1c, 0xdf, 0xd6, 0x68, 0x3a, 0x1a, 0xe5, 0x5f, 0xeb, 0x00,
    0x01, 0x21, 0x16, 0x15, 0x14, 0x0e, 0x02, 0x23, 0x22, 0x2e, 0x02, 0x35, 0x34, 0x3e, 0x02, 0x33,
    0x32, 0x1e, 0x02, 0x15, 0x23, 0x2e, 0x01, 0x23, 0x22, 0x0e, 0x02, 0x15, 0x14, 0x1e, 0x02, 0x33,
    0x32, 0x36, 0x3d, 0x01, 0x23, 0x03, 0x22, 0x26, 0x35, 0x34, 0x36, 0x33, 0x32, 0x16, 0x15, 0x14,
    0x06, 0x01, 0x80, 0x01, 0x12, 0x05, 0x1e, 0x45, 0x72, 0x54, 0x44, 0x72, 0x52, 0x2f, 0x2c, 0x51,
    0x74, 0x48, 0x3a, 0x62, 0x46, 0x28, 0x63, 0x03, 0x55, 0x4f, 0x33, 0x4f, 0x36, 0x1b, 0x1f, 0x37,
    0x4d, 0x2e, 0x6c, 0x5f, 0xb9, 0x13, 0x1d, 0x1e, 0x1e, 0x1d, 0x1d, 0x1d, 0x1d, 0x01, 0x63, 0x1c,
    0x2b, 0x42, 0x6e, 0x50, 0x2c, 0x25, 0x56, 0x8c, 0x67, 0x62, 0x8c, 0x59, 0x29, 0x1d, 0x3b, 0x56,
    0x39, 0x48, 0x41, 0x1b, 0x3f, 0x6b, 0x4f, 0x52, 0x68, 0x3c, 0x17, 0x57, 0x58, 0x11, 0x01, 0xdf,
    0x20, 0x19, 0x18, 0x1e, 0x1e, 0x18, 0x19, 0x20, 0x00, 0x04, 0x00, 0x26, 0xff, 0x29, 0x02, 0x22,
    0x02, 0xb9, 0x00, 0x3d, 0x00, 0x49, 0x00, 0x59, 0x00, 0x65, 0x00, 0x0c, 0xb0, 0x09, 0x1c, 0xdf,
    0xd6, 0x68, 0x3a, 0x1a, 0xe5, 0x5f, 0xeb, 0x00, 0x17, 0x34, 0x36, 0x37, 0x2e, 0x01, 0x35, 0x34,
    0x36, 0x37, 0x2e, 0x01, 0x35, 0x34, 0x3e, 0x02, 0x33, 0x32, 0x16, 0x17, 0x3e, 0x01, 0x3b, 0x01,
    0x15, 0x27, 0x2e, 0x01, 0x27, 0x16, 0x15, 0x14, 0x0e, 0x02, 0x23, 0x22, 0x26, 0x27, 0x06, 0x15,
    0x14, 0x16, 0x33, 0x32, 0x36, 0x33, 0x32, 0x1e, 0x02, 0x15, 0x14, 0x0e, 0x02, 0x23, 0x22, 0x2e,
    0x02, 0x13, 0x32, 0x36, 0x35, 0x34, 0x26, 0x23, 0x22, 0x06, 0x15, 0x14, 0x16, 0x03, 0x14, 0x16,
    0x33, 0x32, 0x36, 0x35, 0x34, 0x2e, 0x02, 0x23, 0x22, 0x0e, 0x02, 0x13, 0x22, 0x26, 0x35, 0x34,
    0x36, 0x33, 0x32, 0x16, 0x15, 0x14, 0x06, 0x26, 0x21, 0x22, 0x10, 0x0f, 0x1f, 0x17, 0x21, 0x29,
    0x19, 0x35, 0x50, 0x37, 0x33, 0x4d, 0x1a, 0x08, 0x27, 0x15, 0x39, 0x13, 0x0b, 0x29, 0x10, 0x16,
    0x1a, 0x34, 0x4c, 0x32, 0x16, 0x30, 0x0c, 0x23, 0x11, 0x16, 0x0d, 0x27, 0x20, 0x40, 0x58, 0x36,
    0x17, 0x18, 0x37, 0x5a, 0x41, 0x42, 0x5c, 0x39, 0x19, 0xe5, 0x40, 0x38, 0x37, 0x41, 0x41, 0x35,
    0x37, 0x4a, 0x41, 0x53, 0x50, 0x3d, 0x0c, 0x20, 0x37, 0x2a, 0x2a, 0x39, 0x23, 0x0e, 0x8a, 0x1c,
    0x1e, 0x1e, 0x1c, 0x1d, 0x1e, 0x1e, 0x47, 0x23, 0x36, 0x0e, 0x0b, 0x24, 0x14, 0x1e, 0x2f, 0x0a,
    0x12, 0x44, 0x35, 0x28, 0x44, 0x33, 0x1d, 0x19, 0x16, 0x11, 0x11, 0x5c, 0x04, 0x02, 0x04, 0x01,
    0x28, 0x35, 0x28, 0x42, 0x30, 0x1a, 0x05, 0x03, 0x02, 0x23, 0x11, 0x0f, 0x04, 0x16, 0x27, 0x37,
    0x22, 0x23, 0x38, 0x29, 0x16, 0x15, 0x26, 0x35, 0x01, 0x44, 0x35, 0x33, 0x33, 0x3b, 0x3b, 0x33,
    0x33, 0x35, 0xfe, 0xe7, 0x29, 0x27, 0x26, 0x2a, 0x13, 0x1e, 0x14, 0x0a, 0x0a, 0x13, 0x1e, 0x02,
    0x6e, 0x21, 0x1a, 0x18, 0x20, 0x20, 0x18, 0x1a, 0x21, 0x00, 0x00, 0x00, 0x00, 0x02, 0x00, 0x37,
    0xfe, 0xf0, 0x02, 0x97, 0x02, 0xce, 0x00, 0x2a, 0x00, 0x3e, 0x00, 0x0c, 0xb0, 0x09, 0x1c, 0xdf,
    0xd6, 0x68, 0x3a, 0x1a, 0xe5, 0x5f, 0xeb, 0x00, 0x01, 0x21, 0x16, 0x15, 0x14, 0x0e, 0x02, 0x23,
    0x22, 0x2e, 0x02, 0x35, 0x34, 0x3e, 0x02, 0x33, 0x32, 0x1e, 0x02, 0x15, 0x23, 0x2e, 0x01, 0x23,
    0x22, 0x0e, 0x02, 0x15, 0x14, 0x1e, 0x02, 0x33, 0x32, 0x36, 0x3d, 0x01, 0x23, 0x03, 0x34, 0x36,
    0x33, 0x32, 0x16, 0x15, 0x14, 0x06, 0x2b, 0x01, 0x35, 0x32, 0x36, 0x37, 0x27, 0x06, 0x23, 0x22,
    0x26, 0x01, 0x80, 0x01, 0x12, 0x05, 0x1e, 0x45, 0x72, 0x54, 0x44, 0x72, 0x52, 0x2f, 0x2c, 0x51,
    0x74, 0x48, 0x3a, 0x62, 0x46, 0x28, 0x63, 0x03, 0x55, 0x4f, 0x33, 0x4f, 0x36, 0x1b, 0x1f, 0x37,
    0x4d, 0x2e, 0x6c, 0x5f, 0xb9, 0x57, 0x20, 0x1f, 0x23, 0x25, 0x38, 0x34, 0x14, 0x21, 0x28, 0x04,
    0x0d, 0x09, 0x10, 0x14, 0x1a, 0x01, 0x63, 0x1c, 0x2b, 0x42, 0x6e, 0x50, 0x2c, 0x25, 0x56, 0x8c,
    0x67, 0x62, 0x8c, 0x59, 0x29, 0x1d, 0x3b, 0x56, 0x39, 0x48, 0x41, 0x1b, 0x3f, 0x6b, 0x4f, 0x52,
    0x68, 0x3c, 0x17, 0x57, 0x58, 0x11, 0xfe, 0x7e, 0x1a, 0x22, 0x2d, 0x30, 0x3c, 0x40, 0x39, 0x10,
    0x1b, 0x12, 0x07, 0x15, 0x00, 0x04, 0x00, 0x26, 0xff, 0x29, 0x02, 0x22, 0x03, 0x0c, 0x00, 0x12,
    0x00, 0x50, 0x00, 0x5c, 0x00, 0x6c, 0x00, 0x0c, 0xb0, 0x09, 0x1c, 0xdf, 0xd6, 0x68, 0x3a, 0x1a,
    0xe5, 0x5f, 0xeb, 0x00, 0x13, 0x34, 0x36, 0x3b, 0x01, 0x15, 0x22, 0x07, 0x17, 0x36, 0x33, 0x32,
    0x16, 0x15, 0x14, 0x06, 0x23, 0x22, 0x26, 0x03, 0x34, 0x36, 0x37, 0x2e, 0x01, 0x35, 0x34, 0x36,
    0x37, 0x2e, 0x01, 0x35, 0x34, 0x3e, 0x02, 0x33, 0x32, 0x16, 0x17, 0x3e, 0x01, 0x3b, 0x01, 0x15,
    0x27, 0x2e, 0x01, 0x27, 0x16, 0x15, 0x14, 0x0e, 0x02, 0x23, 0x22, 0x26, 0x27, 0x06, 0x15, 0x14,
    0x16, 0x33, 0x32, 0x36, 0x33, 0x32, 0x1e, 0x02, 0x15, 0x14, 0x0e, 0x02, 0x23, 0x22, 0x2e, 0x02,
    0x13, 0x32, 0x36, 0x35, 0x34, 0x26, 0x23, 0x22, 0x06, 0x15, 0x14, 0x16, 0x03, 0x14, 0x16, 0x33,
    0x32, 0x36, 0x35, 0x34, 0x2e, 0x02, 0x23, 0x22, 0x0e, 0x02, 0xc9, 0x3b, 0x32, 0x10, 0x48, 0x01,
    0x08, 0x09, 0x16, 0x13, 0x19, 0x20, 0x1f, 0x23, 0x25, 0xa3, 0x21, 0x22, 0x10, 0x0f, 0x1f, 0x17,
    0x21, 0x29, 0x19, 0x35, 0x50, 0x37, 0x33, 0x4d, 0x1a, 0x08, 0x27, 0x15, 0x39, 0x13, 0x0b, 0x29,
    0x10, 0x16, 0x1a, 0x34, 0x4c, 0x32, 0x16, 0x30, 0x0c, 0x23, 0x11, 0x16, 0x0d, 0x27, 0x20, 0x40,
    0x58, 0x36, 0x17, 0x18, 0x37, 0x5a, 0x41, 0x42, 0x5c, 0x39, 0x19, 0xe5, 0x40, 0x38, 0x37, 0x41,
    0x41, 0x35, 0x37, 0x4a, 0x41, 0x53, 0x50, 0x3d, 0x0c, 0x20, 0x37, 0x2a, 0x2a, 0x39, 0x23, 0x0e,
    0x02, 0x90, 0x3b, 0x41, 0x38, 0x3d, 0x03, 0x0b, 0x18, 0x19, 0x1b, 0x1f, 0x2c, 0xfd, 0x59, 0x23,
    0x36, 0x0e, 0x0b, 0x24, 0x14, 0x1e, 0x2f, 0x0a, 0x12, 0x44, 0x35, 0x28, 0x44, 0x33, 0x1d, 0x19,
    0x16, 0x11, 0x11, 0x5c, 0x04, 0x02, 0x04, 0x01, 0x28, 0x35, 0x28, 0x42, 0x30, 0x1a, 0x05, 0x03,
    0x02, 0x23, 0x11, 0x0f, 0x04, 0x16, 0x27, 0x37, 0x22, 0x23, 0x38, 0x29, 0x16, 0x15, 0x26, 0x35,
    0x01, 0x44, 0x35, 0x33, 0x33, 0x3b, 0x3b, 0x33, 0x33, 0x35, 0xfe, 0xe7, 0x29, 0x27, 0x26, 0x2a,
    0x13, 0x1e, 0x14, 0x0a, 0x0a, 0x13, 0x1e, 0x00, 0x00, 0x02, 0x00, 0x5c, 0x00, 0x00, 0x02, 0xb6,
    0x03, 0x65, 0x00, 0x0b, 0x00, 0x12, 0x00, 0x0c, 0xb0, 0x09, 0x1c, 0xdf, 0xd6, 0x68, 0x3a, 0x1a,
    0xe5, 0x5f, 0xeb, 0x00, 0x01, 0x21, 0x11, 0x23, 0x11, 0x33, 0x11, 0x21, 0x11, 0x33, 0x11, 0x23,
    0x03, 0x33, 0x17, 0x23, 0x27, 0x07, 0x23, 0x02, 0x53, 0xfe, 0x6c, 0x63, 0x63, 0x01, 0x94, 0x63,
    0x63, 0xff, 0x68, 0x67, 0x5e, 0x3d, 0x3d, 0x5e, 0x01, 0x41, 0xfe, 0xbf, 0x02, 0xbc, 0xfe, 0xe2,
    0x01, 0x1e, 0xfd, 0x44, 0x03, 0x65, 0x7d, 0x4f, 0x4f, 0x00, 0x00, 0x00, 0x00, 0x02, 0xff, 0xec,
    0x00, 0x00, 0x02, 0x12, 0x03, 0x5a, 0x00, 0x15, 0x00, 0x1c, 0x00, 0x0c, 0xb0, 0x09, 0x1c, 0xdf,
    0xd6, 0x68, 0x3a, 0x1a, 0xe5, 0x5f, 0xeb, 0x00, 0x13, 0x33, 0x11, 0x3e, 0x03, 0x33, 0x32, 0x16,
    0x15, 0x11, 0x23, 0x11, 0x34, 0x26, 0x23, 0x22, 0x06, 0x07, 0x11, 0x23, 0x03, 0x33, 0x17, 0x23,
    0x27, 0x07, 0x23, 0x55, 0x63, 0x04, 0x19, 0x29, 0x39, 0x24, 0x53, 0x64, 0x63, 0x2e, 0x3c, 0x39,
    0x46, 0x0e, 0x63, 0x06, 0x6d, 0x63, 0x5e, 0x3b, 0x3b, 0x5f, 0x02, 0xc6, 0xfe, 0xe0, 0x12, 0x20,
    0x1a, 0x0f, 0x55, 0x5e, 0xfe, 0xb2, 0x01, 0x4b, 0x2f, 0x33, 0x34, 0x40, 0xfe, 0xc7, 0x03, 0x5a,
    0x72, 0x46, 0x46, 0x00, 0x00, 0x02, 0x00, 0x0a, 0x00, 0x00, 0x03, 0x08, 0x02, 0xbc, 0x00, 0x13,
    0x00, 0x17, 0x00, 0x0c, 0xb0, 0x09, 0x1c, 0xdf, 0xd6, 0x68, 0x3a, 0x1a, 0xe5, 0x5f, 0xeb, 0x00,
    0x13, 0x33, 0x35, 0x33, 0x15, 0x21, 0x35, 0x33, 0x15, 0x33, 0x15, 0x23, 0x11, 0x23, 0x11, 0x21,
    0x11, 0x23, 0x11, 0x23, 0x05, 0x35, 0x21, 0x15, 0x0a, 0x52, 0x63, 0x01, 0x94, 0x63, 0x52, 0x52,
    0x63, 0xfe, 0x6c, 0x63, 0x52, 0x02, 0x49, 0xfe, 0x6c, 0x02, 0x51, 0x6b, 0x6b, 0x6b, 0x6b, 0x44,
    0xfd, 0xf3, 0x01, 0x41, 0xfe, 0xbf, 0x02, 0x0d, 0x6f, 0x6f, 0x6f, 0x00, 0x00, 0x01, 0x00, 0x08,
    0x00, 0x00, 0x02, 0x12, 0x02, 0xc6, 0x00, 0x1d, 0x00, 0x0c, 0xb0, 0x09, 0x1c, 0xdf, 0xd6, 0x68,
    0x3a, 0x1a, 0xe5, 0x5f, 0xeb, 0x00, 0x13, 0x33, 0x35, 0x33, 0x15, 0x33, 0x15, 0x23, 0x15, 0x3e,
    0x03, 0x33, 0x32, 0x16, 0x15, 0x11, 0x23, 0x11, 0x34, 0x26, 0x23, 0x22, 0x06, 0x07, 0x11, 0x23,
    0x11, 0x23, 0x08, 0x4d, 0x63, 0xab, 0xab, 0x04, 0x19, 0x29, 0x39, 0x24, 0x53, 0x64, 0x63, 0x2e,
    0x3c, 0x39, 0x46, 0x0e, 0x63, 0x4d, 0x02, 0x7d, 0x49, 0x49, 0x43, 0x94, 0x12, 0x20, 0x1a, 0x0f,
    0x55, 0x5e, 0xfe, 0xb2, 0x01, 0x4b, 0x2f, 0x33, 0x34, 0x40, 0xfe, 0xc7, 0x02, 0x3a, 0x00, 0x00,
    0x00, 0x02, 0x00, 0x3e, 0x00, 0x00, 0x01, 0x6d, 0x03, 0x66, 0x00, 0x0b, 0x00, 0x28, 0x00, 0x0c,
    0xb0, 0x09, 0x1c, 0xdf, 0xd6, 0x68, 0x3a, 0x1a, 0xe5, 0x5f, 0xeb, 0x00, 0x13, 0x21, 0x15, 0x23,
    0x11, 0x33, 0x15, 0x21, 0x35, 0x33, 0x11, 0x23, 0x27, 0x34, 0x3e, 0x02, 0x33, 0x32, 0x16, 0x17,
    0x1e, 0x01, 0x33, 0x32, 0x35, 0x33, 0x14, 0x0e, 0x02, 0x23, 0x22, 0x26, 0x27, 0x2e, 0x01, 0x23,
    0x22, 0x06, 0x15, 0x42, 0x01, 0x29, 0x64, 0x66, 0xfe, 0xd1, 0x66, 0x62, 0x04, 0x10, 0x1a, 0x22,
    0x12, 0x12, 0x1d, 0x0b, 0x0a, 0x17, 0x0b, 0x27, 0x44, 0x10, 0x1b, 0x21, 0x12, 0x11, 0x1d, 0x0b,
    0x0b, 0x12, 0x10, 0x14, 0x12, 0x02, 0xbc, 0x58, 0xfd, 0xf5, 0x59, 0x59, 0x02, 0x0b, 0x8b, 0x1f,
    0x2b, 0x1a, 0x0b, 0x0b, 0x07, 0x07, 0x09, 0x2a, 0x20, 0x2b, 0x1a, 0x0b, 0x0a, 0x08, 0x08, 0x09,
    0x16, 0x14, 0x00, 0x00, 0x00, 0x02, 0xff, 0xfa, 0x00, 0x00, 0x01, 0x13, 0x02, 0xb1, 0x00, 0x03,
    0x00, 0x1f, 0x00, 0x0c, 0xb0, 0x09, 0x1c, 0xdf, 0xd6, 0x68, 0x3a, 0x1a, 0xe5, 0x5f, 0xeb, 0x00,
    0x13, 0x33, 0x11, 0x23, 0x03, 0x34, 0x3e, 0x02, 0x33, 0x32, 0x16, 0x17, 0x16, 0x33, 0x32, 0x36,
    0x35, 0x33, 0x14, 0x0e, 0x02, 0x23, 0x22, 0x27, 0x2e, 0x01, 0x23, 0x22, 0x06, 0x15, 0x55, 0x63,
    0x63, 0x5b, 0x0f, 0x18, 0x20, 0x12, 0x12, 0x17, 0x0b, 0x13, 0x15, 0x0f, 0x14, 0x41, 0x0f, 0x19,
    0x20, 0x10, 0x21, 0x12, 0x0a, 0x11, 0x0f, 0x11, 0x12, 0x01, 0xf4, 0xfe, 0x0c, 0x02, 0x38, 0x1f,
    0x2c, 0x1d, 0x0d, 0x0c, 0x0a, 0x13, 0x18, 0x15, 0x20, 0x2c, 0x1b, 0x0d, 0x14, 0x09, 0x0c, 0x1a,
    0x14, 0x00, 0x00, 0x00, 0x00, 0x02, 0x00, 0x3e, 0x00, 0x00, 0x01, 0x6d, 0x03, 0x36, 0x00, 0x0b,
    0x00, 0x0f, 0x00, 0x0c, 0xb0, 0x09, 0x1c, 0xdf, 0xd6, 0x68, 0x3a, 0x1a, 0xe5, 0x5f, 0xeb, 0x00,
    0x13, 0x21, 0x15, 0x23, 0x11, 0x33, 0x15, 0x21, 0x35, 0x33, 0x11, 0x23, 0x37, 0x21, 0x15, 0x21,
    0x42, 0x01, 0x29, 0x64, 0x66, 0xfe, 0xd1, 0x66, 0x62, 0x0d, 0x01, 0x0f, 0xfe, 0xf1, 0x02, 0xbc,
    0x58, 0xfd, 0xf5, 0x59, 0x59, 0x02, 0x0b, 0xd2, 0x44, 0x00, 0x00, 0x00, 0x00, 0x02, 0x00, 0x01,
    0x00, 0x00, 0x01, 0x0b, 0x02, 0x8f, 0x00, 0x03, 0x00, 0x07, 0x00, 0x0c, 0xb0, 0x09, 0x1c, 0xdf,
    0xd6, 0x68, 0x3a, 0x1a, 0xe5, 0x5f, 0xeb, 0x00, 0x13, 0x33, 0x11, 0x23, 0x03, 0x21, 0x15, 0x21,
    0x55, 0x63, 0x63, 0x54, 0x01, 0x0a, 0xfe, 0xf6, 0x01, 0xf4, 0xfe, 0x0c, 0x02, 0x8f, 0x44, 0x00,
    0x00, 0x01, 0x00, 0x3e, 0xff, 0x06, 0x01, 0x6d, 0x02, 0xbc, 0x00, 0x21, 0x00, 0x0c, 0xb0, 0x09,
    0x1c, 0xdf, 0xd6, 0x68, 0x3a, 0x1a, 0xe5, 0x5f, 0xeb, 0x00, 0x13, 0x21, 0x15, 0x23, 0x11, 0x33,
    0x15, 0x23, 0x0e, 0x01, 0x15, 0x14, 0x16, 0x33, 0x32, 0x36, 0x37, 0x17, 0x0e, 0x01, 0x23, 0x22,
    0x2e, 0x02, 0x35, 0x34, 0x36, 0x37, 0x23, 0x35, 0x33, 0x11, 0x23, 0x42, 0x01, 0x29, 0x64, 0x66,
    0x5d, 0x32, 0x29, 0x22, 0x17, 0x0f, 0x1f, 0x0b, 0x12, 0x0e, 0x2c, 0x1d, 0x1a, 0x2e, 0x22, 0x15,
    0x2a, 0x21, 0x70, 0x66, 0x62, 0x02, 0xbc, 0x58, 0xfd, 0xf5, 0x59, 0x14, 0x43, 0x1f, 0x20, 0x19,
    0x09, 0x08, 0x3f, 0x0d, 0x10, 0x0f, 0x1f, 0x2e, 0x1f, 0x2c, 0x41, 0x12, 0x59, 0x02, 0x0b, 0x00,
    0x00, 0x02, 0x00, 0x0a, 0xff, 0x06, 0x00, 0xdc, 0x02, 0xbe, 0x00, 0x17, 0x00, 0x23, 0x00, 0x0c,
    0xb0, 0x09, 0x1c, 0xdf, 0xd6, 0x68, 0x3a, 0x1a, 0xe5, 0x5f, 0xeb, 0x00, 0x13, 0x33, 0x11, 0x0e,
    0x03, 0x15, 0x14, 0x16, 0x33, 0x32, 0x36, 0x37, 0x17, 0x0e, 0x01, 0x23, 0x22, 0x26, 0x35, 0x34,
    0x36, 0x37, 0x13, 0x22, 0x26, 0x35, 0x34, 0x36, 0x33, 0x32, 0x16, 0x15, 0x14, 0x06, 0x55, 0x63,
    0x1b, 0x23, 0x14, 0x08, 0x21, 0x18, 0x0c, 0x1e, 0x0a, 0x11, 0x0d, 0x2e, 0x1c, 0x37, 0x44, 0x2a,
    0x21, 0x31, 0x1d, 0x21, 0x21, 0x1d, 0x1e, 0x20, 0x20, 0x01, 0xf4, 0xfe, 0x0c, 0x0b, 0x1d, 0x1f,
    0x20, 0x0f, 0x20, 0x19, 0x09, 0x08, 0x3e, 0x0e, 0x10, 0x36, 0x3c, 0x31, 0x43, 0x14, 0x02, 0x49,
    0x22, 0x1a, 0x19, 0x20, 0x20, 0x19, 0x1a, 0x22, 0x00, 0x02, 0x00, 0x3e, 0x00, 0x00, 0x01, 0x6d,
    0x03, 0x5d, 0x00, 0x0b, 0x00, 0x17, 0x00, 0x0c, 0xb0, 0x09, 0x1c, 0xdf, 0xd6, 0x68, 0x3a, 0x1a,
    0xe5, 0x5f, 0xeb, 0x00, 0x13, 0x21, 0x15, 0x23, 0x11, 0x33, 0x15, 0x21, 0x35, 0x33, 0x11, 0x23,
    0x37, 0x22, 0x26, 0x35, 0x34, 0x36, 0x33, 0x32, 0x16, 0x15, 0x14, 0x06, 0x42, 0x01, 0x29, 0x64,
    0x66, 0xfe, 0xd1, 0x66, 0x62, 0x94, 0x1d, 0x1e, 0x1e, 0x1d, 0x1d, 0x1d, 0x1d, 0x02, 0xbc, 0x58,
    0xfd, 0xf5, 0x59, 0x59, 0x02, 0x0b, 0x8a, 0x20, 0x19, 0x18, 0x1e, 0x1e, 0x18, 0x19, 0x20, 0x00,
    0x00, 0x01, 0x00, 0x55, 0x00, 0x00, 0x00, 0xb8, 0x01, 0xf4, 0x00, 0x03, 0x00, 0x0c, 0xb0, 0x09,
    0x1c, 0xdf, 0xd6, 0x68, 0x3a, 0x1a, 0xe5, 0x5f, 0xeb, 0x00, 0x13, 0x33, 0x11, 0x23, 0x55, 0x63,
    0x63, 0x01, 0xf4, 0xfe, 0x0c, 0x00, 0x00, 0x00, 0x00, 0x02, 0x00, 0x42, 0xff, 0xf3, 0x01, 0xa6,
    0x03, 0x65, 0x00, 0x15, 0x00, 0x1c, 0x00, 0x0c, 0xb0, 0x09, 0x1c, 0xdf, 0xd6, 0x68, 0x3a, 0x1a,
    0xe5, 0x5f, 0xeb, 0x00, 0x13, 0x21, 0x11, 0x14, 0x0e, 0x02, 0x23, 0x22, 0x26, 0x27, 0x35, 0x1e,
    0x01, 0x33, 0x32, 0x3e, 0x02, 0x35, 0x11, 0x21, 0x13, 0x33, 0x17, 0x23, 0x27, 0x07, 0x23, 0x42,
    0x01, 0x64, 0x21, 0x3e, 0x59, 0x38, 0x1c, 0x38, 0x1c, 0x18, 0x38, 0x1d, 0x1f, 0x35, 0x27, 0x16,
    0xfe, 0xfe, 0x85, 0x68, 0x67, 0x5e, 0x3d, 0x3d, 0x5e, 0x02, 0xbc, 0xfe, 0x1b, 0x42, 0x58, 0x35,
    0x15, 0x06, 0x09, 0x55, 0x03, 0x05, 0x0a, 0x1e, 0x37, 0x2d, 0x01, 0x86, 0x01, 0x04, 0x7d, 0x4f,
    0x4f, 0x00, 0x00, 0x00, 0x00, 0x02, 0xff, 0xd0, 0xff, 0x36, 0x01, 0x19, 0x02, 0xc1, 0x00, 0x0d,
    0x00, 0x14, 0x00, 0x0c, 0xb0, 0x09, 0x1c, 0xdf, 0xd6, 0x68, 0x3a, 0x1a, 0xe5, 0x5f, 0xeb, 0x00,
    0x07, 0x37, 0x3e, 0x01, 0x35, 0x11, 0x33, 0x11, 0x14, 0x06, 0x23, 0x22, 0x26, 0x27, 0x13, 0x33,
    0x17, 0x23, 0x27, 0x07, 0x23, 0x30, 0x47, 0x23, 0x1c, 0x62, 0x4e, 0x48, 0x0e, 0x32, 0x12, 0x89,
    0x5d, 0x63, 0x57, 0x3a, 0x3c, 0x57, 0x73, 0x05, 0x02, 0x42, 0x33, 0x01, 0xeb, 0xfe, 0x0d, 0x60,
    0x6b, 0x02, 0x04, 0x03, 0x85, 0x90, 0x5f, 0x5f, 0x00, 0x02, 0x00, 0x5c, 0xfe, 0xf0, 0x02, 0x8e,
    0x02, 0xbc, 0x00, 0x0b, 0x00, 0x1f, 0x00, 0x0c, 0xb0, 0x09, 0x1c, 0xdf, 0xd6, 0x68, 0x3a, 0x1a,
    0xe5, 0x5f, 0xeb, 0x00, 0x01, 0x07, 0x15, 0x23, 0x11, 0x33, 0x11, 0x01, 0x33, 0x03, 0x01, 0x23,
    0x07, 0x34, 0x36, 0x33, 0x32, 0x16, 0x15, 0x14, 0x06, 0x2b, 0x01, 0x35, 0x32, 0x36, 0x37, 0x27,
    0x06, 0x23, 0x22, 0x26, 0x01, 0x23, 0x64, 0x63, 0x63, 0x01, 0x24, 0x79, 0xfb, 0x01, 0x2d, 0x7a,
    0xfe, 0x20, 0x1f, 0x23, 0x25, 0x38, 0x34, 0x14, 0x21, 0x28, 0x04, 0x0d, 0x09, 0x10, 0x14, 0x1a,
    0x01, 0x53, 0x74, 0xdf, 0x02, 0xbc, 0xfe, 0xa8, 0x01, 0x58, 0xfe, 0xde, 0xfe, 0x66, 0x73, 0x1a,
    0x22, 0x2d, 0x30, 0x3c, 0x40, 0x39, 0x10, 0x1b, 0x12, 0x07, 0x15, 0x00, 0x00, 0x02, 0x00, 0x55,
    0xfe, 0xf0, 0x02, 0x1a, 0x02, 0xc6, 0x00, 0x0b, 0x00, 0x1e, 0x00, 0x0c, 0xb0, 0x09, 0x1c, 0xdf,
    0xd6, 0x68, 0x3a, 0x1a, 0xe5, 0x5f, 0xeb, 0x00, 0x13, 0x33, 0x11, 0x37, 0x33, 0x07, 0x13, 0x23,
    0x27, 0x07, 0x15, 0x23, 0x17, 0x34, 0x36, 0x33, 0x32, 0x16, 0x15, 0x14, 0x2b, 0x01, 0x35, 0x32,
    0x36, 0x37, 0x27, 0x06, 0x23, 0x22, 0x26, 0x55, 0x63, 0xd1, 0x79, 0xc6, 0xde, 0x73, 0xaf, 0x40,
    0x63, 0x89, 0x20, 0x1f, 0x23, 0x25, 0x6c, 0x14, 0x21, 0x28, 0x04, 0x0e, 0x09, 0x0f, 0x14, 0x1a,
    0x02, 0xc6, 0xfe, 0x61, 0xcd, 0xbf, 0xfe, 0xcb, 0xf4, 0x3e, 0xb6, 0x73, 0x1a, 0x21, 0x2c, 0x30,
    0x7c, 0x3a, 0x10, 0x1a, 0x10, 0x07, 0x16, 0x00, 0x00, 0x01, 0x00, 0x55, 0x00, 0x00, 0x02, 0x1a,
    0x01, 0xf4, 0x00, 0x0b, 0x00, 0x0c, 0xb0, 0x09, 0x1c, 0xdf, 0xd6, 0x68, 0x3a, 0x1a, 0xe5, 0x5f,
    0xeb, 0x00, 0x13, 0x33, 0x15, 0x37, 0x33, 0x07, 0x13, 0x23, 0x27, 0x07, 0x15, 0x23, 0x55, 0x63,
    0xd1, 0x79, 0xc6, 0xde, 0x73, 0xaf, 0x40, 0x63, 0x01, 0xf4, 0xcd, 0xcd, 0xbf, 0xfe, 0xcb, 0xf4,
    0x3e, 0xb6, 0x00, 0x00, 0x00, 0x02, 0x00, 0x5c, 0x00, 0x00, 0x01, 0xe8, 0x03, 0x6f, 0x00, 0x05,
    0x00, 0x09, 0x00, 0x0c, 0xb0, 0x09, 0x1c, 0xdf, 0xd6, 0x68, 0x3a, 0x1a, 0xe5, 0x5f, 0xeb, 0x00,
    0x13, 0x33, 0x11, 0x21, 0x15, 0x21, 0x13, 0x33, 0x07, 0x23, 0x5c, 0x63, 0x01, 0x29, 0xfe, 0x74,
    0x3e, 0x7b, 0x5c, 0x59, 0x02, 0xbc, 0xfd, 0xa1, 0x5d, 0x03, 0x6f, 0x80, 0x00, 0x02, 0x00, 0x50,
    0xff, 0xf9, 0x01, 0x00, 0x03, 0x83, 0x00, 0x03, 0x00, 0x0f, 0x00, 0x0c, 0xb0, 0x09, 0x1c, 0xdf,
    0xd6, 0x68, 0x3a, 0x1a, 0xe5, 0x5f, 0xeb, 0x00, 0x13, 0x33, 0x07, 0x23, 0x07, 0x33, 0x11, 0x14,
    0x3b, 0x01, 0x15, 0x06, 0x23, 0x22, 0x26, 0x35, 0x97, 0x69, 0x5d, 0x50, 0x03, 0x63, 0x1e, 0x20,
    0x22, 0x23, 0x35, 0x27, 0x03, 0x83, 0x98, 0x25, 0xfd, 0xa7, 0x1f, 0x4d, 0x08, 0x2f, 0x2f, 0x00,
    0x00, 0x02, 0x00, 0x5c, 0xfe, 0xf0, 0x01, 0xe8, 0x02, 0xbc, 0x00, 0x05, 0x00, 0x19, 0x00, 0x0c,
    0xb0, 0x09, 0x1c, 0xdf, 0xd6, 0x68, 0x3a, 0x1a, 0xe5, 0x5f, 0xeb, 0x00, 0x13, 0x33, 0x11, 0x21,
    0x15, 0x21, 0x17, 0x34, 0x36, 0x33, 0x32, 0x16, 0x15, 0x14, 0x06, 0x2b, 0x01, 0x35, 0x32, 0x36,
    0x37, 0x27, 0x06, 0x23, 0x22, 0x26, 0x5c, 0x63, 0x01, 0x29, 0xfe, 0x74, 0x78, 0x20, 0x1f, 0x23,
    0x25, 0x38, 0x34, 0x14, 0x21, 0x28, 0x04, 0x0d, 0x09, 0x10, 0x14, 0x1a, 0x02, 0xbc, 0xfd, 0xa1,
    0x5d, 0x73, 0x1a, 0x22, 0x2d, 0x30, 0x3c, 0x40, 0x39, 0x10, 0x1b, 0x12, 0x07, 0x15, 0x00, 0x00,
    0x00, 0x02, 0x00, 0x50, 0xfe, 0xf0, 0x00, 0xf1, 0x02, 0xc6, 0x00, 0x0b, 0x00, 0x1e, 0x00, 0x0c,
    0xb0, 0x09, 0x1c, 0xdf, 0xd6, 0x68, 0x3a, 0x1a, 0xe5, 0x5f, 0xeb, 0x00, 0x13, 0x33, 0x11, 0x14,
    0x3b, 0x01, 0x15, 0x06, 0x23, 0x22, 0x26, 0x35, 0x17, 0x34, 0x36, 0x33, 0x32, 0x16, 0x15, 0x14,
    0x2b, 0x01, 0x35, 0x32, 0x36, 0x37, 0x27, 0x06, 0x23, 0x22, 0x26, 0x50, 0x63, 0x1e, 0x20, 0x22,
    0x23, 0x35, 0x27, 0x01, 0x20, 0x1f, 0x23, 0x25, 0x6c, 0x14, 0x21, 0x28, 0x04, 0x0e, 0x09, 0x0f,
    0x14, 0x1a, 0x02, 0xc6, 0xfd, 0xa7, 0x1f, 0x4d, 0x08, 0x2f, 0x2f, 0xca, 0x1a, 0x21, 0x2c, 0x30,
    0x7c, 0x3a, 0x10, 0x1a, 0x10, 0x07, 0x16, 0x00, 0x00, 0x02, 0x00, 0x5c, 0x00, 0x00, 0x01, 0xe8,
    0x02, 0xc5, 0x00, 0x03, 0x00, 0x09, 0x00, 0x0c, 0xb0, 0x09, 0x1c, 0xdf, 0xd6, 0x68, 0x3a, 0x1a,
    0xe5, 0x5f, 0xeb, 0x00, 0x01, 0x33, 0x07, 0x23, 0x27, 0x33, 0x11, 0x21, 0x15, 0x21, 0x01, 0x1f,
    0x5e, 0x19, 0x45, 0xc3, 0x63, 0x01, 0x29, 0xfe, 0x74, 0x02, 0xc5, 0xbf, 0xb6, 0xfd, 0xa1, 0x5d,
    0x00, 0x02, 0x00, 0x50, 0xff, 0xf9, 0x01, 0x54, 0x02, 0xc6, 0x00, 0x03, 0x00, 0x0f, 0x00, 0x0c,
    0xb0, 0x09, 0x1c, 0xdf, 0xd6, 0x68, 0x3a, 0x1a, 0xe5, 0x5f, 0xeb, 0x00, 0x13, 0x33, 0x07, 0x23,
    0x27, 0x33, 0x11, 0x14, 0x3b, 0x01, 0x15, 0x06, 0x23, 0x22, 0x26, 0x35, 0xf6, 0x5e, 0x18, 0x46,
    0xa6, 0x63, 0x1e, 0x20, 0x22, 0x23, 0x35, 0x27, 0x02, 0xc5, 0xbf, 0xc0, 0xfd, 0xa7, 0x1f, 0x4d,
    0x08, 0x2f, 0x2f, 0x00, 0x00, 0x02, 0x00, 0x5c, 0x00, 0x00, 0x01, 0xf6, 0x02, 0xbc, 0x00, 0x0b,
    0x00, 0x11, 0x00, 0x0c, 0xb0, 0x09, 0x1c, 0xdf, 0xd6, 0x68, 0x3a, 0x1a, 0xe5, 0x5f, 0xeb, 0x00,
    0x01, 0x22, 0x26, 0x35, 0x34, 0x36, 0x33, 0x32, 0x16, 0x15, 0x14, 0x06, 0x01, 0x33, 0x11, 0x21,
    0x15, 0x21, 0x01, 0xbb, 0x1c, 0x1e, 0x1e, 0x1c, 0x1d, 0x1e, 0x1e, 0xfe, 0x84, 0x63, 0x01, 0x29,
    0xfe, 0x74, 0x01, 0x55, 0x21, 0x19, 0x18, 0x20, 0x20, 0x18, 0x19, 0x21, 0x01, 0x67, 0xfd, 0xa1,
    0x5d, 0x00, 0x00, 0x00, 0x00, 0x02, 0x00, 0x50, 0xff, 0xf9, 0x01, 0x84, 0x02, 0xc6, 0x00, 0x0b,
    0x00, 0x17, 0x00, 0x0c, 0xb0, 0x09, 0x1c, 0xdf, 0xd6, 0x68, 0x3a, 0x1a, 0xe5, 0x5f, 0xeb, 0x00,
    0x01, 0x22, 0x26, 0x35, 0x34, 0x36, 0x33, 0x32, 0x16, 0x15, 0x14, 0x06, 0x01, 0x33, 0x11, 0x14,
    0x3b, 0x01, 0x15, 0x06, 0x23, 0x22, 0x26, 0x35, 0x01, 0x4a, 0x1d, 0x1d, 0x1d, 0x1d, 0x1d, 0x1d,
    0x1d, 0xfe, 0xe9, 0x63, 0x1e, 0x20, 0x22, 0x23, 0x35, 0x27, 0x01, 0x44, 0x21, 0x1a, 0x18, 0x1f,
    0x1f, 0x18, 0x1a, 0x21, 0x01, 0x82, 0xfd, 0xa7, 0x1f, 0x4d, 0x08, 0x2f, 0x2f, 0x00, 0x00, 0x00,
    0x00, 0x01, 0x00, 0x06, 0x00, 0x00, 0x01, 0xe8, 0x02, 0xbc, 0x00, 0x0d, 0x00, 0x0c, 0xb0, 0x09,
    0x1c, 0xdf, 0xd6, 0x68, 0x3a, 0x1a, 0xe5, 0x5f, 0xeb, 0x00, 0x13, 0x37, 0x11, 0x33, 0x11, 0x37,
    0x15, 0x07, 0x11, 0x21, 0x15, 0x21, 0x11, 0x07, 0x06, 0x56, 0x63, 0x8b, 0x8b, 0x01, 0x29, 0xfe,
    0x74, 0x56, 0x01, 0x24, 0x4a, 0x01, 0x4e, 0xfe, 0xf9, 0x7c, 0x53, 0x7a, 0xfe, 0xf9, 0x5d, 0x01,
    0x1e, 0x4b, 0x00, 0x00, 0x00, 0x01, 0x00, 0x0a, 0xff, 0xf9, 0x00, 0xfc, 0x02, 0xc6, 0x00, 0x13,
    0x00, 0x0c, 0xb0, 0x09, 0x1c, 0xdf, 0xd6, 0x68, 0x3a, 0x1a, 0xe5, 0x5f, 0xeb, 0x00, 0x13, 0x37,
    0x11, 0x33, 0x11, 0x37, 0x15, 0x07, 0x11, 0x14, 0x3b, 0x01, 0x15, 0x06, 0x23, 0x22, 0x26, 0x3d,
    0x01, 0x07, 0x0a, 0x46, 0x63, 0x49, 0x49, 0x1e, 0x20, 0x22, 0x23, 0x35, 0x27, 0x46, 0x01, 0x38,
    0x3d, 0x01, 0x51, 0xfe, 0xf5, 0x41, 0x4b, 0x3d, 0xfe, 0xf9, 0x1f, 0x4d, 0x08, 0x2f, 0x2f, 0xd7,
    0x40, 0x00, 0x00, 0x00, 0x00, 0x02, 0x00, 0x5c, 0x00, 0x00, 0x02, 0x9c, 0x03, 0x6f, 0x00, 0x09,
    0x00, 0x0d, 0x00, 0x0c, 0xb0, 0x09, 0x1c, 0xdf, 0xd6, 0x68, 0x3a, 0x1a, 0xe5, 0x5f, 0xeb, 0x00,
    0x13, 0x33, 0x01, 0x11, 0x33, 0x11, 0x23, 0x01, 0x11, 0x23, 0x01, 0x33, 0x07, 0x23, 0x5c, 0x5a,
    0x01, 0x83, 0x63, 0x62, 0xfe, 0x85, 0x63, 0x01, 0x22, 0x7b, 0x5c, 0x59, 0x02, 0xbc, 0xfd, 0xd8,
    0x02, 0x28, 0xfd, 0x44, 0x02, 0x1d, 0xfd, 0xe3, 0x03, 0x6f, 0x80, 0x00, 0x00, 0x02, 0x00, 0x55,
    0x00, 0x00, 0x02, 0x12, 0x02, 0xca, 0x00, 0x15, 0x00, 0x19, 0x00, 0x0c, 0xb0, 0x09, 0x1c, 0xdf,
    0xd6, 0x68, 0x3a, 0x1a, 0xe5, 0x5f, 0xeb, 0x00, 0x13, 0x33, 0x15, 0x3e, 0x03, 0x33, 0x32, 0x16,
    0x15, 0x11, 0x23, 0x11, 0x34, 0x26, 0x23, 0x22, 0x06, 0x07, 0x11, 0x23, 0x01, 0x33, 0x07, 0x23,
    0x55, 0x63, 0x04, 0x19, 0x29, 0x39, 0x24, 0x53, 0x64, 0x63, 0x2e, 0x3c, 0x39, 0x46, 0x0e, 0x63,
    0x01, 0x04, 0x69, 0x5d, 0x50, 0x01, 0xf4, 0x4e, 0x12, 0x20, 0x1a, 0x0f, 0x55, 0x5e, 0xfe, 0xb2,
    0x01, 0x4b, 0x2f, 0x33, 0x34, 0x40, 0xfe, 0xc7, 0x02, 0xca, 0x98, 0x00, 0x00, 0x02, 0x00, 0x5c,
    0xfe, 0xf0, 0x02, 0x9c, 0x02, 0xbc, 0x00, 0x09, 0x00, 0x1d, 0x00, 0x0c, 0xb0, 0x09, 0x1c, 0xdf,
    0xd6, 0x68, 0x3a, 0x1a, 0xe5, 0x5f, 0xeb, 0x00, 0x13, 0x33, 0x01, 0x11, 0x33, 0x11, 0x23, 0x01,
    0x11, 0x23, 0x17, 0x34, 0x36, 0x33, 0x32, 0x16, 0x15, 0x14, 0x06, 0x2b, 0x01, 0x35, 0x32, 0x36,
    0x37, 0x27, 0x06, 0x23, 0x22, 0x26, 0x5c, 0x5a, 0x01, 0x83, 0x63, 0x62, 0xfe, 0x85, 0x63, 0xd6,
    0x20, 0x1f, 0x23, 0x25, 0x38, 0x34, 0x14, 0x21, 0x28, 0x04, 0x0d, 0x09, 0x10, 0x14, 0x1a, 0x02,
    0xbc, 0xfd, 0xd8, 0x02, 0x28, 0xfd, 0x44, 0x02, 0x1d, 0xfd, 0xe3, 0x73, 0x1a, 0x22, 0x2d, 0x30,
    0x3c, 0x40, 0x39, 0x10, 0x1b, 0x12, 0x07, 0x15, 0x00, 0x02, 0x00, 0x55, 0xfe, 0xf0, 0x02, 0x12,
    0x02, 0x01, 0x00, 0x15, 0x00, 0x28, 0x00, 0x0c, 0xb0, 0x09, 0x1c, 0xdf, 0xd6, 0x68, 0x3a, 0x1a,
    0xe5, 0x5f, 0xeb, 0x00, 0x13, 0x33, 0x15, 0x3e, 0x03, 0x33, 0x32, 0x16, 0x15, 0x11, 0x23, 0x11,
    0x34, 0x26, 0x23, 0x22, 0x06, 0x07, 0x11, 0x23, 0x17, 0x34, 0x36, 0x33, 0x32, 0x16, 0x15, 0x14,
    0x2b, 0x01, 0x35, 0x32, 0x36, 0x37, 0x27, 0x06, 0x23, 0x22, 0x26, 0x55, 0x63, 0x04, 0x19, 0x29,
    0x39, 0x24, 0x53, 0x64, 0x63, 0x2e, 0x3c, 0x39, 0x46, 0x0e, 0x63, 0x96, 0x20, 0x1f, 0x23, 0x25,
    0x6c, 0x14, 0x21, 0x28, 0x04, 0x0e, 0x09, 0x0f, 0x14, 0x1a, 0x01, 0xf4, 0x4e, 0x12, 0x20, 0x1a,
    0x0f, 0x55, 0x5e, 0xfe, 0xb2, 0x01, 0x4b, 0x2f, 0x33, 0x34, 0x40, 0xfe, 0xc7, 0x73, 0x1a, 0x21,
    0x2c, 0x30, 0x7c, 0x3a, 0x10, 0x1a, 0x10, 0x07, 0x16, 0x00, 0x00, 0x00, 0x00, 0x02, 0x00, 0x5c,
    0x00, 0x00, 0x02, 0x9c, 0x03, 0x65, 0x00, 0x09, 0x00, 0x10, 0x00, 0x0c, 0xb0, 0x09, 0x1c, 0xdf,
    0xd6, 0x68, 0x3a, 0x1a, 0xe5, 0x5f, 0xeb, 0x00, 0x13, 0x33, 0x01, 0x11, 0x33, 0x11, 0x23, 0x01,
    0x11, 0x23, 0x13, 0x33, 0x17, 0x37, 0x33, 0x07, 0x23, 0x5c, 0x5a, 0x01, 0x83, 0x63, 0x62, 0xfe,
    0x85, 0x63, 0x82, 0x5f, 0x3f, 0x3f, 0x5e, 0x6a, 0x67, 0x02, 0xbc, 0xfd, 0xd8, 0x02, 0x28, 0xfd,
    0x44, 0x02, 0x1d, 0xfd, 0xe3, 0x03, 0x65, 0x4f, 0x4f, 0x7d, 0x00, 0x00, 0x00, 0x02, 0x00, 0x55,
    0x00, 0x00, 0x02, 0x12, 0x02, 0xbf, 0x00, 0x15, 0x00, 0x1c, 0x00, 0x0c, 0xb0, 0x09, 0x1c, 0xdf,
    0xd6, 0x68, 0x3a, 0x1a, 0xe5, 0x5f, 0xeb, 0x00, 0x13, 0x33, 0x15, 0x3e, 0x03, 0x33, 0x32, 0x16,
    0x15, 0x11, 0x23, 0x11, 0x34, 0x26, 0x23, 0x22, 0x06, 0x07, 0x11, 0x23, 0x13, 0x33, 0x17, 0x37,
    0x33, 0x07, 0x23, 0x55, 0x63, 0x04, 0x19, 0x29, 0x39, 0x24, 0x53, 0x64, 0x63, 0x2e, 0x3c, 0x39,
    0x46, 0x0e, 0x63, 0x5b, 0x57, 0x3b, 0x3a, 0x57, 0x63, 0x5d, 0x01, 0xf4, 0x4e, 0x12, 0x20, 0x1a,
    0x0f, 0x55, 0x5e, 0xfe, 0xb2, 0x01, 0x4b, 0x2f, 0x33, 0x34, 0x40, 0xfe, 0xc7, 0x02, 0xbf, 0x63,
    0x63, 0x94, 0x00, 0x00, 0x00, 0x01, 0x00, 0x5c, 0xff, 0x43, 0x02, 0x9c, 0x02, 0xbc, 0x00, 0x13,
    0x00, 0x0c, 0xb0, 0x09, 0x1c, 0xdf, 0xd6, 0x68, 0x3a, 0x1a, 0xe5, 0x5f, 0xeb, 0x00, 0x13, 0x33,
    0x01, 0x11, 0x33, 0x11, 0x14, 0x06, 0x23, 0x22, 0x26, 0x27, 0x35, 0x37, 0x3e, 0x01, 0x37, 0x01,
    0x11, 0x23, 0x5c, 0x5a, 0x01, 0x83, 0x63, 0x4d, 0x57, 0x11, 0x25, 0x10, 0x4c, 0x1d, 0x22, 0x02,
    0xfe, 0x80, 0x63, 0x02, 0xbc, 0xfd, 0xd8, 0x02, 0x28, 0xfd, 0x49, 0x5a, 0x68, 0x04, 0x02, 0x4f,
    0x05, 0x02, 0x34, 0x2d, 0x02, 0x1f, 0xfd, 0xe1, 0x00, 0x01, 0x00, 0x55, 0xff, 0x51, 0x02, 0x12,
    0x02, 0x01, 0x00, 0x1f, 0x00, 0x0c, 0xb0, 0x09, 0x1c, 0xdf, 0xd6, 0x68, 0x3a, 0x1a, 0xe5, 0x5f,
    0xeb, 0x00, 0x13, 0x33, 0x15, 0x3e, 0x03, 0x33, 0x32, 0x16, 0x15, 0x11, 0x14, 0x06, 0x23, 0x22,
    0x26, 0x27, 0x35, 0x37, 0x3e, 0x01, 0x35, 0x11, 0x34, 0x26, 0x23, 0x22, 0x06, 0x07, 0x11, 0x23,
    0x55, 0x63, 0x04, 0x19, 0x29, 0x39, 0x24, 0x53, 0x64, 0x4f, 0x48, 0x0e, 0x33, 0x11, 0x47, 0x23,
    0x1c, 0x2e, 0x3c, 0x39, 0x46, 0x0e, 0x63, 0x01, 0xf4, 0x4e, 0x12, 0x20, 0x1a, 0x0f, 0x55, 0x5e,
    0xfe, 0xce, 0x5f, 0x6c, 0x03, 0x04, 0x51, 0x04, 0x02, 0x42, 0x33, 0x01, 0x27, 0x2f, 0x33, 0x34,
    0x40, 0xfe, 0xc7, 0x00, 0x00, 0x03, 0x00, 0x37, 0xff, 0xf0, 0x02, 0xb3, 0x03, 0x3b, 0x00, 0x13,
    0x00, 0x27, 0x00, 0x2b, 0x00, 0x0c, 0xb0, 0x09, 0x1c, 0xdf, 0xd6, 0x68, 0x3a, 0x1a, 0xe5, 0x5f,
    0xeb, 0x00, 0x05, 0x22, 0x2e, 0x02, 0x35, 0x34, 0x3e, 0x02, 0x33, 0x32, 0x1e, 0x02, 0x15, 0x14,
    0x0e, 0x02, 0x27, 0x32, 0x3e, 0x02, 0x35, 0x34, 0x2e, 0x02, 0x23, 0x22, 0x0e, 0x02, 0x15, 0x14,
    0x1e, 0x02, 0x03, 0x21, 0x15, 0x21, 0x01, 0x75, 0x44, 0x74, 0x55, 0x31, 0x32, 0x56, 0x74, 0x42,
    0x43, 0x74, 0x56, 0x31, 0x30, 0x56, 0x74, 0x44, 0x31, 0x51, 0x38, 0x1f, 0x21, 0x3b, 0x4f, 0x2e,
    0x2e, 0x4f, 0x3a, 0x21, 0x1f, 0x38, 0x50, 0x56, 0x01, 0x0f, 0xfe, 0xf1, 0x10, 0x28, 0x58, 0x8b,
    0x63, 0x63, 0x8c, 0x59, 0x28, 0x28, 0x59, 0x8c, 0x63, 0x63, 0x8b, 0x58, 0x28, 0x5f, 0x1a, 0x3f,
    0x68, 0x4e, 0x52, 0x6a, 0x3e, 0x18, 0x18, 0x3e, 0x6a, 0x52, 0x4e, 0x68, 0x3f, 0x1a, 0x02, 0xec,
    0x44, 0x00, 0x00, 0x00, 0x00, 0x03, 0x00, 0x32, 0xff, 0xf0, 0x02, 0x19, 0x02, 0x8f, 0x00, 0x0b,
    0x00, 0x17, 0x00, 0x1b, 0x00, 0x0c, 0xb0, 0x09, 0x1c, 0xdf, 0xd6, 0x68, 0x3a, 0x1a, 0xe5, 0x5f,
    0xeb, 0x00, 0x05, 0x22, 0x26, 0x35, 0x34, 0x36, 0x33, 0x32, 0x16, 0x15, 0x14, 0x06, 0x27, 0x32,
    0x36, 0x35, 0x34, 0x26, 0x23, 0x22, 0x06, 0x15, 0x14, 0x16, 0x03, 0x21, 0x15, 0x21, 0x01, 0x25,
    0x7c, 0x77, 0x76, 0x7d, 0x7d, 0x77, 0x78, 0x7c, 0x50, 0x41, 0x40, 0x51, 0x52, 0x3f, 0x41, 0x35,
    0x01, 0x0a, 0xfe, 0xf6, 0x10, 0x86, 0x80, 0x81, 0x8c, 0x8c, 0x81, 0x80, 0x86, 0x53, 0x5c, 0x57,
    0x5b, 0x60, 0x60, 0x5b, 0x57, 0x5c, 0x02, 0x4c, 0x44, 0x00, 0x00, 0x00, 0x00, 0x04, 0x00, 0x37,
    0xff, 0xf0, 0x02, 0xb3, 0x03, 0x6f, 0x00, 0x13, 0x00, 0x27, 0x00, 0x2b, 0x00, 0x2f, 0x00, 0x0c,
    0xb0, 0x09, 0x1c, 0xdf, 0xd6, 0x68, 0x3a, 0x1a, 0xe5, 0x5f, 0xeb, 0x00, 0x05, 0x22, 0x2e, 0x02,
    0x35, 0x34, 0x3e, 0x02, 0x33, 0x32, 0x1e, 0x02, 0x15, 0x14, 0x0e, 0x02, 0x27, 0x32, 0x3e, 0x02,
    0x35, 0x34, 0x2e, 0x02, 0x23, 0x22, 0x0e, 0x02, 0x15, 0x14, 0x1e, 0x02, 0x03, 0x33, 0x07, 0x23,
    0x37, 0x33, 0x07, 0x23, 0x01, 0x75, 0x44, 0x74, 0x55, 0x31, 0x32, 0x56, 0x74, 0x42, 0x43, 0x74,
    0x56, 0x31, 0x30, 0x56, 0x74, 0x44, 0x31, 0x51, 0x38, 0x1f, 0x21, 0x3b, 0x4f, 0x2e, 0x2e, 0x4f,
    0x3a, 0x21, 0x1f, 0x38, 0x50, 0x0d, 0x71, 0x6b, 0x52, 0xf9, 0x72, 0x71, 0x52, 0x10, 0x28, 0x58,
    0x8b, 0x63, 0x63, 0x8c, 0x59, 0x28, 0x28, 0x59, 0x8c, 0x63, 0x63, 0x8b, 0x58, 0x28, 0x5f, 0x1a,
    0x3f, 0x68, 0x4e, 0x52, 0x6a, 0x3e, 0x18, 0x18, 0x3e, 0x6a, 0x52, 0x4e, 0x68, 0x3f, 0x1a, 0x03,
    0x20, 0x80, 0x80, 0x80, 0x00, 0x04, 0x00, 0x32, 0xff, 0xf0, 0x02, 0x19, 0x02, 0xc2, 0x00, 0x0b,
    0x00, 0x17, 0x00, 0x1b, 0x00, 0x1f, 0x00, 0x0c, 0xb0, 0x09, 0x1c, 0xdf, 0xd6, 0x68, 0x3a, 0x1a,
    0xe5, 0x5f, 0xeb, 0x00, 0x05, 0x22, 0x26, 0x35, 0x34, 0x36, 0x33, 0x32, 0x16, 0x15, 0x14, 0x06,
    0x27, 0x32, 0x36, 0x35, 0x34, 0x26, 0x23, 0x22, 0x06, 0x15, 0x14, 0x16, 0x13, 0x33, 0x07, 0x23,
    0x37, 0x33, 0x07, 0x23, 0x01, 0x25, 0x7c, 0x77, 0x76, 0x7d, 0x7d, 0x77, 0x78, 0x7c, 0x50, 0x41,
    0x40, 0x51, 0x52, 0x3f, 0x41, 0x10, 0x64, 0x56, 0x52, 0xf0, 0x64, 0x56, 0x52, 0x10, 0x86, 0x80,
    0x81, 0x8c, 0x8c, 0x81, 0x80, 0x86, 0x53, 0x5c, 0x57, 0x5b, 0x60, 0x60, 0x5b, 0x57, 0x5c, 0x02,
    0x7f, 0x97, 0x97, 0x97, 0x00, 0x02, 0x00, 0x37, 0xff, 0xf2, 0x03, 0xad, 0x02, 0xcc, 0x00, 0x20,
    0x00, 0x31, 0x00, 0x0c, 0xb0, 0x09, 0x1c, 0xdf, 0xd6, 0x68, 0x3a, 0x1a, 0xe5, 0x5f, 0xeb, 0x00,
    0x13, 0x34, 0x3e, 0x02, 0x33, 0x32, 0x16, 0x17, 0x1e, 0x01, 0x33, 0x21, 0x15, 0x21, 0x15, 0x33,
    0x15, 0x23, 0x15, 0x21, 0x15, 0x21, 0x22, 0x06, 0x07, 0x0e, 0x01, 0x23, 0x22, 0x2e, 0x02, 0x37,
    0x14, 0x1e, 0x02, 0x33, 0x32, 0x36, 0x37, 0x11, 0x2e, 0x01, 0x23, 0x22, 0x0e, 0x02, 0x37, 0x31,
    0x55, 0x71, 0x40, 0x29, 0x41, 0x11, 0x12, 0x22, 0x11, 0x01, 0x75, 0xfe, 0xab, 0xfe, 0xfe, 0x01,
    0x5f, 0xfe, 0xa7, 0x1a, 0x3d, 0x17, 0x17, 0x40, 0x20, 0x42, 0x72, 0x54, 0x30, 0x66, 0x1f, 0x38,
    0x50, 0x32, 0x20, 0x3e, 0x17, 0x18, 0x3b, 0x22, 0x2f, 0x4f, 0x3a, 0x21, 0x01, 0x5e, 0x63, 0x8c,
    0x57, 0x28, 0x0a, 0x02, 0x02, 0x02, 0x5c, 0xb5, 0x5c, 0xf2, 0x5d, 0x02, 0x02, 0x02, 0x08, 0x28,
    0x57, 0x8a, 0x63, 0x4e, 0x68, 0x3f, 0x1a, 0x0a, 0x08, 0x01, 0xf7, 0x0b, 0x0d, 0x18, 0x3d, 0x6b,
    0x00, 0x03, 0x00, 0x32, 0xff, 0xf0, 0x03, 0x8d, 0x02, 0x03, 0x00, 0x22, 0x00, 0x2e, 0x00, 0x35,
    0x00, 0x0c, 0xb0, 0x09, 0x1c, 0xdf, 0xd6, 0x68, 0x3a, 0x1a, 0xe5, 0x5f, 0xeb, 0x00, 0x37, 0x34,
    0x36, 0x33, 0x32, 0x16, 0x17, 0x3e, 0x01, 0x33, 0x32, 0x1e, 0x02, 0x1d, 0x01, 0x21, 0x1e, 0x01,
    0x33, 0x32, 0x36, 0x37, 0x33, 0x14, 0x06, 0x23, 0x22, 0x26, 0x27, 0x0e, 0x01, 0x23, 0x22, 0x26,
    0x37, 0x14, 0x16, 0x33, 0x32, 0x36, 0x35, 0x34, 0x26, 0x23, 0x22, 0x06, 0x25, 0x22, 0x06, 0x07,
    0x21, 0x2e, 0x01, 0x32, 0x76, 0x7d, 0x40, 0x66, 0x1d, 0x1d, 0x61, 0x44, 0x3f, 0x57, 0x35, 0x18,
    0xfe, 0x88, 0x02, 0x46, 0x4e, 0x3a, 0x3a, 0x05, 0x5e, 0x6b, 0x6c, 0x38, 0x6b, 0x20, 0x1b, 0x67,
    0x41, 0x7c, 0x77, 0x62, 0x41, 0x50, 0x51, 0x44, 0x44, 0x51, 0x52, 0x3f, 0x02, 0x16, 0x41, 0x47,
    0x0a, 0x01, 0x11, 0x02, 0x36, 0xf6, 0x81, 0x8c, 0x2b, 0x2d, 0x2f, 0x29, 0x20, 0x3e, 0x58, 0x39,
    0x26, 0x5b, 0x50, 0x2b, 0x22, 0x45, 0x5b, 0x2a, 0x2c, 0x2b, 0x2b, 0x86, 0x81, 0x58, 0x5c, 0x5b,
    0x58, 0x5b, 0x60, 0x60, 0x61, 0x3b, 0x44, 0x3f, 0x40, 0x00, 0x00, 0x00, 0x00, 0x03, 0x00, 0x5c,
    0x00, 0x00, 0x02, 0x86, 0x03, 0x6f, 0x00, 0x12, 0x00, 0x1f, 0x00, 0x23, 0x00, 0x0c, 0xb0, 0x09,
    0x1c, 0xdf, 0xd6, 0x68, 0x3a, 0x1a, 0xe5, 0x5f, 0xeb, 0x00, 0x01, 0x23, 0x11, 0x23, 0x11, 0x21,
    0x32, 0x1e, 0x02, 0x15, 0x14, 0x0e, 0x02, 0x2b, 0x01, 0x01, 0x23, 0x01, 0x15, 0x33, 0x32, 0x3e,
    0x02, 0x35, 0x34, 0x2e, 0x02, 0x23, 0x03, 0x33, 0x07, 0x23, 0x01, 0x0a, 0x4b, 0x63, 0x01, 0x3f,
    0x2b, 0x44, 0x2e, 0x19, 0x18, 0x2e, 0x43, 0x2c, 0x1e, 0x01, 0x08, 0x7f, 0xfe, 0xb8, 0xd6, 0x11,
    0x20, 0x19, 0x0f, 0x0f, 0x1a, 0x20, 0x10, 0x50, 0x7b, 0x5c, 0x59, 0x01, 0x45, 0xfe, 0xbb, 0x02,
    0xbc, 0x1d, 0x34, 0x46, 0x28, 0x23, 0x42, 0x33, 0x20, 0xfe, 0xbb, 0x02, 0x61, 0xc6, 0x0e, 0x19,
    0x24, 0x17, 0x16, 0x25, 0x1b, 0x0e, 0x01, 0x0e, 0x80, 0x00, 0x00, 0x00, 0x00, 0x02, 0x00, 0x55,
    0x00, 0x00, 0x01, 0x61, 0x02, 0xca, 0x00, 0x0f, 0x00, 0x13, 0x00, 0x0c, 0xb0, 0x09, 0x1c, 0xdf,
    0xd6, 0x68, 0x3a, 0x1a, 0xe5, 0x5f, 0xeb, 0x00, 0x13, 0x33, 0x15, 0x3e, 0x01, 0x33, 0x32, 0x16,
    0x17, 0x15, 0x23, 0x22, 0x06, 0x07, 0x11, 0x23, 0x13, 0x33, 0x07, 0x23, 0x55, 0x59, 0x03, 0x52,
    0x42, 0x06, 0x10, 0x06, 0x11, 0x4d, 0x44, 0x07, 0x63, 0x9c, 0x69, 0x5d, 0x50, 0x01, 0xf4, 0x81,
    0x41, 0x4b, 0x01, 0x02, 0x59, 0x33, 0x3b, 0xfe, 0xcb, 0x02, 0xca, 0x98, 0x00, 0x03, 0x00, 0x5c,
    0xfe, 0xf0, 0x02, 0x86, 0x02, 0xbc, 0x00, 0x12, 0x00, 0x1f, 0x00, 0x33, 0x00, 0x0c, 0xb0, 0x09,
    0x1c, 0xdf, 0xd6, 0x68, 0x3a, 0x1a, 0xe5, 0x5f, 0xeb, 0x00, 0x01, 0x23, 0x11, 0x23, 0x11, 0x21,
    0x32, 0x1e, 0x02, 0x15, 0x14, 0x0e, 0x02, 0x2b, 0x01, 0x01, 0x23, 0x01, 0x15, 0x33, 0x32, 0x3e,
    0x02, 0x35, 0x34, 0x2e, 0x02, 0x23, 0x03, 0x34, 0x36, 0x33, 0x32, 0x16, 0x15, 0x14, 0x06, 0x2b,
    0x01, 0x35, 0x32, 0x36, 0x37, 0x27, 0x06, 0x23, 0x22, 0x26, 0x01, 0x0a, 0x4b, 0x63, 0x01, 0x3f,
    0x2b, 0x44, 0x2e, 0x19, 0x18, 0x2e, 0x43, 0x2c, 0x1e, 0x01, 0x08, 0x7f, 0xfe, 0xb8, 0xd6, 0x11,
    0x20, 0x19, 0x0f, 0x0f, 0x1a, 0x20, 0x10, 0x85, 0x20, 0x1f, 0x23, 0x25, 0x38, 0x34, 0x14, 0x21,
    0x28, 0x04, 0x0d, 0x09, 0x10, 0x14, 0x1a, 0x01, 0x45, 0xfe, 0xbb, 0x02, 0xbc, 0x1d, 0x34, 0x46,
    0x28, 0x23, 0x42, 0x33, 0x20, 0xfe, 0xbb, 0x02, 0x61, 0xc6, 0x0e, 0x19, 0x24, 0x17, 0x16, 0x25,
    0x1b, 0x0e, 0xfd, 0x2c, 0x1a, 0x22, 0x2d, 0x30, 0x3c, 0x40, 0x39, 0x10, 0x1b, 0x12, 0x07, 0x15,
    0x00, 0x02, 0x00, 0x44, 0xfe, 0xf0, 0x01, 0x61, 0x01, 0xff, 0x00, 0x0f, 0x00, 0x22, 0x00, 0x0c,
    0xb0, 0x09, 0x1c, 0xdf, 0xd6, 0x68, 0x3a, 0x1a, 0xe5, 0x5f, 0xeb, 0x00, 0x13, 0x33, 0x15, 0x3e,
    0x01, 0x33, 0x32, 0x16, 0x17, 0x15, 0x23, 0x22, 0x06, 0x07, 0x11, 0x23, 0x07, 0x34, 0x36, 0x33,
    0x32, 0x16, 0x15, 0x14, 0x2b, 0x01, 0x35, 0x32, 0x36, 0x37, 0x27, 0x06, 0x23, 0x22, 0x26, 0x55,
    0x59, 0x03, 0x52, 0x42, 0x06, 0x10, 0x06, 0x11, 0x4d, 0x44, 0x07, 0x63, 0x11, 0x20, 0x1f, 0x23,
    0x25, 0x6c, 0x14, 0x21, 0x28, 0x04, 0x0e, 0x09, 0x0f, 0x14, 0x1a, 0x01, 0xf4, 0x81, 0x41, 0x4b,
    0x01, 0x02, 0x59, 0x33, 0x3b, 0xfe, 0xcb, 0x73, 0x1a, 0x21, 0x2c, 0x30, 0x7c, 0x3a, 0x10, 0x1a,
    0x10, 0x07, 0x16, 0x00, 0x00, 0x03, 0x00, 0x5c, 0x00, 0x00, 0x02, 0x86, 0x03, 0x65, 0x00, 0x12,
    0x00, 0x1f, 0x00, 0x26, 0x00, 0x0c, 0xb0, 0x09, 0x1c, 0xdf, 0xd6, 0x68, 0x3a, 0x1a, 0xe5, 0x5f,
    0xeb, 0x00, 0x01, 0x23, 0x11, 0x23, 0x11, 0x21, 0x32, 0x1e, 0x02, 0x15, 0x14, 0x0e, 0x02, 0x2b,
    0x01, 0x01, 0x23, 0x01, 0x15, 0x33, 0x32, 0x3e, 0x02, 0x35, 0x34, 0x2e, 0x02, 0x23, 0x03, 0x33,
    0x17, 0x37, 0x33, 0x07, 0x23, 0x01, 0x0a, 0x4b, 0x63, 0x01, 0x3f, 0x2b, 0x44, 0x2e, 0x19, 0x18,
    0x2e, 0x43, 0x2c, 0x1e, 0x01, 0x08, 0x7f, 0xfe, 0xb8, 0xd6, 0x11, 0x20, 0x19, 0x0f, 0x0f, 0x1a,
    0x20, 0x10, 0xf6, 0x5f, 0x3f, 0x3f, 0x5e, 0x6a, 0x67, 0x01, 0x45, 0xfe, 0xbb, 0x02, 0xbc, 0x1d,
    0x34, 0x46, 0x28, 0x23, 0x42, 0x33, 0x20, 0xfe, 0xbb, 0x02, 0x61, 0xc6, 0x0e, 0x19, 0x24, 0x17,
    0x16, 0x25, 0x1b, 0x0e, 0x01, 0x04, 0x4f, 0x4f, 0x7d, 0x00, 0x00, 0x00, 0x00, 0x02, 0x00, 0x47,
    0x00, 0x00, 0x01, 0x6a, 0x02, 0xbf, 0x00, 0x0f, 0x00, 0x16, 0x00, 0x0c, 0xb0, 0x09, 0x1c, 0xdf,
    0xd6, 0x68, 0x3a, 0x1a, 0xe5, 0x5f, 0xeb, 0x00, 0x13, 0x33, 0x15, 0x3e, 0x01, 0x33, 0x32, 0x16,
    0x17, 0x15, 0x23, 0x22, 0x06, 0x07, 0x11, 0x23, 0x03, 0x33, 0x17, 0x37, 0x33, 0x07, 0x23, 0x55,
    0x59, 0x03, 0x52, 0x42, 0x06, 0x10, 0x06, 0x11, 0x4d, 0x44, 0x07, 0x63, 0x0e, 0x57, 0x3b, 0x3a,
    0x57, 0x63, 0x5d, 0x01, 0xf4, 0x81, 0x41, 0x4b, 0x01, 0x02, 0x59, 0x33, 0x3b, 0xfe, 0xcb, 0x02,
    0xbf, 0x63, 0x63, 0x94, 0x00, 0x02, 0x00, 0x35, 0xff, 0xef, 0x02, 0x5b, 0x03, 0x6f, 0x00, 0x3e,
    0x00, 0x42, 0x00, 0x0c, 0xb0, 0x09, 0x1c, 0xdf, 0xd6, 0x68, 0x3a, 0x1a, 0xe5, 0x5f, 0xeb, 0x00,
    0x37, 0x0e, 0x01, 0x15, 0x14, 0x16, 0x33, 0x32, 0x3e, 0x02, 0x35, 0x34, 0x26, 0x27, 0x2e, 0x03,
    0x27, 0x2e, 0x01, 0x35, 0x34, 0x36, 0x33, 0x32, 0x16, 0x15, 0x1c, 0x01, 0x07, 0x23, 0x36, 0x35,
    0x34, 0x26, 0x23, 0x22, 0x06, 0x15, 0x14, 0x16, 0x17, 0x1e, 0x03, 0x17, 0x1e, 0x01, 0x15, 0x14,
    0x06, 0x23, 0x22, 0x2e, 0x02, 0x35, 0x34, 0x36, 0x37, 0x01, 0x33, 0x07, 0x23, 0x9f, 0x01, 0x01,
    0x50, 0x5d, 0x26, 0x3e, 0x2d, 0x18, 0x2e, 0x2a, 0x12, 0x31, 0x32, 0x30, 0x12, 0x49, 0x4d, 0x7d,
    0x71, 0x6d, 0x7c, 0x01, 0x66, 0x02, 0x45, 0x3f, 0x3d, 0x49, 0x2d, 0x29, 0x12, 0x30, 0x33, 0x30,
    0x12, 0x4b, 0x4d, 0x89, 0x87, 0x49, 0x69, 0x44, 0x20, 0x01, 0x02, 0x01, 0x09, 0x7b, 0x5c, 0x59,
    0xec, 0x07, 0x14, 0x0a, 0x3f, 0x40, 0x0c, 0x1a, 0x2a, 0x1e, 0x30, 0x30, 0x0d, 0x06, 0x0a, 0x0a,
    0x09, 0x05, 0x14, 0x5d, 0x4d, 0x5e, 0x65, 0x5b, 0x54, 0x0d, 0x11, 0x07, 0x05, 0x10, 0x39, 0x31,
    0x30, 0x39, 0x2f, 0x30, 0x0d, 0x06, 0x0a, 0x09, 0x09, 0x05, 0x14, 0x5e, 0x4e, 0x62, 0x6a, 0x1f,
    0x37, 0x4d, 0x2f, 0x0a, 0x18, 0x09, 0x02, 0x83, 0x80, 0x00, 0x00, 0x00, 0x00, 0x02, 0x00, 0x2b,
    0xff, 0xf0, 0x01, 0xda, 0x02, 0xca, 0x00, 0x2e, 0x00, 0x32, 0x00, 0x0c, 0xb0, 0x09, 0x1c, 0xdf,
    0xd6, 0x68, 0x3a, 0x1a, 0xe5, 0x5f, 0xeb, 0x00, 0x37, 0x14, 0x16, 0x33, 0x32, 0x36, 0x35, 0x34,
    0x26, 0x27, 0x2e, 0x01, 0x27, 0x2e, 0x01, 0x35, 0x34, 0x3e, 0x02, 0x33, 0x32, 0x16, 0x17, 0x23,
    0x26, 0x23, 0x22, 0x06, 0x15, 0x14, 0x16, 0x17, 0x1e, 0x03, 0x17, 0x1e, 0x01, 0x15, 0x14, 0x06,
    0x23, 0x22, 0x26, 0x35, 0x13, 0x33, 0x07, 0x23, 0x8d, 0x3e, 0x3c, 0x39, 0x3a, 0x1c, 0x22, 0x1e,
    0x52, 0x1f, 0x34, 0x3f, 0x1d, 0x33, 0x47, 0x2b, 0x5d, 0x63, 0x01, 0x61, 0x02, 0x5f, 0x2f, 0x32,
    0x1c, 0x22, 0x0f, 0x25, 0x26, 0x26, 0x0f, 0x34, 0x3f, 0x6c, 0x67, 0x71, 0x6b, 0xea, 0x69, 0x5d,
    0x50, 0x96, 0x2f, 0x29, 0x24, 0x2b, 0x16, 0x24, 0x08, 0x07, 0x0b, 0x08, 0x0e, 0x43, 0x37, 0x24,
    0x36, 0x24, 0x12, 0x4a, 0x45, 0x43, 0x22, 0x22, 0x16, 0x24, 0x08, 0x03, 0x06, 0x06, 0x07, 0x04,
    0x0e, 0x43, 0x37, 0x4d, 0x50, 0x56, 0x50, 0x02, 0x34, 0x98, 0x00, 0x00, 0x00, 0x02, 0x00, 0x35,
    0xff, 0xef, 0x02, 0x5b, 0x03, 0x65, 0x00, 0x3e, 0x00, 0x45, 0x00, 0x0c, 0xb0, 0x09, 0x1c, 0xdf,
    0xd6, 0x68, 0x3a, 0x1a, 0xe5, 0x5f, 0xeb, 0x00, 0x37, 0x0e, 0x01, 0x15, 0x14, 0x16, 0x33, 0x32,
    0x3e, 0x02, 0x35, 0x34, 0x26, 0x27, 0x2e, 0x03, 0x27, 0x2e, 0x01, 0x35, 0x34, 0x36, 0x33, 0x32,
    0x16, 0x15, 0x1c, 0x01, 0x07, 0x23, 0x36, 0x35, 0x34, 0x26, 0x23, 0x22, 0x06, 0x15, 0x14, 0x16,
    0x17, 0x1e, 0x03, 0x17, 0x1e, 0x01, 0x15, 0x14, 0x06, 0x23, 0x22, 0x2e, 0x02, 0x35, 0x34, 0x36,
    0x37, 0x13, 0x33, 0x17, 0x23, 0x27, 0x07, 0x23, 0x9f, 0x01, 0x01, 0x50, 0x5d, 0x26, 0x3e, 0x2d,
    0x18, 0x2e, 0x2a, 0x12, 0x31, 0x32, 0x30, 0x12, 0x49, 0x4d, 0x7d, 0x71, 0x6d, 0x7c, 0x01, 0x66,
    0x02, 0x45, 0x3f, 0x3d, 0x49, 0x2d, 0x29, 0x12, 0x30, 0x33, 0x30, 0x12, 0x4b, 0x4d, 0x89, 0x87,
    0x49, 0x69, 0x44, 0x20, 0x01, 0x02, 0xd0, 0x68, 0x67, 0x5e, 0x3d, 0x3d, 0x5e, 0xec, 0x07, 0x14,
    0x0a, 0x3f, 0x40, 0x0c, 0x1a, 0x2a, 0x1e, 0x30, 0x30, 0x0d, 0x06, 0x0a, 0x0a, 0x09, 0x05, 0x14,
    0x5d, 0x4d, 0x5e, 0x65, 0x5b, 0x54, 0x0d, 0x11, 0x07, 0x05, 0x10, 0x39, 0x31, 0x30, 0x39, 0x2f,
    0x30, 0x0d, 0x06, 0x0a, 0x09, 0x09, 0x05, 0x14, 0x5e, 0x4e, 0x62, 0x6a, 0x1f, 0x37, 0x4d, 0x2f,
    0x0a, 0x18, 0x09, 0x02, 0x79, 0x7d, 0x4f, 0x4f, 0x00, 0x02, 0x00, 0x2b, 0xff, 0xf0, 0x01, 0xda,
    0x02, 0xc1, 0x00, 0x2e, 0x00, 0x35, 0x00, 0x0c, 0xb0, 0x09, 0x1c, 0xdf, 0xd6, 0x68, 0x3a, 0x1a,
    0xe5, 0x5f, 0xeb, 0x00, 0x37, 0x14, 0x16, 0x33, 0x32, 0x36, 0x35, 0x34, 0x26, 0x27, 0x2e, 0x01,
    0x27, 0x2e, 0x01, 0x35, 0x34, 0x3e, 0x02, 0x33, 0x32, 0x16, 0x17, 0x23, 0x26, 0x23, 0x22, 0x06,
    0x15, 0x14, 0x16, 0x17, 0x1e, 0x03, 0x17, 0x1e, 0x01, 0x15, 0x14, 0x06, 0x23, 0x22, 0x26, 0x35,
    0x13, 0x33, 0x17, 0x23, 0x27, 0x07, 0x23, 0x8d, 0x3e, 0x3c, 0x39, 0x3a, 0x1c, 0x22, 0x1e, 0x52,
    0x1f, 0x34, 0x3f, 0x1d, 0x33, 0x47, 0x2b, 0x5d, 0x63, 0x01, 0x61, 0x02, 0x5f, 0x2f, 0x32, 0x1c,
    0x22, 0x0f, 0x25, 0x26, 0x26, 0x0f, 0x34, 0x3f, 0x6c, 0x67, 0x71, 0x6b, 0xa3, 0x5d, 0x63, 0x57,
    0x3a, 0x3c, 0x57, 0x96, 0x2f, 0x29, 0x24, 0x2b, 0x16, 0x24, 0x08, 0x07, 0x0b, 0x08, 0x0e, 0x43,
    0x37, 0x24, 0x36, 0x24, 0x12, 0x4a, 0x45, 0x43, 0x22, 0x22, 0x16, 0x24, 0x08, 0x03, 0x06, 0x06,
    0x07, 0x04, 0x0e, 0x43, 0x37, 0x4d, 0x50, 0x56, 0x50, 0x02, 0x2b, 0x90, 0x5f, 0x5f, 0x00, 0x00,
    0x00, 0x01, 0x00, 0x35, 0xff, 0x26, 0x02, 0x5b, 0x02, 0xcc, 0x00, 0x53, 0x00, 0x0c, 0xb0, 0x09,
    0x1c, 0xdf, 0xd6, 0x68, 0x3a, 0x1a, 0xe5, 0x5f, 0xeb, 0x00, 0x37, 0x0e, 0x01, 0x15, 0x14, 0x16,
    0x33, 0x32, 0x3e, 0x02, 0x35, 0x34, 0x26, 0x27, 0x2e, 0x03, 0x27, 0x2e, 0x01, 0x35, 0x34, 0x36,
    0x33, 0x32, 0x16, 0x15, 0x1c, 0x01, 0x07, 0x23, 0x36, 0x35, 0x34, 0x26, 0x23, 0x22, 0x06, 0x15,
    0x14, 0x16, 0x17, 0x1e, 0x03, 0x17, 0x1e, 0x01, 0x15, 0x14, 0x06, 0x0f, 0x01, 0x1e, 0x01, 0x15,
    0x14, 0x06, 0x23, 0x22, 0x26, 0x27, 0x37, 0x1e, 0x01, 0x33, 0x32, 0x36, 0x35, 0x34, 0x2b, 0x01,
    0x37, 0x2e, 0x03, 0x35, 0x34, 0x36, 0x37, 0x9f, 0x01, 0x01, 0x50, 0x5d, 0x26, 0x3e, 0x2d, 0x18,
    0x2e, 0x2a, 0x12, 0x31, 0x32, 0x30, 0x12, 0x49, 0x4d, 0x7d, 0x71, 0x6d, 0x7c, 0x01, 0x66, 0x02,
    0x45, 0x3f, 0x3d, 0x49, 0x2d, 0x29, 0x12, 0x30, 0x33, 0x30, 0x12, 0x4b, 0x4d, 0x74, 0x73, 0x13,
    0x24, 0x2f, 0x40, 0x36, 0x1b, 0x2b, 0x0b, 0x14, 0x0b, 0x20, 0x12, 0x14, 0x19, 0x29, 0x30, 0x1c,
    0x41, 0x5e, 0x3d, 0x1d, 0x01, 0x02, 0xec, 0x07, 0x14, 0x0a, 0x3f, 0x40, 0x0c, 0x1a, 0x2a, 0x1e,
    0x30, 0x30, 0x0d, 0x06, 0x0a, 0x0a, 0x09, 0x05, 0x14, 0x5d, 0x4d, 0x5e, 0x65, 0x5b, 0x54, 0x0d,
    0x11, 0x07, 0x05, 0x10, 0x39, 0x31, 0x30, 0x39, 0x2f, 0x30, 0x0d, 0x06, 0x0a, 0x09, 0x09, 0x05,
    0x14, 0x5e, 0x4e, 0x5b, 0x68, 0x08, 0x28, 0x02, 0x20, 0x25, 0x2f, 0x2c, 0x0b, 0x06, 0x38, 0x04,
    0x07, 0x0d, 0x11, 0x1c, 0x52, 0x03, 0x21, 0x37, 0x4a, 0x2c, 0x0a, 0x18, 0x09, 0x00, 0x00, 0x00,
    0x00, 0x01, 0x00, 0x2b, 0xff, 0x2c, 0x01, 0xda, 0x02, 0x01, 0x00, 0x45, 0x00, 0x0c, 0xb0, 0x09,
    0x1c, 0xdf, 0xd6, 0x68, 0x3a, 0x1a, 0xe5, 0x5f, 0xeb, 0x00, 0x37, 0x14, 0x16, 0x33, 0x32, 0x36,
    0x35, 0x34, 0x26, 0x27, 0x2e, 0x01, 0x27, 0x2e, 0x01, 0x35, 0x34, 0x3e, 0x02, 0x33, 0x32, 0x16,
    0x17, 0x23, 0x26, 0x23, 0x22, 0x06, 0x15, 0x14, 0x16, 0x17, 0x1e, 0x03, 0x17, 0x1e, 0x01, 0x15,
    0x14, 0x06, 0x0f, 0x01, 0x32, 0x1e, 0x02, 0x15, 0x14, 0x06, 0x23, 0x22, 0x26, 0x27, 0x37, 0x1e,
    0x01, 0x33, 0x32, 0x36, 0x35, 0x34, 0x2b, 0x01, 0x37, 0x2e, 0x01, 0x35, 0x8d, 0x3e, 0x3c, 0x39,
    0x3a, 0x1c, 0x22, 0x1e, 0x52, 0x1f, 0x34, 0x3f, 0x1d, 0x33, 0x47, 0x2b, 0x5d, 0x63, 0x01, 0x61,
    0x02, 0x5f, 0x2f, 0x32, 0x1c, 0x22, 0x0f, 0x25, 0x26, 0x26, 0x0f, 0x34, 0x3f, 0x61, 0x5e, 0x15,
    0x10, 0x1e, 0x18, 0x0e, 0x42, 0x35, 0x1a, 0x2a, 0x0b, 0x13, 0x0b, 0x1e, 0x13, 0x14, 0x1d, 0x28,
    0x34, 0x1f, 0x58, 0x54, 0x96, 0x2f, 0x29, 0x24, 0x2b, 0x16, 0x24, 0x08, 0x07, 0x0b, 0x08, 0x0e,
    0x43, 0x37, 0x24, 0x36, 0x24, 0x12, 0x4a, 0x45, 0x43, 0x22, 0x22, 0x16, 0x24, 0x08, 0x03, 0x06,
    0x06, 0x07, 0x04, 0x0e, 0x43, 0x37, 0x49, 0x4f, 0x04, 0x29, 0x08, 0x11, 0x1b, 0x13, 0x2c, 0x29,
    0x08, 0x06, 0x37, 0x05, 0x06, 0x0c, 0x11, 0x1c, 0x54, 0x09, 0x53, 0x47, 0x00, 0x02, 0x00, 0x35,
    0xff, 0xef, 0x02, 0x5b, 0x03, 0x65, 0x00, 0x3e, 0x00, 0x45, 0x00, 0x0c, 0xb0, 0x09, 0x1c, 0xdf,
    0xd6, 0x68, 0x3a, 0x1a, 0xe5, 0x5f, 0xeb, 0x00, 0x37, 0x0e, 0x01, 0x15, 0x14, 0x16, 0x33, 0x32,
    0x3e, 0x02, 0x35, 0x34, 0x26, 0x27, 0x2e, 0x03, 0x27, 0x2e, 0x01, 0x35, 0x34, 0x36, 0x33, 0x32,
    0x16, 0x15, 0x1c, 0x01, 0x07, 0x23, 0x36, 0x35, 0x34, 0x26, 0x23, 0x22, 0x06, 0x15, 0x14, 0x16,
    0x17, 0x1e, 0x03, 0x17, 0x1e, 0x01, 0x15, 0x14, 0x06, 0x23, 0x22, 0x2e, 0x02, 0x35, 0x34, 0x36,
    0x37, 0x13, 0x33, 0x17, 0x37, 0x33, 0x07, 0x23, 0x9f, 0x01, 0x01, 0x50, 0x5d, 0x26, 0x3e, 0x2d,
    0x18, 0x2e, 0x2a, 0x12, 0x31, 0x32, 0x30, 0x12, 0x49, 0x4d, 0x7d, 0x71, 0x6d, 0x7c, 0x01, 0x66,
    0x02, 0x45, 0x3f, 0x3d, 0x49, 0x2d, 0x29, 0x12, 0x30, 0x33, 0x30, 0x12, 0x4b, 0x4d, 0x89, 0x87,
    0x49, 0x69, 0x44, 0x20, 0x01, 0x02, 0x66, 0x5f, 0x3f, 0x3f, 0x5e, 0x6a, 0x67, 0xec, 0x07, 0x14,
    0x0a, 0x3f, 0x40, 0x0c, 0x1a, 0x2a, 0x1e, 0x30, 0x30, 0x0d, 0x06, 0x0a, 0x0a, 0x09, 0x05, 0x14,
    0x5d, 0x4d, 0x5e, 0x65, 0x5b, 0x54, 0x0d, 0x11, 0x07, 0x05, 0x10, 0x39, 0x31, 0x30, 0x39, 0x2f,
    0x30, 0x0d, 0x06, 0x0a, 0x09, 0x09, 0x05, 0x14, 0x5e, 0x4e, 0x62, 0x6a, 0x1f, 0x37, 0x4d, 0x2f,
    0x0a, 0x18, 0x09, 0x02, 0x79, 0x4f, 0x4f, 0x7d, 0x00, 0x02, 0x00, 0x2b, 0xff, 0xf0, 0x01, 0xda,
    0x02, 0xbf, 0x00, 0x2e, 0x00, 0x35, 0x00, 0x0c, 0xb0, 0x09, 0x1c, 0xdf, 0xd6, 0x68, 0x3a, 0x1a,
    0xe5, 0x5f, 0xeb, 0x00, 0x37, 0x14, 0x16, 0x33, 0x32, 0x36, 0x35, 0x34, 0x26, 0x27, 0x2e, 0x01,
    0x27, 0x2e, 0x01, 0x35, 0x34, 0x3e, 0x02, 0x33, 0x32, 0x16, 0x17, 0x23, 0x26, 0x23, 0x22, 0x06,
    0x15, 0x14, 0x16, 0x17, 0x1e, 0x03, 0x17, 0x1e, 0x01, 0x15, 0x14, 0x06, 0x23, 0x22, 0x26, 0x35,
    0x13, 0x33, 0x17, 0x37, 0x33, 0x07, 0x23, 0x8d, 0x3e, 0x3c, 0x39, 0x3a, 0x1c, 0x22, 0x1e, 0x52,
    0x1f, 0x34, 0x3f, 0x1d, 0x33, 0x47, 0x2b, 0x5d, 0x63, 0x01, 0x61, 0x02, 0x5f, 0x2f, 0x32, 0x1c,
    0x22, 0x0f, 0x25, 0x26, 0x26, 0x0f, 0x34, 0x3f, 0x6c, 0x67, 0x71, 0x6b, 0x40, 0x57, 0x3b, 0x3a,
    0x57, 0x63, 0x5d, 0x96, 0x2f, 0x29, 0x24, 0x2b, 0x16, 0x24, 0x08, 0x07, 0x0b, 0x08, 0x0e, 0x43,
    0x37, 0x24, 0x36, 0x24, 0x12, 0x4a, 0x45, 0x43, 0x22, 0x22, 0x16, 0x24, 0x08, 0x03, 0x06, 0x06,
    0x07, 0x04, 0x0e, 0x43, 0x37, 0x4d, 0x50, 0x56, 0x50, 0x02, 0x29, 0x63, 0x63, 0x94, 0x00, 0x00,
    0x00, 0x01, 0x00, 0x1d, 0xff, 0x1d, 0x02, 0x26, 0x02, 0xbc, 0x00, 0x1d, 0x00, 0x0c, 0xb0, 0x09,
    0x1c, 0xdf, 0xd6, 0x68, 0x3a, 0x1a, 0xe5, 0x5f, 0xeb, 0x00, 0x13, 0x21, 0x15, 0x23, 0x11, 0x23,
    0x07, 0x1e, 0x01, 0x15, 0x14, 0x06, 0x23, 0x22, 0x26, 0x27, 0x37, 0x1e, 0x01, 0x33, 0x32, 0x36,
    0x35, 0x34, 0x2b, 0x01, 0x37, 0x23, 0x11, 0x23, 0x1d, 0x02, 0x09, 0xd3, 0x0d, 0x1f, 0x24, 0x2f,
    0x40, 0x36, 0x1b, 0x2b, 0x0b, 0x14, 0x0b, 0x20, 0x12, 0x14, 0x19, 0x29, 0x30, 0x25, 0x0d, 0xd3,
    0x02, 0xbc, 0x5c, 0xfd, 0xa0, 0x41, 0x02, 0x20, 0x25, 0x2f, 0x2c, 0x0b, 0x06, 0x38, 0x04, 0x07,
    0x0d, 0x11, 0x1c, 0x6b, 0x02, 0x60, 0x00, 0x00, 0x00, 0x01, 0x00, 0x1d, 0xff, 0x2c, 0x01, 0x5c,
    0x02, 0x9c, 0x00, 0x2e, 0x00, 0x0c, 0xb0, 0x09, 0x1c, 0xdf, 0xd6, 0x68, 0x3a, 0x1a, 0xe5, 0x5f,
    0xeb, 0x00, 0x13, 0x33, 0x35, 0x33, 0x15, 0x33, 0x15, 0x23, 0x11, 0x14, 0x16, 0x33, 0x32, 0x37,
    0x15, 0x0e, 0x01, 0x2b, 0x01, 0x07, 0x32, 0x1e, 0x02, 0x15, 0x14, 0x06, 0x23, 0x22, 0x26, 0x27,
    0x37, 0x1e, 0x01, 0x33, 0x32, 0x36, 0x35, 0x34, 0x2b, 0x01, 0x37, 0x2e, 0x01, 0x35, 0x11, 0x23,
    0x1d, 0x5a, 0x62, 0x83, 0x83, 0x1c, 0x17, 0x20, 0x1c, 0x0e, 0x2a, 0x1d, 0x01, 0x18, 0x10, 0x1e,
    0x18, 0x0e, 0x42, 0x35, 0x1a, 0x2a, 0x0b, 0x13, 0x0b, 0x1e, 0x13, 0x14, 0x1d, 0x28, 0x34, 0x24,
    0x20, 0x19, 0x5a, 0x01, 0xf4, 0xa8, 0xa8, 0x48, 0xfe, 0xd1, 0x1b, 0x16, 0x14, 0x50, 0x0b, 0x0e,
    0x2f, 0x08, 0x11, 0x1b, 0x13, 0x2c, 0x29, 0x08, 0x06, 0x37, 0x05, 0x06, 0x0c, 0x11, 0x1c, 0x61,
    0x0c, 0x38, 0x30, 0x01, 0x38, 0x00, 0x00, 0x00, 0x00, 0x02, 0x00, 0x1d, 0x00, 0x00, 0x02, 0x26,
    0x03, 0x65, 0x00, 0x07, 0x00, 0x0e, 0x00, 0x0c, 0xb0, 0x09, 0x1c, 0xdf, 0xd6, 0x68, 0x3a, 0x1a,
    0xe5, 0x5f, 0xeb, 0x00, 0x13, 0x21, 0x15, 0x23, 0x11, 0x23, 0x11, 0x23, 0x13, 0x33, 0x17, 0x37,
    0x33, 0x07, 0x23, 0x1d, 0x02, 0x09, 0xd3, 0x63, 0xd3, 0x67, 0x5f, 0x3f, 0x3f, 0x5e, 0x6a, 0x67,
    0x02, 0xbc, 0x5c, 0xfd, 0xa0, 0x02, 0x60, 0x01, 0x05, 0x4f, 0x4f, 0x7d, 0x00, 0x02, 0x00, 0x1d,
    0xff, 0xf7, 0x01, 0x92, 0x02, 0xdb, 0x00, 0x18, 0x00, 0x1c, 0x00, 0x0c, 0xb0, 0x09, 0x1c, 0xdf,
    0xd6, 0x68, 0x3a, 0x1a, 0xe5, 0x5f, 0xeb, 0x00, 0x13, 0x33, 0x35, 0x33, 0x15, 0x33, 0x15, 0x23,
    0x11, 0x14, 0x16, 0x33, 0x32, 0x37, 0x15, 0x0e, 0x01, 0x23, 0x22, 0x2e, 0x02, 0x35, 0x11, 0x23,
    0x01, 0x33, 0x07, 0x23, 0x1d, 0x5a, 0x62, 0x83, 0x83, 0x1c, 0x17, 0x20, 0x1c, 0x0e, 0x2a, 0x1d,
    0x23, 0x30, 0x1d, 0x0c, 0x5a, 0x01, 0x18, 0x5d, 0x43, 0x45, 0x01, 0xf4, 0xa8, 0xa8, 0x48, 0xfe,
    0xd1, 0x1b, 0x16, 0x14, 0x50, 0x0b, 0x0e, 0x0e, 0x1e, 0x30, 0x21, 0x01, 0x38, 0x01, 0x2f, 0xae,
    0x00, 0x01, 0x00, 0x1d, 0x00, 0x00, 0x02, 0x26, 0x02, 0xbc, 0x00, 0x0f, 0x00, 0x0c, 0xb0, 0x09,
    0x1c, 0xdf, 0xd6, 0x68, 0x3a, 0x1a, 0xe5, 0x5f, 0xeb, 0x00, 0x13, 0x21, 0x15, 0x23, 0x15, 0x33,
    0x15, 0x23, 0x11, 0x23, 0x11, 0x23, 0x35, 0x33, 0x35, 0x23, 0x1d, 0x02, 0x09, 0xd3, 0x96, 0x96,
    0x63, 0x96, 0x96, 0xd3, 0x02, 0xbc, 0x5c, 0xd0, 0x4c, 0xfe, 0xbc, 0x01, 0x44, 0x4c, 0xd0, 0x00,
    0x00, 0x01, 0x00, 0x1d, 0xff, 0xf7, 0x01, 0x5c, 0x02, 0x9c, 0x00, 0x20, 0x00, 0x0c, 0xb0, 0x09,
    0x1c, 0xdf, 0xd6, 0x68, 0x3a, 0x1a, 0xe5, 0x5f, 0xeb, 0x00, 0x13, 0x33, 0x35, 0x33, 0x15, 0x33,
    0x15, 0x23, 0x15, 0x33, 0x15, 0x23, 0x15, 0x14, 0x16, 0x33, 0x32, 0x37, 0x15, 0x0e, 0x01, 0x23,
    0x22, 0x2e, 0x02, 0x3d, 0x01, 0x23, 0x35, 0x33, 0x35, 0x23, 0x1d, 0x5a, 0x62, 0x83, 0x83, 0x6e,
    0x6e, 0x1c, 0x17, 0x20, 0x1c, 0x0e, 0x2a, 0x1d, 0x23, 0x30, 0x1d, 0x0c, 0x4b, 0x4b, 0x5a, 0x01,
    0xf4, 0xa8, 0xa8, 0x48, 0x62, 0x40, 0x8d, 0x1b, 0x16, 0x14, 0x50, 0x0b, 0x0e, 0x0e, 0x1e, 0x30,
    0x21, 0x96, 0x40, 0x62, 0x00, 0x02, 0x00, 0x57, 0xff, 0xf0, 0x02, 0x8a, 0x03, 0x66, 0x00, 0x19,
    0x00, 0x36, 0x00, 0x0c, 0xb0, 0x09, 0x1c, 0xdf, 0xd6, 0x68, 0x3a, 0x1a, 0xe5, 0x5f, 0xeb, 0x00,
    0x13, 0x33, 0x11, 0x14, 0x1e, 0x02, 0x33, 0x32, 0x3e, 0x02, 0x35, 0x11, 0x33, 0x11, 0x14, 0x0e,
    0x02, 0x23, 0x22, 0x2e, 0x02, 0x35, 0x13, 0x34, 0x3e, 0x02, 0x33, 0x32, 0x16, 0x17, 0x1e, 0x01,
    0x33, 0x32, 0x35, 0x33, 0x14, 0x0e, 0x02, 0x23, 0x22, 0x26, 0x27, 0x2e, 0x01, 0x23, 0x22, 0x06,
    0x15, 0x57, 0x64, 0x1a, 0x2f, 0x43, 0x2a, 0x2a, 0x43, 0x2f, 0x1a, 0x63, 0x27, 0x49, 0x68, 0x41,
    0x41, 0x68, 0x49, 0x28, 0x83, 0x10, 0x1a, 0x22, 0x12, 0x12, 0x1d, 0x0b, 0x0a, 0x17, 0x0b, 0x27,
    0x44, 0x10, 0x1b, 0x21, 0x12, 0x11, 0x1d, 0x0b, 0x0b, 0x12, 0x10, 0x14, 0x12, 0x02, 0xbc, 0xfe,
    0x35, 0x2c, 0x3e, 0x27, 0x11, 0x11, 0x27, 0x3e, 0x2c, 0x01, 0xcb, 0xfe, 0x2b, 0x3b, 0x5c, 0x3f,
    0x21, 0x21, 0x3f, 0x5c, 0x3b, 0x02, 0x08, 0x1f, 0x2b, 0x1a, 0x0b, 0x0b, 0x07, 0x07, 0x09, 0x2a,
    0x20, 0x2b, 0x1a, 0x0b, 0x0a, 0x08, 0x08, 0x09, 0x16, 0x14, 0x00, 0x00, 0x00, 0x02, 0x00, 0x4e,
    0xff, 0xf1, 0x02, 0x05, 0x02, 0xb1, 0x00, 0x13, 0x00, 0x2f, 0x00, 0x0c, 0xb0, 0x09, 0x1c, 0xdf,
    0xd6, 0x68, 0x3a, 0x1a, 0xe5, 0x5f, 0xeb, 0x00, 0x25, 0x0e, 0x01, 0x23, 0x22, 0x26, 0x35, 0x11,
    0x33, 0x11, 0x14, 0x16, 0x33, 0x32, 0x36, 0x37, 0x11, 0x33, 0x11, 0x23, 0x01, 0x34, 0x3e, 0x02,
    0x33, 0x32, 0x16, 0x17, 0x16, 0x33, 0x32, 0x36, 0x35, 0x33, 0x14, 0x0e, 0x02, 0x23, 0x22, 0x27,
    0x2e, 0x01, 0x23, 0x22, 0x06, 0x15, 0x01, 0xa2, 0x0d, 0x5b, 0x3c, 0x5b, 0x55, 0x63, 0x2d, 0x35,
    0x34, 0x4c, 0x0f, 0x63, 0x63, 0xfe, 0xfc, 0x0f, 0x18, 0x20, 0x12, 0x12, 0x17, 0x0b, 0x13, 0x15,
    0x0f, 0x14, 0x41, 0x0f, 0x19, 0x20, 0x10, 0x21, 0x12, 0x0a, 0x11, 0x0f, 0x11, 0x12, 0x45, 0x28,
    0x2c, 0x5b, 0x58, 0x01, 0x50, 0xfe, 0xb4, 0x35, 0x2e, 0x2e, 0x34, 0x01, 0x4d, 0xfe, 0x0c, 0x02,
    0x38, 0x1f, 0x2c, 0x1d, 0x0d, 0x0c, 0x0a, 0x13, 0x18, 0x15, 0x20, 0x2c, 0x1b, 0x0d, 0x14, 0x09,
    0x0c, 0x1a, 0x14, 0x00, 0x00, 0x02, 0x00, 0x57, 0xff, 0xf0, 0x02, 0x8a, 0x03, 0x36, 0x00, 0x19,
    0x00, 0x1d, 0x00, 0x0c, 0xb0, 0x09, 0x1c, 0xdf, 0xd6, 0x68, 0x3a, 0x1a, 0xe5, 0x5f, 0xeb, 0x00,
    0x13, 0x33, 0x11, 0x14, 0x1e, 0x02, 0x33, 0x32, 0x3e, 0x02, 0x35, 0x11, 0x33, 0x11, 0x14, 0x0e,
    0x02, 0x23, 0x22, 0x2e, 0x02, 0x35, 0x13, 0x21, 0x15, 0x21, 0x57, 0x64, 0x1a, 0x2f, 0x43, 0x2a,
    0x2a, 0x43, 0x2f, 0x1a, 0x63, 0x27, 0x49, 0x68, 0x41, 0x41, 0x68, 0x49, 0x28, 0x94, 0x01, 0x0f,
    0xfe, 0xf1, 0x02, 0xbc, 0xfe, 0x35, 0x2c, 0x3e, 0x27, 0x11, 0x11, 0x27, 0x3e, 0x2c, 0x01, 0xcb,
    0xfe, 0x2b, 0x3b, 0x5c, 0x3f, 0x21, 0x21, 0x3f, 0x5c, 0x3b, 0x02, 0x4f, 0x44, 0x00, 0x00, 0x00,
    0x00, 0x02, 0x00, 0x4e, 0xff, 0xf1, 0x02, 0x05, 0x02, 0x8f, 0x00, 0x13, 0x00, 0x17, 0x00, 0x0c,
    0xb0, 0x09, 0x1c, 0xdf, 0xd6, 0x68, 0x3a, 0x1a, 0xe5, 0x5f, 0xeb, 0x00, 0x25, 0x0e, 0x01, 0x23,
    0x22, 0x26, 0x35, 0x11, 0x33, 0x11, 0x14, 0x16, 0x33, 0x32, 0x36, 0x37, 0x11, 0x33, 0x11, 0x23,
    0x03, 0x21, 0x15, 0x21, 0x01, 0xa2, 0x0d, 0x5b, 0x3c, 0x5b, 0x55, 0x63, 0x2d, 0x35, 0x34, 0x4c,
    0x0f, 0x63, 0x63, 0xfc, 0x01, 0x0a, 0xfe, 0xf6, 0x45, 0x28, 0x2c, 0x5b, 0x58, 0x01, 0x50, 0xfe,
    0xb4, 0x35, 0x2e, 0x2e, 0x34, 0x01, 0x4d, 0xfe, 0x0c, 0x02, 0x8f, 0x44, 0x00, 0x02, 0x00, 0x57,
    0xff, 0xf0, 0x02, 0x8a, 0x03, 0x5e, 0x00, 0x19, 0x00, 0x25, 0x00, 0x0c, 0xb0, 0x09, 0x1c, 0xdf,
    0xd6, 0x68, 0x3a, 0x1a, 0xe5, 0x5f, 0xeb, 0x00, 0x13, 0x33, 0x11, 0x14, 0x1e, 0x02, 0x33, 0x32,
    0x3e, 0x02, 0x35, 0x11, 0x33, 0x11, 0x14, 0x0e, 0x02, 0x23, 0x22, 0x2e, 0x02, 0x35, 0x01, 0x22,
    0x26, 0x27, 0x33, 0x16, 0x33, 0x32, 0x37, 0x33, 0x0e, 0x01, 0x57, 0x64, 0x1a, 0x2f, 0x43, 0x2a,
    0x2a, 0x43, 0x2f, 0x1a, 0x63, 0x27, 0x49, 0x68, 0x41, 0x41, 0x68, 0x49, 0x28, 0x01, 0x1b, 0x42,
    0x46, 0x02, 0x4f, 0x01, 0x3a, 0x3a, 0x01, 0x4f, 0x02, 0x46, 0x02, 0xbc, 0xfe, 0x35, 0x2c, 0x3e,
    0x27, 0x11, 0x11, 0x27, 0x3e, 0x2c, 0x01, 0xcb, 0xfe, 0x2b, 0x3b, 0x5c, 0x3f, 0x21, 0x21, 0x3f,
    0x5c, 0x3b, 0x02, 0x00, 0x3b, 0x3c, 0x3c, 0x3c, 0x3c, 0x3b, 0x00, 0x00, 0x00, 0x02, 0x00, 0x4e,
    0xff, 0xf1, 0x02, 0x05, 0x02, 0xb8, 0x00, 0x13, 0x00, 0x21, 0x00, 0x0c, 0xb0, 0x09, 0x1c, 0xdf,
    0xd6, 0x68, 0x3a, 0x1a, 0xe5, 0x5f, 0xeb, 0x00, 0x25, 0x0e, 0x01, 0x23, 0x22, 0x26, 0x35, 0x11,
    0x33, 0x11, 0x14, 0x16, 0x33, 0x32, 0x36, 0x37, 0x11, 0x33, 0x11, 0x23, 0x03, 0x22, 0x26, 0x27,
    0x33, 0x1e, 0x01, 0x33, 0x32, 0x36, 0x37, 0x33, 0x0e, 0x01, 0x01, 0xa2, 0x0d, 0x5b, 0x3c, 0x5b,
    0x55, 0x63, 0x2d, 0x35, 0x34, 0x4c, 0x0f, 0x63, 0x63, 0x77, 0x43, 0x49, 0x02, 0x4d, 0x01, 0x25,
    0x1b, 0x1c, 0x24, 0x01, 0x4d, 0x01, 0x4a, 0x45, 0x28, 0x2c, 0x5b, 0x58, 0x01, 0x50, 0xfe, 0xb4,
    0x35, 0x2e, 0x2e, 0x34, 0x01, 0x4d, 0xfe, 0x0c, 0x02, 0x31, 0x43, 0x44, 0x2a, 0x21, 0x21, 0x2a,
    0x44, 0x43, 0x00, 0x00, 0x00, 0x03, 0x00, 0x57, 0xff, 0xf0, 0x02, 0x8a, 0x03, 0xa0, 0x00, 0x19,
    0x00, 0x25, 0x00, 0x2f, 0x00, 0x0c, 0xb0, 0x09, 0x1c, 0xdf, 0xd6, 0x68, 0x3a, 0x1a, 0xe5, 0x5f,
    0xeb, 0x00, 0x13, 0x33, 0x11, 0x14, 0x1e, 0x02, 0x33, 0x32, 0x3e, 0x02, 0x35, 0x11, 0x33, 0x11,
    0x14, 0x0e, 0x02, 0x23, 0x22, 0x2e, 0x02, 0x35, 0x01, 0x22, 0x26, 0x35, 0x34, 0x36, 0x33, 0x32,
    0x16, 0x15, 0x14, 0x06, 0x27, 0x32, 0x36, 0x35, 0x34, 0x26, 0x23, 0x22, 0x15, 0x14, 0x57, 0x64,
    0x1a, 0x2f, 0x43, 0x2a, 0x2a, 0x43, 0x2f, 0x1a, 0x63, 0x27, 0x49, 0x68, 0x41, 0x41, 0x68, 0x49,
    0x28, 0x01, 0x1b, 0x33, 0x3b, 0x3b, 0x33, 0x36, 0x3c, 0x3c, 0x36, 0x1c, 0x17, 0x17, 0x1c, 0x30,
    0x02, 0xbc, 0xfe, 0x35, 0x2c, 0x3e, 0x27, 0x11, 0x11, 0x27, 0x3e, 0x2c, 0x01, 0xcb, 0xfe, 0x2b,
    0x3b, 0x5c, 0x3f, 0x21, 0x21, 0x3f, 0x5c, 0x3b, 0x01, 0xed, 0x38, 0x2e, 0x2d, 0x39, 0x39, 0x2d,
    0x2e, 0x38, 0x38, 0x18, 0x16, 0x18, 0x1a, 0x32, 0x2e, 0x00, 0x00, 0x00, 0x00, 0x03, 0x00, 0x4e,
    0xff, 0xf1, 0x02, 0x05, 0x02, 0xf4, 0x00, 0x13, 0x00, 0x1f, 0x00, 0x2b, 0x00, 0x0c, 0xb0, 0x09,
    0x1c, 0xdf, 0xd6, 0x68, 0x3a, 0x1a, 0xe5, 0x5f, 0xeb, 0x00, 0x25, 0x0e, 0x01, 0x23, 0x22, 0x26,
    0x35, 0x11, 0x33, 0x11, 0x14, 0x16, 0x33, 0x32, 0x36, 0x37, 0x11, 0x33, 0x11, 0x23, 0x03, 0x22,
    0x26, 0x35, 0x34, 0x36, 0x33, 0x32, 0x16, 0x15, 0x14, 0x06, 0x27, 0x32, 0x36, 0x35, 0x34, 0x26,
    0x23, 0x22, 0x06, 0x15, 0x14, 0x16, 0x01, 0xa2, 0x0d, 0x5b, 0x3c, 0x5b, 0x55, 0x63, 0x2d, 0x35,
    0x34, 0x4c, 0x0f, 0x63, 0x63, 0x77, 0x31, 0x38, 0x38, 0x31, 0x33, 0x39, 0x39, 0x33, 0x1b, 0x15,
    0x15, 0x1b, 0x19, 0x15, 0x15, 0x45, 0x28, 0x2c, 0x5b, 0x58, 0x01, 0x50, 0xfe, 0xb4, 0x35, 0x2e,
    0x2e, 0x34, 0x01, 0x4d, 0xfe, 0x0c, 0x02, 0x28, 0x3a, 0x2c, 0x2b, 0x3b, 0x3b, 0x2b, 0x2c, 0x3a,
    0x35, 0x1c, 0x15, 0x17, 0x1d, 0x1d, 0x17, 0x15, 0x1c, 0x00, 0x00, 0x00, 0x00, 0x03, 0x00, 0x57,
    0xff, 0xf0, 0x02, 0x8a, 0x03, 0x6f, 0x00, 0x19, 0x00, 0x1d, 0x00, 0x21, 0x00, 0x0c, 0xb0, 0x09,
    0x1c, 0xdf, 0xd6, 0x68, 0x3a, 0x1a, 0xe5, 0x5f, 0xeb, 0x00, 0x13, 0x33, 0x11, 0x14, 0x1e, 0x02,
    0x33, 0x32, 0x3e, 0x02, 0x35, 0x11, 0x33, 0x11, 0x14, 0x0e, 0x02, 0x23, 0x22, 0x2e, 0x02, 0x35,
    0x13, 0x33, 0x07, 0x23, 0x37, 0x33, 0x07, 0x23, 0x57, 0x64, 0x1a, 0x2f, 0x43, 0x2a, 0x2a, 0x43,
    0x2f, 0x1a, 0x63, 0x27, 0x49, 0x68, 0x41, 0x41, 0x68, 0x49, 0x28, 0xd9, 0x71, 0x6b, 0x52, 0xf9,
    0x72, 0x71, 0x52, 0x02, 0xbc, 0xfe, 0x35, 0x2c, 0x3e, 0x27, 0x11, 0x11, 0x27, 0x3e, 0x2c, 0x01,
    0xcb, 0xfe, 0x2b, 0x3b, 0x5c, 0x3f, 0x21, 0x21, 0x3f, 0x5c, 0x3b, 0x02, 0x88, 0x80, 0x80, 0x80,
    0x00, 0x03, 0x00, 0x4e, 0xff, 0xf1, 0x02, 0x05, 0x02, 0xc2, 0x00, 0x13, 0x00, 0x17, 0x00, 0x1b,
    0x00, 0x0c, 0xb0, 0x09, 0x1c, 0xdf, 0xd6, 0x68, 0x3a, 0x1a, 0xe5, 0x5f, 0xeb, 0x00, 0x25, 0x0e,
    0x01, 0x23, 0x22, 0x26, 0x35, 0x11, 0x33, 0x11, 0x14, 0x16, 0x33, 0x32, 0x36, 0x37, 0x11, 0x33,
    0x11, 0x23, 0x03, 0x33, 0x07, 0x23, 0x37, 0x33, 0x07, 0x23, 0x01, 0xa2, 0x0d, 0x5b, 0x3c, 0x5b,
    0x55, 0x63, 0x2d, 0x35, 0x34, 0x4c, 0x0f, 0x63, 0x63, 0xb7, 0x64, 0x56, 0x52, 0xf0, 0x64, 0x56,
    0x52, 0x45, 0x28, 0x2c, 0x5b, 0x58, 0x01, 0x50, 0xfe, 0xb4, 0x35, 0x2e, 0x2e, 0x34, 0x01, 0x4d,
    0xfe, 0x0c, 0x02, 0xc2, 0x97, 0x97, 0x97, 0x00, 0x00, 0x01, 0x00, 0x57, 0xff, 0x06, 0x02, 0x8a,
    0x02, 0xbc, 0x00, 0x29, 0x00, 0x0c, 0xb0, 0x09, 0x1c, 0xdf, 0xd6, 0x68, 0x3a, 0x1a, 0xe5, 0x5f,
    0xeb, 0x00, 0x13, 0x33, 0x11, 0x14, 0x1e, 0x02, 0x33, 0x32, 0x3e, 0x02, 0x35, 0x11, 0x33, 0x11,
    0x14, 0x06, 0x07, 0x0e, 0x01, 0x15, 0x14, 0x33, 0x32, 0x36, 0x37, 0x17, 0x0e, 0x01, 0x23, 0x22,
    0x26, 0x35, 0x34, 0x36, 0x37, 0x2e, 0x03, 0x35, 0x57, 0x64, 0x1a, 0x2f, 0x43, 0x2a, 0x2a, 0x43,
    0x2f, 0x1a, 0x63, 0x58, 0x4e, 0x45, 0x31, 0x33, 0x0e, 0x1a, 0x0a, 0x11, 0x0e, 0x29, 0x1e, 0x37,
    0x3e, 0x23, 0x1f, 0x3c, 0x61, 0x43, 0x25, 0x02, 0xbc, 0xfe, 0x35, 0x2c, 0x3e, 0x27, 0x11, 0x11,
    0x27, 0x3e, 0x2c, 0x01, 0xcb, 0xfe, 0x2b, 0x5a, 0x75, 0x18, 0x1d, 0x3d, 0x20, 0x35, 0x08, 0x09,
    0x3e, 0x0e, 0x10, 0x35, 0x36, 0x29, 0x3d, 0x1a, 0x03, 0x23, 0x3e, 0x59, 0x39, 0x00, 0x00, 0x00,
    0x00, 0x01, 0x00, 0x4e, 0xff, 0x06, 0x02, 0x05, 0x01, 0xf4, 0x00, 0x25, 0x00, 0x0c, 0xb0, 0x09,
    0x1c, 0xdf, 0xd6, 0x68, 0x3a, 0x1a, 0xe5, 0x5f, 0xeb, 0x00, 0x21, 0x0e, 0x01, 0x15, 0x14, 0x33,
    0x32, 0x36, 0x37, 0x17, 0x0e, 0x01, 0x23, 0x22, 0x26, 0x35, 0x34, 0x36, 0x37, 0x35, 0x0e, 0x01,
    0x23, 0x22, 0x26, 0x35, 0x11, 0x33, 0x11, 0x14, 0x16, 0x33, 0x32, 0x36, 0x37, 0x11, 0x33, 0x11,
    0x02, 0x04, 0x45, 0x31, 0x33, 0x0e, 0x1a, 0x0a, 0x11, 0x0e, 0x29, 0x1e, 0x36, 0x3f, 0x39, 0x2f,
    0x0d, 0x5b, 0x3c, 0x5b, 0x55, 0x63, 0x2d, 0x35, 0x34, 0x4c, 0x0f, 0x63, 0x1d, 0x3d, 0x20, 0x35,
    0x08, 0x09, 0x3e, 0x0e, 0x10, 0x36, 0x36, 0x33, 0x48, 0x1d, 0x3b, 0x28, 0x2c, 0x5b, 0x58, 0x01,
    0x50, 0xfe, 0xb4, 0x35, 0x2e, 0x2e, 0x34, 0x01, 0x4d, 0xfe, 0x0c, 0x00, 0x00, 0x03, 0x00, 0x13,
    0x00, 0x00, 0x02, 0x5d, 0x03, 0x5b, 0x00, 0x08, 0x00, 0x14, 0x00, 0x20, 0x00, 0x0c, 0xb0, 0x09,
    0x1c, 0xdf, 0xd6, 0x68, 0x3a, 0x1a, 0xe5, 0x5f, 0xeb, 0x00, 0x01, 0x03, 0x33, 0x1b, 0x01, 0x33,
    0x03, 0x11, 0x23, 0x03, 0x22, 0x26, 0x35, 0x34, 0x36, 0x33, 0x32, 0x16, 0x15, 0x14, 0x06, 0x33,
    0x22, 0x26, 0x35, 0x34, 0x36, 0x33, 0x32, 0x16, 0x15, 0x14, 0x06, 0x01, 0x06, 0xf3, 0x78, 0xb0,
    0xae, 0x74, 0xf4, 0x63, 0x29, 0x1c, 0x1e, 0x1e, 0x1c, 0x1b, 0x1f, 0x1f, 0xa0, 0x1b, 0x1e, 0x1e,
    0x1b, 0x1c, 0x1e, 0x1e, 0x01, 0x1d, 0x01, 0x9f, 0xfe, 0xc1, 0x01, 0x3f, 0xfe, 0x61, 0xfe, 0xe3,
    0x02, 0xee, 0x20, 0x18, 0x17, 0x1e, 0x1e, 0x17, 0x18, 0x20, 0x1f, 0x19, 0x17, 0x1e, 0x1e, 0x17,
    0x18, 0x20, 0x00, 0x00, 0x00, 0x02, 0x00, 0x2d, 0x00, 0x00, 0x02, 0x33, 0x03, 0x6f, 0x00, 0x09,
    0x00, 0x0d, 0x00, 0x0c, 0xb0, 0x09, 0x1c, 0xdf, 0xd6, 0x68, 0x3a, 0x1a, 0xe5, 0x5f, 0xeb, 0x00,
    0x37, 0x01, 0x21, 0x35, 0x21, 0x15, 0x01, 0x21, 0x15, 0x21, 0x13, 0x33, 0x07, 0x23, 0x2d, 0x01,
    0x80, 0xfe, 0x8d, 0x01, 0xec, 0xfe, 0x7d, 0x01, 0x90, 0xfd, 0xfa, 0xfe, 0x7b, 0x5c, 0x59, 0x4c,
    0x02, 0x16, 0x5a, 0x4b, 0xfd, 0xe9, 0x5a, 0x03, 0x6f, 0x80, 0x00, 0x00, 0x00, 0x02, 0x00, 0x23,
    0x00, 0x00, 0x01, 0xb3, 0x02, 0xca, 0x00, 0x09, 0x00, 0x0d, 0x00, 0x0c, 0xb0, 0x09, 0x1c, 0xdf,
    0xd6, 0x68, 0x3a, 0x1a, 0xe5, 0x5f, 0xeb, 0x00, 0x37, 0x01, 0x21, 0x35, 0x21, 0x15, 0x01, 0x21,
    0x15, 0x21, 0x13, 0x33, 0x07, 0x23, 0x23, 0x01, 0x0b, 0xfe, 0xf8, 0x01, 0x84, 0xfe, 0xf2, 0x01,
    0x17, 0xfe, 0x70, 0xdc, 0x69, 0x5d, 0x50, 0x36, 0x01, 0x6f, 0x4f, 0x36, 0xfe, 0x91, 0x4f, 0x02,
    0xca, 0x98, 0x00, 0x00, 0x00, 0x02, 0x00, 0x2d, 0x00, 0x00, 0x02, 0x33, 0x03, 0x5d, 0x00, 0x09,
    0x00, 0x15, 0x00, 0x0c, 0xb0, 0x09, 0x1c, 0xdf, 0xd6, 0x68, 0x3a, 0x1a, 0xe5, 0x5f, 0xeb, 0x00,
    0x37, 0x01, 0x21, 0x35, 0x21, 0x15, 0x01, 0x21, 0x15, 0x21, 0x01, 0x22, 0x26, 0x35, 0x34, 0x36,
    0x33, 0x32, 0x16, 0x15, 0x14, 0x06, 0x2d, 0x01, 0x80, 0xfe, 0x8d, 0x01, 0xec, 0xfe, 0x7d, 0x01,
    0x90, 0xfd, 0xfa, 0x01, 0x03, 0x1d, 0x1e, 0x1e, 0x1d, 0x1d, 0x1d, 0x1d, 0x4c, 0x02, 0x16, 0x5a,
    0x4b, 0xfd, 0xe9, 0x5a, 0x02, 0xee, 0x20, 0x19, 0x18, 0x1e, 0x1e, 0x18, 0x19, 0x20, 0x00, 0x00,
    0x00, 0x02, 0x00, 0x23, 0x00, 0x00, 0x01, 0xb3, 0x02, 0xb9, 0x00, 0x09, 0x00, 0x15, 0x00, 0x0c,
    0xb0, 0x09, 0x1c, 0xdf, 0xd6, 0x68, 0x3a, 0x1a, 0xe5, 0x5f, 0xeb, 0x00, 0x37, 0x01, 0x21, 0x35,
    0x21, 0x15, 0x01, 0x21, 0x15, 0x21, 0x13, 0x22, 0x26, 0x35, 0x34, 0x36, 0x33, 0x32, 0x16, 0x15,
    0x14, 0x06, 0x23, 0x01, 0x0b, 0xfe, 0xf8, 0x01, 0x84, 0xfe, 0xf2, 0x01, 0x17, 0xfe, 0x70, 0xc4,
    0x1c, 0x1e, 0x1e, 0x1c, 0x1d, 0x1e, 0x1e, 0x36, 0x01, 0x6f, 0x4f, 0x36, 0xfe, 0x91, 0x4f, 0x02,
    0x46, 0x21, 0x1a, 0x18, 0x20, 0x20, 0x18, 0x1a, 0x21, 0x00, 0x00, 0x00, 0x00, 0x02, 0x00, 0x2d,
    0x00, 0x00, 0x02, 0x33, 0x03, 0x65, 0x00, 0x09, 0x00, 0x10, 0x00, 0x0c, 0xb0, 0x09, 0x1c, 0xdf,
    0xd6, 0x68, 0x3a, 0x1a, 0xe5, 0x5f, 0xeb, 0x00, 0x37, 0x01, 0x21, 0x35, 0x21, 0x15, 0x01, 0x21,
    0x15, 0x21, 0x13, 0x33, 0x17, 0x37, 0x33, 0x07, 0x23, 0x2d, 0x01, 0x80, 0xfe, 0x8d, 0x01, 0xec,
    0xfe, 0x7d, 0x01, 0x90, 0xfd, 0xfa, 0x65, 0x5f, 0x3f, 0x3f, 0x5e, 0x6a, 0x67, 0x4c, 0x02, 0x16,
    0x5a, 0x4b, 0xfd, 0xe9, 0x5a, 0x03, 0x65, 0x4f, 0x4f, 0x7d, 0x00, 0x00, 0x00, 0x02, 0x00, 0x23,
    0x00, 0x00, 0x01, 0xb3, 0x02, 0xbf, 0x00, 0x09, 0x00, 0x10, 0x00, 0x0c, 0xb0, 0x09, 0x1c, 0xdf,
    0xd6, 0x68, 0x3a, 0x1a, 0xe5, 0x5f, 0xeb, 0x00, 0x37, 0x01, 0x21, 0x35, 0x21, 0x15, 0x01, 0x21,
    0x15, 0x21, 0x13, 0x33, 0x17, 0x37, 0x33, 0x07, 0x23, 0x23, 0x01, 0x0b, 0xfe, 0xf8, 0x01, 0x84,
    0xfe, 0xf2, 0x01, 0x17, 0xfe, 0x70, 0x33, 0x57, 0x3b, 0x3a, 0x57, 0x63, 0x5d, 0x36, 0x01, 0x6f,
    0x4f, 0x36, 0xfe, 0x91, 0x4f, 0x02, 0xbf, 0x63, 0x63, 0x94, 0x00, 0x00, 0x00, 0x01, 0xff, 0xfd,
    0xff, 0x2b, 0x01, 0x40, 0x02, 0xcd, 0x00, 0x1b, 0x00, 0x0c, 0xb0, 0x09, 0x1c, 0xdf, 0xd6, 0x68,
    0x3a, 0x1a, 0xe5, 0x5f, 0xeb, 0x00, 0x07, 0x33, 0x32, 0x36, 0x35, 0x11, 0x34, 0x3e, 0x02, 0x33,
    0x32, 0x16, 0x17, 0x15, 0x2e, 0x01, 0x23, 0x22, 0x06, 0x15, 0x11, 0x14, 0x06, 0x23, 0x22, 0x26,
    0x27, 0x03, 0x2f, 0x17, 0x15, 0x17, 0x2c, 0x3e, 0x27, 0x13, 0x20, 0x0d, 0x0c, 0x19, 0x0a, 0x2f,
    0x27, 0x37, 0x44, 0x11, 0x22, 0x10, 0x7d, 0x2a, 0x23, 0x02, 0x58, 0x24, 0x3d, 0x2b, 0x19, 0x03,
    0x05, 0x4b, 0x02, 0x03, 0x32, 0x2c, 0xfd, 0xa9, 0x48, 0x57, 0x03, 0x04, 0x00, 0x01, 0x00, 0x10,
    0xff, 0x75, 0x02, 0x1d, 0x02, 0xa1, 0x00, 0x26, 0x00, 0x0c, 0xb0, 0x09, 0x1c, 0xdf, 0xd6, 0x68,
    0x3a, 0x1a, 0xe5, 0x5f, 0xeb, 0x00, 0x13, 0x33, 0x37, 0x3e, 0x03, 0x33, 0x32, 0x16, 0x15, 0x23,
    0x34, 0x23, 0x22, 0x06, 0x0f, 0x01, 0x33, 0x15, 0x23, 0x03, 0x0e, 0x01, 0x23, 0x22, 0x2e, 0x02,
    0x35, 0x33, 0x14, 0x16, 0x33, 0x32, 0x36, 0x37, 0x13, 0x23, 0x88, 0x63, 0x0f, 0x03, 0x17, 0x28,
    0x3b, 0x26, 0x46, 0x3a, 0x53, 0x34, 0x19, 0x1d, 0x03, 0x10, 0x97, 0x9d, 0x1e, 0x07, 0x53, 0x45,
    0x23, 0x2e, 0x1d, 0x0c, 0x53, 0x19, 0x14, 0x18, 0x1a, 0x04, 0x1e, 0x5c, 0x01, 0x7b, 0x97, 0x1f,
    0x34, 0x26, 0x16, 0x44, 0x35, 0x2d, 0x1a, 0x20, 0xa0, 0x41, 0xfe, 0xc9, 0x45, 0x49, 0x12, 0x20,
    0x2d, 0x1a, 0x17, 0x15, 0x1f, 0x23, 0x01, 0x36, 0x00, 0x03, 0x00, 0x0e, 0x00, 0x00, 0x03, 0x7a,
    0x03, 0x6f, 0x00, 0x0f, 0x00, 0x12, 0x00, 0x16, 0x00, 0x0c, 0xb0, 0x09, 0x1c, 0xdf, 0xd6, 0x68,
    0x3a, 0x1a, 0xe5, 0x5f, 0xeb, 0x00, 0x01, 0x21, 0x15, 0x21, 0x17, 0x33, 0x15, 0x23, 0x17, 0x21,
    0x15, 0x21, 0x03, 0x23, 0x03, 0x23, 0x01, 0x33, 0x03, 0x37, 0x33, 0x07, 0x23, 0x01, 0x72, 0x01,
    0xfe, 0xfe, 0xa5, 0x07, 0xfb, 0xf7, 0x09, 0x01, 0x51, 0xfe, 0x54, 0x0b, 0xcc, 0x85, 0x64, 0x01,
    0x13, 0x9f, 0x0b, 0x2b, 0x7b, 0x5c, 0x59, 0x02, 0xbc, 0x5c, 0xb6, 0x5b, 0xf3, 0x5c, 0x01, 0x07,
    0xfe, 0xf9, 0x01, 0x59, 0x01, 0x24, 0xf2, 0x80, 0x00, 0x04, 0x00, 0x33, 0xff, 0xf0, 0x03, 0x63,
    0x02, 0xca, 0x00, 0x36, 0x00, 0x45, 0x00, 0x4c, 0x00, 0x50, 0x00, 0x0c, 0xb0, 0x09, 0x1c, 0xdf,
    0xd6, 0x68, 0x3a, 0x1a, 0xe5, 0x5f, 0xeb, 0x00, 0x37, 0x34, 0x3e, 0x02, 0x33, 0x32, 0x16, 0x17,
    0x35, 0x34, 0x26, 0x23, 0x22, 0x07, 0x23, 0x3e, 0x03, 0x33, 0x32, 0x1e, 0x02, 0x17, 0x3e, 0x01,
    0x33, 0x32, 0x1e, 0x02, 0x1d, 0x01, 0x21, 0x1e, 0x01, 0x33, 0x32, 0x36, 0x37, 0x33, 0x14, 0x06,
    0x23, 0x22, 0x27, 0x0e, 0x03, 0x23, 0x22, 0x26, 0x33, 0x32, 0x36, 0x37, 0x34, 0x26, 0x35, 0x2e,
    0x01, 0x23, 0x22, 0x06, 0x15, 0x14, 0x16, 0x01, 0x22, 0x06, 0x07, 0x21, 0x2e, 0x01, 0x03, 0x33,
    0x07, 0x23, 0x33, 0x22, 0x3b, 0x4f, 0x2c, 0x30, 0x45, 0x0e, 0x3a, 0x37, 0x6e, 0x02, 0x62, 0x01,
    0x22, 0x3b, 0x4e, 0x2d, 0x18, 0x32, 0x2d, 0x24, 0x0b, 0x1c, 0x62, 0x38, 0x3f, 0x57, 0x35, 0x18,
    0xfe, 0x88, 0x02, 0x46, 0x4d, 0x3a, 0x3b, 0x05, 0x5e, 0x6c, 0x6c, 0xaf, 0x30, 0x07, 0x21, 0x30,
    0x3d, 0x21, 0x54, 0x64, 0xc3, 0x3f, 0x4f, 0x0b, 0x01, 0x14, 0x3b, 0x26, 0x41, 0x45, 0x30, 0x01,
    0xbd, 0x41, 0x46, 0x0a, 0x01, 0x11, 0x02, 0x38, 0xe9, 0x69, 0x5d, 0x50, 0x93, 0x2d, 0x3c, 0x26,
    0x10, 0x0d, 0x07, 0x2a, 0x3c, 0x2e, 0x48, 0x29, 0x3a, 0x24, 0x11, 0x09, 0x12, 0x1d, 0x14, 0x2c,
    0x21, 0x20, 0x3e, 0x58, 0x39, 0x26, 0x5b, 0x50, 0x2b, 0x22, 0x45, 0x5b, 0x89, 0x1d, 0x30, 0x22,
    0x14, 0x50, 0x4e, 0x43, 0x02, 0x02, 0x02, 0x06, 0x0b, 0x28, 0x2f, 0x29, 0x28, 0x01, 0x6c, 0x3a,
    0x45, 0x3e, 0x41, 0x01, 0x18, 0x98, 0x00, 0x00, 0x00, 0x02, 0x00, 0x35, 0xfe, 0xf0, 0x02, 0x5b,
    0x02, 0xcc, 0x00, 0x3e, 0x00, 0x52, 0x00, 0x0c, 0xb0, 0x09, 0x1c, 0xdf, 0xd6, 0x68, 0x3a, 0x1a,
    0xe5, 0x5f, 0xeb, 0x00, 0x37, 0x0e, 0x01, 0x15, 0x14, 0x16, 0x33, 0x32, 0x3e, 0x02, 0x35, 0x34,
    0x26, 0x27, 0x2e, 0x03, 0x27, 0x2e, 0x01, 0x35, 0x34, 0x36, 0x33, 0x32, 0x16, 0x15, 0x1c, 0x01,
    0x07, 0x23, 0x36, 0x35, 0x34, 0x26, 0x23, 0x22, 0x06, 0x15, 0x14, 0x16, 0x17, 0x1e, 0x03, 0x17,
    0x1e, 0x01, 0x15, 0x14, 0x06, 0x23, 0x22, 0x2e, 0x02, 0x35, 0x34, 0x36, 0x37, 0x13, 0x34, 0x36,
    0x33, 0x32, 0x16, 0x15, 0x14, 0x06, 0x2b, 0x01, 0x35, 0x32, 0x36, 0x37, 0x27, 0x06, 0x23, 0x22,
    0x26, 0x9f, 0x01, 0x01, 0x50, 0x5d, 0x26, 0x3e, 0x2d, 0x18, 0x2e, 0x2a, 0x12, 0x31, 0x32, 0x30,
    0x12, 0x49, 0x4d, 0x7d, 0x71, 0x6d, 0x7c, 0x01, 0x66, 0x02, 0x45, 0x3f, 0x3d, 0x49, 0x2d, 0x29,
    0x12, 0x30, 0x33, 0x30, 0x12, 0x4b, 0x4d, 0x89, 0x87, 0x49, 0x69, 0x44, 0x20, 0x01, 0x02, 0xcd,
    0x20, 0x1f, 0x23, 0x25, 0x38, 0x34, 0x14, 0x21, 0x28, 0x04, 0x0d, 0x09, 0x10, 0x14, 0x1a, 0xec,
    0x07, 0x14, 0x0a, 0x3f, 0x40, 0x0c, 0x1a, 0x2a, 0x1e, 0x30, 0x30, 0x0d, 0x06, 0x0a, 0x0a, 0x09,
    0x05, 0x14, 0x5d, 0x4d, 0x5e, 0x65, 0x5b, 0x54, 0x0d, 0x11, 0x07, 0x05, 0x10, 0x39, 0x31, 0x30,
    0x39, 0x2f, 0x30, 0x0d, 0x06, 0x0a, 0x09, 0x09, 0x05, 0x14, 0x5e, 0x4e, 0x62, 0x6a, 0x1f, 0x37,
    0x4d, 0x2f, 0x0a, 0x18, 0x09, 0xfe, 0xa1, 0x1a, 0x22, 0x2d, 0x30, 0x3c, 0x40, 0x39, 0x10, 0x1b,
    0x12, 0x07, 0x15, 0x00, 0x00, 0x02, 0x00, 0x2b, 0xfe, 0xf0, 0x01, 0xda, 0x02, 0x01, 0x00, 0x2e,
    0x00, 0x41, 0x00, 0x0c, 0xb0, 0x09, 0x1c, 0xdf, 0xd6, 0x68, 0x3a, 0x1a, 0xe5, 0x5f, 0xeb, 0x00,
    0x37, 0x14, 0x16, 0x33, 0x32, 0x36, 0x35, 0x34, 0x26, 0x27, 0x2e, 0x01, 0x27, 0x2e, 0x01, 0x35,
    0x34, 0x3e, 0x02, 0x33, 0x32, 0x16, 0x17, 0x23, 0x26, 0x23, 0x22, 0x06, 0x15, 0x14, 0x16, 0x17,
    0x1e, 0x03, 0x17, 0x1e, 0x01, 0x15, 0x14, 0x06, 0x23, 0x22, 0x26, 0x35, 0x13, 0x34, 0x36, 0x33,
    0x32, 0x16, 0x15, 0x14, 0x2b, 0x01, 0x35, 0x32, 0x36, 0x37, 0x27, 0x06, 0x23, 0x22, 0x26, 0x8d,
    0x3e, 0x3c, 0x39, 0x3a, 0x1c, 0x22, 0x1e, 0x52, 0x1f, 0x34, 0x3f, 0x1d, 0x33, 0x47, 0x2b, 0x5d,
    0x63, 0x01, 0x61, 0x02, 0x5f, 0x2f, 0x32, 0x1c, 0x22, 0x0f, 0x25, 0x26, 0x26, 0x0f, 0x34, 0x3f,
    0x6c, 0x67, 0x71, 0x6b, 0x95, 0x20, 0x1f, 0x23, 0x25, 0x6c, 0x14, 0x21, 0x28, 0x04, 0x0e, 0x09,
    0x0f, 0x14, 0x1a, 0x96, 0x2f, 0x29, 0x24, 0x2b, 0x16, 0x24, 0x08, 0x07, 0x0b, 0x08, 0x0e, 0x43,
    0x37, 0x24, 0x36, 0x24, 0x12, 0x4a, 0x45, 0x43, 0x22, 0x22, 0x16, 0x24, 0x08, 0x03, 0x06, 0x06,
    0x07, 0x04, 0x0e, 0x43, 0x37, 0x4d, 0x50, 0x56, 0x50, 0xfe, 0xf7, 0x1a, 0x21, 0x2c, 0x30, 0x7c,
    0x3a, 0x10, 0x1a, 0x10, 0x07, 0x16, 0x00, 0x00, 0x00, 0x02, 0x00, 0x1d, 0xfe, 0xf0, 0x02, 0x26,
    0x02, 0xbc, 0x00, 0x07, 0x00, 0x1b, 0x00, 0x0c, 0xb0, 0x09, 0x1c, 0xdf, 0xd6, 0x68, 0x3a, 0x1a,
    0xe5, 0x5f, 0xeb, 0x00, 0x13, 0x21, 0x15, 0x23, 0x11, 0x23, 0x11, 0x23, 0x13, 0x34, 0x36, 0x33,
    0x32, 0x16, 0x15, 0x14, 0x06, 0x2b, 0x01, 0x35, 0x32, 0x36, 0x37, 0x27, 0x06, 0x23, 0x22, 0x26,
    0x1d, 0x02, 0x09, 0xd3, 0x63, 0xd3, 0xc2, 0x20, 0x1f, 0x23, 0x25, 0x38, 0x34, 0x14, 0x21, 0x28,
    0x04, 0x0d, 0x09, 0x10, 0x14, 0x1a, 0x02, 0xbc, 0x5c, 0xfd, 0xa0, 0x02, 0x60, 0xfd, 0x2d, 0x1a,
    0x22, 0x2d, 0x30, 0x3c, 0x40, 0x39, 0x10, 0x1b, 0x12, 0x07, 0x15, 0x00, 0x00, 0x02, 0x00, 0x1d,
    0xfe, 0xf0, 0x01, 0x5c, 0x02, 0x9c, 0x00, 0x18, 0x00, 0x2b, 0x00, 0x0c, 0xb0, 0x09, 0x1c, 0xdf,
    0xd6, 0x68, 0x3a, 0x1a, 0xe5, 0x5f, 0xeb, 0x00, 0x13, 0x33, 0x35, 0x33, 0x15, 0x33, 0x15, 0x23,
    0x11, 0x14, 0x16, 0x33, 0x32, 0x37, 0x15, 0x0e, 0x01, 0x23, 0x22, 0x2e, 0x02, 0x35, 0x11, 0x23,
    0x13, 0x34, 0x36, 0x33, 0x32, 0x16, 0x15, 0x14, 0x2b, 0x01, 0x35, 0x32, 0x36, 0x37, 0x27, 0x06,
    0x23, 0x22, 0x26, 0x1d, 0x5a, 0x62, 0x83, 0x83, 0x1c, 0x17, 0x20, 0x1c, 0x0e, 0x2a, 0x1d, 0x23,
    0x30, 0x1d, 0x0c, 0x5a, 0x77, 0x20, 0x1f, 0x23, 0x25, 0x6c, 0x14, 0x21, 0x28, 0x04, 0x0e, 0x09,
    0x0f, 0x14, 0x1a, 0x01, 0xf4, 0xa8, 0xa8, 0x48, 0xfe, 0xd1, 0x1b, 0x16, 0x14, 0x50, 0x0b, 0x0e,
    0x0e, 0x1e, 0x30, 0x21, 0x01, 0x38, 0xfd, 0xe1, 0x1a, 0x21, 0x2c, 0x30, 0x7c, 0x3a, 0x10, 0x1a,
    0x10, 0x07, 0x16, 0x00, 0x00, 0x01, 0x00, 0x00, 0x02, 0x31, 0x01, 0x24, 0x02, 0xc1, 0x00, 0x06,
    0x00, 0x0c, 0xb0, 0x09, 0x1c, 0xdf, 0xd6, 0x68, 0x3a, 0x1a, 0xe5, 0x5f, 0xeb, 0x00, 0x13, 0x33,
    0x17, 0x23, 0x27, 0x07, 0x23, 0x64, 0x5d, 0x63, 0x57, 0x3a, 0x3c, 0x57, 0x02, 0xc1, 0x90, 0x5f,
    0x5f, 0x00, 0x00, 0x00, 0x00, 0x01, 0x00, 0x00, 0x02, 0x2b, 0x01, 0x23, 0x02, 0xbf, 0x00, 0x06,
    0x00, 0x0c, 0xb0, 0x09, 0x1c, 0xdf, 0xd6, 0x68, 0x3a, 0x1a, 0xe5, 0x5f, 0xeb, 0x00, 0x11, 0x33,
    0x17, 0x37, 0x33, 0x07, 0x23, 0x57, 0x3b, 0x3a, 0x57, 0x63, 0x5d, 0x02, 0xbf, 0x63, 0x63, 0x94,
    0x00, 0x01, 0x00, 0x00, 0x02, 0x31, 0x01, 0x1c, 0x02, 0xb8, 0x00, 0x0d, 0x00, 0x0c, 0xb0, 0x09,
    0x1c, 0xdf, 0xd6, 0x68, 0x3a, 0x1a, 0xe5, 0x5f, 0xeb, 0x00, 0x13, 0x22, 0x26, 0x27, 0x33, 0x1e,
    0x01, 0x33, 0x32, 0x36, 0x37, 0x33, 0x0e, 0x01, 0x8e, 0x43, 0x49, 0x02, 0x4d, 0x01, 0x25, 0x1b,
    0x1c, 0x24, 0x01, 0x4d, 0x01, 0x4a, 0x02, 0x31, 0x43, 0x44, 0x2a, 0x21, 0x21, 0x2a, 0x44, 0x43,
    0x00, 0x01, 0x00, 0x00, 0x02, 0x46, 0x00, 0x75, 0x02, 0xb9, 0x00, 0x0b, 0x00, 0x0c, 0xb0, 0x09,
    0x1c, 0xdf, 0xd6, 0x68, 0x3a, 0x1a, 0xe5, 0x5f, 0xeb, 0x00, 0x13, 0x22, 0x26, 0x35, 0x34, 0x36,
    0x33, 0x32, 0x16, 0x15, 0x14, 0x06, 0x3a, 0x1c, 0x1e, 0x1e, 0x1c, 0x1d, 0x1e, 0x1e, 0x02, 0x46,
    0x21, 0x1a, 0x18, 0x20, 0x20, 0x18, 0x1a, 0x21, 0x00, 0x02, 0x00, 0x00, 0x02, 0x28, 0x00, 0xd5,
    0x02, 0xf4, 0x00, 0x0b, 0x00, 0x17, 0x00, 0x0c, 0xb0, 0x09, 0x1c, 0xdf, 0xd6, 0x68, 0x3a, 0x1a,
    0xe5, 0x5f, 0xeb, 0x00, 0x13, 0x22, 0x26, 0x35, 0x34, 0x36, 0x33, 0x32, 0x16, 0x15, 0x14, 0x06,
    0x27, 0x32, 0x36, 0x35, 0x34, 0x26, 0x23, 0x22, 0x06, 0x15, 0x14, 0x16, 0x69, 0x31, 0x38, 0x38,
    0x31, 0x33, 0x39, 0x39, 0x33, 0x1b, 0x15, 0x15, 0x1b, 0x19, 0x15, 0x15, 0x02, 0x28, 0x3a, 0x2c,
    0x2b, 0x3b, 0x3b, 0x2b, 0x2c, 0x3a, 0x35, 0x1c, 0x15, 0x17, 0x1d, 0x1d, 0x17, 0x15, 0x1c, 0x00,
    0x00, 0x01, 0x00, 0x00, 0xff, 0x06, 0x00, 0xca, 0x00, 0x0d, 0x00, 0x12, 0x00, 0x0c, 0xb0, 0x09,
    0x1c, 0xdf, 0xd6, 0x68, 0x3a, 0x1a, 0xe5, 0x5f, 0xeb, 0x00, 0x33, 0x0e, 0x01, 0x15, 0x14, 0x33,
    0x32, 0x36, 0x37, 0x17, 0x0e, 0x01, 0x23, 0x22, 0x26, 0x35, 0x34, 0x36, 0x37, 0xca, 0x45, 0x31,
    0x33, 0x0e, 0x1a, 0x0a, 0x11, 0x0e, 0x29, 0x1e, 0x36, 0x3f, 0x3c, 0x30, 0x1d, 0x3d, 0x20, 0x35,
    0x08, 0x09, 0x3e, 0x0e, 0x10, 0x36, 0x36, 0x34, 0x4a, 0x1d, 0x00, 0x00, 0x00, 0x01, 0x00, 0x00,
    0x02, 0x38, 0x01, 0x19, 0x02, 0xb1, 0x00, 0x1b, 0x00, 0x0c, 0xb0, 0x09, 0x1c, 0xdf, 0xd6, 0x68,
    0x3a, 0x1a, 0xe5, 0x5f, 0xeb, 0x00, 0x11, 0x34, 0x3e, 0x02, 0x33, 0x32, 0x16, 0x17, 0x16, 0x33,
    0x32, 0x36, 0x35, 0x33, 0x14, 0x0e, 0x02, 0x23, 0x22, 0x27, 0x2e, 0x01, 0x23, 0x22, 0x06, 0x15,
    0x0f, 0x18, 0x20, 0x12, 0x12, 0x17, 0x0b, 0x13, 0x15, 0x0f, 0x14, 0x41, 0x0f, 0x19, 0x20, 0x10,
    0x21, 0x12, 0x0a, 0x11, 0x0f, 0x11, 0x12, 0x02, 0x38, 0x1f, 0x2c, 0x1d, 0x0d, 0x0c, 0x0a, 0x13,
    0x18, 0x15, 0x20, 0x2c, 0x1b, 0x0d, 0x14, 0x09, 0x0c, 0x1a, 0x14, 0x00, 0x00, 0x02, 0x00, 0x00,
    0x02, 0x2b, 0x01, 0x54, 0x02, 0xc2, 0x00, 0x03, 0x00, 0x07, 0x00, 0x0c, 0xb0, 0x09, 0x1c, 0xdf,
    0xd6, 0x68, 0x3a, 0x1a, 0xe5, 0x5f, 0xeb, 0x00, 0x13, 0x33, 0x07, 0x23, 0x37, 0x33, 0x07, 0x23,
    0x44, 0x64, 0x56, 0x52, 0xf0, 0x64, 0x56, 0x52, 0x02, 0xc2, 0x97, 0x97, 0x97, 0x00, 0x00, 0x00,
    0x00, 0x01, 0x00, 0x2b, 0xff, 0xed, 0x02, 0x75, 0x01, 0xf3, 0x00, 0x21, 0x00, 0x0c, 0xb0, 0x09,
    0x1c, 0xdf, 0xd6, 0x68, 0x3a, 0x1a, 0xe5, 0x5f, 0xeb, 0x00, 0x37, 0x3e, 0x01, 0x35, 0x11, 0x23,
    0x22, 0x07, 0x35, 0x3e, 0x01, 0x33, 0x21, 0x15, 0x0e, 0x01, 0x23, 0x15, 0x14, 0x16, 0x17, 0x07,
    0x2e, 0x01, 0x3d, 0x01, 0x23, 0x11, 0x14, 0x0e, 0x02, 0x2b, 0x01, 0x5e, 0x16, 0x1d, 0x15, 0x2f,
    0x22, 0x10, 0x2c, 0x15, 0x01, 0xf9, 0x17, 0x33, 0x1a, 0x12, 0x0e, 0x60, 0x0c, 0x15, 0xbe, 0x13,
    0x20, 0x2c, 0x18, 0x1d, 0x4e, 0x02, 0x26, 0x22, 0x01, 0x0d, 0x14, 0x4e, 0x0a, 0x0a, 0x41, 0x07,
    0x06, 0xb4, 0x4b, 0x7e, 0x28, 0x13, 0x24, 0x86, 0x4e, 0xc0, 0xfe, 0xe2, 0x24, 0x37, 0x25, 0x12,
    0x00, 0x01, 0x00, 0x19, 0x00, 0xd5, 0x01, 0xe2, 0x01, 0x1d, 0x00, 0x03, 0x00, 0x0c, 0xb0, 0x09,
    0x1c, 0xdf, 0xd6, 0x68, 0x3a, 0x1a, 0xe5, 0x5f, 0xeb, 0x00, 0x13, 0x21, 0x15, 0x21, 0x19, 0x01,
    0xc9, 0xfe, 0x37, 0x01, 0x1d, 0x48, 0x00, 0x00, 0x00, 0x01, 0x00, 0x19, 0x00, 0xd5, 0x03, 0x2f,
    0x01, 0x1d, 0x00, 0x03, 0x00, 0x0c, 0xb0, 0x09, 0x1c, 0xdf, 0xd6, 0x68, 0x3a, 0x1a, 0xe5, 0x5f,
    0xeb, 0x00, 0x13, 0x21, 0x15, 0x21, 0x19, 0x03, 0x16, 0xfc, 0xea, 0x01, 0x1d, 0x48, 0x00, 0x00,
    0x00, 0x01, 0x00, 0x30, 0x01, 0xca, 0x00, 0xb9, 0x02, 0xb7, 0x00, 0x14, 0x00, 0x0c, 0xb0, 0x09,
    0x1c, 0xdf, 0xd6, 0x68, 0x3a, 0x1a, 0xe5, 0x5f, 0xeb, 0x00, 0x13, 0x22, 0x26, 0x35, 0x34, 0x3e,
    0x02, 0x3b, 0x01, 0x15, 0x22, 0x06, 0x07, 0x36, 0x33, 0x32, 0x16, 0x15, 0x14, 0x06, 0x78, 0x22,
    0x26, 0x0e, 0x1c, 0x2b, 0x1d, 0x0b, 0x20, 0x26, 0x02, 0x0a, 0x0e, 0x18, 0x24, 0x23, 0x01, 0xca,
    0x2d, 0x34, 0x1e, 0x33, 0x25, 0x16, 0x3d, 0x18, 0x24, 0x03, 0x1c, 0x1d, 0x1a, 0x24, 0x00, 0x00,
    0x00, 0x01, 0x00, 0x2e, 0x01, 0xca, 0x00, 0xb6, 0x02, 0xb7, 0x00, 0x12, 0x00, 0x0c, 0xb0, 0x09,
    0x1c, 0xdf, 0xd6, 0x68, 0x3a, 0x1a, 0xe5, 0x5f, 0xeb, 0x00, 0x13, 0x32, 0x36, 0x37, 0x06, 0x23,
    0x22, 0x26, 0x35, 0x34, 0x36, 0x33, 0x32, 0x16, 0x15, 0x14, 0x06, 0x2b, 0x01, 0x39, 0x20, 0x27,
    0x02, 0x0c, 0x0c, 0x19, 0x23, 0x22, 0x1e, 0x23, 0x25, 0x36, 0x3c, 0x0b, 0x02, 0x08, 0x18, 0x24,
    0x03, 0x1c, 0x1c, 0x1a, 0x24, 0x35, 0x34, 0x3c, 0x48, 0x00, 0x00, 0x00, 0x00, 0x01, 0x00, 0x2e,
    0xff, 0x9c, 0x00, 0xb6, 0x00, 0x89, 0x00, 0x12, 0x00, 0x0c, 0xb0, 0x09, 0x1c, 0xdf, 0xd6, 0x68,
    0x3a, 0x1a, 0xe5, 0x5f, 0xeb, 0x00, 0x37, 0x34, 0x36, 0x33, 0x32, 0x16, 0x15, 0x14, 0x06, 0x2b,
    0x01, 0x35, 0x32, 0x36, 0x37, 0x06, 0x23, 0x22, 0x26, 0x2e, 0x22, 0x1e, 0x23, 0x25, 0x36, 0x3c,
    0x0b, 0x20, 0x27, 0x02, 0x0c, 0x0c, 0x19, 0x23, 0x4b, 0x1a, 0x24, 0x35, 0x34, 0x3c, 0x48, 0x3e,
    0x18, 0x24, 0x03, 0x1c, 0x00, 0x02, 0x00, 0x30, 0x01, 0xca, 0x01, 0x72, 0x02, 0xb7, 0x00, 0x14,
    0x00, 0x29, 0x00, 0x0c, 0xb0, 0x09, 0x1c, 0xdf, 0xd6, 0x68, 0x3a, 0x1a, 0xe5, 0x5f, 0xeb, 0x00,
    0x13, 0x22, 0x26, 0x35, 0x34, 0x3e, 0x02, 0x3b, 0x01, 0x15, 0x22, 0x06, 0x07, 0x36, 0x33, 0x32,
    0x16, 0x15, 0x14, 0x06, 0x33, 0x22, 0x26, 0x35, 0x34, 0x3e, 0x02, 0x3b, 0x01, 0x15, 0x22, 0x06,
    0x07, 0x36, 0x33, 0x32, 0x16, 0x15, 0x14, 0x06, 0x78, 0x22, 0x26, 0x0e, 0x1c, 0x2b, 0x1d, 0x0b,
    0x20, 0x26, 0x02, 0x0a, 0x0e, 0x18, 0x24, 0x23, 0x9b, 0x22, 0x26, 0x0e, 0x1c, 0x2b, 0x1d, 0x0b,
    0x20, 0x26, 0x02, 0x0a, 0x0e, 0x18, 0x24, 0x23, 0x01, 0xca, 0x2d, 0x34, 0x1e, 0x33, 0x25, 0x16,
    0x3d, 0x18, 0x24, 0x03, 0x1c, 0x1d, 0x1a, 0x24, 0x2d, 0x34, 0x1e, 0x33, 0x25, 0x16, 0x3d, 0x18,
    0x24, 0x03, 0x1c, 0x1d, 0x1a, 0x24, 0x00, 0x00, 0x00, 0x02, 0x00, 0x2e, 0x01, 0xca, 0x01, 0x6f,
    0x02, 0xb7, 0x00, 0x12, 0x00, 0x25, 0x00, 0x0c, 0xb0, 0x09, 0x1c, 0xdf, 0xd6, 0x68, 0x3a, 0x1a,
    0xe5, 0x5f, 0xeb, 0x00, 0x13, 0x32, 0x36, 0x37, 0x06, 0x23, 0x22, 0x26, 0x35, 0x34, 0x36, 0x33,
    0x32, 0x16, 0x15, 0x14, 0x06, 0x2b, 0x01, 0x37, 0x32, 0x36, 0x37, 0x06, 0x23, 0x22, 0x26, 0x35,
    0x34, 0x36, 0x33, 0x32, 0x16, 0x15, 0x14, 0x06, 0x2b, 0x01, 0x39, 0x20, 0x27, 0x02, 0x0c, 0x0c,
    0x19, 0x23, 0x22, 0x1e, 0x23, 0x25, 0x36, 0x3c, 0x0b, 0xb9, 0x20, 0x27, 0x02, 0x0c, 0x0c, 0x19,
    0x23, 0x22, 0x1e, 0x23, 0x25, 0x37, 0x3b, 0x0b, 0x02, 0x08, 0x18, 0x24, 0x03, 0x1c, 0x1c, 0x1a,
    0x24, 0x35, 0x34, 0x3c, 0x48, 0x3e, 0x18, 0x24, 0x03, 0x1c, 0x1c, 0x1a, 0x24, 0x35, 0x34, 0x3c,
    0x48, 0x00, 0x00, 0x00, 0x00, 0x02, 0x00, 0x2e, 0xff, 0x9c, 0x01, 0x6f, 0x00, 0x89, 0x00, 0x12,
    0x00, 0x25, 0x00, 0x0c, 0xb0, 0x09, 0x1c, 0xdf, 0xd6, 0x68, 0x3a, 0x1a, 0xe5, 0x5f, 0xeb, 0x00,
    0x37, 0x34, 0x36, 0x33, 0x32, 0x16, 0x15, 0x14, 0x06, 0x2b, 0x01, 0x35, 0x32, 0x36, 0x37, 0x06,
    0x23, 0x22, 0x26, 0x37, 0x34, 0x36, 0x33, 0x32, 0x16, 0x15, 0x14, 0x06, 0x2b, 0x01, 0x35, 0x32,
    0x36, 0x37, 0x06, 0x23, 0x22, 0x26, 0x2e, 0x22, 0x1e, 0x23, 0x25, 0x36, 0x3c, 0x0b, 0x20, 0x27,
    0x02, 0x0c, 0x0c, 0x19, 0x23, 0xb9, 0x22, 0x1e, 0x23, 0x25, 0x37, 0x3b, 0x0b, 0x20, 0x27, 0x02,
    0x0c, 0x0c, 0x19, 0x23, 0x4b, 0x1a, 0x24, 0x35, 0x34, 0x3c, 0x48, 0x3e, 0x18, 0x24, 0x03, 0x1c,
    0x1c, 0x1a, 0x24, 0x35, 0x34, 0x3c, 0x48, 0x3e, 0x18, 0x24, 0x03, 0x1c, 0x00, 0x01, 0x00, 0x37,
    0xff, 0xbf, 0x01, 0xca, 0x02, 0xbc, 0x00, 0x0b, 0x00, 0x0c, 0xb0, 0x09, 0x1c, 0xdf, 0xd6, 0x68,
    0x3a, 0x1a, 0xe5, 0x5f, 0xeb, 0x00, 0x13, 0x17, 0x35, 0x33, 0x15, 0x37, 0x15, 0x27, 0x11, 0x23,
    0x11, 0x07, 0x37, 0xa4, 0x4c, 0xa3, 0xa3, 0x4c, 0xa4, 0x01, 0xef, 0x08, 0xd5, 0xd5, 0x08, 0x52,
    0x08, 0xfe, 0x1a, 0x01, 0xe6, 0x08, 0x00, 0x00, 0x00, 0x01, 0x00, 0x3a, 0xff, 0xbf, 0x01, 0xcd,
    0x02, 0xbc, 0x00, 0x13, 0x00, 0x0c, 0xb0, 0x09, 0x1c, 0xdf, 0xd6, 0x68, 0x3a, 0x1a, 0xe5, 0x5f,
    0xeb, 0x00, 0x13, 0x17, 0x35, 0x33, 0x15, 0x37, 0x15, 0x27, 0x15, 0x37, 0x15, 0x27, 0x15, 0x23,
    0x35, 0x07, 0x35, 0x17, 0x35, 0x07, 0x3a, 0xa4, 0x4c, 0xa3, 0xa3, 0xa3, 0xa3, 0x4c, 0xa4, 0xa4,
    0xa4, 0x01, 0xf4, 0x08, 0xd0, 0xd0, 0x08, 0x52, 0x08, 0xdb, 0x07, 0x51, 0x08, 0xce, 0xce, 0x08,
    0x51, 0x08, 0xdc, 0x08, 0x00, 0x01, 0x00, 0x3c, 0x00, 0x96, 0x01, 0x0e, 0x01, 0x67, 0x00, 0x0b,
    0x00, 0x0c, 0xb0, 0x09, 0x1c, 0xdf, 0xd6, 0x68, 0x3a, 0x1a, 0xe5, 0x5f, 0xeb, 0x00, 0x37, 0x22,
    0x26, 0x35, 0x34, 0x36, 0x33, 0x32, 0x16, 0x15, 0x14, 0x06, 0xa4, 0x34, 0x34, 0x34, 0x34, 0x36,
    0x34, 0x34, 0x96, 0x3a, 0x2f, 0x2d, 0x3b, 0x3b, 0x2d, 0x2f, 0x3a, 0x00, 0x00, 0x03, 0x00, 0x56,
    0xff, 0xf5, 0x03, 0x39, 0x00, 0x7d, 0x00, 0x0b, 0x00, 0x17, 0x00, 0x23, 0x00, 0x0c, 0xb0, 0x09,
    0x1c, 0xdf, 0xd6, 0x68, 0x3a, 0x1a, 0xe5, 0x5f, 0xeb, 0x00, 0x37, 0x34, 0x36, 0x33, 0x32, 0x16,
    0x15, 0x14, 0x06, 0x23, 0x22, 0x26, 0x25, 0x34, 0x36, 0x33, 0x32, 0x16, 0x15, 0x14, 0x06, 0x23,
    0x22, 0x26, 0x25, 0x34, 0x36, 0x33, 0x32, 0x16, 0x15, 0x14, 0x06, 0x23, 0x22, 0x26, 0x56, 0x23,
    0x23, 0x23, 0x23, 0x23, 0x23, 0x23, 0x23, 0x01, 0x2c, 0x22, 0x23, 0x23, 0x24, 0x24, 0x23, 0x23,
    0x22, 0x01, 0x2b, 0x22, 0x23, 0x23, 0x24, 0x24, 0x23, 0x23, 0x22, 0x3a, 0x1d, 0x26, 0x26, 0x1d,
    0x1f, 0x26, 0x26, 0x1f, 0x1d, 0x26, 0x26, 0x1d, 0x1f, 0x26, 0x26, 0x1f, 0x1d, 0x26, 0x26, 0x1d,
    0x1f, 0x26, 0x26, 0x00, 0x00, 0x07, 0x00, 0x29, 0xff, 0xf2, 0x04, 0xc8, 0x02, 0xd3, 0x00, 0x13,
    0x00, 0x27, 0x00, 0x3b, 0x00, 0x4f, 0x00, 0x63, 0x00, 0x77, 0x00, 0x7b, 0x00, 0x0c, 0xb0, 0x09,
    0x1c, 0xdf, 0xd6, 0x68, 0x3a, 0x1a, 0xe5, 0x5f, 0xeb, 0x00, 0x13, 0x22, 0x2e, 0x02, 0x35, 0x34,
    0x3e, 0x02, 0x33, 0x32, 0x1e, 0x02, 0x15, 0x14, 0x0e, 0x02, 0x27, 0x32, 0x3e, 0x02, 0x35, 0x34,
    0x2e, 0x02, 0x23, 0x22, 0x0e, 0x02, 0x15, 0x14, 0x1e, 0x02, 0x05, 0x34, 0x3e, 0x02, 0x33, 0x32,
    0x1e, 0x02, 0x15, 0x14, 0x0e, 0x02, 0x23, 0x22, 0x2e, 0x02, 0x37, 0x14, 0x1e, 0x02, 0x33, 0x32,
    0x3e, 0x02, 0x35, 0x34, 0x2e, 0x02, 0x23, 0x22, 0x0e, 0x02, 0x05, 0x34, 0x3e, 0x02, 0x33, 0x32,
    0x1e, 0x02, 0x15, 0x14, 0x0e, 0x02, 0x23, 0x22, 0x2e, 0x02, 0x37, 0x14, 0x1e, 0x02, 0x33, 0x32,
    0x3e, 0x02, 0x35, 0x34, 0x2e, 0x02, 0x23, 0x22, 0x0e, 0x02, 0x01, 0x33, 0x01, 0x23, 0xd0, 0x23,
    0x3c, 0x2e, 0x1a, 0x1b, 0x2d, 0x3d, 0x22, 0x22, 0x3d, 0x2d, 0x1b, 0x1a, 0x2e, 0x3d, 0x22, 0x18,
    0x24, 0x18, 0x0d, 0x0e, 0x1a, 0x24, 0x15, 0x15, 0x24, 0x1a, 0x0e, 0x0d, 0x18, 0x24, 0x01, 0x3a,
    0x1b, 0x2d, 0x3d, 0x22, 0x22, 0x3d, 0x2e, 0x1a, 0x1a, 0x2d, 0x3d, 0x23, 0x23, 0x3c, 0x2e, 0x1a,
    0x47, 0x0d, 0x18, 0x24, 0x17, 0x18, 0x24, 0x18, 0x0d, 0x0e, 0x1a, 0x24, 0x15, 0x15, 0x24, 0x19,
    0x0e, 0x01, 0x41, 0x1b, 0x2d, 0x3d, 0x22, 0x22, 0x3d, 0x2d, 0x1b, 0x1a, 0x2e, 0x3d, 0x22, 0x23,
    0x3c, 0x2e, 0x1a, 0x47, 0x0c, 0x18, 0x24, 0x18, 0x18, 0x24, 0x18, 0x0d, 0x0e, 0x1a, 0x24, 0x15,
    0x15, 0x24, 0x19, 0x0e, 0xfe, 0xc1, 0x43, 0xfe, 0x14, 0x44, 0x01, 0x2d, 0x17, 0x32, 0x50, 0x3a,
    0x39, 0x51, 0x32, 0x17, 0x17, 0x32, 0x51, 0x39, 0x3a, 0x50, 0x32, 0x17, 0x3f, 0x0e, 0x22, 0x39,
    0x2b, 0x2c, 0x39, 0x22, 0x0d, 0x0d, 0x22, 0x39, 0x2c, 0x2b, 0x39, 0x22, 0x0e, 0xa8, 0x3a, 0x50,
    0x32, 0x17, 0x17, 0x32, 0x50, 0x3a, 0x3a, 0x50, 0x32, 0x16, 0x16, 0x32, 0x50, 0x3a, 0x2b, 0x38,
    0x22, 0x0e, 0x0e, 0x22, 0x38, 0x2b, 0x2c, 0x39, 0x22, 0x0d, 0x0d, 0x22, 0x39, 0x2c, 0x3a, 0x50,
    0x32, 0x17, 0x17, 0x32, 0x50, 0x3a, 0x3a, 0x50, 0x32, 0x16, 0x16, 0x32, 0x50, 0x3a, 0x2b, 0x38,
    0x22, 0x0e, 0x0e, 0x22, 0x38, 0x2b, 0x2c, 0x39, 0x22, 0x0d, 0x0d, 0x22, 0x39, 0x01, 0xdd, 0xfd,
    0x29, 0x00, 0x00, 0x00, 0x00, 0x01, 0x00, 0x2d, 0x00, 0x3a, 0x01, 0x08, 0x01, 0xba, 0x00, 0x06,
    0x00, 0x0c, 0xb0, 0x09, 0x1c, 0xdf, 0xd6, 0x68, 0x3a, 0x1a, 0xe5, 0x5f, 0xeb, 0x00, 0x37, 0x35,
    0x37, 0x33, 0x07, 0x17, 0x23, 0x2d, 0x80, 0x5a, 0x89, 0x8a, 0x5b, 0xe0, 0x1f, 0xbb, 0xc8, 0xb8,
    0x00, 0x01, 0x00, 0x1e, 0x00, 0x3a, 0x00, 0xfa, 0x01, 0xba, 0x00, 0x06, 0x00, 0x0c, 0xb0, 0x09,
    0x1c, 0xdf, 0xd6, 0x68, 0x3a, 0x1a, 0xe5, 0x5f, 0xeb, 0x00, 0x37, 0x27, 0x33, 0x17, 0x15, 0x07,
    0x23, 0xa8, 0x8a, 0x5b, 0x81, 0x81, 0x5a, 0xf1, 0xc9, 0xba, 0x1f, 0xa7, 0x00, 0x01, 0xff, 0x51,
    0xff, 0xf6, 0x01, 0x6d, 0x02, 0xa8, 0x00, 0x03, 0x00, 0x0c, 0xb0, 0x09, 0x1c, 0xdf, 0xd6, 0x68,
    0x3a, 0x1a, 0xe5, 0x5f, 0xeb, 0x00, 0x01, 0x33, 0x01, 0x23, 0x01, 0x27, 0x46, 0xfe, 0x2a, 0x46,
    0x02, 0xa8, 0xfd, 0x4e, 0x00, 0x01, 0x00, 0x04, 0xff, 0xf4, 0x02, 0x2b, 0x02, 0xb1, 0x00, 0x31,
    0x00, 0x0c, 0xb0, 0x09, 0x1c, 0xdf, 0xd6, 0x68, 0x3a, 0x1a, 0xe5, 0x5f, 0xeb, 0x00, 0x13, 0x33,
    0x26, 0x34, 0x3d, 0x01, 0x23, 0x35, 0x33, 0x3e, 0x03, 0x33, 0x32, 0x16, 0x17, 0x15, 0x2e, 0x01,
    0x23, 0x22, 0x0e, 0x02, 0x07, 0x21, 0x15, 0x21, 0x15, 0x1c, 0x01, 0x17, 0x21, 0x15, 0x21, 0x1e,
    0x01, 0x33, 0x32, 0x36, 0x37, 0x15, 0x0e, 0x01, 0x23, 0x22, 0x26, 0x27, 0x23, 0x04, 0x54, 0x01,
    0x53, 0x58, 0x0a, 0x35, 0x50, 0x68, 0x3e, 0x2f, 0x4b, 0x1c, 0x1c, 0x54, 0x2a, 0x29, 0x44, 0x35,
    0x24, 0x08, 0x01, 0x46, 0xfe, 0xb4, 0x01, 0x01, 0x4b, 0xfe, 0xbc, 0x11, 0x65, 0x58, 0x21, 0x53,
    0x28, 0x18, 0x51, 0x2c, 0x8a, 0x99, 0x14, 0x5b, 0x01, 0x27, 0x0b, 0x15, 0x0b, 0x1c, 0x38, 0x46,
    0x66, 0x40, 0x1f, 0x13, 0x16, 0x5a, 0x17, 0x13, 0x11, 0x2a, 0x44, 0x33, 0x38, 0x1d, 0x0b, 0x15,
    0x0a, 0x38, 0x55, 0x4c, 0x0e, 0x14, 0x58, 0x14, 0x10, 0x85, 0x76, 0x00, 0x00, 0x02, 0x00, 0x15,
    0x01, 0xa0, 0x02, 0x3d, 0x02, 0xbc, 0x00, 0x0c, 0x00, 0x14, 0x00, 0x0c, 0xb0, 0x09, 0x1c, 0xdf,
    0xd6, 0x68, 0x3a, 0x1a, 0xe5, 0x5f, 0xeb, 0x00, 0x01, 0x33, 0x17, 0x37, 0x33, 0x11, 0x23, 0x35,
    0x07, 0x23, 0x27, 0x15, 0x23, 0x01, 0x33, 0x15, 0x23, 0x15, 0x23, 0x35, 0x23, 0x01, 0x19, 0x36,
    0x5b, 0x5b, 0x38, 0x3b, 0x41, 0x2f, 0x3f, 0x3a, 0xfe, 0xfc, 0xd7, 0x4e, 0x3b, 0x4e, 0x02, 0xbc,
    0x9c, 0x9c, 0xfe, 0xe4, 0xc8, 0x75, 0x72, 0xc5, 0x01, 0x1c, 0x2e, 0xee, 0xee, 0x00, 0x00, 0x00,
    0x00, 0x01, 0x00, 0x41, 0x00, 0x00, 0x02, 0xcf, 0x02, 0xcd, 0x00, 0x2d, 0x00, 0x0c, 0xb0, 0x09,
    0x1c, 0xdf, 0xd6, 0x68, 0x3a, 0x1a, 0xe5, 0x5f, 0xeb, 0x00, 0x37, 0x33, 0x2e, 0x01, 0x35, 0x34,
    0x3e, 0x02, 0x33, 0x32, 0x1e, 0x02, 0x15, 0x14, 0x0e, 0x02, 0x07, 0x33, 0x15, 0x23, 0x35, 0x3e,
    0x03, 0x35, 0x34, 0x2e, 0x02, 0x23, 0x22, 0x0e, 0x02, 0x15, 0x14, 0x1e, 0x02, 0x17, 0x15, 0x23,
    0x41, 0x99, 0x3c, 0x51, 0x31, 0x56, 0x72, 0x42, 0x42, 0x73, 0x56, 0x31, 0x16, 0x26, 0x34, 0x1e,
    0x99, 0xfd, 0x1c, 0x34, 0x26, 0x17, 0x22, 0x3a, 0x4e, 0x2d, 0x2c, 0x4e, 0x3a, 0x22, 0x16, 0x27,
    0x33, 0x1d, 0xfe, 0x54, 0x2f, 0x99, 0x6f, 0x55, 0x7a, 0x4e, 0x25, 0x25, 0x4e, 0x7a, 0x55, 0x38,
    0x5d, 0x4d, 0x3d, 0x18, 0x54, 0x62, 0x11, 0x34, 0x47, 0x5c, 0x3a, 0x46, 0x5c, 0x34, 0x15, 0x15,
    0x34, 0x5c, 0x46, 0x3a, 0x5c, 0x47, 0x34, 0x11, 0x62, 0x00, 0x00, 0x00, 0x00, 0x02, 0x00, 0x21,
    0xff, 0xf4, 0x02, 0x05, 0x02, 0xf9, 0x00, 0x21, 0x00, 0x31, 0x00, 0x0c, 0xb0, 0x09, 0x1c, 0xdf,
    0xd6, 0x68, 0x3a, 0x1a, 0xe5, 0x5f, 0xeb, 0x00, 0x37, 0x34, 0x3e, 0x02, 0x33, 0x32, 0x16, 0x17,
    0x35, 0x34, 0x2e, 0x02, 0x23, 0x22, 0x06, 0x07, 0x27, 0x3e, 0x01, 0x33, 0x32, 0x16, 0x15, 0x14,
    0x0e, 0x04, 0x23, 0x22, 0x26, 0x17, 0x32, 0x3e, 0x02, 0x37, 0x2e, 0x01, 0x23, 0x22, 0x0e, 0x02,
    0x15, 0x14, 0x16, 0x21, 0x23, 0x42, 0x5f, 0x3b, 0x2f, 0x4d, 0x14, 0x16, 0x2f, 0x4b, 0x34, 0x26,
    0x48, 0x17, 0x22, 0x1a, 0x5d, 0x41, 0x81, 0x87, 0x07, 0x15, 0x26, 0x3c, 0x57, 0x3b, 0x67, 0x6d,
    0xdc, 0x31, 0x41, 0x28, 0x13, 0x03, 0x13, 0x45, 0x2f, 0x2d, 0x3e, 0x25, 0x11, 0x3a, 0xd1, 0x39,
    0x5f, 0x45, 0x27, 0x1e, 0x15, 0x0d, 0x35, 0x5e, 0x46, 0x29, 0x16, 0x19, 0x39, 0x1c, 0x22, 0xae,
    0xaa, 0x34, 0x69, 0x5f, 0x52, 0x3d, 0x22, 0x76, 0x25, 0x2d, 0x4a, 0x5f, 0x31, 0x19, 0x26, 0x1c,
    0x31, 0x45, 0x28, 0x3e, 0x4e, 0x00, 0x00, 0x00, 0x00, 0x02, 0x00, 0x22, 0x00, 0x00, 0x02, 0x47,
    0x02, 0x9f, 0x00, 0x05, 0x00, 0x08, 0x00, 0x0c, 0xb0, 0x09, 0x1c, 0xdf, 0xd6, 0x68, 0x3a, 0x1a,
    0xe5, 0x5f, 0xeb, 0x00, 0x37, 0x13, 0x33, 0x13, 0x15, 0x21, 0x37, 0x21, 0x03, 0x22, 0xd2, 0x84,
    0xcf, 0xfd, 0xdb, 0x63, 0x01, 0x5e, 0xaf, 0x3b, 0x02, 0x64, 0xfd, 0x9c, 0x3b, 0x4e, 0x02, 0x12,
    0x00, 0x01, 0x00, 0x1e, 0xff, 0x90, 0x02, 0x94, 0x02, 0x8c, 0x00, 0x0b, 0x00, 0x0c, 0xb0, 0x09,
    0x1c, 0xdf, 0xd6, 0x68, 0x3a, 0x1a, 0xe5, 0x5f, 0xeb, 0x00, 0x13, 0x21, 0x15, 0x23, 0x11, 0x23,
    0x11, 0x21, 0x11, 0x23, 0x11, 0x23, 0x1e, 0x02, 0x76, 0x57, 0x61, 0xfe, 0xf9, 0x61, 0x56, 0x02,
    0x8c, 0x53, 0xfd, 0x57, 0x02, 0xa9, 0xfd, 0x57, 0x02, 0xa9, 0x00, 0x00, 0x00, 0x01, 0x00, 0x29,
    0xff, 0x90, 0x02, 0x2a, 0x02, 0x8c, 0x00, 0x0b, 0x00, 0x0c, 0xb0, 0x09, 0x1c, 0xdf, 0xd6, 0x68,
    0x3a, 0x1a, 0xe5, 0x5f, 0xeb, 0x00, 0x17, 0x13, 0x03, 0x35, 0x21, 0x15, 0x21, 0x13, 0x03, 0x21,
    0x15, 0x21, 0x29, 0xf9, 0xf9, 0x01, 0xf2, 0xfe, 0x7d, 0xf8, 0xf6, 0x01, 0x90, 0xfd, 0xff, 0x23,
    0x01, 0x36, 0x01, 0x2d, 0x4c, 0x53, 0xfe, 0xd9, 0xfe, 0xd0, 0x52, 0x00, 0x00, 0x01, 0x00, 0x22,
    0x00, 0xe6, 0x02, 0x26, 0x01, 0x2d, 0x00, 0x03, 0x00, 0x0c, 0xb0, 0x09, 0x1c, 0xdf, 0xd6, 0x68,
    0x3a, 0x1a, 0xe5, 0x5f, 0xeb, 0x00, 0x13, 0x21, 0x15, 0x21, 0x22, 0x02, 0x04, 0xfd, 0xfc, 0x01,
    0x2d, 0x47, 0x00, 0x00, 0x00, 0x01, 0x00, 0x1b, 0xff, 0x9b, 0x02, 0x7a, 0x03, 0x53, 0x00, 0x08,
    0x00, 0x0c, 0xb0, 0x09, 0x1c, 0xdf, 0xd6, 0x68, 0x3a, 0x1a, 0xe5, 0x5f, 0xeb, 0x00, 0x13, 0x37,
    0x1b, 0x01, 0x33, 0x01, 0x23, 0x03, 0x07, 0x1b, 0xa0, 0x8e, 0xe2, 0x4f, 0xfe, 0xfb, 0x50, 0x9f,
    0x6b, 0x01, 0x9f, 0x1c, 0xfe, 0x4b, 0x03, 0x4d, 0xfc, 0x48, 0x01, 0xca, 0x16, 0x00, 0x00, 0x00,
    0x00, 0x03, 0x00, 0x1d, 0x00, 0x79, 0x02, 0xe0, 0x01, 0xad, 0x00, 0x1f, 0x00, 0x2d, 0x00, 0x3b,
    0x00, 0x0c, 0xb0, 0x09, 0x1c, 0xdf, 0xd6, 0x68, 0x3a, 0x1a, 0xe5, 0x5f, 0xeb, 0x00, 0x13, 0x34,
    0x36, 0x33, 0x32, 0x1e, 0x02, 0x17, 0x3e, 0x01, 0x33, 0x32, 0x1e, 0x02, 0x15, 0x14, 0x06, 0x23,
    0x22, 0x2e, 0x02, 0x27, 0x0e, 0x01, 0x23, 0x22, 0x2e, 0x02, 0x25, 0x22, 0x06, 0x07, 0x1e, 0x03,
    0x33, 0x32, 0x36, 0x35, 0x34, 0x26, 0x05, 0x32, 0x36, 0x37, 0x2e, 0x03, 0x23, 0x22, 0x06, 0x15,
    0x14, 0x16, 0x1d, 0x52, 0x4f, 0x21, 0x37, 0x2e, 0x27, 0x12, 0x28, 0x5e, 0x39, 0x28, 0x3d, 0x2a,
    0x15, 0x51, 0x50, 0x23, 0x39, 0x30, 0x27, 0x11, 0x24, 0x5d, 0x39, 0x28, 0x3d, 0x2a, 0x15, 0x02,
    0x1d, 0x35, 0x43, 0x1e, 0x10, 0x21, 0x24, 0x2a, 0x19, 0x2a, 0x31, 0x30, 0xfe, 0x5b, 0x35, 0x46,
    0x18, 0x10, 0x20, 0x23, 0x29, 0x19, 0x2c, 0x2f, 0x34, 0x01, 0x13, 0x42, 0x58, 0x11, 0x1d, 0x26,
    0x14, 0x33, 0x35, 0x17, 0x2a, 0x38, 0x21, 0x42, 0x58, 0x10, 0x1c, 0x23, 0x14, 0x2f, 0x34, 0x17,
    0x2a, 0x38, 0x7b, 0x2f, 0x27, 0x13, 0x22, 0x19, 0x0f, 0x33, 0x26, 0x26, 0x34, 0xb4, 0x31, 0x20,
    0x13, 0x24, 0x1c, 0x10, 0x34, 0x26, 0x26, 0x34, 0x00, 0x01, 0x00, 0x1a, 0xff, 0x34, 0x01, 0x31,
    0x03, 0x13, 0x00, 0x20, 0x00, 0x0c, 0xb0, 0x09, 0x1c, 0xdf, 0xd6, 0x68, 0x3a, 0x1a, 0xe5, 0x5f,
    0xeb, 0x00, 0x17, 0x37, 0x3e, 0x01, 0x35, 0x34, 0x2e, 0x02, 0x35, 0x34, 0x3e, 0x02, 0x33, 0x32,
    0x17, 0x15, 0x26, 0x23, 0x22, 0x06, 0x15, 0x14, 0x1e, 0x02, 0x15, 0x14, 0x06, 0x23, 0x22, 0x27,
    0x1a, 0x2e, 0x1c, 0x1e, 0x0f, 0x11, 0x0f, 0x16, 0x29, 0x3b, 0x24, 0x28, 0x18, 0x19, 0x14, 0x33,
    0x2d, 0x0f, 0x11, 0x0f, 0x42, 0x3f, 0x1f, 0x19, 0x87, 0x02, 0x01, 0x3d, 0x30, 0x4c, 0x9e, 0x9f,
    0x9e, 0x4d, 0x28, 0x43, 0x30, 0x1b, 0x07, 0x3f, 0x05, 0x43, 0x37, 0x4b, 0x9c, 0x9f, 0xa1, 0x4f,
    0x51, 0x5d, 0x06, 0x00, 0x00, 0x02, 0x00, 0x22, 0x00, 0x6d, 0x02, 0x26, 0x01, 0xb2, 0x00, 0x17,
    0x00, 0x2f, 0x00, 0x0c, 0xb0, 0x09, 0x1c, 0xdf, 0xd6, 0x68, 0x3a, 0x1a, 0xe5, 0x5f, 0xeb, 0x00,
    0x37, 0x3e, 0x01, 0x33, 0x32, 0x1e, 0x02, 0x33, 0x32, 0x36, 0x37, 0x15, 0x0e, 0x01, 0x23, 0x22,
    0x2e, 0x02, 0x23, 0x22, 0x06, 0x07, 0x11, 0x3e, 0x01, 0x33, 0x32, 0x1e, 0x02, 0x33, 0x32, 0x36,
    0x37, 0x15, 0x0e, 0x01, 0x23, 0x22, 0x2e, 0x02, 0x23, 0x22, 0x06, 0x07, 0x22, 0x14, 0x49, 0x24,
    0x25, 0x3e, 0x3c, 0x3d, 0x25, 0x25, 0x49, 0x14, 0x14, 0x49, 0x25, 0x25, 0x3d, 0x3c, 0x3e, 0x25,
    0x24, 0x49, 0x14, 0x14, 0x49, 0x24, 0x25, 0x3f, 0x3b, 0x3d, 0x25, 0x25, 0x49, 0x14, 0x14, 0x49,
    0x25, 0x25, 0x3d, 0x3c, 0x3e, 0x25, 0x24, 0x49, 0x14, 0xcd, 0x14, 0x1a, 0x16, 0x19, 0x16, 0x1b,
    0x14, 0x4a, 0x13, 0x1b, 0x16, 0x19, 0x16, 0x1b, 0x14, 0x01, 0x01, 0x13, 0x1b, 0x16, 0x19, 0x16,
    0x1b, 0x14, 0x4a, 0x14, 0x1a, 0x16, 0x19, 0x16, 0x1b, 0x14, 0x00, 0x00, 0x00, 0x01, 0x00, 0x22,
    0x00, 0x1b, 0x02, 0x26, 0x02, 0x0f, 0x00, 0x13, 0x00, 0x0c, 0xb0, 0x09, 0x1c, 0xdf, 0xd6, 0x68,
    0x3a, 0x1a, 0xe5, 0x5f, 0xeb, 0x00, 0x13, 0x21, 0x37, 0x33, 0x07, 0x33, 0x15, 0x23, 0x07, 0x21,
    0x15, 0x21, 0x07, 0x23, 0x37, 0x23, 0x35, 0x33, 0x37, 0x21, 0x22, 0x01, 0x3e, 0x5a, 0x45, 0x5a,
    0x81, 0xb5, 0x5d, 0x01, 0x12, 0xfe, 0xbc, 0x54, 0x44, 0x53, 0x7b, 0xae, 0x5d, 0xfe, 0xf5, 0x01,
    0x95, 0x7a, 0x7a, 0x46, 0x7d, 0x46, 0x71, 0x71, 0x46, 0x7d, 0x00, 0x00, 0x00, 0x02, 0x00, 0x22,
    0x00, 0x00, 0x02, 0x26, 0x02, 0x27, 0x00, 0x06, 0x00, 0x0a, 0x00, 0x0c, 0xb0, 0x09, 0x1c, 0xdf,
    0xd6, 0x68, 0x3a, 0x1a, 0xe5, 0x5f, 0xeb, 0x00, 0x13, 0x25, 0x15, 0x0d, 0x01, 0x15, 0x25, 0x15,
    0x21, 0x15, 0x21, 0x22, 0x02, 0x04, 0xfe, 0x5a, 0x01, 0xa6, 0xfd, 0xfc, 0x02, 0x04, 0xfd, 0xfc,
    0x01, 0x65, 0xc2, 0x42, 0xa5, 0x8e, 0x45, 0xac, 0xd7, 0x42, 0x00, 0x00, 0x00, 0x02, 0x00, 0x22,
    0x00, 0x00, 0x02, 0x26, 0x02, 0x27, 0x00, 0x06, 0x00, 0x0a, 0x00, 0x0c, 0xb0, 0x09, 0x1c, 0xdf,
    0xd6, 0x68, 0x3a, 0x1a, 0xe5, 0x5f, 0xeb, 0x00, 0x37, 0x2d, 0x01, 0x35, 0x05, 0x15, 0x05, 0x15,
    0x21, 0x15, 0x21, 0x22, 0x01, 0xa6, 0xfe, 0x5a, 0x02, 0x04, 0xfd, 0xfc, 0x02, 0x04, 0xfd, 0xfc,
    0xaf, 0x92, 0xa1, 0x45, 0xc2, 0x4c, 0xac, 0x2b, 0x42, 0x00, 0x00, 0x00, 0x00, 0x02, 0x00, 0x1e,
    0xff, 0xd7, 0x02, 0x02, 0x02, 0xcc, 0x00, 0x05, 0x00, 0x09, 0x00, 0x0c, 0xb0, 0x09, 0x1c, 0xdf,
    0xd6, 0x68, 0x3a, 0x1a, 0xe5, 0x5f, 0xeb, 0x00, 0x13, 0x33, 0x13, 0x03, 0x23, 0x03, 0x1b, 0x01,
    0x0b, 0x01, 0xe6, 0x56, 0xc6, 0xc6, 0x56, 0xc8, 0xf2, 0x9b, 0x9b, 0x9a, 0x02, 0xcc, 0xfe, 0x7e,
    0xfe, 0x8d, 0x01, 0x73, 0xfe, 0xd6, 0x01, 0x2a, 0x01, 0x37, 0xfe, 0xc9, 0x00, 0x01, 0x00, 0x1d,
    0x00, 0x00, 0x04, 0x37, 0x02, 0xbc, 0x00, 0x1b, 0x00, 0x0c, 0xb0, 0x09, 0x1c, 0xdf, 0xd6, 0x68,
    0x3a, 0x1a, 0xe5, 0x5f, 0xeb, 0x00, 0x01, 0x21, 0x11, 0x23, 0x11, 0x23, 0x35, 0x21, 0x11, 0x3e,
    0x03, 0x33, 0x32, 0x16, 0x15, 0x11, 0x23, 0x11, 0x34, 0x26, 0x23, 0x22, 0x06, 0x07, 0x11, 0x23,
    0x02, 0x7a, 0xfe, 0xd9, 0x63, 0xd3, 0x02, 0xc0, 0x04, 0x19, 0x29, 0x39, 0x24, 0x53, 0x64, 0x63,
    0x2e, 0x3c, 0x39, 0x46, 0x0e, 0x63, 0x02, 0x60, 0xfd, 0xa0, 0x02, 0x60, 0x5c, 0xfe, 0xea, 0x12,
    0x20, 0x1a, 0x0f, 0x55, 0x5e, 0xfe, 0xb2, 0x01, 0x4b, 0x2f, 0x33, 0x34, 0x40, 0xfe, 0xc7, 0x00,
    0x00, 0x01, 0x00, 0x1a, 0xff, 0x35, 0x03, 0x4b, 0x02, 0xcd, 0x00, 0x30, 0x00, 0x0c, 0xb0, 0x09,
    0x1c, 0xdf, 0xd6, 0x68, 0x3a, 0x1a, 0xe5, 0x5f, 0xeb, 0x00, 0x13, 0x23, 0x35, 0x33, 0x35, 0x34,
    0x36, 0x33, 0x32, 0x16, 0x17, 0x15, 0x2e, 0x01, 0x23, 0x22, 0x06, 0x1d, 0x01, 0x21, 0x13, 0x1e,
    0x01, 0x17, 0x3e, 0x01, 0x37, 0x13, 0x33, 0x03, 0x0e, 0x01, 0x23, 0x22, 0x26, 0x27, 0x35, 0x16,
    0x33, 0x32, 0x3e, 0x02, 0x3f, 0x01, 0x03, 0x23, 0x11, 0x23, 0x64, 0x4a, 0x4a, 0x5b, 0x5a, 0x11,
    0x28, 0x10, 0x0e, 0x21, 0x0c, 0x34, 0x2d, 0x01, 0x06, 0x7c, 0x07, 0x0b, 0x05, 0x05, 0x0c, 0x07,
    0x6e, 0x66, 0xda, 0x19, 0x52, 0x31, 0x14, 0x18, 0x0c, 0x0f, 0x17, 0x10, 0x1d, 0x19, 0x16, 0x0a,
    0x0b, 0xb1, 0xbd, 0x62, 0x01, 0xac, 0x48, 0x34, 0x49, 0x5c, 0x03, 0x05, 0x4b, 0x02, 0x03, 0x31,
    0x2c, 0x2e, 0xfe, 0xc1, 0x13, 0x27, 0x12, 0x12, 0x27, 0x13, 0x01, 0x3f, 0xfd, 0xc0, 0x42, 0x3d,
    0x04, 0x04, 0x58, 0x06, 0x07, 0x13, 0x23, 0x1b, 0x1f, 0x01, 0xa6, 0xfe, 0x54, 0x00, 0x00, 0x00,
    0x00, 0x01, 0x00, 0x32, 0xff, 0xf0, 0x03, 0x7f, 0x02, 0xca, 0x00, 0x44, 0x00, 0x0c, 0xb0, 0x09,
    0x1c, 0xdf, 0xd6, 0x68, 0x3a, 0x1a, 0xe5, 0x5f, 0xeb, 0x00, 0x01, 0x33, 0x15, 0x23, 0x11, 0x14,
    0x16, 0x33, 0x32, 0x37, 0x15, 0x0e, 0x01, 0x23, 0x22, 0x26, 0x35, 0x11, 0x23, 0x35, 0x33, 0x35,
    0x34, 0x26, 0x23, 0x22, 0x06, 0x15, 0x14, 0x17, 0x23, 0x34, 0x26, 0x23, 0x22, 0x06, 0x15, 0x14,
    0x16, 0x33, 0x32, 0x36, 0x37, 0x33, 0x14, 0x0e, 0x02, 0x23, 0x22, 0x26, 0x35, 0x34, 0x36, 0x33,
    0x32, 0x16, 0x17, 0x26, 0x34, 0x35, 0x34, 0x3e, 0x02, 0x33, 0x32, 0x16, 0x15, 0x02, 0xfc, 0x83,
    0x83, 0x1c, 0x17, 0x20, 0x1c, 0x10, 0x2b, 0x20, 0x42, 0x34, 0x5a, 0x5a, 0x27, 0x2d, 0x38, 0x32,
    0x0e, 0x60, 0x2f, 0x39, 0x4d, 0x41, 0x42, 0x4c, 0x3c, 0x38, 0x03, 0x61, 0x18, 0x34, 0x52, 0x3a,
    0x73, 0x7d, 0x7c, 0x74, 0x23, 0x36, 0x14, 0x02, 0x12, 0x2b, 0x48, 0x36, 0x58, 0x5c, 0x01, 0xf4,
    0x48, 0xfe, 0xd1, 0x1b, 0x16, 0x14, 0x50, 0x0d, 0x0c, 0x3a, 0x43, 0x01, 0x38, 0x48, 0x2e, 0x2d,
    0x2a, 0x4a, 0x4e, 0x41, 0x4c, 0x28, 0x35, 0x56, 0x66, 0x5c, 0x56, 0x34, 0x2c, 0x23, 0x41, 0x32,
    0x1d, 0x7e, 0x87, 0x8f, 0x7f, 0x0e, 0x0e, 0x0a, 0x12, 0x09, 0x21, 0x44, 0x37, 0x22, 0x55, 0x51,
    0x00, 0x02, 0x00, 0x1a, 0xff, 0xf1, 0x03, 0x84, 0x02, 0xcd, 0x00, 0x29, 0x00, 0x37, 0x00, 0x0c,
    0xb0, 0x09, 0x1c, 0xdf, 0xd6, 0x68, 0x3a, 0x1a, 0xe5, 0x5f, 0xeb, 0x00, 0x13, 0x33, 0x35, 0x34,
    0x36, 0x33, 0x32, 0x16, 0x17, 0x11, 0x3e, 0x03, 0x33, 0x32, 0x1e, 0x02, 0x15, 0x14, 0x06, 0x23,
    0x22, 0x26, 0x27, 0x15, 0x23, 0x11, 0x26, 0x23, 0x22, 0x06, 0x1d, 0x01, 0x33, 0x15, 0x23, 0x11,
    0x23, 0x11, 0x23, 0x25, 0x22, 0x06, 0x15, 0x14, 0x16, 0x33, 0x32, 0x36, 0x35, 0x34, 0x2e, 0x02,
    0x1a, 0x4a, 0x70, 0x79, 0x3e, 0x62, 0x20, 0x0c, 0x24, 0x2e, 0x33, 0x1b, 0x35, 0x4d, 0x31, 0x18,
    0x72, 0x6c, 0x3c, 0x4b, 0x12, 0x62, 0x26, 0x38, 0x49, 0x3e, 0x7c, 0x7c, 0x62, 0x4a, 0x02, 0x86,
    0x4b, 0x4c, 0x3e, 0x50, 0x4a, 0x40, 0x0c, 0x1e, 0x32, 0x01, 0xf4, 0x10, 0x60, 0x69, 0x14, 0x11,
    0xfe, 0xff, 0x16, 0x22, 0x18, 0x0c, 0x26, 0x44, 0x60, 0x3a, 0x83, 0x8b, 0x31, 0x23, 0x45, 0x02,
    0x73, 0x0c, 0x3e, 0x3f, 0x0e, 0x48, 0xfe, 0x54, 0x01, 0xac, 0x03, 0x52, 0x62, 0x60, 0x57, 0x5b,
    0x60, 0x27, 0x41, 0x2e, 0x1a, 0x00, 0x00, 0x00, 0x00, 0x02, 0x00, 0x1a, 0xff, 0xf1, 0x04, 0xda,
    0x02, 0xcd, 0x00, 0x40, 0x00, 0x4e, 0x00, 0x0c, 0xb0, 0x09, 0x1c, 0xdf, 0xd6, 0x68, 0x3a, 0x1a,
    0xe5, 0x5f, 0xeb, 0x00, 0x13, 0x33, 0x35, 0x34, 0x3e, 0x02, 0x33, 0x32, 0x16, 0x17, 0x15, 0x2e,
    0x01, 0x23, 0x22, 0x06, 0x1d, 0x01, 0x33, 0x35, 0x34, 0x36, 0x33, 0x32, 0x16, 0x17, 0x11, 0x3e,
    0x03, 0x33, 0x32, 0x1e, 0x02, 0x15, 0x14, 0x06, 0x23, 0x22, 0x26, 0x27, 0x15, 0x23, 0x11, 0x2e,
    0x01, 0x23, 0x22, 0x06, 0x1d, 0x01, 0x33, 0x15, 0x23, 0x11, 0x23, 0x11, 0x23, 0x11, 0x23, 0x11,
    0x23, 0x25, 0x22, 0x06, 0x15, 0x14, 0x16, 0x33, 0x32, 0x36, 0x35, 0x34, 0x2e, 0x02, 0x1a, 0x4a,
    0x18, 0x2f, 0x43, 0x2a, 0x17, 0x30, 0x13, 0x11, 0x29, 0x11, 0x34, 0x2d, 0xf4, 0x70, 0x78, 0x3f,
    0x62, 0x20, 0x0c, 0x24, 0x2e, 0x33, 0x1b, 0x35, 0x4d, 0x31, 0x18, 0x72, 0x6c, 0x3c, 0x4b, 0x12,
    0x62, 0x13, 0x2f, 0x1d, 0x48, 0x3e, 0x7b, 0x7b, 0x62, 0xf4, 0x62, 0x4a, 0x03, 0xdc, 0x4b, 0x4c,
    0x3e, 0x50, 0x4a, 0x40, 0x0c, 0x1e, 0x32, 0x01, 0xf4, 0x2b, 0x25, 0x3e, 0x2c, 0x19, 0x09, 0x09,
    0x4b, 0x08, 0x07, 0x32, 0x2c, 0x27, 0x10, 0x5f, 0x6a, 0x14, 0x11, 0xfe, 0xff, 0x16, 0x22, 0x18,
    0x0c, 0x26, 0x44, 0x60, 0x3a, 0x83, 0x8b, 0x31, 0x23, 0x45, 0x02, 0x72, 0x06, 0x07, 0x3e, 0x3f,
    0x0e, 0x48, 0xfe, 0x54, 0x01, 0xac, 0xfe, 0x54, 0x01, 0xac, 0x03, 0x52, 0x62, 0x60, 0x57, 0x5b,
    0x60, 0x27, 0x41, 0x2e, 0x1a, 0x00, 0x00, 0x00, 0x00, 0x01, 0x00, 0x1a, 0x00, 0x00, 0x04, 0xbd,
    0x02, 0xcd, 0x00, 0x41, 0x00, 0x0c, 0xb0, 0x09, 0x1c, 0xdf, 0xd6, 0x68, 0x3a, 0x1a, 0xe5, 0x5f,
    0xeb, 0x00, 0x13, 0x33, 0x35, 0x34, 0x3e, 0x02, 0x33, 0x32, 0x16, 0x17, 0x15, 0x2e, 0x01, 0x23,
    0x22, 0x06, 0x1d, 0x01, 0x33, 0x35, 0x34, 0x36, 0x33, 0x32, 0x16, 0x17, 0x11, 0x3e, 0x03, 0x33,
    0x32, 0x16, 0x15, 0x11, 0x23, 0x11, 0x34, 0x26, 0x23, 0x22, 0x06, 0x07, 0x11, 0x23, 0x11, 0x2e,
    0x01, 0x23, 0x22, 0x06, 0x1d, 0x01, 0x33, 0x15, 0x23, 0x11, 0x23, 0x11, 0x23, 0x11, 0x23, 0x11,
    0x23, 0x1a, 0x4a, 0x18, 0x2f, 0x43, 0x2a, 0x17, 0x30, 0x13, 0x11, 0x29, 0x11, 0x34, 0x2d, 0xf4,
    0x70, 0x78, 0x3f, 0x62, 0x20, 0x04, 0x18, 0x29, 0x39, 0x26, 0x53, 0x63, 0x62, 0x2e, 0x3c, 0x39,
    0x49, 0x0c, 0x62, 0x13, 0x2f, 0x1d, 0x48, 0x3e, 0x7b, 0x7b, 0x62, 0xf4, 0x62, 0x4a, 0x01, 0xf4,
    0x2b, 0x25, 0x3e, 0x2c, 0x19, 0x09, 0x09, 0x4b, 0x08, 0x07, 0x32, 0x2c, 0x27, 0x10, 0x5f, 0x6a,
    0x14, 0x11, 0xfe, 0xfa, 0x12, 0x22, 0x1b, 0x10, 0x55, 0x5e, 0xfe, 0xb2, 0x01, 0x4b, 0x2f, 0x33,
    0x37, 0x42, 0xfe, 0xcc, 0x02, 0x72, 0x06, 0x07, 0x3e, 0x3f, 0x0e, 0x48, 0xfe, 0x54, 0x01, 0xac,
    0xfe, 0x54, 0x01, 0xac, 0x00, 0x01, 0x00, 0x1a, 0xff, 0x36, 0x03, 0x64, 0x02, 0xcd, 0x00, 0x39,
    0x00, 0x0c, 0xb0, 0x09, 0x1c, 0xdf, 0xd6, 0x68, 0x3a, 0x1a, 0xe5, 0x5f, 0xeb, 0x00, 0x13, 0x33,
    0x35, 0x34, 0x3e, 0x02, 0x33, 0x32, 0x16, 0x17, 0x15, 0x2e, 0x01, 0x23, 0x22, 0x06, 0x1d, 0x01,
    0x33, 0x35, 0x34, 0x36, 0x33, 0x32, 0x16, 0x17, 0x23, 0x2e, 0x01, 0x23, 0x22, 0x06, 0x1d, 0x01,
    0x21, 0x11, 0x14, 0x06, 0x23, 0x22, 0x26, 0x27, 0x35, 0x37, 0x3e, 0x01, 0x35, 0x11, 0x23, 0x11,
    0x23, 0x11, 0x23, 0x11, 0x23, 0x11, 0x23, 0x1a, 0x4a, 0x18, 0x2f, 0x43, 0x2a, 0x17, 0x30, 0x13,
    0x11, 0x29, 0x11, 0x34, 0x2d, 0xf4, 0x6a, 0x73, 0x63, 0x60, 0x05, 0x62, 0x05, 0x30, 0x30, 0x47,
    0x35, 0x01, 0x48, 0x4e, 0x48, 0x0f, 0x31, 0x12, 0x48, 0x23, 0x1b, 0xe6, 0x62, 0xf4, 0x62, 0x4a,
    0x01, 0xf4, 0x2b, 0x25, 0x3e, 0x2c, 0x19, 0x09, 0x09, 0x4b, 0x08, 0x07, 0x32, 0x2c, 0x27, 0x0c,
    0x62, 0x6b, 0x47, 0x3b, 0x1a, 0x1b, 0x41, 0x43, 0x08, 0xfe, 0x0d, 0x60, 0x6b, 0x02, 0x04, 0x51,
    0x05, 0x02, 0x42, 0x33, 0x01, 0xa3, 0xfe, 0x54, 0x01, 0xac, 0xfe, 0x54, 0x01, 0xac, 0x00, 0x00,
    0x00, 0x01, 0x00, 0x1a, 0xff, 0x35, 0x04, 0xa1, 0x02, 0xcd, 0x00, 0x45, 0x00, 0x0c, 0xb0, 0x09,
    0x1c, 0xdf, 0xd6, 0x68, 0x3a, 0x1a, 0xe5, 0x5f, 0xeb, 0x00, 0x13, 0x33, 0x35, 0x34, 0x3e, 0x02,
    0x33, 0x32, 0x16, 0x17, 0x15, 0x2e, 0x01, 0x23, 0x22, 0x06, 0x1d, 0x01, 0x33, 0x35, 0x34, 0x36,
    0x33, 0x32, 0x17, 0x15, 0x2e, 0x01, 0x23, 0x22, 0x06, 0x1d, 0x01, 0x21, 0x13, 0x1e, 0x01, 0x17,
    0x3e, 0x01, 0x37, 0x13, 0x33, 0x03, 0x0e, 0x01, 0x23, 0x22, 0x26, 0x27, 0x35, 0x16, 0x33, 0x32,
    0x3e, 0x02, 0x3f, 0x01, 0x03, 0x23, 0x11, 0x23, 0x11, 0x23, 0x11, 0x23, 0x11, 0x23, 0x1a, 0x4a,
    0x18, 0x2f, 0x43, 0x2a, 0x17, 0x30, 0x13, 0x11, 0x29, 0x11, 0x34, 0x2d, 0xf4, 0x5b, 0x5a, 0x2f,
    0x26, 0x11, 0x2a, 0x0c, 0x34, 0x2d, 0x01, 0x06, 0x7c, 0x07, 0x0c, 0x04, 0x05, 0x0c, 0x07, 0x6e,
    0x66, 0xda, 0x19, 0x53, 0x30, 0x14, 0x19, 0x0c, 0x10, 0x17, 0x10, 0x1d, 0x19, 0x16, 0x0a, 0x0b,
    0xb1, 0xbd, 0x62, 0xf4, 0x62, 0x4a, 0x01, 0xf4, 0x2b, 0x25, 0x3e, 0x2c, 0x19, 0x09, 0x09, 0x4b,
    0x08, 0x07, 0x32, 0x2c, 0x27, 0x34, 0x49, 0x5c, 0x0b, 0x4a, 0x03, 0x04, 0x31, 0x2c, 0x2e, 0xfe,
    0xc1, 0x14, 0x27, 0x12, 0x12, 0x27, 0x14, 0x01, 0x3f, 0xfd, 0xc0, 0x42, 0x3d, 0x04, 0x04, 0x58,
    0x06, 0x07, 0x13, 0x23, 0x1b, 0x1e, 0x01, 0xa7, 0xfe, 0x54, 0x01, 0xac, 0xfe, 0x54, 0x01, 0xac,
    0x00, 0x01, 0x00, 0x1a, 0x00, 0x00, 0x03, 0x68, 0x02, 0xcd, 0x00, 0x2c, 0x00, 0x0c, 0xb0, 0x09,
    0x1c, 0xdf, 0xd6, 0x68, 0x3a, 0x1a, 0xe5, 0x5f, 0xeb, 0x00, 0x13, 0x33, 0x35, 0x34, 0x36, 0x33,
    0x32, 0x16, 0x17, 0x11, 0x3e, 0x03, 0x33, 0x32, 0x1e, 0x02, 0x15, 0x11, 0x23, 0x11, 0x34, 0x26,
    0x23, 0x22, 0x06, 0x07, 0x11, 0x23, 0x11, 0x26, 0x23, 0x22, 0x06, 0x1d, 0x01, 0x33, 0x15, 0x23,
    0x11, 0x23, 0x11, 0x23, 0x1a, 0x4a, 0x70, 0x79, 0x3e, 0x62, 0x20, 0x04, 0x18, 0x29, 0x39, 0x26,
    0x29, 0x44, 0x30, 0x1a, 0x63, 0x2e, 0x3c, 0x39, 0x49, 0x0c, 0x62, 0x26, 0x38, 0x49, 0x3e, 0x7c,
    0x7c, 0x62, 0x4a, 0x01, 0xf4, 0x10, 0x60, 0x69, 0x14, 0x11, 0xfe, 0xfa, 0x12, 0x22, 0x1b, 0x10,
    0x15, 0x2b, 0x44, 0x2f, 0xfe, 0xb2, 0x01, 0x4b, 0x2f, 0x33, 0x37, 0x42, 0xfe, 0xcc, 0x02, 0x73,
    0x0c, 0x3e, 0x3f, 0x0e, 0x48, 0xfe, 0x54, 0x01, 0xac, 0x00, 0x00, 0x00, 0x00, 0x01, 0x00, 0x1a,
    0xff, 0x36, 0x02, 0x0e, 0x02, 0xcd, 0x00, 0x23, 0x00, 0x0c, 0xb0, 0x09, 0x1c, 0xdf, 0xd6, 0x68,
    0x3a, 0x1a, 0xe5, 0x5f, 0xeb, 0x00, 0x05, 0x3e, 0x01, 0x35, 0x11, 0x23, 0x11, 0x23, 0x11, 0x23,
    0x35, 0x33, 0x35, 0x34, 0x36, 0x33, 0x32, 0x16, 0x17, 0x23, 0x2e, 0x01, 0x23, 0x22, 0x06, 0x1d,
    0x01, 0x21, 0x11, 0x14, 0x06, 0x23, 0x22, 0x26, 0x27, 0x35, 0x01, 0x6d, 0x23, 0x1c, 0xe6, 0x62,
    0x4a, 0x4a, 0x6b, 0x73, 0x62, 0x60, 0x05, 0x62, 0x05, 0x30, 0x30, 0x47, 0x35, 0x01, 0x48, 0x4e,
    0x48, 0x0e, 0x32, 0x12, 0x6e, 0x02, 0x42, 0x33, 0x01, 0xa3, 0xfe, 0x54, 0x01, 0xac, 0x48, 0x0c,
    0x62, 0x6b, 0x47, 0x3b, 0x1a, 0x1b, 0x41, 0x43, 0x08, 0xfe, 0x0d, 0x60, 0x6b, 0x02, 0x04, 0x51,
    0x00, 0x01, 0x00, 0x1a, 0x00, 0x00, 0x03, 0x70, 0x02, 0xcd, 0x00, 0x20, 0x00, 0x0c, 0xb0, 0x09,
    0x1c, 0xdf, 0xd6, 0x68, 0x3a, 0x1a, 0xe5, 0x5f, 0xeb, 0x00, 0x13, 0x33, 0x35, 0x34, 0x36, 0x33,
    0x32, 0x16, 0x17, 0x11, 0x37, 0x33, 0x07, 0x13, 0x23, 0x27, 0x07, 0x15, 0x23, 0x11, 0x26, 0x23,
    0x22, 0x06, 0x1d, 0x01, 0x33, 0x15, 0x23, 0x11, 0x23, 0x11, 0x23, 0x1a, 0x4a, 0x70, 0x79, 0x3e,
    0x62, 0x20, 0xd2, 0x79, 0xc7, 0xdf, 0x73, 0xaf, 0x41, 0x62, 0x26, 0x38, 0x49, 0x3e, 0x7c, 0x7c,
    0x62, 0x4a, 0x01, 0xf4, 0x10, 0x60, 0x69, 0x14, 0x11, 0xfe, 0x7f, 0xcd, 0xbf, 0xfe, 0xcb, 0xf4,
    0x3e, 0xb6, 0x02, 0x73, 0x0c, 0x3e, 0x3f, 0x0e, 0x48, 0xfe, 0x54, 0x01, 0xac, 0x00, 0x00, 0x00,
    0x00, 0x01, 0x00, 0x1d, 0xff, 0x35, 0x04, 0xf9, 0x02, 0x9c, 0x00, 0x46, 0x00, 0x0c, 0xb0, 0x09,
    0x1c, 0xdf, 0xd6, 0x68, 0x3a, 0x1a, 0xe5, 0x5f, 0xeb, 0x00, 0x13, 0x33, 0x35, 0x33, 0x15, 0x21,
    0x35, 0x33, 0x15, 0x21, 0x13, 0x1e, 0x01, 0x17, 0x3e, 0x01, 0x37, 0x13, 0x33, 0x03, 0x0e, 0x01,
    0x23, 0x22, 0x26, 0x27, 0x35, 0x16, 0x33, 0x32, 0x3e, 0x02, 0x3f, 0x01, 0x03, 0x23, 0x11, 0x14,
    0x16, 0x33, 0x32, 0x37, 0x15, 0x0e, 0x01, 0x23, 0x22, 0x2e, 0x02, 0x35, 0x11, 0x21, 0x11, 0x14,
    0x16, 0x33, 0x32, 0x37, 0x15, 0x0e, 0x01, 0x23, 0x22, 0x2e, 0x02, 0x35, 0x11, 0x23, 0x1d, 0x5a,
    0x62, 0x01, 0x20, 0x62, 0x01, 0x1f, 0x7c, 0x08, 0x0b, 0x05, 0x05, 0x0b, 0x07, 0x6e, 0x66, 0xda,
    0x19, 0x52, 0x31, 0x14, 0x18, 0x0c, 0x0f, 0x17, 0x10, 0x1d, 0x19, 0x17, 0x09, 0x0b, 0xb0, 0xd7,
    0x1b, 0x18, 0x21, 0x1a, 0x0e, 0x29, 0x1d, 0x23, 0x30, 0x1d, 0x0c, 0xfe, 0xe0, 0x1c, 0x17, 0x20,
    0x1c, 0x0e, 0x2a, 0x1d, 0x23, 0x30, 0x1d, 0x0c, 0x5a, 0x01, 0xf4, 0xa8, 0xa8, 0xa8, 0xa8, 0xfe,
    0xc1, 0x13, 0x27, 0x11, 0x11, 0x27, 0x13, 0x01, 0x3f, 0xfd, 0xc0, 0x42, 0x3d, 0x04, 0x04, 0x58,
    0x06, 0x07, 0x13, 0x23, 0x1b, 0x1f, 0x01, 0xa6, 0xfe, 0xd1, 0x1b, 0x16, 0x14, 0x50, 0x0b, 0x0e,
    0x0e, 0x1e, 0x30, 0x21, 0x01, 0x38, 0xfe, 0xd1, 0x1b, 0x16, 0x14, 0x50, 0x0b, 0x0e, 0x0e, 0x1e,
    0x30, 0x21, 0x01, 0x38, 0x00, 0x01, 0x00, 0x1d, 0xff, 0x35, 0x03, 0x78, 0x02, 0x9c, 0x00, 0x31,
    0x00, 0x0c, 0xb0, 0x09, 0x1c, 0xdf, 0xd6, 0x68, 0x3a, 0x1a, 0xe5, 0x5f, 0xeb, 0x00, 0x13, 0x33,
    0x35, 0x33, 0x15, 0x21, 0x13, 0x1e, 0x01, 0x17, 0x3e, 0x01, 0x37, 0x13, 0x33, 0x03, 0x0e, 0x01,
    0x23, 0x22, 0x26, 0x27, 0x35, 0x16, 0x33, 0x32, 0x3e, 0x02, 0x3f, 0x01, 0x03, 0x23, 0x11, 0x14,
    0x16, 0x33, 0x32, 0x37, 0x15, 0x0e, 0x01, 0x23, 0x22, 0x2e, 0x02, 0x35, 0x11, 0x23, 0x1d, 0x5a,
    0x62, 0x01, 0x1f, 0x7c, 0x08, 0x0b, 0x05, 0x05, 0x0b, 0x07, 0x6e, 0x67, 0xdb, 0x19, 0x52, 0x31,
    0x14, 0x18, 0x0c, 0x10, 0x16, 0x10, 0x1d, 0x19, 0x17, 0x09, 0x0b, 0xb0, 0xd7, 0x1c, 0x17, 0x20,
    0x1c, 0x0e, 0x2a, 0x1d, 0x23, 0x30, 0x1d, 0x0c, 0x5a, 0x01, 0xf4, 0xa8, 0xa8, 0xfe, 0xc1, 0x13,
    0x27, 0x11, 0x11, 0x27, 0x13, 0x01, 0x3f, 0xfd, 0xc0, 0x42, 0x3d, 0x04, 0x04, 0x58, 0x06, 0x07,
    0x13, 0x23, 0x1b, 0x1f, 0x01, 0xa6, 0xfe, 0xd1, 0x1b, 0x16, 0x14, 0x50, 0x0b, 0x0e, 0x0e, 0x1e,
    0x30, 0x21, 0x01, 0x38, 0x00, 0x03, 0x00, 0x26, 0xff, 0x29, 0x04, 0x2c, 0x02, 0x01, 0x00, 0x56,
    0x00, 0x62, 0x00, 0x72, 0x00, 0x0c, 0xb0, 0x09, 0x1c, 0xdf, 0xd6, 0x68, 0x3a, 0x1a, 0xe5, 0x5f,
    0xeb, 0x00, 0x17, 0x34, 0x36, 0x37, 0x2e, 0x01, 0x35, 0x34, 0x36, 0x37, 0x2e, 0x01, 0x35, 0x34,
    0x3e, 0x02, 0x33, 0x32, 0x16, 0x17, 0x3e, 0x01, 0x3b, 0x01, 0x13, 0x1e, 0x01, 0x17, 0x3e, 0x01,
    0x37, 0x13, 0x33, 0x03, 0x0e, 0x01, 0x23, 0x22, 0x26, 0x27, 0x35, 0x16, 0x33, 0x32, 0x3e, 0x02,
    0x3f, 0x01, 0x03, 0x23, 0x22, 0x06, 0x07, 0x16, 0x15, 0x14, 0x0e, 0x02, 0x23, 0x22, 0x26, 0x27,
    0x06, 0x15, 0x14, 0x16, 0x33, 0x32, 0x36, 0x33, 0x32, 0x1e, 0x02, 0x15, 0x14, 0x0e, 0x02, 0x23,
    0x22, 0x2e, 0x02, 0x13, 0x32, 0x36, 0x35, 0x34, 0x26, 0x23, 0x22, 0x06, 0x15, 0x14, 0x16, 0x03,
    0x14, 0x16, 0x33, 0x32, 0x36, 0x35, 0x34, 0x2e, 0x02, 0x23, 0x22, 0x0e, 0x02, 0x26, 0x21, 0x22,
    0x10, 0x0f, 0x1f, 0x17, 0x21, 0x29, 0x19, 0x35, 0x50, 0x37, 0x3c, 0x55, 0x1a, 0x0b, 0x30, 0x2b,
    0x91, 0x7c, 0x07, 0x0c, 0x04, 0x05, 0x0c, 0x07, 0x6e, 0x66, 0xda, 0x19, 0x53, 0x30, 0x14, 0x19,
    0x0c, 0x10, 0x17, 0x10, 0x1d, 0x19, 0x16, 0x0a, 0x0b, 0xad, 0x4d, 0x1b, 0x21, 0x08, 0x0a, 0x1a,
    0x34, 0x4c, 0x32, 0x16, 0x30, 0x0c, 0x23, 0x11, 0x16, 0x0d, 0x27, 0x20, 0x40, 0x58, 0x36, 0x17,
    0x18, 0x37, 0x5a, 0x41, 0x42, 0x5c, 0x39, 0x19, 0xe5, 0x40, 0x38, 0x37, 0x41, 0x41, 0x35, 0x37,
    0x4a, 0x41, 0x53, 0x50, 0x3d, 0x0c, 0x20, 0x37, 0x2a, 0x2a, 0x39, 0x23, 0x0e, 0x47, 0x23, 0x36,
    0x0e, 0x0b, 0x24, 0x14, 0x1e, 0x2f, 0x0a, 0x12, 0x44, 0x35, 0x28, 0x44, 0x33, 0x1d, 0x22, 0x1e,
    0x1b, 0x18, 0xfe, 0xc1, 0x14, 0x27, 0x12, 0x12, 0x27, 0x14, 0x01, 0x3f, 0xfd, 0xc0, 0x42, 0x3d,
    0x04, 0x04, 0x58, 0x06, 0x07, 0x13, 0x23, 0x1b, 0x1e, 0x01, 0x9f, 0x0d, 0x11, 0x1d, 0x23, 0x28,
    0x42, 0x30, 0x1a, 0x05, 0x03, 0x02, 0x23, 0x11, 0x0f, 0x04, 0x16, 0x27, 0x37, 0x22, 0x23, 0x38,
    0x29, 0x16, 0x15, 0x26, 0x35, 0x01, 0x44, 0x35, 0x33, 0x33, 0x3b, 0x3b, 0x33, 0x33, 0x35, 0xfe,
    0xe7, 0x29, 0x27, 0x26, 0x2a, 0x13, 0x1e, 0x14, 0x0a, 0x0a, 0x13, 0x1e, 0x00, 0x04, 0x00, 0x26,
    0xff, 0x29, 0x02, 0xfb, 0x02, 0xbe, 0x00, 0x3f, 0x00, 0x4b, 0x00, 0x5b, 0x00, 0x67, 0x00, 0x0c,
    0xb0, 0x09, 0x1c, 0xdf, 0xd6, 0x68, 0x3a, 0x1a, 0xe5, 0x5f, 0xeb, 0x00, 0x17, 0x34, 0x36, 0x37,
    0x2e, 0x01, 0x35, 0x34, 0x36, 0x37, 0x2e, 0x01, 0x35, 0x34, 0x3e, 0x02, 0x33, 0x32, 0x16, 0x17,
    0x36, 0x3b, 0x01, 0x11, 0x23, 0x11, 0x23, 0x22, 0x06, 0x07, 0x1e, 0x01, 0x15, 0x14, 0x0e, 0x02,
    0x23, 0x22, 0x26, 0x27, 0x06, 0x15, 0x14, 0x16, 0x33, 0x32, 0x36, 0x33, 0x32, 0x1e, 0x02, 0x15,
    0x14, 0x0e, 0x02, 0x23, 0x22, 0x2e, 0x02, 0x13, 0x32, 0x36, 0x35, 0x34, 0x26, 0x23, 0x22, 0x06,
    0x15, 0x14, 0x16, 0x03, 0x14, 0x16, 0x33, 0x32, 0x36, 0x35, 0x34, 0x2e, 0x02, 0x23, 0x22, 0x0e,
    0x02, 0x01, 0x34, 0x36, 0x33, 0x32, 0x16, 0x15, 0x14, 0x06, 0x23, 0x22, 0x26, 0x26, 0x21, 0x22,
    0x10, 0x0f, 0x1f, 0x17, 0x21, 0x29, 0x19, 0x35, 0x50, 0x37, 0x39, 0x53, 0x1a, 0x18, 0x4c, 0xd9,
    0x62, 0x77, 0x19, 0x1f, 0x09, 0x06, 0x07, 0x1a, 0x34, 0x4c, 0x32, 0x16, 0x30, 0x0c, 0x23, 0x11,
    0x16, 0x0d, 0x27, 0x20, 0x40, 0x58, 0x36, 0x17, 0x18, 0x37, 0x5a, 0x41, 0x42, 0x5c, 0x39, 0x19,
    0xe5, 0x40, 0x38, 0x37, 0x41, 0x41, 0x35, 0x37, 0x4a, 0x41, 0x53, 0x50, 0x3d, 0x0c, 0x20, 0x37,
    0x2a, 0x2a, 0x39, 0x23, 0x0e, 0x01, 0xfd, 0x21, 0x1d, 0x1d, 0x21, 0x21, 0x1d, 0x1d, 0x21, 0x47,
    0x23, 0x36, 0x0e, 0x0b, 0x24, 0x14, 0x1e, 0x2f, 0x0a, 0x12, 0x44, 0x35, 0x28, 0x44, 0x33, 0x1d,
    0x20, 0x1b, 0x2e, 0xfe, 0x0c, 0x01, 0xa4, 0x09, 0x0c, 0x11, 0x24, 0x14, 0x28, 0x42, 0x30, 0x1a,
    0x05, 0x03, 0x02, 0x23, 0x11, 0x0f, 0x04, 0x16, 0x27, 0x37, 0x22, 0x23, 0x38, 0x29, 0x16, 0x15,
    0x26, 0x35, 0x01, 0x44, 0x35, 0x33, 0x33, 0x3b, 0x3b, 0x33, 0x33, 0x35, 0xfe, 0xe7, 0x29, 0x27,
    0x26, 0x2a, 0x13, 0x1e, 0x14, 0x0a, 0x0a, 0x13, 0x1e, 0x02, 0xac, 0x1a, 0x20, 0x20, 0x1a, 0x1a,
    0x21, 0x21, 0x00, 0x00, 0x00, 0x01, 0x00, 0x00, 0xfe, 0xf0, 0x00, 0x87, 0xff, 0xc8, 0x00, 0x12,
    0x00, 0x0c, 0xb0, 0x09, 0x1c, 0xdf, 0xd6, 0x68, 0x3a, 0x1a, 0xe5, 0x5f, 0xeb, 0x00, 0x15, 0x34,
    0x36, 0x33, 0x32, 0x16, 0x15, 0x14, 0x2b, 0x01, 0x35, 0x32, 0x36, 0x37, 0x27, 0x06, 0x23, 0x22,
    0x26, 0x20, 0x1f, 0x23, 0x25, 0x6c, 0x14, 0x21, 0x28, 0x04, 0x0e, 0x09, 0x0f, 0x14, 0x1a, 0x73,
    0x1a, 0x21, 0x2c, 0x30, 0x7c, 0x3a, 0x10, 0x1a, 0x10, 0x07, 0x16, 0x00, 0x00, 0x01, 0x00, 0x1a,
    0x00, 0x00, 0x02, 0xb7, 0x02, 0xcd, 0x00, 0x2d, 0x00, 0x0c, 0xb0, 0x09, 0x1c, 0xdf, 0xd6, 0x68,
    0x3a, 0x1a, 0xe5, 0x5f, 0xeb, 0x00, 0x13, 0x33, 0x35, 0x34, 0x3e, 0x02, 0x33, 0x32, 0x16, 0x17,
    0x15, 0x2e, 0x01, 0x23, 0x22, 0x06, 0x1d, 0x01, 0x33, 0x35, 0x34, 0x36, 0x33, 0x32, 0x16, 0x17,
    0x15, 0x2e, 0x01, 0x23, 0x22, 0x06, 0x1d, 0x01, 0x33, 0x15, 0x23, 0x11, 0x23, 0x11, 0x23, 0x11,
    0x23, 0x11, 0x23, 0x1a, 0x4a, 0x18, 0x2f, 0x43, 0x2a, 0x17, 0x30, 0x13, 0x11, 0x29, 0x11, 0x34,
    0x2d, 0xf4, 0x5b, 0x5a, 0x11, 0x27, 0x10, 0x0e, 0x20, 0x0c, 0x34, 0x2d, 0x7b, 0x7b, 0x62, 0xf4,
    0x62, 0x4a, 0x01, 0xf4, 0x2b, 0x25, 0x3e, 0x2c, 0x19, 0x09, 0x09, 0x4b, 0x08, 0x07, 0x32, 0x2c,
    0x27, 0x34, 0x49, 0x5c, 0x04, 0x04, 0x4b, 0x02, 0x03, 0x31, 0x2c, 0x2e, 0x48, 0xfe, 0x54, 0x01,
    0xac, 0xfe, 0x54, 0x01, 0xac, 0x00, 0x00, 0x00, 0x00, 0x01, 0x00, 0x1a, 0x00, 0x00, 0x03, 0x63,
    0x02, 0xcd, 0x00, 0x31, 0x00, 0x0c, 0xb0, 0x09, 0x1c, 0xdf, 0xd6, 0x68, 0x3a, 0x1a, 0xe5, 0x5f,
    0xeb, 0x00, 0x13, 0x33, 0x35, 0x34, 0x3e, 0x02, 0x33, 0x32, 0x16, 0x17, 0x15, 0x2e, 0x01, 0x23,
    0x22, 0x06, 0x1d, 0x01, 0x33, 0x35, 0x34, 0x36, 0x33, 0x32, 0x16, 0x17, 0x23, 0x2e, 0x01, 0x23,
    0x22, 0x0e, 0x02, 0x1d, 0x01, 0x21, 0x11, 0x23, 0x11, 0x23, 0x11, 0x23, 0x11, 0x23, 0x11, 0x23,
    0x11, 0x23, 0x1a, 0x4a, 0x18, 0x2f, 0x43, 0x2a, 0x17, 0x30, 0x13, 0x11, 0x29, 0x11, 0x34, 0x2d,
    0xf4, 0x6a, 0x72, 0x63, 0x60, 0x05, 0x62, 0x05, 0x30, 0x30, 0x23, 0x30, 0x1c, 0x0c, 0x01, 0x47,
    0x62, 0xe5, 0x62, 0xf4, 0x62, 0x4a, 0x01, 0xf4, 0x2b, 0x25, 0x3e, 0x2c, 0x19, 0x09, 0x09, 0x4b,
    0x08, 0x07, 0x32, 0x2c, 0x27, 0x0c, 0x62, 0x6b, 0x47, 0x3b, 0x1a, 0x1b, 0x10, 0x21, 0x31, 0x22,
    0x08, 0xfe, 0x0c, 0x01, 0xac, 0xfe, 0x54, 0x01, 0xac, 0xfe, 0x54, 0x01, 0xac, 0x00, 0x00, 0x00,
    0x00, 0x01, 0x00, 0x1a, 0xff, 0xf9, 0x03, 0x9c, 0x02, 0xcd, 0x00, 0x37, 0x00, 0x0c, 0xb0, 0x09,
    0x1c, 0xdf, 0xd6, 0x68, 0x3a, 0x1a, 0xe5, 0x5f, 0xeb, 0x00, 0x13, 0x33, 0x35, 0x34, 0x3e, 0x02,
    0x33, 0x32, 0x16, 0x17, 0x15, 0x2e, 0x01, 0x23, 0x22, 0x06, 0x1d, 0x01, 0x33, 0x35, 0x34, 0x36,
    0x33, 0x32, 0x16, 0x17, 0x11, 0x14, 0x3b, 0x01, 0x15, 0x06, 0x23, 0x22, 0x26, 0x35, 0x11, 0x2e,
    0x01, 0x23, 0x22, 0x06, 0x1d, 0x01, 0x33, 0x15, 0x23, 0x11, 0x23, 0x11, 0x23, 0x11, 0x23, 0x11,
    0x23, 0x1a, 0x4a, 0x18, 0x2f, 0x43, 0x2a, 0x17, 0x30, 0x13, 0x11, 0x29, 0x11, 0x34, 0x2d, 0xf4,
    0x70, 0x78, 0x3c, 0x60, 0x20, 0x1f, 0x1f, 0x22, 0x22, 0x35, 0x27, 0x13, 0x2d, 0x1a, 0x48, 0x3e,
    0x7b, 0x7b, 0x62, 0xf4, 0x62, 0x4a, 0x01, 0xf4, 0x2b, 0x25, 0x3e, 0x2c, 0x19, 0x09, 0x09, 0x4b,
    0x08, 0x07, 0x32, 0x2c, 0x27, 0x10, 0x5f, 0x6a, 0x14, 0x11, 0xfd, 0xc5, 0x1f, 0x4d, 0x08, 0x2f,
    0x2f, 0x02, 0x1d, 0x05, 0x06, 0x3e, 0x3f, 0x0e, 0x48, 0xfe, 0x54, 0x01, 0xac, 0xfe, 0x54, 0x01,
    0xac, 0x00, 0x00, 0x00, 0x00, 0x01, 0x00, 0x2b, 0xff, 0xf0, 0x03, 0x5f, 0x02, 0xca, 0x00, 0x5c,
    0x00, 0x0c, 0xb0, 0x09, 0x1c, 0xdf, 0xd6, 0x68, 0x3a, 0x1a, 0xe5, 0x5f, 0xeb, 0x00, 0x01, 0x33,
    0x35, 0x34, 0x26, 0x23, 0x22, 0x0e, 0x02, 0x15, 0x14, 0x16, 0x17, 0x23, 0x2e, 0x01, 0x23, 0x22,
    0x06, 0x15, 0x14, 0x16, 0x17, 0x1e, 0x03, 0x17, 0x1e, 0x01, 0x15, 0x14, 0x06, 0x23, 0x22, 0x26,
    0x35, 0x33, 0x14, 0x16, 0x33, 0x32, 0x36, 0x35, 0x34, 0x26, 0x27, 0x2e, 0x01, 0x27, 0x2e, 0x01,
    0x35, 0x34, 0x3e, 0x02, 0x33, 0x32, 0x17, 0x26, 0x34, 0x35, 0x34, 0x3e, 0x02, 0x33, 0x32, 0x16,
    0x1d, 0x01, 0x33, 0x15, 0x23, 0x11, 0x14, 0x16, 0x33, 0x32, 0x37, 0x15, 0x0e, 0x01, 0x23, 0x22,
    0x2e, 0x02, 0x35, 0x11, 0x23, 0x02, 0x20, 0x5a, 0x2a, 0x2e, 0x22, 0x2c, 0x1a, 0x0a, 0x07, 0x05,
    0x60, 0x01, 0x2f, 0x31, 0x2f, 0x32, 0x1c, 0x22, 0x0f, 0x25, 0x26, 0x26, 0x0f, 0x34, 0x3f, 0x6c,
    0x67, 0x71, 0x6b, 0x62, 0x3e, 0x3c, 0x39, 0x3a, 0x1c, 0x22, 0x1e, 0x52, 0x1f, 0x34, 0x3f, 0x1d,
    0x33, 0x47, 0x2b, 0x3e, 0x2a, 0x02, 0x13, 0x2d, 0x4a, 0x38, 0x57, 0x61, 0x83, 0x83, 0x1c, 0x17,
    0x21, 0x1a, 0x0e, 0x29, 0x1d, 0x23, 0x30, 0x1d, 0x0c, 0x5a, 0x01, 0xf4, 0x2e, 0x29, 0x2e, 0x15,
    0x27, 0x39, 0x25, 0x1d, 0x38, 0x1d, 0x23, 0x25, 0x22, 0x22, 0x16, 0x24, 0x08, 0x03, 0x06, 0x06,
    0x07, 0x04, 0x0e, 0x43, 0x37, 0x4d, 0x50, 0x56, 0x50, 0x2f, 0x29, 0x24, 0x2b, 0x16, 0x24, 0x08,
    0x07, 0x0b, 0x08, 0x0e, 0x43, 0x37, 0x24, 0x36, 0x24, 0x12, 0x1c, 0x0a, 0x14, 0x09, 0x21, 0x44,
    0x36, 0x23, 0x54, 0x52, 0x30, 0x48, 0xfe, 0xd1, 0x1b, 0x16, 0x14, 0x50, 0x0b, 0x0e, 0x0e, 0x1e,
    0x30, 0x21, 0x01, 0x38, 0x00, 0x01, 0x00, 0x3e, 0xff, 0xf0, 0x02, 0x66, 0x02, 0xc9, 0x00, 0x3b,
    0x00, 0x0c, 0xb0, 0x09, 0x1c, 0xdf, 0xd6, 0x68, 0x3a, 0x1a, 0xe5, 0x5f, 0xeb, 0x00, 0x01, 0x33,
    0x35, 0x33, 0x15, 0x33, 0x15, 0x23, 0x15, 0x14, 0x16, 0x33, 0x15, 0x22, 0x2e, 0x02, 0x27, 0x0e,
    0x01, 0x23, 0x22, 0x26, 0x35, 0x34, 0x36, 0x37, 0x2e, 0x01, 0x35, 0x34, 0x36, 0x33, 0x32, 0x1e,
    0x02, 0x15, 0x23, 0x34, 0x26, 0x23, 0x22, 0x06, 0x15, 0x14, 0x16, 0x33, 0x15, 0x22, 0x06, 0x15,
    0x14, 0x16, 0x33, 0x32, 0x36, 0x3d, 0x01, 0x23, 0x01, 0x6d, 0x51, 0x59, 0x4f, 0x4f, 0x1e, 0x2c,
    0x1d, 0x29, 0x1c, 0x13, 0x07, 0x1b, 0x5d, 0x44, 0x73, 0x78, 0x2d, 0x30, 0x25, 0x1f, 0x6a, 0x67,
    0x36, 0x4a, 0x2f, 0x14, 0x5d, 0x2c, 0x3a, 0x3b, 0x38, 0x43, 0x4e, 0x5f, 0x4b, 0x48, 0x45, 0x4f,
    0x46, 0x51, 0x01, 0x9b, 0x4e, 0x4e, 0x51, 0x87, 0x3c, 0x34, 0x5c, 0x06, 0x0e, 0x15, 0x0e, 0x1e,
    0x20, 0x6d, 0x66, 0x39, 0x60, 0x1b, 0x1a, 0x52, 0x2d, 0x5b, 0x5e, 0x16, 0x2a, 0x3c, 0x25, 0x28,
    0x26, 0x30, 0x36, 0x3f, 0x35, 0x54, 0x46, 0x3f, 0x45, 0x3b, 0x40, 0x45, 0x82, 0x00, 0x00, 0x00,
    0x00, 0x02, 0x00, 0x2a, 0xff, 0xf0, 0x02, 0x1e, 0x02, 0xce, 0x00, 0x13, 0x00, 0x27, 0x00, 0x0c,
    0xb0, 0x09, 0x1c, 0xdf, 0xd6, 0x68, 0x3a, 0x1a, 0xe5, 0x5f, 0xeb, 0x00, 0x05, 0x22, 0x2e, 0x02,
    0x35, 0x34, 0x3e, 0x02, 0x33, 0x32, 0x1e, 0x02, 0x15, 0x14, 0x0e, 0x02, 0x27, 0x32, 0x3e, 0x02,
    0x35, 0x34, 0x2e, 0x02, 0x23, 0x22, 0x0e, 0x02, 0x15, 0x14, 0x1e, 0x02, 0x01, 0x24, 0x35, 0x5c,
    0x43, 0x26, 0x27, 0x43, 0x5b, 0x35, 0x34, 0x5c, 0x43, 0x27, 0x26, 0x43, 0x5c, 0x35, 0x23, 0x37,
    0x27, 0x14, 0x17, 0x28, 0x36, 0x20, 0x20, 0x36, 0x28, 0x17, 0x14, 0x26, 0x38, 0x10, 0x28, 0x57,
    0x8b, 0x63, 0x64, 0x8c, 0x59, 0x28, 0x28, 0x58, 0x8c, 0x64, 0x63, 0x8c, 0x57, 0x28, 0x5e, 0x19,
    0x3e, 0x67, 0x4e, 0x54, 0x6b, 0x3f, 0x18, 0x18, 0x3f, 0x6b, 0x54, 0x4e, 0x67, 0x3d, 0x1a, 0x00,
    0x00, 0x02, 0x00, 0x34, 0xff, 0xee, 0x02, 0x40, 0x02, 0x03, 0x00, 0x0f, 0x00, 0x1b, 0x00, 0x0c,
    0xb0, 0x09, 0x1c, 0xdf, 0xd6, 0x68, 0x3a, 0x1a, 0xe5, 0x5f, 0xeb, 0x00, 0x37, 0x34, 0x3e, 0x02,
    0x33, 0x32, 0x1e, 0x02, 0x15, 0x14, 0x06, 0x23, 0x22, 0x26, 0x37, 0x14, 0x16, 0x33, 0x32, 0x36,
    0x35, 0x34, 0x26, 0x23, 0x22, 0x06, 0x34, 0x24, 0x44, 0x61, 0x3d, 0x3c, 0x61, 0x44, 0x25, 0x8d,
    0x79, 0x7a, 0x8c, 0x64, 0x54, 0x4e, 0x4e, 0x53, 0x53, 0x4e, 0x4e, 0x54, 0xf6, 0x3f, 0x63, 0x46,
    0x25, 0x25, 0x46, 0x63, 0x3f, 0x81, 0x87, 0x87, 0x81, 0x58, 0x5f, 0x5f, 0x58, 0x58, 0x63, 0x64,
    0x00, 0x02, 0x00, 0x20, 0xff, 0xee, 0x02, 0x28, 0x02, 0x03, 0x00, 0x0f, 0x00, 0x1b, 0x00, 0x0c,
    0xb0, 0x09, 0x1c, 0xdf, 0xd6, 0x68, 0x3a, 0x1a, 0xe5, 0x5f, 0xeb, 0x00, 0x37, 0x34, 0x3e, 0x02,
    0x33, 0x32, 0x1e, 0x02, 0x15, 0x14, 0x06, 0x23, 0x22, 0x26, 0x37, 0x14, 0x16, 0x33, 0x32, 0x36,
    0x35, 0x34, 0x26, 0x23, 0x22, 0x06, 0x20, 0x24, 0x43, 0x61, 0x3c, 0x3c, 0x60, 0x44, 0x24, 0x8c,
    0x78, 0x79, 0x8b, 0x64, 0x52, 0x4e, 0x4d, 0x53, 0x53, 0x4d, 0x4e, 0x52, 0xf6, 0x3f, 0x63, 0x46,
    0x25, 0x25, 0x46, 0x63, 0x3f, 0x80, 0x88, 0x87, 0x81, 0x58, 0x5f, 0x5f, 0x58, 0x58, 0x63, 0x64,
    0x00, 0x01, 0x00, 0x82, 0x00, 0x00, 0x01, 0x76, 0x02, 0xbc, 0x00, 0x06, 0x00, 0x0c, 0xb0, 0x09,
    0x1c, 0xdf, 0xd6, 0x68, 0x3a, 0x1a, 0xe5, 0x5f, 0xeb, 0x00, 0x01, 0x07, 0x35, 0x37, 0x33, 0x11,
    0x23, 0x01, 0x13, 0x91, 0x91, 0x63, 0x63, 0x02, 0x55, 0x60, 0x6b, 0x5c, 0xfd, 0x44, 0x00, 0x00,
    0x00, 0x01, 0x00, 0x38, 0x00, 0x00, 0x01, 0x26, 0x01, 0xf6, 0x00, 0x06, 0x00, 0x0c, 0xb0, 0x09,
    0x1c, 0xdf, 0xd6, 0x68, 0x3a, 0x1a, 0xe5, 0x5f, 0xeb, 0x00, 0x13, 0x07, 0x35, 0x37, 0x33, 0x11,
    0x23, 0xc3, 0x8b, 0x8b, 0x63, 0x63, 0x01, 0x8f, 0x75, 0x64, 0x78, 0xfe, 0x0a, 0x00, 0x00, 0x00,
    0x00, 0x01, 0x00, 0x66, 0x00, 0x00, 0x01, 0x91, 0x01, 0xf6, 0x00, 0x06, 0x00, 0x0c, 0xb0, 0x09,
    0x1c, 0xdf, 0xd6, 0x68, 0x3a, 0x1a, 0xe5, 0x5f, 0xeb, 0x00, 0x01, 0x07, 0x35, 0x37, 0x33, 0x11,
    0x23, 0x01, 0x2e, 0xc8, 0xc9, 0x62, 0x63, 0x01, 0x9d, 0x5a, 0x55, 0x5e, 0xfe, 0x0a, 0x00, 0x00,
    0x00, 0x01, 0x00, 0x40, 0x00, 0x00, 0x02, 0x09, 0x02, 0xcb, 0x00, 0x1e, 0x00, 0x0c, 0xb0, 0x09,
    0x1c, 0xdf, 0xd6, 0x68, 0x3a, 0x1a, 0xe5, 0x5f, 0xeb, 0x00, 0x37, 0x13, 0x3e, 0x03, 0x35, 0x34,
    0x26, 0x23, 0x22, 0x06, 0x15, 0x23, 0x34, 0x3e, 0x02, 0x33, 0x32, 0x16, 0x15, 0x14, 0x0e, 0x02,
    0x0f, 0x01, 0x21, 0x15, 0x21, 0x40, 0xf9, 0x17, 0x23, 0x17, 0x0b, 0x3c, 0x3a, 0x3d, 0x3f, 0x62,
    0x1e, 0x3a, 0x53, 0x36, 0x67, 0x70, 0x0a, 0x15, 0x21, 0x18, 0xd6, 0x01, 0x3e, 0xfe, 0x37, 0x43,
    0x01, 0x13, 0x19, 0x2a, 0x28, 0x2a, 0x19, 0x3b, 0x36, 0x40, 0x52, 0x3e, 0x58, 0x38, 0x1a, 0x5d,
    0x66, 0x1d, 0x32, 0x2e, 0x2f, 0x19, 0xe7, 0x5c, 0x00, 0x01, 0x00, 0x38, 0x00, 0x00, 0x01, 0xe5,
    0x02, 0x05, 0x00, 0x1b, 0x00, 0x0c, 0xb0, 0x09, 0x1c, 0xdf, 0xd6, 0x68, 0x3a, 0x1a, 0xe5, 0x5f,
    0xeb, 0x00, 0x3f, 0x01, 0x3e, 0x01, 0x35, 0x34, 0x23, 0x22, 0x0e, 0x02, 0x15, 0x23, 0x34, 0x3e,
    0x02, 0x33, 0x32, 0x16, 0x15, 0x14, 0x06, 0x0f, 0x01, 0x21, 0x15, 0x21, 0x41, 0xce, 0x2b, 0x36,
    0x69, 0x19, 0x29, 0x1e, 0x10, 0x5f, 0x22, 0x39, 0x4d, 0x2c, 0x5b, 0x69, 0x2e, 0x37, 0x89, 0x01,
    0x03, 0xfe, 0x5c, 0x3b, 0x91, 0x1d, 0x44, 0x2e, 0x58, 0x0b, 0x19, 0x2b, 0x20, 0x33, 0x49, 0x2f,
    0x16, 0x5b, 0x51, 0x31, 0x52, 0x26, 0x61, 0x4f, 0x00, 0x01, 0x00, 0x58, 0x00, 0x00, 0x02, 0x01,
    0x02, 0x05, 0x00, 0x19, 0x00, 0x0c, 0xb0, 0x09, 0x1c, 0xdf, 0xd6, 0x68, 0x3a, 0x1a, 0xe5, 0x5f,
    0xeb, 0x00, 0x3f, 0x01, 0x3e, 0x01, 0x35, 0x34, 0x23, 0x22, 0x06, 0x15, 0x23, 0x34, 0x3e, 0x02,
    0x33, 0x32, 0x16, 0x15, 0x14, 0x06, 0x0f, 0x01, 0x21, 0x15, 0x21, 0x61, 0xcb, 0x2b, 0x37, 0x69,
    0x31, 0x3d, 0x5f, 0x21, 0x39, 0x4d, 0x2b, 0x5b, 0x68, 0x2d, 0x37, 0x88, 0x01, 0x00, 0xfe, 0x60,
    0x3b, 0x91, 0x1d, 0x45, 0x2e, 0x57, 0x2f, 0x3f, 0x33, 0x48, 0x2f, 0x16, 0x5a, 0x51, 0x32, 0x52,
    0x26, 0x61, 0x4f, 0x00, 0x00, 0x01, 0x00, 0x3c, 0xff, 0xee, 0x02, 0x08, 0x02, 0xcb, 0x00, 0x2c,
    0x00, 0x0c, 0xb0, 0x09, 0x1c, 0xdf, 0xd6, 0x68, 0x3a, 0x1a, 0xe5, 0x5f, 0xeb, 0x00, 0x37, 0x14,
    0x16, 0x33, 0x32, 0x36, 0x35, 0x34, 0x26, 0x2b, 0x01, 0x35, 0x33, 0x32, 0x36, 0x35, 0x34, 0x26,
    0x23, 0x22, 0x06, 0x15, 0x23, 0x34, 0x3e, 0x02, 0x33, 0x32, 0x16, 0x15, 0x14, 0x06, 0x07, 0x1e,
    0x01, 0x15, 0x14, 0x06, 0x23, 0x22, 0x2e, 0x02, 0x35, 0x9e, 0x44, 0x3c, 0x46, 0x40, 0x44, 0x51,
    0x1f, 0x1e, 0x48, 0x36, 0x30, 0x39, 0x41, 0x34, 0x62, 0x1a, 0x34, 0x51, 0x38, 0x6a, 0x63, 0x21,
    0x28, 0x30, 0x31, 0x76, 0x75, 0x3c, 0x55, 0x37, 0x19, 0xcc, 0x47, 0x42, 0x41, 0x40, 0x3d, 0x44,
    0x51, 0x38, 0x38, 0x37, 0x38, 0x3a, 0x36, 0x2b, 0x49, 0x35, 0x1d, 0x63, 0x60, 0x24, 0x54, 0x1c,
    0x1b, 0x5f, 0x38, 0x63, 0x71, 0x1f, 0x3a, 0x52, 0x33, 0x00, 0x00, 0x00, 0x00, 0x01, 0x00, 0x24,
    0xff, 0x40, 0x01, 0xed, 0x02, 0x04, 0x00, 0x2c, 0x00, 0x0c, 0xb0, 0x09, 0x1c, 0xdf, 0xd6, 0x68,
    0x3a, 0x1a, 0xe5, 0x5f, 0xeb, 0x00, 0x17, 0x1e, 0x01, 0x33, 0x32, 0x36, 0x35, 0x34, 0x26, 0x2b,
    0x01, 0x35, 0x33, 0x32, 0x36, 0x35, 0x34, 0x26, 0x23, 0x22, 0x06, 0x15, 0x23, 0x34, 0x3e, 0x02,
    0x33, 0x32, 0x1e, 0x02, 0x15, 0x14, 0x06, 0x07, 0x1e, 0x01, 0x15, 0x14, 0x06, 0x23, 0x22, 0x26,
    0x27, 0x89, 0x05, 0x44, 0x39, 0x3c, 0x41, 0x4b, 0x45, 0x3d, 0x3d, 0x44, 0x39, 0x35, 0x39, 0x39,
    0x36, 0x63, 0x1b, 0x36, 0x4f, 0x33, 0x32, 0x4e, 0x36, 0x1c, 0x2d, 0x30, 0x36, 0x3a, 0x78, 0x6a,
    0x71, 0x71, 0x05, 0x1a, 0x27, 0x2b, 0x37, 0x3b, 0x39, 0x3e, 0x50, 0x40, 0x34, 0x33, 0x3d, 0x3a,
    0x33, 0x29, 0x47, 0x33, 0x1d, 0x1c, 0x32, 0x45, 0x29, 0x32, 0x56, 0x17, 0x13, 0x56, 0x3e, 0x5d,
    0x65, 0x5c, 0x4a, 0x00, 0x00, 0x01, 0x00, 0x3e, 0xff, 0x40, 0x01, 0xfd, 0x02, 0x04, 0x00, 0x2c,
    0x00, 0x0c, 0xb0, 0x09, 0x1c, 0xdf, 0xd6, 0x68, 0x3a, 0x1a, 0xe5, 0x5f, 0xeb, 0x00, 0x17, 0x1e,
    0x01, 0x33, 0x32, 0x36, 0x35, 0x34, 0x26, 0x2b, 0x01, 0x35, 0x33, 0x32, 0x36, 0x35, 0x34, 0x26,
    0x23, 0x22, 0x06, 0x15, 0x23, 0x34, 0x3e, 0x02, 0x33, 0x32, 0x1e, 0x02, 0x15, 0x14, 0x06, 0x07,
    0x1e, 0x01, 0x15, 0x14, 0x06, 0x23, 0x22, 0x26, 0x27, 0xa2, 0x05, 0x3e, 0x36, 0x3a, 0x44, 0x49,
    0x45, 0x3d, 0x3d, 0x44, 0x36, 0x32, 0x39, 0x39, 0x33, 0x62, 0x1a, 0x34, 0x4e, 0x33, 0x32, 0x4d,
    0x34, 0x1b, 0x2b, 0x30, 0x35, 0x3a, 0x77, 0x6b, 0x68, 0x70, 0x05, 0x1a, 0x27, 0x2b, 0x37, 0x39,
    0x39, 0x40, 0x50, 0x40, 0x34, 0x33, 0x3d, 0x39, 0x33, 0x29, 0x46, 0x33, 0x1d, 0x1c, 0x32, 0x45,
    0x29, 0x33, 0x55, 0x17, 0x14, 0x57, 0x3e, 0x59, 0x67, 0x5c, 0x4a, 0x00, 0x00, 0x02, 0x00, 0x1d,
    0x00, 0x00, 0x02, 0x34, 0x02, 0xbc, 0x00, 0x0a, 0x00, 0x0d, 0x00, 0x0c, 0xb0, 0x09, 0x1c, 0xdf,
    0xd6, 0x68, 0x3a, 0x1a, 0xe5, 0x5f, 0xeb, 0x00, 0x37, 0x01, 0x33, 0x11, 0x33, 0x15, 0x23, 0x15,
    0x23, 0x35, 0x21, 0x25, 0x11, 0x03, 0x1d, 0x01, 0x1e, 0x88, 0x71, 0x71, 0x62, 0xfe, 0xbc, 0x01,
    0x44, 0xcf, 0xe7, 0x01, 0xd5, 0xfe, 0x3e, 0x55, 0xa5, 0xa5, 0x55, 0x01, 0x5f, 0xfe, 0xa1, 0x00,
    0x00, 0x02, 0x00, 0x1d, 0xff, 0x4b, 0x02, 0x50, 0x01, 0xf8, 0x00, 0x0a, 0x00, 0x0d, 0x00, 0x0c,
    0xb0, 0x09, 0x1c, 0xdf, 0xd6, 0x68, 0x3a, 0x1a, 0xe5, 0x5f, 0xeb, 0x00, 0x37, 0x01, 0x33, 0x11,
    0x33, 0x15, 0x23, 0x15, 0x23, 0x35, 0x21, 0x25, 0x11, 0x03, 0x1d, 0x01, 0x41, 0x78, 0x7a, 0x7a,
    0x61, 0xfe, 0xa8, 0x01, 0x58, 0xe0, 0x5c, 0x01, 0x9c, 0xfe, 0x76, 0x52, 0xd1, 0xd1, 0x52, 0x01,
    0x20, 0xfe, 0xe0, 0x00, 0x00, 0x02, 0x00, 0x19, 0xff, 0x4b, 0x02, 0x33, 0x01, 0xf8, 0x00, 0x0a,
    0x00, 0x0d, 0x00, 0x0c, 0xb0, 0x09, 0x1c, 0xdf, 0xd6, 0x68, 0x3a, 0x1a, 0xe5, 0x5f, 0xeb, 0x00,
    0x37, 0x01, 0x33, 0x11, 0x33, 0x15, 0x23, 0x15, 0x23, 0x35, 0x21, 0x25, 0x11, 0x03, 0x19, 0x01,
    0x2e, 0x7e, 0x6e, 0x6e, 0x62, 0xfe, 0xb6, 0x01, 0x4a, 0xd5, 0x57, 0x01, 0xa1, 0xfe, 0x71, 0x52,
    0xcc, 0xcc, 0x52, 0x01, 0x2e, 0xfe, 0xd2, 0x00, 0x00, 0x01, 0x00, 0x48, 0xff, 0xee, 0x02, 0x0e,
    0x02, 0xbc, 0x00, 0x19, 0x00, 0x0c, 0xb0, 0x09, 0x1c, 0xdf, 0xd6, 0x68, 0x3a, 0x1a, 0xe5, 0x5f,
    0xeb, 0x00, 0x37, 0x14, 0x16, 0x33, 0x32, 0x36, 0x35, 0x34, 0x26, 0x2b, 0x01, 0x11, 0x21, 0x15,
    0x21, 0x15, 0x33, 0x32, 0x16, 0x15, 0x14, 0x06, 0x23, 0x22, 0x26, 0x35, 0xab, 0x36, 0x42, 0x48,
    0x41, 0x42, 0x46, 0xc1, 0x01, 0x86, 0xfe, 0xdc, 0x61, 0x73, 0x75, 0x72, 0x75, 0x73, 0x6c, 0xbc,
    0x3a, 0x3f, 0x4a, 0x48, 0x49, 0x43, 0x01, 0x5b, 0x5a, 0xa7, 0x70, 0x76, 0x6f, 0x78, 0x6d, 0x61,
    0x00, 0x01, 0x00, 0x2f, 0xff, 0x40, 0x01, 0xfb, 0x01, 0xf4, 0x00, 0x1c, 0x00, 0x0c, 0xb0, 0x09,
    0x1c, 0xdf, 0xd6, 0x68, 0x3a, 0x1a, 0xe5, 0x5f, 0xeb, 0x00, 0x17, 0x1e, 0x01, 0x33, 0x32, 0x36,
    0x35, 0x34, 0x26, 0x23, 0x22, 0x07, 0x27, 0x13, 0x21, 0x15, 0x23, 0x07, 0x36, 0x33, 0x32, 0x16,
    0x15, 0x14, 0x06, 0x23, 0x22, 0x26, 0x27, 0x91, 0x05, 0x3f, 0x39, 0x44, 0x46, 0x47, 0x43, 0x42,
    0x30, 0x55, 0x31, 0x01, 0x44, 0xf8, 0x1a, 0x2d, 0x47, 0x66, 0x77, 0x7d, 0x70, 0x62, 0x78, 0x05,
    0x15, 0x2a, 0x2d, 0x47, 0x42, 0x42, 0x44, 0x22, 0x06, 0x01, 0x6d, 0x5a, 0xbb, 0x1d, 0x73, 0x6a,
    0x6a, 0x75, 0x5a, 0x51, 0x00, 0x01, 0x00, 0x4b, 0xff, 0x40, 0x02, 0x0f, 0x01, 0xf4, 0x00, 0x1d,
    0x00, 0x0c, 0xb0, 0x09, 0x1c, 0xdf, 0xd6, 0x68, 0x3a, 0x1a, 0xe5, 0x5f, 0xeb, 0x00, 0x17, 0x1e,
    0x01, 0x33, 0x32, 0x36, 0x35, 0x34, 0x26, 0x23, 0x22, 0x06, 0x07, 0x27, 0x13, 0x21, 0x15, 0x23,
    0x07, 0x36, 0x33, 0x32, 0x16, 0x15, 0x14, 0x06, 0x23, 0x22, 0x26, 0x27, 0xad, 0x05, 0x3d, 0x38,
    0x42, 0x43, 0x44, 0x41, 0x21, 0x37, 0x17, 0x55, 0x2e, 0x01, 0x42, 0xf4, 0x19, 0x2c, 0x44, 0x65,
    0x74, 0x79, 0x70, 0x62, 0x74, 0x05, 0x15, 0x2a, 0x2d, 0x47, 0x42, 0x42, 0x44, 0x11, 0x11, 0x06,
    0x01, 0x6d, 0x5a, 0xba, 0x1c, 0x73, 0x6a, 0x6a, 0x75, 0x5a, 0x51, 0x00, 0x00, 0x02, 0x00, 0x36,
    0xff, 0xed, 0x02, 0x17, 0x02, 0xbc, 0x00, 0x19, 0x00, 0x25, 0x00, 0x0c, 0xb0, 0x09, 0x1c, 0xdf,
    0xd6, 0x68, 0x3a, 0x1a, 0xe5, 0x5f, 0xeb, 0x00, 0x37, 0x34, 0x3e, 0x02, 0x37, 0x13, 0x33, 0x03,
    0x3e, 0x01, 0x33, 0x32, 0x1e, 0x02, 0x15, 0x14, 0x0e, 0x02, 0x23, 0x22, 0x2e, 0x02, 0x37, 0x14,
    0x16, 0x33, 0x32, 0x36, 0x35, 0x34, 0x26, 0x23, 0x22, 0x06, 0x36, 0x12, 0x19, 0x1c, 0x0a, 0xaf,
    0x71, 0xb9, 0x11, 0x25, 0x13, 0x35, 0x53, 0x3a, 0x1e, 0x20, 0x3d, 0x59, 0x3a, 0x39, 0x5a, 0x3e,
    0x20, 0x64, 0x48, 0x45, 0x45, 0x49, 0x49, 0x45, 0x45, 0x48, 0xd0, 0x25, 0x43, 0x39, 0x2e, 0x0f,
    0x01, 0x0e, 0xfe, 0xed, 0x05, 0x05, 0x24, 0x3d, 0x52, 0x2d, 0x33, 0x55, 0x3d, 0x21, 0x21, 0x3b,
    0x54, 0x35, 0x41, 0x4d, 0x4d, 0x41, 0x41, 0x4d, 0x4d, 0x00, 0x00, 0x00, 0x00, 0x02, 0x00, 0x34,
    0xff, 0xed, 0x02, 0x15, 0x02, 0x95, 0x00, 0x16, 0x00, 0x22, 0x00, 0x0c, 0xb0, 0x09, 0x1c, 0xdf,
    0xd6, 0x68, 0x3a, 0x1a, 0xe5, 0x5f, 0xeb, 0x00, 0x37, 0x34, 0x36, 0x3f, 0x01, 0x33, 0x07, 0x36,
    0x33, 0x32, 0x1e, 0x02, 0x15, 0x14, 0x0e, 0x02, 0x23, 0x22, 0x2e, 0x02, 0x37, 0x14, 0x16, 0x33,
    0x32, 0x36, 0x35, 0x34, 0x26, 0x23, 0x22, 0x06, 0x34, 0x34, 0x21, 0xba, 0x70, 0xc4, 0x21, 0x28,
    0x31, 0x51, 0x3a, 0x21, 0x20, 0x3d, 0x5a, 0x3a, 0x38, 0x59, 0x3e, 0x21, 0x61, 0x4a, 0x45, 0x45,
    0x4b, 0x4b, 0x45, 0x45, 0x4a, 0xcb, 0x41, 0x69, 0x2b, 0xf5, 0xfd, 0x0d, 0x1f, 0x39, 0x4f, 0x31,
    0x32, 0x52, 0x3b, 0x21, 0x1f, 0x3a, 0x52, 0x36, 0x42, 0x4d, 0x4d, 0x42, 0x3f, 0x49, 0x49, 0x00,
    0x00, 0x02, 0x00, 0x39, 0xff, 0xed, 0x02, 0x13, 0x02, 0x95, 0x00, 0x19, 0x00, 0x25, 0x00, 0x0c,
    0xb0, 0x09, 0x1c, 0xdf, 0xd6, 0x68, 0x3a, 0x1a, 0xe5, 0x5f, 0xeb, 0x00, 0x37, 0x34, 0x3e, 0x02,
    0x37, 0x13, 0x33, 0x07, 0x3e, 0x01, 0x33, 0x32, 0x1e, 0x02, 0x15, 0x14, 0x0e, 0x02, 0x23, 0x22,
    0x2e, 0x02, 0x37, 0x14, 0x16, 0x33, 0x32, 0x36, 0x35, 0x34, 0x26, 0x23, 0x22, 0x06, 0x39, 0x0e,
    0x16, 0x1a, 0x0c, 0xc1, 0x70, 0xc2, 0x11, 0x24, 0x13, 0x30, 0x50, 0x39, 0x20, 0x1f, 0x3c, 0x58,
    0x3a, 0x38, 0x58, 0x3d, 0x20, 0x62, 0x48, 0x44, 0x44, 0x47, 0x47, 0x44, 0x45, 0x47, 0xcb, 0x22,
    0x3b, 0x31, 0x29, 0x0f, 0x01, 0x04, 0xfa, 0x05, 0x05, 0x1f, 0x39, 0x4f, 0x31, 0x32, 0x52, 0x3b,
    0x21, 0x1f, 0x3a, 0x52, 0x34, 0x42, 0x4b, 0x4b, 0x42, 0x40, 0x4a, 0x4a, 0x00, 0x01, 0x00, 0x45,
    0x00, 0x00, 0x02, 0x05, 0x02, 0xbc, 0x00, 0x06, 0x00, 0x0c, 0xb0, 0x09, 0x1c, 0xdf, 0xd6, 0x68,
    0x3a, 0x1a, 0xe5, 0x5f, 0xeb, 0x00, 0x01, 0x21, 0x35, 0x21, 0x15, 0x01, 0x23, 0x01, 0x97, 0xfe,
    0xae, 0x01, 0xc0, 0xfe, 0xcf, 0x6a, 0x02, 0x61, 0x5b, 0x4e, 0xfd, 0x92, 0x00, 0x01, 0x00, 0x1a,
    0xff, 0x4b, 0x01, 0xda, 0x01, 0xf4, 0x00, 0x06, 0x00, 0x0c, 0xb0, 0x09, 0x1c, 0xdf, 0xd6, 0x68,
    0x3a, 0x1a, 0xe5, 0x5f, 0xeb, 0x00, 0x01, 0x21, 0x35, 0x21, 0x15, 0x01, 0x23, 0x01, 0x6b, 0xfe,
    0xaf, 0x01, 0xc0, 0xfe, 0xb6, 0x69, 0x01, 0x9c, 0x58, 0x4c, 0xfd, 0xa3, 0x00, 0x01, 0x00, 0x4c,
    0xff, 0x4b, 0x02, 0x0e, 0x01, 0xf4, 0x00, 0x06, 0x00, 0x0c, 0xb0, 0x09, 0x1c, 0xdf, 0xd6, 0x68,
    0x3a, 0x1a, 0xe5, 0x5f, 0xeb, 0x00, 0x01, 0x21, 0x35, 0x21, 0x15, 0x01, 0x23, 0x01, 0x9f, 0xfe,
    0xad, 0x01, 0xc2, 0xfe, 0xb3, 0x69, 0x01, 0x9c, 0x58, 0x4c, 0xfd, 0xa3, 0x00, 0x03, 0x00, 0x32,
    0xff, 0xed, 0x02, 0x16, 0x02, 0xcd, 0x00, 0x1b, 0x00, 0x27, 0x00, 0x31, 0x00, 0x0c, 0xb0, 0x09,
    0x1c, 0xdf, 0xd6, 0x68, 0x3a, 0x1a, 0xe5, 0x5f, 0xeb, 0x00, 0x37, 0x34, 0x36, 0x37, 0x2e, 0x01,
    0x35, 0x34, 0x36, 0x33, 0x32, 0x16, 0x15, 0x14, 0x06, 0x07, 0x1e, 0x01, 0x15, 0x14, 0x0e, 0x02,
    0x23, 0x22, 0x2e, 0x02, 0x37, 0x14, 0x16, 0x33, 0x32, 0x36, 0x35, 0x34, 0x26, 0x23, 0x22, 0x06,
    0x13, 0x14, 0x16, 0x33, 0x32, 0x36, 0x35, 0x34, 0x23, 0x22, 0x32, 0x37, 0x30, 0x24, 0x28, 0x6f,
    0x68, 0x68, 0x6f, 0x28, 0x25, 0x30, 0x38, 0x23, 0x3f, 0x59, 0x37, 0x37, 0x59, 0x3f, 0x23, 0x63,
    0x50, 0x3f, 0x3f, 0x50, 0x50, 0x3f, 0x3f, 0x50, 0x19, 0x36, 0x40, 0x40, 0x36, 0x76, 0x76, 0xc3,
    0x39, 0x60, 0x15, 0x16, 0x51, 0x30, 0x5a, 0x6b, 0x6b, 0x5a, 0x30, 0x51, 0x16, 0x15, 0x60, 0x39,
    0x31, 0x4f, 0x38, 0x1e, 0x1e, 0x38, 0x4f, 0x31, 0x40, 0x3d, 0x3d, 0x40, 0x3f, 0x3f, 0x3f, 0x01,
    0x00, 0x33, 0x40, 0x41, 0x32, 0x6e, 0x00, 0x00, 0x00, 0x03, 0x00, 0x37, 0xff, 0xed, 0x02, 0x0c,
    0x02, 0x9f, 0x00, 0x1d, 0x00, 0x29, 0x00, 0x33, 0x00, 0x0c, 0xb0, 0x09, 0x1c, 0xdf, 0xd6, 0x68,
    0x3a, 0x1a, 0xe5, 0x5f, 0xeb, 0x00, 0x37, 0x34, 0x36, 0x37, 0x2e, 0x01, 0x35, 0x34, 0x3e, 0x02,
    0x33, 0x32, 0x1e, 0x02, 0x15, 0x14, 0x06, 0x07, 0x1e, 0x01, 0x15, 0x14, 0x0e, 0x02, 0x23, 0x22,
    0x26, 0x37, 0x14, 0x16, 0x33, 0x32, 0x36, 0x35, 0x34, 0x26, 0x23, 0x22, 0x06, 0x37, 0x14, 0x16,
    0x33, 0x32, 0x36, 0x35, 0x34, 0x23, 0x22, 0x37, 0x2d, 0x2c, 0x21, 0x27, 0x1d, 0x38, 0x51, 0x33,
    0x33, 0x51, 0x38, 0x1e, 0x28, 0x21, 0x2b, 0x2f, 0x21, 0x3d, 0x57, 0x36, 0x6d, 0x7d, 0x5d, 0x4e,
    0x3f, 0x40, 0x4d, 0x4b, 0x42, 0x41, 0x4c, 0x11, 0x3b, 0x42, 0x41, 0x3a, 0x7c, 0x7c, 0xb2, 0x39,
    0x5c, 0x15, 0x14, 0x4a, 0x2c, 0x2a, 0x44, 0x30, 0x1b, 0x1b, 0x30, 0x44, 0x2a, 0x2d, 0x4a, 0x14,
    0x15, 0x5b, 0x39, 0x2d, 0x49, 0x33, 0x1c, 0x6a, 0x5f, 0x3c, 0x3b, 0x3b, 0x3c, 0x3c, 0x3c, 0x3c,
    0xef, 0x30, 0x3c, 0x3c, 0x30, 0x68, 0x00, 0x00, 0x00, 0x03, 0x00, 0x3e, 0xff, 0xed, 0x02, 0x09,
    0x02, 0x9f, 0x00, 0x17, 0x00, 0x23, 0x00, 0x2f, 0x00, 0x0c, 0xb0, 0x09, 0x1c, 0xdf, 0xd6, 0x68,
    0x3a, 0x1a, 0xe5, 0x5f, 0xeb, 0x00, 0x37, 0x34, 0x36, 0x37, 0x2e, 0x01, 0x35, 0x34, 0x36, 0x33,
    0x32, 0x16, 0x15, 0x14, 0x06, 0x07, 0x1e, 0x01, 0x15, 0x14, 0x06, 0x23, 0x22, 0x26, 0x37, 0x14,
    0x16, 0x33, 0x32, 0x36, 0x35, 0x34, 0x26, 0x23, 0x22, 0x06, 0x37, 0x14, 0x16, 0x33, 0x32, 0x36,
    0x35, 0x34, 0x26, 0x23, 0x22, 0x06, 0x3e, 0x2d, 0x2a, 0x20, 0x26, 0x6d, 0x67, 0x67, 0x6e, 0x27,
    0x20, 0x2a, 0x2e, 0x79, 0x6d, 0x6c, 0x79, 0x5d, 0x4a, 0x3e, 0x3f, 0x4a, 0x48, 0x41, 0x40, 0x48,
    0x11, 0x37, 0x41, 0x41, 0x36, 0x3b, 0x3d, 0x3c, 0x3b, 0xb2, 0x39, 0x5c, 0x15, 0x14, 0x4a, 0x2c,
    0x54, 0x65, 0x65, 0x54, 0x2c, 0x4a, 0x14, 0x15, 0x5c, 0x39, 0x5b, 0x6a, 0x6a, 0x5f, 0x3b, 0x3c,
    0x3c, 0x3b, 0x3c, 0x3c, 0x3c, 0xef, 0x30, 0x3c, 0x3c, 0x30, 0x32, 0x36, 0x36, 0x00, 0x00, 0x00,
    0x00, 0x02, 0x00, 0x31, 0x00, 0x00, 0x02, 0x12, 0x02, 0xcd, 0x00, 0x16, 0x00, 0x22, 0x00, 0x0c,
    0xb0, 0x09, 0x1c, 0xdf, 0xd6, 0x68, 0x3a, 0x1a, 0xe5, 0x5f, 0xeb, 0x00, 0x13, 0x34, 0x3e, 0x02,
    0x33, 0x32, 0x1e, 0x02, 0x15, 0x14, 0x06, 0x07, 0x03, 0x23, 0x13, 0x06, 0x23, 0x22, 0x2e, 0x02,
    0x37, 0x14, 0x16, 0x33, 0x32, 0x36, 0x35, 0x34, 0x26, 0x23, 0x22, 0x06, 0x31, 0x20, 0x3e, 0x58,
    0x39, 0x39, 0x59, 0x3f, 0x21, 0x2f, 0x24, 0xab, 0x71, 0xbd, 0x1f, 0x2b, 0x36, 0x56, 0x3a, 0x1f,
    0x62, 0x48, 0x45, 0x45, 0x49, 0x49, 0x45, 0x45, 0x48, 0x01, 0xed, 0x30, 0x52, 0x3c, 0x22, 0x21,
    0x3c, 0x52, 0x31, 0x42, 0x6b, 0x37, 0xfe, 0xf7, 0x01, 0x19, 0x0e, 0x24, 0x3d, 0x52, 0x2e, 0x41,
    0x4c, 0x4c, 0x41, 0x40, 0x4d, 0x4d, 0x00, 0x00, 0x00, 0x02, 0x00, 0x32, 0xff, 0x4b, 0x02, 0x13,
    0x02, 0x05, 0x00, 0x16, 0x00, 0x22, 0x00, 0x0c, 0xb0, 0x09, 0x1c, 0xdf, 0xd6, 0x68, 0x3a, 0x1a,
    0xe5, 0x5f, 0xeb, 0x00, 0x01, 0x14, 0x0e, 0x02, 0x07, 0x03, 0x23, 0x13, 0x06, 0x23, 0x22, 0x2e,
    0x02, 0x35, 0x34, 0x3e, 0x02, 0x33, 0x32, 0x16, 0x07, 0x34, 0x26, 0x23, 0x22, 0x06, 0x15, 0x14,
    0x16, 0x33, 0x32, 0x36, 0x02, 0x13, 0x0e, 0x16, 0x1a, 0x0c, 0xd6, 0x70, 0xd8, 0x20, 0x2c, 0x31,
    0x51, 0x3b, 0x20, 0x1f, 0x3e, 0x59, 0x3b, 0x75, 0x7b, 0x62, 0x4c, 0x42, 0x42, 0x4e, 0x4d, 0x43,
    0x42, 0x4c, 0x01, 0x29, 0x23, 0x3b, 0x32, 0x27, 0x0f, 0xfe, 0xe8, 0x01, 0x11, 0x0e, 0x1f, 0x38,
    0x4f, 0x31, 0x32, 0x52, 0x3b, 0x21, 0x76, 0x6a, 0x41, 0x4d, 0x4e, 0x40, 0x40, 0x48, 0x48, 0x00,
    0x00, 0x02, 0x00, 0x35, 0xff, 0x4b, 0x02, 0x0e, 0x02, 0x05, 0x00, 0x16, 0x00, 0x22, 0x00, 0x0c,
    0xb0, 0x09, 0x1c, 0xdf, 0xd6, 0x68, 0x3a, 0x1a, 0xe5, 0x5f, 0xeb, 0x00, 0x01, 0x14, 0x0e, 0x02,
    0x07, 0x03, 0x23, 0x13, 0x06, 0x23, 0x22, 0x2e, 0x02, 0x35, 0x34, 0x3e, 0x02, 0x33, 0x32, 0x16,
    0x07, 0x34, 0x26, 0x23, 0x22, 0x06, 0x15, 0x14, 0x16, 0x33, 0x32, 0x36, 0x02, 0x0e, 0x0e, 0x15,
    0x1a, 0x0b, 0xd4, 0x70, 0xd6, 0x1f, 0x2b, 0x30, 0x50, 0x39, 0x20, 0x1e, 0x3c, 0x59, 0x3a, 0x75,
    0x77, 0x61, 0x4c, 0x3f, 0x3f, 0x4d, 0x48, 0x43, 0x42, 0x4a, 0x01, 0x29, 0x23, 0x3b, 0x32, 0x27,
    0x0f, 0xfe, 0xe8, 0x01, 0x11, 0x0e, 0x1f, 0x38, 0x4f, 0x31, 0x32, 0x52, 0x3b, 0x21, 0x76, 0x6a,
    0x41, 0x4d, 0x4e, 0x40, 0x3e, 0x4a, 0x48, 0x00, 0x00, 0x02, 0x00, 0x0e, 0x00, 0x00, 0x02, 0x3f,
    0x02, 0xbc, 0x00, 0x0c, 0x00, 0x13, 0x00, 0x0c, 0xb0, 0x09, 0x1c, 0xdf, 0xd6, 0x68, 0x3a, 0x1a,
    0xe5, 0x5f, 0xeb, 0x00, 0x13, 0x3e, 0x03, 0x3b, 0x01, 0x11, 0x23, 0x11, 0x23, 0x03, 0x23, 0x13,
    0x33, 0x11, 0x23, 0x22, 0x06, 0x07, 0xe3, 0x0e, 0x2e, 0x3c, 0x4b, 0x2c, 0x6d, 0x63, 0xfa, 0x68,
    0x6c, 0xf4, 0xda, 0x0a, 0x35, 0x49, 0x15, 0x02, 0x15, 0x24, 0x3d, 0x2d, 0x19, 0xfd, 0x44, 0x01,
    0x0d, 0xfe, 0xf3, 0x01, 0x5f, 0x01, 0x04, 0x30, 0x36, 0x00, 0x00, 0x00, 0x00, 0x01, 0x00, 0x5c,
    0x00, 0x00, 0x01, 0xc1, 0x02, 0xbc, 0x00, 0x0b, 0x00, 0x0c, 0xb0, 0x09, 0x1c, 0xdf, 0xd6, 0x68,
    0x3a, 0x1a, 0xe5, 0x5f, 0xeb, 0x00, 0x13, 0x21, 0x15, 0x21, 0x15, 0x33, 0x15, 0x23, 0x15, 0x21,
    0x15, 0x21, 0x5c, 0x01, 0x65, 0xfe, 0xfe, 0xd9, 0xd9, 0x01, 0x02, 0xfe, 0x9b, 0x02, 0xbc, 0x5c,
    0xb5, 0x5c, 0xf2, 0x5d, 0x00, 0x01, 0x00, 0x5c, 0x00, 0x00, 0x01, 0xc1, 0x02, 0xbc, 0x00, 0x09,
    0x00, 0x0c, 0xb0, 0x09, 0x1c, 0xdf, 0xd6, 0x68, 0x3a, 0x1a, 0xe5, 0x5f, 0xeb, 0x00, 0x13, 0x21,
    0x15, 0x21, 0x15, 0x33, 0x15, 0x23, 0x11, 0x23, 0x5c, 0x01, 0x65, 0xfe, 0xfe, 0xd9, 0xd9, 0x63,
    0x02, 0xbc, 0x5c, 0xab, 0x5c, 0xfe, 0xa7, 0x00, 0x00, 0x01, 0x00, 0x37, 0xff, 0xf0, 0x02, 0x8e,
    0x02, 0xce, 0x00, 0x2b, 0x00, 0x0c, 0xb0, 0x09, 0x1c, 0xdf, 0xd6, 0x68, 0x3a, 0x1a, 0xe5, 0x5f,
    0xeb, 0x00, 0x25, 0x0e, 0x01, 0x23, 0x22, 0x2e, 0x02, 0x35, 0x34, 0x3e, 0x02, 0x33, 0x32, 0x1e,
    0x02, 0x15, 0x23, 0x2e, 0x01, 0x23, 0x22, 0x0e, 0x02, 0x15, 0x14, 0x1e, 0x02, 0x33, 0x32, 0x36,
    0x35, 0x34, 0x26, 0x35, 0x23, 0x35, 0x21, 0x11, 0x23, 0x02, 0x41, 0x23, 0x72, 0x3f, 0x43, 0x72,
    0x52, 0x2f, 0x2c, 0x51, 0x74, 0x49, 0x3a, 0x61, 0x47, 0x28, 0x63, 0x04, 0x55, 0x4f, 0x33, 0x4f,
    0x35, 0x1c, 0x1f, 0x37, 0x4d, 0x2e, 0x6c, 0x5f, 0x01, 0xa9, 0x00, 0xff, 0x45, 0x49, 0x2e, 0x2b,
    0x26, 0x56, 0x8c, 0x66, 0x62, 0x8b, 0x59, 0x2a, 0x1d, 0x3a, 0x57, 0x39, 0x48, 0x41, 0x1b, 0x3f,
    0x6b, 0x4f, 0x52, 0x68, 0x3c, 0x17, 0x50, 0x51, 0x06, 0x0c, 0x06, 0x56, 0xfe, 0x98, 0x00, 0x00,
    0x00, 0x01, 0x00, 0x5c, 0x00, 0x00, 0x00, 0xbf, 0x02, 0xbc, 0x00, 0x03, 0x00, 0x0c, 0xb0, 0x09,
    0x1c, 0xdf, 0xd6, 0x68, 0x3a, 0x1a, 0xe5, 0x5f, 0xeb, 0x00, 0x13, 0x33, 0x11, 0x23, 0x5c, 0x63,
    0x63, 0x02, 0xbc, 0xfd, 0x44, 0x00, 0x00, 0x00, 0x00, 0x01, 0x00, 0x5c, 0x00, 0x00, 0x02, 0x6c,
    0x02, 0xbc, 0x00, 0x0a, 0x00, 0x0c, 0xb0, 0x09, 0x1c, 0xdf, 0xd6, 0x68, 0x3a, 0x1a, 0xe5, 0x5f,
    0xeb, 0x00, 0x13, 0x11, 0x23, 0x11, 0x33, 0x11, 0x01, 0x33, 0x09, 0x01, 0x23, 0xbf, 0x63, 0x63,
    0x01, 0x19, 0x78, 0xfe, 0xdb, 0x01, 0x41, 0x7d, 0x01, 0x53, 0xfe, 0xad, 0x02, 0xbc, 0xfe, 0xb9,
    0x01, 0x47, 0xfe, 0xaf, 0xfe, 0x95, 0x00, 0x00, 0x00, 0x01, 0x00, 0x5c, 0x00, 0x00, 0x03, 0x2e,
    0x02, 0xbc, 0x00, 0x0c, 0x00, 0x0c, 0xb0, 0x09, 0x1c, 0xdf, 0xd6, 0x68, 0x3a, 0x1a, 0xe5, 0x5f,
    0xeb, 0x00, 0x13, 0x33, 0x1b, 0x01, 0x33, 0x11, 0x23, 0x11, 0x03, 0x23, 0x03, 0x11, 0x23, 0x5c,
    0x94, 0xd8, 0xd5, 0x91, 0x63, 0xd5, 0x5c, 0xdb, 0x63, 0x02, 0xbc, 0xfd, 0xaf, 0x02, 0x51, 0xfd,
    0x44, 0x02, 0x3f, 0xfd, 0xc1, 0x02, 0x45, 0xfd, 0xbb, 0x00, 0x00, 0x00, 0x00, 0x01, 0x00, 0x5c,
    0x00, 0x00, 0x02, 0xa5, 0x02, 0xbc, 0x00, 0x0a, 0x00, 0x0c, 0xb0, 0x09, 0x1c, 0xdf, 0xd6, 0x68,
    0x3a, 0x1a, 0xe5, 0x5f, 0xeb, 0x00, 0x25, 0x01, 0x11, 0x23, 0x11, 0x33, 0x01, 0x11, 0x33, 0x11,
    0x23, 0x02, 0x41, 0xfe, 0x7e, 0x63, 0x66, 0x01, 0x7f, 0x64, 0x64, 0xcb, 0x01, 0x77, 0xfd, 0xbe,
    0x02, 0xbc, 0xfe, 0x89, 0x01, 0x77, 0xfd, 0x44, 0x00, 0x02, 0x00, 0x5c, 0x00, 0x00, 0x02, 0x39,
    0x02, 0xbc, 0x00, 0x07, 0x00, 0x0b, 0x00, 0x0c, 0xb0, 0x09, 0x1c, 0xdf, 0xd6, 0x68, 0x3a, 0x1a,
    0xe5, 0x5f, 0xeb, 0x00, 0x13, 0x21, 0x32, 0x15, 0x11, 0x21, 0x11, 0x23, 0x13, 0x21, 0x35, 0x21,
    0x5c, 0x01, 0xc7, 0x16, 0xfe, 0x86, 0x63, 0x63, 0x01, 0x16, 0xfe, 0xea, 0x02, 0xbc, 0x15, 0xfe,
    0x8e, 0xfe, 0xcb, 0x01, 0x8f, 0xd3, 0x00, 0x00, 0x00, 0x02, 0x00, 0x37, 0xff, 0xa5, 0x02, 0xb3,
    0x02, 0xce, 0x00, 0x16, 0x00, 0x2d, 0x00, 0x0c, 0xb0, 0x09, 0x1c, 0xdf, 0xd6, 0x68, 0x3a, 0x1a,
    0xe5, 0x5f, 0xeb, 0x00, 0x05, 0x2e, 0x03, 0x35, 0x34, 0x3e, 0x02, 0x33, 0x32, 0x1e, 0x02, 0x15,
    0x14, 0x0e, 0x02, 0x0f, 0x01, 0x23, 0x03, 0x14, 0x1e, 0x02, 0x17, 0x27, 0x33, 0x07, 0x3e, 0x03,
    0x35, 0x34, 0x2e, 0x02, 0x23, 0x22, 0x0e, 0x02, 0x01, 0x4f, 0x3c, 0x67, 0x4b, 0x2a, 0x32, 0x56,
    0x74, 0x42, 0x43, 0x74, 0x56, 0x31, 0x2a, 0x4b, 0x67, 0x3c, 0x03, 0x45, 0xb6, 0x17, 0x2d, 0x41,
    0x2a, 0x05, 0x5d, 0x05, 0x29, 0x41, 0x2d, 0x18, 0x21, 0x3b, 0x4f, 0x2e, 0x2e, 0x4f, 0x3a, 0x21,
    0x0e, 0x05, 0x2e, 0x58, 0x85, 0x5c, 0x63, 0x8c, 0x59, 0x28, 0x28, 0x59, 0x8c, 0x63, 0x5c, 0x84,
    0x58, 0x2f, 0x05, 0x4d, 0x01, 0xb9, 0x48, 0x65, 0x41, 0x22, 0x04, 0x6e, 0x6e, 0x05, 0x21, 0x41,
    0x65, 0x48, 0x52, 0x6a, 0x3e, 0x18, 0x18, 0x3e, 0x6a, 0x00, 0x00, 0x00, 0x00, 0x02, 0x00, 0x5c,
    0xff, 0xf5, 0x02, 0x6a, 0x02, 0xbc, 0x00, 0x13, 0x00, 0x17, 0x00, 0x0c, 0xb0, 0x09, 0x1c, 0xdf,
    0xd6, 0x68, 0x3a, 0x1a, 0xe5, 0x5f, 0xeb, 0x00, 0x01, 0x23, 0x11, 0x23, 0x11, 0x21, 0x32, 0x15,
    0x11, 0x23, 0x17, 0x1e, 0x01, 0x17, 0x15, 0x2e, 0x03, 0x27, 0x03, 0x21, 0x35, 0x21, 0x01, 0x09,
    0x4a, 0x63, 0x01, 0xc8, 0x15, 0xc1, 0x5a, 0x1d, 0x55, 0x26, 0x20, 0x3f, 0x3c, 0x38, 0x18, 0xc0,
    0x01, 0x16, 0xfe, 0xea, 0x01, 0x37, 0xfe, 0xc9, 0x02, 0xbc, 0x15, 0xfe, 0x90, 0x8a, 0x2d, 0x25,
    0x03, 0x63, 0x01, 0x0e, 0x1f, 0x34, 0x28, 0x01, 0x0d, 0xd6, 0x00, 0x00, 0x00, 0x01, 0x00, 0x11,
    0x00, 0x00, 0x02, 0x9b, 0x02, 0xbc, 0x00, 0x0b, 0x00, 0x0c, 0xb0, 0x09, 0x1c, 0xdf, 0xd6, 0x68,
    0x3a, 0x1a, 0xe5, 0x5f, 0xeb, 0x00, 0x13, 0x21, 0x11, 0x33, 0x11, 0x21, 0x15, 0x21, 0x11, 0x23,
    0x11, 0x21, 0x11, 0x01, 0x14, 0x64, 0x01, 0x12, 0xfe, 0xee, 0x64, 0xfe, 0xec, 0x01, 0x96, 0x01,
    0x26, 0xfe, 0xda, 0x5e, 0xfe, 0xc8, 0x01, 0x38, 0x00, 0x01, 0x00, 0x1a, 0x00, 0x00, 0x02, 0x3c,
    0x02, 0xbc, 0x00, 0x10, 0x00, 0x0c, 0xb0, 0x09, 0x1c, 0xdf, 0xd6, 0x68, 0x3a, 0x1a, 0xe5, 0x5f,
    0xeb, 0x00, 0x13, 0x33, 0x13, 0x1e, 0x01, 0x3b, 0x01, 0x13, 0x33, 0x03, 0x23, 0x13, 0x22, 0x2e,
    0x02, 0x27, 0x1a, 0x6d, 0x7c, 0x0e, 0x23, 0x1f, 0x12, 0x70, 0x67, 0xec, 0x64, 0x5b, 0x1d, 0x2e,
    0x25, 0x1e, 0x0f, 0x02, 0xbc, 0xfe, 0xe7, 0x20, 0x17, 0x01, 0x50, 0xfd, 0x44, 0x01, 0x12, 0x0d,
    0x1c, 0x2c, 0x20, 0x00, 0x00, 0x02, 0x00, 0x32, 0xff, 0xf1, 0x02, 0x09, 0x02, 0x03, 0x00, 0x12,
    0x00, 0x1e, 0x00, 0x0c, 0xb0, 0x09, 0x1c, 0xdf, 0xd6, 0x68, 0x3a, 0x1a, 0xe5, 0x5f, 0xeb, 0x00,
    0x25, 0x0e, 0x01, 0x23, 0x22, 0x26, 0x35, 0x34, 0x3e, 0x02, 0x33, 0x32, 0x16, 0x17, 0x35, 0x33,
    0x11, 0x23, 0x37, 0x34, 0x26, 0x23, 0x22, 0x06, 0x15, 0x14, 0x16, 0x33, 0x32, 0x36, 0x01, 0xa6,
    0x17, 0x56, 0x32, 0x6c, 0x69, 0x1e, 0x39, 0x53, 0x35, 0x3a, 0x49, 0x12, 0x63, 0x63, 0x05, 0x3d,
    0x4e, 0x4a, 0x42, 0x3d, 0x4a, 0x4d, 0x43, 0x48, 0x27, 0x30, 0x88, 0x7d, 0x3c, 0x64, 0x46, 0x27,
    0x2e, 0x21, 0x40, 0xfe, 0x0c, 0xfa, 0x60, 0x55, 0x62, 0x57, 0x58, 0x5a, 0x54, 0x00, 0x00, 0x00,
    0x00, 0x01, 0x00, 0x32, 0xff, 0xf0, 0x01, 0xfc, 0x02, 0x03, 0x00, 0x1c, 0x00, 0x0c, 0xb0, 0x09,
    0x1c, 0xdf, 0xd6, 0x68, 0x3a, 0x1a, 0xe5, 0x5f, 0xeb, 0x00, 0x25, 0x0e, 0x01, 0x23, 0x22, 0x26,
    0x35, 0x34, 0x36, 0x33, 0x32, 0x1e, 0x02, 0x17, 0x23, 0x26, 0x23, 0x22, 0x06, 0x07, 0x21, 0x15,
    0x21, 0x1e, 0x01, 0x33, 0x32, 0x37, 0x01, 0xfc, 0x14, 0x6d, 0x59, 0x70, 0x80, 0x7d, 0x6f, 0x34,
    0x47, 0x2f, 0x18, 0x05, 0x64, 0x14, 0x4f, 0x3c, 0x46, 0x08, 0x01, 0x2d, 0xfe, 0xd0, 0x05, 0x47,
    0x45, 0x51, 0x23, 0x77, 0x3f, 0x48, 0x7e, 0x86, 0x8c, 0x83, 0x18, 0x26, 0x30, 0x18, 0x35, 0x41,
    0x4b, 0x48, 0x53, 0x48, 0x34, 0x00, 0x00, 0x00, 0x00, 0x01, 0x00, 0x04, 0xff, 0x2b, 0x01, 0x63,
    0x02, 0xcd, 0x00, 0x21, 0x00, 0x0c, 0xb0, 0x09, 0x1c, 0xdf, 0xd6, 0x68, 0x3a, 0x1a, 0xe5, 0x5f,
    0xeb, 0x00, 0x13, 0x33, 0x35, 0x34, 0x36, 0x33, 0x32, 0x16, 0x17, 0x15, 0x2e, 0x01, 0x23, 0x22,
    0x06, 0x1d, 0x01, 0x33, 0x15, 0x23, 0x11, 0x14, 0x06, 0x23, 0x22, 0x26, 0x27, 0x35, 0x37, 0x3e,
    0x01, 0x35, 0x11, 0x23, 0x1c, 0x4a, 0x5d, 0x53, 0x17, 0x26, 0x10, 0x0e, 0x1f, 0x0c, 0x35, 0x2c,
    0x7c, 0x7c, 0x41, 0x52, 0x0b, 0x1f, 0x08, 0x2c, 0x1f, 0x17, 0x4a, 0x01, 0xf4, 0x34, 0x49, 0x5c,
    0x04, 0x04, 0x4b, 0x02, 0x03, 0x31, 0x2c, 0x2e, 0x48, 0xfe, 0x29, 0x53, 0x57, 0x03, 0x03, 0x52,
    0x01, 0x02, 0x28, 0x28, 0x01, 0xd6, 0x00, 0x00, 0x00, 0x02, 0x00, 0x32, 0xff, 0x2e, 0x02, 0x09,
    0x02, 0x03, 0x00, 0x20, 0x00, 0x2c, 0x00, 0x0c, 0xb0, 0x09, 0x1c, 0xdf, 0xd6, 0x68, 0x3a, 0x1a,
    0xe5, 0x5f, 0xeb, 0x00, 0x17, 0x1e, 0x01, 0x33, 0x32, 0x3e, 0x02, 0x3d, 0x01, 0x0e, 0x01, 0x23,
    0x22, 0x26, 0x35, 0x34, 0x3e, 0x02, 0x33, 0x32, 0x16, 0x17, 0x35, 0x33, 0x11, 0x14, 0x06, 0x23,
    0x22, 0x26, 0x27, 0x01, 0x34, 0x26, 0x23, 0x22, 0x06, 0x15, 0x14, 0x16, 0x33, 0x32, 0x36, 0xb2,
    0x03, 0x39, 0x39, 0x1e, 0x30, 0x20, 0x11, 0x16, 0x57, 0x3b, 0x60, 0x6c, 0x1e, 0x38, 0x52, 0x34,
    0x3c, 0x4a, 0x12, 0x63, 0x72, 0x70, 0x6c, 0x68, 0x04, 0x01, 0x5c, 0x3b, 0x4a, 0x4e, 0x44, 0x3e,
    0x4d, 0x4a, 0x42, 0x34, 0x28, 0x26, 0x0a, 0x1b, 0x2f, 0x25, 0x50, 0x26, 0x30, 0x87, 0x7a, 0x3e,
    0x65, 0x47, 0x27, 0x2e, 0x20, 0x3f, 0xfe, 0x03, 0x68, 0x61, 0x52, 0x4c, 0x01, 0x2e, 0x5e, 0x57,
    0x5f, 0x5d, 0x56, 0x59, 0x56, 0x00, 0x00, 0x00, 0x00, 0x01, 0x00, 0x55, 0x00, 0x00, 0x02, 0x00,
    0x02, 0xc6, 0x00, 0x0c, 0x00, 0x0c, 0xb0, 0x09, 0x1c, 0xdf, 0xd6, 0x68, 0x3a, 0x1a, 0xe5, 0x5f,
    0xeb, 0x00, 0x01, 0x23, 0x11, 0x23, 0x11, 0x33, 0x15, 0x21, 0x32, 0x16, 0x15, 0x11, 0x23, 0x01,
    0x9e, 0xe6, 0x63, 0x63, 0x01, 0x36, 0x0b, 0x07, 0x62, 0x01, 0xa7, 0xfe, 0x59, 0x02, 0xc6, 0xd2,
    0x06, 0x0b, 0xfe, 0x1d, 0x00, 0x02, 0x00, 0x3c, 0x00, 0x00, 0x00, 0xd1, 0x02, 0xd0, 0x00, 0x03,
    0x00, 0x0b, 0x00, 0x0c, 0xb0, 0x09, 0x1c, 0xdf, 0xd6, 0x68, 0x3a, 0x1a, 0xe5, 0x5f, 0xeb, 0x00,
    0x13, 0x33, 0x11, 0x23, 0x13, 0x1e, 0x01, 0x17, 0x07, 0x2e, 0x01, 0x27, 0x55, 0x63, 0x63, 0x31,
    0x13, 0x27, 0x11, 0x4b, 0x13, 0x26, 0x11, 0x01, 0xf4, 0xfe, 0x0c, 0x02, 0xd0, 0x10, 0x26, 0x14,
    0x49, 0x10, 0x25, 0x15, 0x00, 0x02, 0xff, 0xd0, 0xff, 0x36, 0x00, 0xd2, 0x02, 0xd0, 0x00, 0x0d,
    0x00, 0x15, 0x00, 0x0c, 0xb0, 0x09, 0x1c, 0xdf, 0xd6, 0x68, 0x3a, 0x1a, 0xe5, 0x5f, 0xeb, 0x00,
    0x07, 0x37, 0x3e, 0x01, 0x35, 0x11, 0x33, 0x11, 0x14, 0x06, 0x23, 0x22, 0x26, 0x27, 0x13, 0x1e,
    0x01, 0x17, 0x07, 0x2e, 0x01, 0x27, 0x30, 0x48, 0x23, 0x1b, 0x62, 0x4e, 0x48, 0x0e, 0x32, 0x12,
    0xb7, 0x13, 0x27, 0x11, 0x4b, 0x13, 0x26, 0x11, 0x73, 0x05, 0x02, 0x42, 0x33, 0x01, 0xeb, 0xfe,
    0x0d, 0x60, 0x6b, 0x02, 0x04, 0x03, 0x94, 0x10, 0x26, 0x14, 0x49, 0x10, 0x25, 0x15, 0x00, 0x00,
    0x00, 0x01, 0x00, 0x55, 0x00, 0x00, 0x02, 0x20, 0x02, 0xc6, 0x00, 0x0a, 0x00, 0x0c, 0xb0, 0x09,
    0x1c, 0xdf, 0xd6, 0x68, 0x3a, 0x1a, 0xe5, 0x5f, 0xeb, 0x00, 0x13, 0x33, 0x11, 0x37, 0x33, 0x07,
    0x13, 0x23, 0x03, 0x11, 0x23, 0x55, 0x63, 0xd2, 0x7c, 0xd6, 0xf0, 0x77, 0xf1, 0x63, 0x02, 0xc6,
    0xfe, 0x4f, 0xdf, 0xe2, 0xfe, 0xee, 0x01, 0x10, 0xfe, 0xf0, 0x00, 0x00, 0x00, 0x01, 0x00, 0x55,
    0x00, 0x00, 0x00, 0xb8, 0x02, 0xc6, 0x00, 0x03, 0x00, 0x0c, 0xb0, 0x09, 0x1c, 0xdf, 0xd6, 0x68,
    0x3a, 0x1a, 0xe5, 0x5f, 0xeb, 0x00, 0x13, 0x33, 0x11, 0x23, 0x55, 0x63, 0x63, 0x02, 0xc6, 0xfd,
    0x3a, 0x00, 0x00, 0x00, 0x00, 0x01, 0x00, 0x55, 0x00, 0x00, 0x03, 0x40, 0x01, 0xf4, 0x00, 0x0e,
    0x00, 0x0c, 0xb0, 0x09, 0x1c, 0xdf, 0xd6, 0x68, 0x3a, 0x1a, 0xe5, 0x5f, 0xeb, 0x00, 0x01, 0x23,
    0x11, 0x23, 0x11, 0x21, 0x32, 0x16, 0x15, 0x11, 0x23, 0x11, 0x23, 0x11, 0x23, 0x01, 0x99, 0xe1,
    0x63, 0x02, 0xda, 0x0b, 0x06, 0x62, 0xe2, 0x63, 0x01, 0xa7, 0xfe, 0x59, 0x01, 0xf4, 0x06, 0x0b,
    0xfe, 0x1d, 0x01, 0xa7, 0xfe, 0x59, 0x00, 0x00, 0x00, 0x01, 0x00, 0x55, 0x00, 0x00, 0x02, 0x00,
    0x01, 0xf4, 0x00, 0x0b, 0x00, 0x0c, 0xb0, 0x09, 0x1c, 0xdf, 0xd6, 0x68, 0x3a, 0x1a, 0xe5, 0x5f,
    0xeb, 0x00, 0x01, 0x23, 0x11, 0x23, 0x11, 0x33, 0x21, 0x32, 0x16, 0x15, 0x11, 0x23, 0x01, 0x9e,
    0xe6, 0x63, 0x63, 0x01, 0x36, 0x0b, 0x07, 0x62, 0x01, 0xa7, 0xfe, 0x59, 0x01, 0xf4, 0x06, 0x0b,
    0xfe, 0x1d, 0x00, 0x00, 0x00, 0x01, 0x00, 0x55, 0x00, 0x00, 0x01, 0x67, 0x01, 0xf4, 0x00, 0x05,
    0x00, 0x0c, 0xb0, 0x09, 0x1c, 0xdf, 0xd6, 0x68, 0x3a, 0x1a, 0xe5, 0x5f, 0xeb, 0x00, 0x13, 0x21,
    0x07, 0x23, 0x11, 0x23, 0x55, 0x01, 0x12, 0x0a, 0xa5, 0x63, 0x01, 0xf4, 0x4d, 0xfe, 0x59, 0x00,
    0x00, 0x01, 0x00, 0x1d, 0x00, 0x00, 0x01, 0x5b, 0x02, 0x9c, 0x00, 0x0b, 0x00, 0x0c, 0xb0, 0x09,
    0x1c, 0xdf, 0xd6, 0x68, 0x3a, 0x1a, 0xe5, 0x5f, 0xeb, 0x00, 0x13, 0x33, 0x35, 0x33, 0x15, 0x33,
    0x15, 0x23, 0x11, 0x23, 0x11, 0x23, 0x1d, 0x6e, 0x62, 0x6e, 0x6e, 0x62, 0x6e, 0x01, 0xf4, 0xa8,
    0xa8, 0x49, 0xfe, 0x55, 0x01, 0xab, 0x00, 0x00, 0x00, 0x01, 0x00, 0x0f, 0xff, 0x38, 0x01, 0xf4,
    0x01, 0xf4, 0x00, 0x0d, 0x00, 0x0c, 0xb0, 0x09, 0x1c, 0xdf, 0xd6, 0x68, 0x3a, 0x1a, 0xe5, 0x5f,
    0xeb, 0x00, 0x37, 0x03, 0x33, 0x13, 0x1e, 0x01, 0x17, 0x3e, 0x01, 0x37, 0x13, 0x33, 0x01, 0x23,
    0xdb, 0xcc, 0x67, 0x79, 0x07, 0x0b, 0x05, 0x05, 0x0c, 0x07, 0x71, 0x65, 0xfe, 0xf6, 0x61, 0x06,
    0x01, 0xee, 0xfe, 0xc1, 0x14, 0x28, 0x12, 0x12, 0x28, 0x14, 0x01, 0x3f, 0xfd, 0x44, 0x00, 0x00,
    0x00, 0x01, 0x00, 0x34, 0x00, 0xba, 0x00, 0xc0, 0x01, 0x43, 0x00, 0x0b, 0x00, 0x0c, 0xb0, 0x09,
    0x1c, 0xdf, 0xd6, 0x68, 0x3a, 0x1a, 0xe5, 0x5f, 0xeb, 0x00, 0x37, 0x22, 0x26, 0x35, 0x34, 0x36,
    0x33, 0x32, 0x16, 0x15, 0x14, 0x06, 0x7a, 0x23, 0x23, 0x23, 0x23, 0x23, 0x23, 0x23, 0xba, 0x26,
    0x1f, 0x1d, 0x27, 0x27, 0x1d, 0x1f, 0x26, 0x00, 0x00, 0x01, 0x00, 0x11, 0x00, 0x00, 0x02, 0x9b,
    0x02, 0xbc, 0x00, 0x13, 0x00, 0x0c, 0xb0, 0x09, 0x1c, 0xdf, 0xd6, 0x68, 0x3a, 0x1a, 0xe5, 0x5f,
    0xeb, 0x00, 0x13, 0x21, 0x11, 0x33, 0x11, 0x21, 0x15, 0x21, 0x15, 0x33, 0x15, 0x23, 0x15, 0x23,
    0x35, 0x23, 0x35, 0x33, 0x35, 0x21, 0x11, 0x01, 0x15, 0x63, 0x01, 0x12, 0xfe, 0xee, 0xcb, 0xcb,
    0x63, 0xd8, 0xd8, 0xfe, 0xeb, 0x01, 0x97, 0x01, 0x25, 0xfe, 0xdb, 0x5e, 0x57, 0x4e, 0x94, 0x94,
    0x4e, 0x57, 0x00, 0x00, 0x00, 0x01, 0x00, 0x08, 0x00, 0x00, 0x02, 0x00, 0x02, 0xc6, 0x00, 0x14,
    0x00, 0x0c, 0xb0, 0x09, 0x1c, 0xdf, 0xd6, 0x68, 0x3a, 0x1a, 0xe5, 0x5f, 0xeb, 0x00, 0x13, 0x33,
    0x35, 0x33, 0x15, 0x33, 0x15, 0x23, 0x15, 0x21, 0x32, 0x16, 0x15, 0x11, 0x23, 0x11, 0x23, 0x11,
    0x23, 0x11, 0x23, 0x08, 0x4d, 0x63, 0xab, 0xab, 0x01, 0x36, 0x0b, 0x07, 0x62, 0xe6, 0x63, 0x4d,
    0x02, 0x7d, 0x49, 0x49, 0x43, 0x46, 0x06, 0x0b, 0xfe, 0x1d, 0x01, 0xa7, 0xfe, 0x59, 0x02, 0x3a,
    0x00, 0x01, 0x00, 0x0e, 0x00, 0x00, 0x01, 0x00, 0x02, 0xc6, 0x00, 0x0b, 0x00, 0x0c, 0xb0, 0x09,
    0x1c, 0xdf, 0xd6, 0x68, 0x3a, 0x1a, 0xe5, 0x5f, 0xeb, 0x00, 0x13, 0x37, 0x11, 0x33, 0x11, 0x37,
    0x15, 0x07, 0x11, 0x23, 0x11, 0x07, 0x0e, 0x47, 0x63, 0x48, 0x48, 0x63, 0x47, 0x01, 0x38, 0x3d,
    0x01, 0x51, 0xfe, 0xf5, 0x40, 0x4a, 0x3d, 0xfe, 0x8c, 0x01, 0x2e, 0x40, 0x00, 0x01, 0x00, 0x1d,
    0x00, 0x00, 0x01, 0x5b, 0x02, 0x9c, 0x00, 0x13, 0x00, 0x0c, 0xb0, 0x09, 0x1c, 0xdf, 0xd6, 0x68,
    0x3a, 0x1a, 0xe5, 0x5f, 0xeb, 0x00, 0x13, 0x33, 0x35, 0x33, 0x15, 0x33, 0x15, 0x23, 0x15, 0x33,
    0x15, 0x23, 0x11, 0x23, 0x11, 0x23, 0x35, 0x33, 0x35, 0x23, 0x1d, 0x6e, 0x62, 0x6e, 0x6e, 0x60,
    0x60, 0x62, 0x5c, 0x5c, 0x6e, 0x01, 0xf4, 0xa8, 0xa8, 0x49, 0x66, 0x41, 0xfe, 0xfc, 0x01, 0x04,
    0x41, 0x66, 0x00, 0x00, 0x00, 0x01, 0x00, 0x19, 0x02, 0xef, 0x00, 0xd3, 0x03, 0x6f, 0x00, 0x03,
    0x00, 0x0c, 0xb0, 0x09, 0x1c, 0xdf, 0xd6, 0x68, 0x3a, 0x1a, 0xe5, 0x5f, 0xeb, 0x00, 0x13, 0x33,
    0x17, 0x23, 0x19, 0x7c, 0x3e, 0x59, 0x03, 0x6f, 0x80, 0x00, 0x00, 0x00, 0x00, 0x01, 0x00, 0x0a,
    0x02, 0xef, 0x00, 0xbf, 0x03, 0x6f, 0x00, 0x03, 0x00, 0x0c, 0xb0, 0x09, 0x1c, 0xdf, 0xd6, 0x68,
    0x3a, 0x1a, 0xe5, 0x5f, 0xeb, 0x00, 0x13, 0x33, 0x07, 0x23, 0x44, 0x7b, 0x5c, 0x59, 0x03, 0x6f,
    0x80, 0x00, 0x00, 0x00, 0x00, 0x01, 0xff, 0xfe, 0x02, 0xe8, 0x01, 0x34, 0x03, 0x65, 0x00, 0x06,
    0x00, 0x0c, 0xb0, 0x09, 0x1c, 0xdf, 0xd6, 0x68, 0x3a, 0x1a, 0xe5, 0x5f, 0xeb, 0x00, 0x13, 0x33,
    0x17, 0x23, 0x27, 0x07, 0x23, 0x65, 0x68, 0x67, 0x5e, 0x3d, 0x3d, 0x5e, 0x03, 0x65, 0x7d, 0x4f,
    0x4f, 0x00, 0x00, 0x00, 0x00, 0x01, 0xff, 0xfe, 0x02, 0xef, 0x01, 0x2d, 0x03, 0x66, 0x00, 0x1c,
    0x00, 0x0c, 0xb0, 0x09, 0x1c, 0xdf, 0xd6, 0x68, 0x3a, 0x1a, 0xe5, 0x5f, 0xeb, 0x00, 0x03, 0x34,
    0x3e, 0x02, 0x33, 0x32, 0x16, 0x17, 0x1e, 0x01, 0x33, 0x32, 0x35, 0x33, 0x14, 0x0e, 0x02, 0x23,
    0x22, 0x26, 0x27, 0x2e, 0x01, 0x23, 0x22, 0x06, 0x15, 0x02, 0x10, 0x1a, 0x22, 0x12, 0x12, 0x1d,
    0x0b, 0x0a, 0x17, 0x0b, 0x27, 0x44, 0x10, 0x1b, 0x21, 0x12, 0x11, 0x1d, 0x0b, 0x0b, 0x12, 0x10,
    0x14, 0x12, 0x02, 0xef, 0x1f, 0x2b, 0x1a, 0x0b, 0x0b, 0x07, 0x07, 0x09, 0x2a, 0x20, 0x2b, 0x1a,
    0x0b, 0x0a, 0x08, 0x08, 0x09, 0x16, 0x14, 0x00, 0x00, 0x01, 0x00, 0x00, 0x02, 0xf2, 0x01, 0x0f,
    0x03, 0x36, 0x00, 0x03, 0x00, 0x0c, 0xb0, 0x09, 0x1c, 0xdf, 0xd6, 0x68, 0x3a, 0x1a, 0xe5, 0x5f,
    0xeb, 0x00, 0x11, 0x21, 0x15, 0x21, 0x01, 0x0f, 0xfe, 0xf1, 0x03, 0x36, 0x44, 0x00, 0x00, 0x00,
    0x00, 0x01, 0x00, 0x00, 0x02, 0xe7, 0x01, 0x14, 0x03, 0x5e, 0x00, 0x0b, 0x00, 0x0c, 0xb0, 0x09,
    0x1c, 0xdf, 0xd6, 0x68, 0x3a, 0x1a, 0xe5, 0x5f, 0xeb, 0x00, 0x13, 0x22, 0x26, 0x27, 0x33, 0x16,
    0x33, 0x32, 0x37, 0x33, 0x0e, 0x01, 0x8a, 0x42, 0x46, 0x02, 0x4f, 0x01, 0x3a, 0x3a, 0x01, 0x4f,
    0x02, 0x46, 0x02, 0xe7, 0x3b, 0x3c, 0x3c, 0x3c, 0x3c, 0x3b, 0x00, 0x00, 0x00, 0x01, 0x00, 0x00,
    0x02, 0xee, 0x00, 0x75, 0x03, 0x5d, 0x00, 0x0b, 0x00, 0x0c, 0xb0, 0x09, 0x1c, 0xdf, 0xd6, 0x68,
    0x3a, 0x1a, 0xe5, 0x5f, 0xeb, 0x00, 0x13, 0x22, 0x26, 0x35, 0x34, 0x36, 0x33, 0x32, 0x16, 0x15,
    0x14, 0x06, 0x3b, 0x1d, 0x1e, 0x1e, 0x1d, 0x1d, 0x1d, 0x1d, 0x02, 0xee, 0x20, 0x19, 0x18, 0x1e,
    0x1e, 0x18, 0x19, 0x20, 0x00, 0x02, 0x00, 0x00, 0x02, 0xee, 0x01, 0x2f, 0x03, 0x5b, 0x00, 0x0b,
    0x00, 0x17, 0x00, 0x0c, 0xb0, 0x09, 0x1c, 0xdf, 0xd6, 0x68, 0x3a, 0x1a, 0xe5, 0x5f, 0xeb, 0x00,
    0x13, 0x22, 0x26, 0x35, 0x34, 0x36, 0x33, 0x32, 0x16, 0x15, 0x14, 0x06, 0x33, 0x22, 0x26, 0x35,
    0x34, 0x36, 0x33, 0x32, 0x16, 0x15, 0x14, 0x06, 0x3a, 0x1c, 0x1e, 0x1e, 0x1c, 0x1b, 0x1f, 0x1f,
    0xa0, 0x1b, 0x1e, 0x1e, 0x1b, 0x1c, 0x1e, 0x1e, 0x02, 0xee, 0x20, 0x18, 0x17, 0x1e, 0x1e, 0x17,
    0x18, 0x20, 0x1f, 0x19, 0x17, 0x1e, 0x1e, 0x17, 0x18, 0x20, 0x00, 0x00, 0x00, 0x02, 0x00, 0x00,
    0x02, 0xd4, 0x00, 0xe0, 0x03, 0xa0, 0x00, 0x0b, 0x00, 0x15, 0x00, 0x0c, 0xb0, 0x09, 0x1c, 0xdf,
    0xd6, 0x68, 0x3a, 0x1a, 0xe5, 0x5f, 0xeb, 0x00, 0x13, 0x22, 0x26, 0x35, 0x34, 0x36, 0x33, 0x32,
    0x16, 0x15, 0x14, 0x06, 0x27, 0x32, 0x36, 0x35, 0x34, 0x26, 0x23, 0x22, 0x15, 0x14, 0x6e, 0x33,
    0x3b, 0x3b, 0x33, 0x36, 0x3c, 0x3c, 0x36, 0x1c, 0x17, 0x17, 0x1c, 0x30, 0x02, 0xd4, 0x38, 0x2e,
    0x2d, 0x39, 0x39, 0x2d, 0x2e, 0x38, 0x38, 0x18, 0x16, 0x18, 0x1a, 0x32, 0x2e, 0x00, 0x00, 0x00,
    0x00, 0x01, 0x00, 0x00, 0xff, 0x26, 0x00, 0xc7, 0x00, 0x0a, 0x00, 0x15, 0x00, 0x0c, 0xb0, 0x09,
    0x1c, 0xdf, 0xd6, 0x68, 0x3a, 0x1a, 0xe5, 0x5f, 0xeb, 0x00, 0x37, 0x07, 0x1e, 0x01, 0x15, 0x14,
    0x06, 0x23, 0x22, 0x26, 0x27, 0x37, 0x1e, 0x01, 0x33, 0x32, 0x36, 0x35, 0x34, 0x2b, 0x01, 0x37,
    0x94, 0x20, 0x24, 0x2f, 0x40, 0x36, 0x1b, 0x2b, 0x0b, 0x14, 0x0b, 0x20, 0x12, 0x14, 0x19, 0x29,
    0x30, 0x26, 0x0a, 0x42, 0x02, 0x20, 0x25, 0x2f, 0x2c, 0x0b, 0x06, 0x38, 0x04, 0x07, 0x0d, 0x11,
    0x1c, 0x6c, 0x00, 0x00, 0x00, 0x02, 0x00, 0x06, 0x02, 0xef, 0x01, 0x71, 0x03, 0x6f, 0x00, 0x03,
    0x00, 0x07, 0x00, 0x0c, 0xb0, 0x09, 0x1c, 0xdf, 0xd6, 0x68, 0x3a, 0x1a, 0xe5, 0x5f, 0xeb, 0x00,
    0x13, 0x33, 0x07, 0x23, 0x37, 0x33, 0x07, 0x23, 0x52, 0x71, 0x6b, 0x52, 0xf9, 0x72, 0x71, 0x52,
    0x03, 0x6f, 0x80, 0x80, 0x80, 0x00, 0x00, 0x00, 0x00, 0x01, 0x00, 0x00, 0xff, 0x06, 0x00, 0xca,
    0x00, 0x0d, 0x00, 0x12, 0x00, 0x0c, 0xb0, 0x09, 0x1c, 0xdf, 0xd6, 0x68, 0x3a, 0x1a, 0xe5, 0x5f,
    0xeb, 0x00, 0x33, 0x0e, 0x01, 0x15, 0x14, 0x33, 0x32, 0x36, 0x37, 0x17, 0x0e, 0x01, 0x23, 0x22,
    0x26, 0x35, 0x34, 0x36, 0x37, 0xca, 0x45, 0x31, 0x33, 0x0e, 0x1a, 0x0a, 0x11, 0x0e, 0x29, 0x1e,
    0x37, 0x3e, 0x3c, 0x30, 0x1d, 0x3d, 0x20, 0x35, 0x08, 0x09, 0x3e, 0x0e, 0x10, 0x35, 0x36, 0x35,
    0x4a, 0x1d, 0x00, 0x00, 0x00, 0x01, 0xff, 0xfe, 0x02, 0xe8, 0x01, 0x39, 0x03, 0x65, 0x00, 0x06,
    0x00, 0x0c, 0xb0, 0x09, 0x1c, 0xdf, 0xd6, 0x68, 0x3a, 0x1a, 0xe5, 0x5f, 0xeb, 0x00, 0x03, 0x33,
    0x17, 0x37, 0x33, 0x07, 0x23, 0x02, 0x5f, 0x3f, 0x3f, 0x5e, 0x6a, 0x67, 0x03, 0x65, 0x4f, 0x4f,
    0x7d, 0x00, 0x00, 0x00, 0x00, 0x01, 0x00, 0x00, 0xfe, 0xf0, 0x00, 0x87, 0xff, 0xc9, 0x00, 0x13,
    0x00, 0x0c, 0xb0, 0x09, 0x1c, 0xdf, 0xd6, 0x68, 0x3a, 0x1a, 0xe5, 0x5f, 0xeb, 0x00, 0x15, 0x34,
    0x36, 0x33, 0x32, 0x16, 0x15, 0x14, 0x06, 0x2b, 0x01, 0x35, 0x32, 0x36, 0x37, 0x27, 0x06, 0x23,
    0x22, 0x26, 0x20, 0x1f, 0x23, 0x25, 0x38, 0x34, 0x14, 0x21, 0x28, 0x04, 0x0d, 0x09, 0x10, 0x14,
    0x1a, 0x73, 0x1a, 0x22, 0x2d, 0x30, 0x3c, 0x40, 0x39, 0x10, 0x1b, 0x12, 0x07, 0x15, 0x00, 0x00,
    0x00, 0x03, 0x00, 0x0e, 0x00, 0x00, 0x02, 0x5b, 0x03, 0x6f, 0x00, 0x0c, 0x00, 0x13, 0x00, 0x17,
    0x00, 0x0c, 0xb0, 0x09, 0x1c, 0xdf, 0xd6, 0x68, 0x3a, 0x1a, 0xe5, 0x5f, 0xeb, 0x00, 0x13, 0x3e,
    0x03, 0x3b, 0x01, 0x11, 0x23, 0x11, 0x23, 0x03, 0x23, 0x13, 0x33, 0x11, 0x23, 0x22, 0x06, 0x07,
    0x13, 0x33, 0x07, 0x23, 0xe3, 0x0e, 0x2e, 0x3c, 0x4b, 0x2c, 0x6d, 0x63, 0xfa, 0x68, 0x6c, 0xf4,
    0xda, 0x0a, 0x35, 0x49, 0x15, 0xa1, 0x7b, 0x5c, 0x59, 0x02, 0x15, 0x24, 0x3d, 0x2d, 0x19, 0xfd,
    0x44, 0x01, 0x0d, 0xfe, 0xf3, 0x01, 0x5f, 0x01, 0x04, 0x30, 0x36, 0x01, 0x72, 0x80, 0x00, 0x00,
    0x00, 0x03, 0x00, 0x0e, 0x00, 0x00, 0x02, 0x68, 0x03, 0x65, 0x00, 0x0c, 0x00, 0x13, 0x00, 0x1a,
    0x00, 0x0c, 0xb0, 0x09, 0x1c, 0xdf, 0xd6, 0x68, 0x3a, 0x1a, 0xe5, 0x5f, 0xeb, 0x00, 0x13, 0x3e,
    0x03, 0x3b, 0x01, 0x11, 0x23, 0x11, 0x23, 0x03, 0x23, 0x13, 0x33, 0x11, 0x23, 0x22, 0x06, 0x07,
    0x13, 0x33, 0x17, 0x23, 0x27, 0x07, 0x23, 0xe3, 0x0e, 0x2e, 0x3c, 0x4b, 0x2c, 0x6d, 0x63, 0xfa,
    0x68, 0x6c, 0xf4, 0xda, 0x0a, 0x35, 0x49, 0x15, 0x5a, 0x68, 0x67, 0x5e, 0x3d, 0x3d, 0x5e, 0x02,
    0x15, 0x24, 0x3d, 0x2d, 0x19, 0xfd, 0x44, 0x01, 0x0d, 0xfe, 0xf3, 0x01, 0x5f, 0x01, 0x04, 0x30,
    0x36, 0x01, 0x68, 0x7d, 0x4f, 0x4f, 0x00, 0x00, 0x00, 0x04, 0x00, 0x0e, 0x00, 0x00, 0x02, 0x62,
    0x03, 0x5b, 0x00, 0x0c, 0x00, 0x13, 0x00, 0x1f, 0x00, 0x2b, 0x00, 0x0c, 0xb0, 0x09, 0x1c, 0xdf,
    0xd6, 0x68, 0x3a, 0x1a, 0xe5, 0x5f, 0xeb, 0x00, 0x13, 0x3e, 0x03, 0x3b, 0x01, 0x11, 0x23, 0x11,
    0x23, 0x03, 0x23, 0x13, 0x33, 0x11, 0x23, 0x22, 0x06, 0x07, 0x37, 0x22, 0x26, 0x35, 0x34, 0x36,
    0x33, 0x32, 0x16, 0x15, 0x14, 0x06, 0x33, 0x22, 0x26, 0x35, 0x34, 0x36, 0x33, 0x32, 0x16, 0x15,
    0x14, 0x06, 0xe3, 0x0e, 0x2e, 0x3c, 0x4b, 0x2c, 0x6d, 0x63, 0xfa, 0x68, 0x6c, 0xf4, 0xda, 0x0a,
    0x35, 0x49, 0x15, 0x2e, 0x1c, 0x1e, 0x1e, 0x1c, 0x1b, 0x1f, 0x1f, 0xa0, 0x1b, 0x1e, 0x1e, 0x1b,
    0x1c, 0x1e, 0x1e, 0x02, 0x15, 0x24, 0x3d, 0x2d, 0x19, 0xfd, 0x44, 0x01, 0x0d, 0xfe, 0xf3, 0x01,
    0x5f, 0x01, 0x04, 0x30, 0x36, 0xf1, 0x20, 0x18, 0x17, 0x1e, 0x1e, 0x17, 0x18, 0x20, 0x1f, 0x19,
    0x17, 0x1e, 0x1e, 0x17, 0x18, 0x20, 0x00, 0x00, 0x00, 0x03, 0x00, 0x0e, 0x00, 0x00, 0x02, 0x3f,
    0x03, 0x6f, 0x00, 0x0c, 0x00, 0x13, 0x00, 0x17, 0x00, 0x0c, 0xb0, 0x09, 0x1c, 0xdf, 0xd6, 0x68,
    0x3a, 0x1a, 0xe5, 0x5f, 0xeb, 0x00, 0x13, 0x3e, 0x03, 0x3b, 0x01, 0x11, 0x23, 0x11, 0x23, 0x03,
    0x23, 0x13, 0x33, 0x11, 0x23, 0x22, 0x06, 0x07, 0x13, 0x33, 0x17, 0x23, 0xe3, 0x0e, 0x2e, 0x3c,
    0x4b, 0x2c, 0x6d, 0x63, 0xfa, 0x68, 0x6c, 0xf4, 0xda, 0x0a, 0x35, 0x49, 0x15, 0x06, 0x7c, 0x3e,
    0x59, 0x02, 0x15, 0x24, 0x3d, 0x2d, 0x19, 0xfd, 0x44, 0x01, 0x0d, 0xfe, 0xf3, 0x01, 0x5f, 0x01,
    0x04, 0x30, 0x36, 0x01, 0x72, 0x80, 0x00, 0x00, 0x00, 0x04, 0x00, 0x0e, 0x00, 0x00, 0x02, 0x47,
    0x03, 0xa0, 0x00, 0x0c, 0x00, 0x13, 0x00, 0x1f, 0x00, 0x29, 0x00, 0x0c, 0xb0, 0x09, 0x1c, 0xdf,
    0xd6, 0x68, 0x3a, 0x1a, 0xe5, 0x5f, 0xeb, 0x00, 0x13, 0x3e, 0x03, 0x3b, 0x01, 0x11, 0x23, 0x11,
    0x23, 0x03, 0x23, 0x13, 0x33, 0x11, 0x23, 0x22, 0x06, 0x07, 0x37, 0x22, 0x26, 0x35, 0x34, 0x36,
    0x33, 0x32, 0x16, 0x15, 0x14, 0x06, 0x27, 0x32, 0x36, 0x35, 0x34, 0x26, 0x23, 0x22, 0x15, 0x14,
    0xe3, 0x0e, 0x2e, 0x3c, 0x4b, 0x2c, 0x6d, 0x63, 0xfa, 0x68, 0x6c, 0xf4, 0xda, 0x0a, 0x35, 0x49,
    0x15, 0x96, 0x33, 0x3b, 0x3b, 0x33, 0x36, 0x3c, 0x3c, 0x36, 0x1c, 0x17, 0x17, 0x1c, 0x30, 0x02,
    0x15, 0x24, 0x3d, 0x2d, 0x19, 0xfd, 0x44, 0x01, 0x0d, 0xfe, 0xf3, 0x01, 0x5f, 0x01, 0x04, 0x30,
    0x36, 0xd7, 0x38, 0x2e, 0x2d, 0x39, 0x39, 0x2d, 0x2e, 0x38, 0x38, 0x18, 0x16, 0x18, 0x1a, 0x32,
    0x2e, 0x00, 0x00, 0x00, 0x00, 0x03, 0x00, 0x0e, 0x00, 0x00, 0x02, 0x6b, 0x03, 0x66, 0x00, 0x0c,
    0x00, 0x13, 0x00, 0x30, 0x00, 0x0c, 0xb0, 0x09, 0x1c, 0xdf, 0xd6, 0x68, 0x3a, 0x1a, 0xe5, 0x5f,
    0xeb, 0x00, 0x13, 0x3e, 0x03, 0x3b, 0x01, 0x11, 0x23, 0x11, 0x23, 0x03, 0x23, 0x13, 0x33, 0x11,
    0x23, 0x22, 0x06, 0x07, 0x27, 0x34, 0x3e, 0x02, 0x33, 0x32, 0x16, 0x17, 0x1e, 0x01, 0x33, 0x32,
    0x35, 0x33, 0x14, 0x0e, 0x02, 0x23, 0x22, 0x26, 0x27, 0x2e, 0x01, 0x23, 0x22, 0x06, 0x15, 0xe3,
    0x0e, 0x2e, 0x3c, 0x4b, 0x2c, 0x6d, 0x63, 0xfa, 0x68, 0x6c, 0xf4, 0xda, 0x0a, 0x35, 0x49, 0x15,
    0x03, 0x10, 0x1a, 0x22, 0x12, 0x12, 0x1d, 0x0b, 0x0a, 0x17, 0x0b, 0x27, 0x44, 0x10, 0x1b, 0x21,
    0x12, 0x11, 0x1d, 0x0b, 0x0b, 0x12, 0x10, 0x14, 0x12, 0x02, 0x15, 0x24, 0x3d, 0x2d, 0x19, 0xfd,
    0x44, 0x01, 0x0d, 0xfe, 0xf3, 0x01, 0x5f, 0x01, 0x04, 0x30, 0x36, 0xf2, 0x1f, 0x2b, 0x1a, 0x0b,
    0x0b, 0x07, 0x07, 0x09, 0x2a, 0x20, 0x2b, 0x1a, 0x0b, 0x0a, 0x08, 0x08, 0x09, 0x16, 0x14, 0x00,
    0x00, 0x02, 0x00, 0x5c, 0x00, 0x00, 0x01, 0xc1, 0x03, 0x6f, 0x00, 0x0b, 0x00, 0x0f, 0x00, 0x0c,
    0xb0, 0x09, 0x1c, 0xdf, 0xd6, 0x68, 0x3a, 0x1a, 0xe5, 0x5f, 0xeb, 0x00, 0x13, 0x21, 0x15, 0x21,
    0x15, 0x33, 0x15, 0x23, 0x15, 0x21, 0x15, 0x21, 0x13, 0x33, 0x07, 0x23, 0x5c, 0x01, 0x65, 0xfe,
    0xfe, 0xd9, 0xd9, 0x01, 0x02, 0xfe, 0x9b, 0xbe, 0x7b, 0x5c, 0x59, 0x02, 0xbc, 0x5c, 0xb5, 0x5c,
    0xf2, 0x5d, 0x03, 0x6f, 0x80, 0x00, 0x00, 0x00, 0x00, 0x02, 0x00, 0x5c, 0x00, 0x00, 0x01, 0xc1,
    0x03, 0x65, 0x00, 0x0b, 0x00, 0x12, 0x00, 0x0c, 0xb0, 0x09, 0x1c, 0xdf, 0xd6, 0x68, 0x3a, 0x1a,
    0xe5, 0x5f, 0xeb, 0x00, 0x13, 0x21, 0x15, 0x21, 0x15, 0x33, 0x15, 0x23, 0x15, 0x21, 0x15, 0x21,
    0x13, 0x33, 0x17, 0x23, 0x27, 0x07, 0x23, 0x5c, 0x01, 0x65, 0xfe, 0xfe, 0xd9, 0xd9, 0x01, 0x02,
    0xfe, 0x9b, 0x80, 0x68, 0x67, 0x5e, 0x3d, 0x3d, 0x5e, 0x02, 0xbc, 0x5c, 0xb5, 0x5c, 0xf2, 0x5d,
    0x03, 0x65, 0x7d, 0x4f, 0x4f, 0x00, 0x00, 0x00, 0x00, 0x03, 0x00, 0x5c, 0x00, 0x00, 0x01, 0xc1,
    0x03, 0x5b, 0x00, 0x0b, 0x00, 0x17, 0x00, 0x23, 0x00, 0x0c, 0xb0, 0x09, 0x1c, 0xdf, 0xd6, 0x68,
    0x3a, 0x1a, 0xe5, 0x5f, 0xeb, 0x00, 0x13, 0x21, 0x15, 0x21, 0x15, 0x33, 0x15, 0x23, 0x15, 0x21,
    0x15, 0x21, 0x13, 0x22, 0x26, 0x35, 0x34, 0x36, 0x33, 0x32, 0x16, 0x15, 0x14, 0x06, 0x33, 0x22,
    0x26, 0x35, 0x34, 0x36, 0x33, 0x32, 0x16, 0x15, 0x14, 0x06, 0x5c, 0x01, 0x65, 0xfe, 0xfe, 0xd9,
    0xd9, 0x01, 0x02, 0xfe, 0x9b, 0x56, 0x1c, 0x1e, 0x1e, 0x1c, 0x1b, 0x1f, 0x1f, 0xa0, 0x1b, 0x1e,
    0x1e, 0x1b, 0x1c, 0x1e, 0x1e, 0x02, 0xbc, 0x5c, 0xb5, 0x5c, 0xf2, 0x5d, 0x02, 0xee, 0x20, 0x18,
    0x17, 0x1e, 0x1e, 0x17, 0x18, 0x20, 0x1f, 0x19, 0x17, 0x1e, 0x1e, 0x17, 0x18, 0x20, 0x00, 0x00,
    0x00, 0x02, 0x00, 0x5c, 0x00, 0x00, 0x01, 0xc1, 0x03, 0x6f, 0x00, 0x0b, 0x00, 0x0f, 0x00, 0x0c,
    0xb0, 0x09, 0x1c, 0xdf, 0xd6, 0x68, 0x3a, 0x1a, 0xe5, 0x5f, 0xeb, 0x00, 0x13, 0x21, 0x15, 0x21,
    0x15, 0x33, 0x15, 0x23, 0x15, 0x21, 0x15, 0x21, 0x13, 0x33, 0x17, 0x23, 0x5c, 0x01, 0x65, 0xfe,
    0xfe, 0xd9, 0xd9, 0x01, 0x02, 0xfe, 0x9b, 0x2b, 0x7c, 0x3e, 0x59, 0x02, 0xbc, 0x5c, 0xb5, 0x5c,
    0xf2, 0x5d, 0x03, 0x6f, 0x80, 0x00, 0x00, 0x00, 0x00, 0x02, 0x00, 0x5c, 0x00, 0x00, 0x01, 0x13,
    0x03, 0x6f, 0x00, 0x03, 0x00, 0x07, 0x00, 0x0c, 0xb0, 0x09, 0x1c, 0xdf, 0xd6, 0x68, 0x3a, 0x1a,
    0xe5, 0x5f, 0xeb, 0x00, 0x13, 0x33, 0x11, 0x23, 0x13, 0x33, 0x07, 0x23, 0x5c, 0x63, 0x63, 0x3c,
    0x7b, 0x5c, 0x59, 0x02, 0xbc, 0xfd, 0x44, 0x03, 0x6f, 0x80, 0x00, 0x00, 0x00, 0x02, 0xff, 0xf3,
    0x00, 0x00, 0x01, 0x29, 0x03, 0x65, 0x00, 0x03, 0x00, 0x0a, 0x00, 0x0c, 0xb0, 0x09, 0x1c, 0xdf,
    0xd6, 0x68, 0x3a, 0x1a, 0xe5, 0x5f, 0xeb, 0x00, 0x13, 0x33, 0x11, 0x23, 0x03, 0x33, 0x17, 0x23,
    0x27, 0x07, 0x23, 0x5c, 0x63, 0x63, 0x02, 0x68, 0x67, 0x5e, 0x3d, 0x3d, 0x5e, 0x02, 0xbc, 0xfd,
    0x44, 0x03, 0x65, 0x7d, 0x4f, 0x4f, 0x00, 0x00, 0x00, 0x03, 0xff, 0xf6, 0x00, 0x00, 0x01, 0x25,
    0x03, 0x5b, 0x00, 0x03, 0x00, 0x0f, 0x00, 0x1b, 0x00, 0x0c, 0xb0, 0x09, 0x1c, 0xdf, 0xd6, 0x68,
    0x3a, 0x1a, 0xe5, 0x5f, 0xeb, 0x00, 0x13, 0x33, 0x11, 0x23, 0x03, 0x22, 0x26, 0x35, 0x34, 0x36,
    0x33, 0x32, 0x16, 0x15, 0x14, 0x06, 0x33, 0x22, 0x26, 0x35, 0x34, 0x36, 0x33, 0x32, 0x16, 0x15,
    0x14, 0x06, 0x5c, 0x63, 0x63, 0x2c, 0x1c, 0x1e, 0x1e, 0x1c, 0x1b, 0x1f, 0x1f, 0xa0, 0x1b, 0x1e,
    0x1e, 0x1b, 0x1c, 0x1e, 0x1e, 0x02, 0xbc, 0xfd, 0x44, 0x02, 0xee, 0x20, 0x18, 0x17, 0x1e, 0x1e,
    0x17, 0x18, 0x20, 0x1f, 0x19, 0x17, 0x1e, 0x1e, 0x17, 0x18, 0x20, 0x00, 0x00, 0x02, 0x00, 0x05,
    0x00, 0x00, 0x00, 0xbf, 0x03, 0x6f, 0x00, 0x03, 0x00, 0x07, 0x00, 0x0c, 0xb0, 0x09, 0x1c, 0xdf,
    0xd6, 0x68, 0x3a, 0x1a, 0xe5, 0x5f, 0xeb, 0x00, 0x13, 0x33, 0x11, 0x23, 0x03, 0x33, 0x17, 0x23,
    0x5c, 0x63, 0x63, 0x57, 0x7c, 0x3e, 0x59, 0x02, 0xbc, 0xfd, 0x44, 0x03, 0x6f, 0x80, 0x00, 0x00,
    0x00, 0x02, 0x00, 0x5c, 0x00, 0x00, 0x02, 0xa5, 0x03, 0x66, 0x00, 0x0a, 0x00, 0x27, 0x00, 0x0c,
    0xb0, 0x09, 0x1c, 0xdf, 0xd6, 0x68, 0x3a, 0x1a, 0xe5, 0x5f, 0xeb, 0x00, 0x25, 0x01, 0x11, 0x23,
    0x11, 0x33, 0x01, 0x11, 0x33, 0x11, 0x23, 0x01, 0x34, 0x3e, 0x02, 0x33, 0x32, 0x16, 0x17, 0x1e,
    0x01, 0x33, 0x32, 0x35, 0x33, 0x14, 0x0e, 0x02, 0x23, 0x22, 0x26, 0x27, 0x2e, 0x01, 0x23, 0x22,
    0x06, 0x15, 0x02, 0x41, 0xfe, 0x7e, 0x63, 0x66, 0x01, 0x7f, 0x64, 0x64, 0xfe, 0xad, 0x10, 0x1a,
    0x22, 0x12, 0x12, 0x1d, 0x0b, 0x0a, 0x17, 0x0b, 0x27, 0x44, 0x10, 0x1b, 0x21, 0x12, 0x11, 0x1d,
    0x0b, 0x0b, 0x12, 0x10, 0x14, 0x12, 0xcb, 0x01, 0x77, 0xfd, 0xbe, 0x02, 0xbc, 0xfe, 0x89, 0x01,
    0x77, 0xfd, 0x44, 0x02, 0xef, 0x1f, 0x2b, 0x1a, 0x0b, 0x0b, 0x07, 0x07, 0x09, 0x2a, 0x20, 0x2b,
    0x1a, 0x0b, 0x0a, 0x08, 0x08, 0x09, 0x16, 0x14, 0x00, 0x02, 0x00, 0x1a, 0x00, 0x00, 0x02, 0x3c,
    0x03, 0x6f, 0x00, 0x10, 0x00, 0x14, 0x00, 0x0c, 0xb0, 0x09, 0x1c, 0xdf, 0xd6, 0x68, 0x3a, 0x1a,
    0xe5, 0x5f, 0xeb, 0x00, 0x13, 0x33, 0x13, 0x1e, 0x01, 0x3b, 0x01, 0x13, 0x33, 0x03, 0x23, 0x13,
    0x22, 0x2e, 0x02, 0x27, 0x13, 0x33, 0x07, 0x23, 0x1a, 0x6d, 0x7c, 0x0e, 0x23, 0x1f, 0x12, 0x70,
    0x67, 0xec, 0x64, 0x5b, 0x1d, 0x2e, 0x25, 0x1e, 0x0f, 0x8e, 0x7b, 0x5c, 0x59, 0x02, 0xbc, 0xfe,
    0xe7, 0x20, 0x17, 0x01, 0x50, 0xfd, 0x44, 0x01, 0x12, 0x0d, 0x1c, 0x2c, 0x20, 0x01, 0xe8, 0x80,
    0x00, 0x03, 0x00, 0x1a, 0x00, 0x00, 0x02, 0x3c, 0x03, 0x5b, 0x00, 0x10, 0x00, 0x1c, 0x00, 0x28,
    0x00, 0x0c, 0xb0, 0x09, 0x1c, 0xdf, 0xd6, 0x68, 0x3a, 0x1a, 0xe5, 0x5f, 0xeb, 0x00, 0x13, 0x33,
    0x13, 0x1e, 0x01, 0x3b, 0x01, 0x13, 0x33, 0x03, 0x23, 0x13, 0x22, 0x2e, 0x02, 0x27, 0x13, 0x22,
    0x26, 0x35, 0x34, 0x36, 0x33, 0x32, 0x16, 0x15, 0x14, 0x06, 0x33, 0x22, 0x26, 0x35, 0x34, 0x36,
    0x33, 0x32, 0x16, 0x15, 0x14, 0x06, 0x1a, 0x6d, 0x7c, 0x0e, 0x23, 0x1f, 0x12, 0x70, 0x67, 0xec,
    0x64, 0x5b, 0x1d, 0x2e, 0x25, 0x1e, 0x0f, 0x34, 0x1c, 0x1e, 0x1e, 0x1c, 0x1b, 0x1f, 0x1f, 0xa0,
    0x1b, 0x1e, 0x1e, 0x1b, 0x1c, 0x1e, 0x1e, 0x02, 0xbc, 0xfe, 0xe7, 0x20, 0x17, 0x01, 0x50, 0xfd,
    0x44, 0x01, 0x12, 0x0d, 0x1c, 0x2c, 0x20, 0x01, 0x67, 0x20, 0x18, 0x17, 0x1e, 0x1e, 0x17, 0x18,
    0x20, 0x1f, 0x19, 0x17, 0x1e, 0x1e, 0x17, 0x18, 0x20, 0x00, 0x00, 0x00, 0x00, 0x03, 0x00, 0x32,
    0xff, 0xf1, 0x02, 0x09, 0x02, 0xca, 0x00, 0x12, 0x00, 0x1e, 0x00, 0x22, 0x00, 0x0c, 0xb0, 0x09,
    0x1c, 0xdf, 0xd6, 0x68, 0x3a, 0x1a, 0xe5, 0x5f, 0xeb, 0x00, 0x25, 0x0e, 0x01, 0x23, 0x22, 0x26,
    0x35, 0x34, 0x3e, 0x02, 0x33, 0x32, 0x16, 0x17, 0x35, 0x33, 0x11, 0x23, 0x37, 0x34, 0x26, 0x23,
    0x22, 0x06, 0x15, 0x14, 0x16, 0x33, 0x32, 0x36, 0x03, 0x33, 0x07, 0x23, 0x01, 0xa6, 0x17, 0x56,
    0x32, 0x6c, 0x69, 0x1e, 0x39, 0x53, 0x35, 0x3a, 0x49, 0x12, 0x63, 0x63, 0x05, 0x3d, 0x4e, 0x4a,
    0x42, 0x3d, 0x4a, 0x4d, 0x43, 0x6d, 0x69, 0x5d, 0x50, 0x48, 0x27, 0x30, 0x88, 0x7d, 0x3c, 0x64,
    0x46, 0x27, 0x2e, 0x21, 0x40, 0xfe, 0x0c, 0xfa, 0x60, 0x55, 0x62, 0x57, 0x58, 0x5a, 0x54, 0x02,
    0x32, 0x98, 0x00, 0x00, 0x00, 0x03, 0x00, 0x32, 0xff, 0xf1, 0x02, 0x09, 0x02, 0xc1, 0x00, 0x12,
    0x00, 0x1e, 0x00, 0x25, 0x00, 0x0c, 0xb0, 0x09, 0x1c, 0xdf, 0xd6, 0x68, 0x3a, 0x1a, 0xe5, 0x5f,
    0xeb, 0x00, 0x25, 0x0e, 0x01, 0x23, 0x22, 0x26, 0x35, 0x34, 0x3e, 0x02, 0x33, 0x32, 0x16, 0x17,
    0x35, 0x33, 0x11, 0x23, 0x37, 0x34, 0x26, 0x23, 0x22, 0x06, 0x15, 0x14, 0x16, 0x33, 0x32, 0x36,
    0x03, 0x33, 0x17, 0x23, 0x27, 0x07, 0x23, 0x01, 0xa6, 0x17, 0x56, 0x32, 0x6c, 0x69, 0x1e, 0x39,
    0x53, 0x35, 0x3a, 0x49, 0x12, 0x63, 0x63, 0x05, 0x3d, 0x4e, 0x4a, 0x42, 0x3d, 0x4a, 0x4d, 0x43,
    0xb4, 0x5d, 0x63, 0x57, 0x3a, 0x3c, 0x57, 0x48, 0x27, 0x30, 0x88, 0x7d, 0x3c, 0x64, 0x46, 0x27,
    0x2e, 0x21, 0x40, 0xfe, 0x0c, 0xfa, 0x60, 0x55, 0x62, 0x57, 0x58, 0x5a, 0x54, 0x02, 0x29, 0x90,
    0x5f, 0x5f, 0x00, 0x00, 0x00, 0x04, 0x00, 0x32, 0xff, 0xf1, 0x02, 0x09, 0x02, 0xb5, 0x00, 0x12,
    0x00, 0x1e, 0x00, 0x2a, 0x00, 0x36, 0x00, 0x0c, 0xb0, 0x09, 0x1c, 0xdf, 0xd6, 0x68, 0x3a, 0x1a,
    0xe5, 0x5f, 0xeb, 0x00, 0x25, 0x0e, 0x01, 0x23, 0x22, 0x26, 0x35, 0x34, 0x3e, 0x02, 0x33, 0x32,
    0x16, 0x17, 0x35, 0x33, 0x11, 0x23, 0x37, 0x34, 0x26, 0x23, 0x22, 0x06, 0x15, 0x14, 0x16, 0x33,
    0x32, 0x36, 0x03, 0x22, 0x26, 0x35, 0x34, 0x36, 0x33, 0x32, 0x16, 0x15, 0x14, 0x06, 0x33, 0x22,
    0x26, 0x35, 0x34, 0x36, 0x33, 0x32, 0x16, 0x15, 0x14, 0x06, 0x01, 0xa6, 0x17, 0x56, 0x32, 0x6c,
    0x69, 0x1e, 0x39, 0x53, 0x35, 0x3a, 0x49, 0x12, 0x63, 0x63, 0x05, 0x3d, 0x4e, 0x4a, 0x42, 0x3d,
    0x4a, 0x4d, 0x43, 0xe3, 0x1a, 0x1e, 0x1e, 0x1a, 0x1b, 0x1e, 0x1e, 0xa0, 0x1a, 0x1e, 0x1e, 0x1a,
    0x1b, 0x1e, 0x1e, 0x48, 0x27, 0x30, 0x88, 0x7d, 0x3c, 0x64, 0x46, 0x27, 0x2e, 0x21, 0x40, 0xfe,
    0x0c, 0xfa, 0x60, 0x55, 0x62, 0x57, 0x58, 0x5a, 0x54, 0x01, 0xb0, 0x1f, 0x19, 0x17, 0x1e, 0x1e,
    0x17, 0x19, 0x1f, 0x1f, 0x19, 0x17, 0x1e, 0x1e, 0x17, 0x19, 0x1f, 0x00, 0x00, 0x03, 0x00, 0x32,
    0xff, 0xf1, 0x02, 0x09, 0x02, 0xca, 0x00, 0x12, 0x00, 0x1e, 0x00, 0x22, 0x00, 0x0c, 0xb0, 0x09,
    0x1c, 0xdf, 0xd6, 0x68, 0x3a, 0x1a, 0xe5, 0x5f, 0xeb, 0x00, 0x25, 0x0e, 0x01, 0x23, 0x22, 0x26,
    0x35, 0x34, 0x3e, 0x02, 0x33, 0x32, 0x16, 0x17, 0x35, 0x33, 0x11, 0x23, 0x37, 0x34, 0x26, 0x23,
    0x22, 0x06, 0x15, 0x14, 0x16, 0x33, 0x32, 0x36, 0x01, 0x33, 0x17, 0x23, 0x01, 0xa6, 0x17, 0x56,
    0x32, 0x6c, 0x69, 0x1e, 0x39, 0x53, 0x35, 0x3a, 0x49, 0x12, 0x63, 0x63, 0x05, 0x3d, 0x4e, 0x4a,
    0x42, 0x3d, 0x4a, 0x4d, 0x43, 0xff, 0x00, 0x69, 0x44, 0x4f, 0x48, 0x27, 0x30, 0x88, 0x7d, 0x3c,
    0x64, 0x46, 0x27, 0x2e, 0x21, 0x40, 0xfe, 0x0c, 0xfa, 0x60, 0x55, 0x62, 0x57, 0x58, 0x5a, 0x54,
    0x02, 0x32, 0x98, 0x00, 0x00, 0x04, 0x00, 0x32, 0xff, 0xf1, 0x02, 0x09, 0x02, 0xf4, 0x00, 0x12,
    0x00, 0x1e, 0x00, 0x2a, 0x00, 0x36, 0x00, 0x0c, 0xb0, 0x09, 0x1c, 0xdf, 0xd6, 0x68, 0x3a, 0x1a,
    0xe5, 0x5f, 0xeb, 0x00, 0x25, 0x0e, 0x01, 0x23, 0x22, 0x26, 0x35, 0x34, 0x3e, 0x02, 0x33, 0x32,
    0x16, 0x17, 0x35, 0x33, 0x11, 0x23, 0x37, 0x34, 0x26, 0x23, 0x22, 0x06, 0x15, 0x14, 0x16, 0x33,
    0x32, 0x36, 0x03, 0x22, 0x26, 0x35, 0x34, 0x36, 0x33, 0x32, 0x16, 0x15, 0x14, 0x06, 0x27, 0x32,
    0x36, 0x35, 0x34, 0x26, 0x23, 0x22, 0x06, 0x15, 0x14, 0x16, 0x01, 0xa6, 0x17, 0x56, 0x32, 0x6c,
    0x69, 0x1e, 0x39, 0x53, 0x35, 0x3a, 0x49, 0x12, 0x63, 0x63, 0x05, 0x3d, 0x4e, 0x4a, 0x42, 0x3d,
    0x4a, 0x4d, 0x43, 0x85, 0x31, 0x38, 0x38, 0x31, 0x33, 0x39, 0x39, 0x33, 0x1b, 0x15, 0x15, 0x1b,
    0x19, 0x15, 0x15, 0x48, 0x27, 0x30, 0x88, 0x7d, 0x3c, 0x64, 0x46, 0x27, 0x2e, 0x21, 0x40, 0xfe,
    0x0c, 0xfa, 0x60, 0x55, 0x62, 0x57, 0x58, 0x5a, 0x54, 0x01, 0x90, 0x3a, 0x2c, 0x2b, 0x3b, 0x3b,
    0x2b, 0x2c, 0x3a, 0x35, 0x1c, 0x15, 0x17, 0x1d, 0x1d, 0x17, 0x15, 0x1c, 0x00, 0x03, 0x00, 0x32,
    0xff, 0xf1, 0x02, 0x09, 0x02, 0xb1, 0x00, 0x12, 0x00, 0x1e, 0x00, 0x3a, 0x00, 0x0c, 0xb0, 0x09,
    0x1c, 0xdf, 0xd6, 0x68, 0x3a, 0x1a, 0xe5, 0x5f, 0xeb, 0x00, 0x25, 0x0e, 0x01, 0x23, 0x22, 0x26,
    0x35, 0x34, 0x3e, 0x02, 0x33, 0x32, 0x16, 0x17, 0x35, 0x33, 0x11, 0x23, 0x37, 0x34, 0x26, 0x23,
    0x22, 0x06, 0x15, 0x14, 0x16, 0x33, 0x32, 0x36, 0x01, 0x34, 0x3e, 0x02, 0x33, 0x32, 0x16, 0x17,
    0x16, 0x33, 0x32, 0x36, 0x35, 0x33, 0x14, 0x0e, 0x02, 0x23, 0x22, 0x27, 0x2e, 0x01, 0x23, 0x22,
    0x06, 0x15, 0x01, 0xa6, 0x17, 0x56, 0x32, 0x6c, 0x69, 0x1e, 0x39, 0x53, 0x35, 0x3a, 0x49, 0x12,
    0x63, 0x63, 0x05, 0x3d, 0x4e, 0x4a, 0x42, 0x3d, 0x4a, 0x4d, 0x43, 0xfe, 0xee, 0x0f, 0x18, 0x20,
    0x12, 0x12, 0x17, 0x0b, 0x13, 0x15, 0x0f, 0x14, 0x41, 0x0f, 0x19, 0x20, 0x10, 0x21, 0x12, 0x0a,
    0x11, 0x0f, 0x11, 0x12, 0x48, 0x27, 0x30, 0x88, 0x7d, 0x3c, 0x64, 0x46, 0x27, 0x2e, 0x21, 0x40,
    0xfe, 0x0c, 0xfa, 0x60, 0x55, 0x62, 0x57, 0x58, 0x5a, 0x54, 0x01, 0xa0, 0x1f, 0x2c, 0x1d, 0x0d,
    0x0c, 0x0a, 0x13, 0x18, 0x15, 0x20, 0x2c, 0x1b, 0x0d, 0x14, 0x09, 0x0c, 0x1a, 0x14, 0x00, 0x00,
    0x00, 0x02, 0x00, 0x32, 0xff, 0xf0, 0x01, 0xfc, 0x02, 0xca, 0x00, 0x1c, 0x00, 0x20, 0x00, 0x0c,
    0xb0, 0x09, 0x1c, 0xdf, 0xd6, 0x68, 0x3a, 0x1a, 0xe5, 0x5f, 0xeb, 0x00, 0x25, 0x0e, 0x01, 0x23,
    0x22, 0x26, 0x35, 0x34, 0x36, 0x33, 0x32, 0x1e, 0x02, 0x17, 0x23, 0x26, 0x23, 0x22, 0x06, 0x07,
    0x21, 0x15, 0x21, 0x1e, 0x01, 0x33, 0x32, 0x37, 0x03, 0x33, 0x07, 0x23, 0x01, 0xfc, 0x14, 0x6d,
    0x59, 0x70, 0x80, 0x7d, 0x6f, 0x34, 0x47, 0x2f, 0x18, 0x05, 0x64, 0x14, 0x4f, 0x3c, 0x46, 0x08,
    0x01, 0x2d, 0xfe, 0xd0, 0x05, 0x47, 0x45, 0x51, 0x23, 0x64, 0x69, 0x5d, 0x50, 0x77, 0x3f, 0x48,
    0x7e, 0x86, 0x8c, 0x83, 0x18, 0x26, 0x30, 0x18, 0x35, 0x41, 0x4b, 0x48, 0x53, 0x48, 0x34, 0x02,
    0x53, 0x98, 0x00, 0x00, 0x00, 0x02, 0x00, 0x32, 0xff, 0xf0, 0x01, 0xfc, 0x02, 0xc1, 0x00, 0x1c,
    0x00, 0x23, 0x00, 0x0c, 0xb0, 0x09, 0x1c, 0xdf, 0xd6, 0x68, 0x3a, 0x1a, 0xe5, 0x5f, 0xeb, 0x00,
    0x25, 0x0e, 0x01, 0x23, 0x22, 0x26, 0x35, 0x34, 0x36, 0x33, 0x32, 0x1e, 0x02, 0x17, 0x23, 0x26,
    0x23, 0x22, 0x06, 0x07, 0x21, 0x15, 0x21, 0x1e, 0x01, 0x33, 0x32, 0x37, 0x03, 0x33, 0x17, 0x23,
    0x27, 0x07, 0x23, 0x01, 0xfc, 0x14, 0x6d, 0x59, 0x70, 0x80, 0x7d, 0x6f, 0x34, 0x47, 0x2f, 0x18,
    0x05, 0x64, 0x14, 0x4f, 0x3c, 0x46, 0x08, 0x01, 0x2d, 0xfe, 0xd0, 0x05, 0x47, 0x45, 0x51, 0x23,
    0xaa, 0x5d, 0x63, 0x57, 0x3a, 0x3c, 0x57, 0x77, 0x3f, 0x48, 0x7e, 0x86, 0x8c, 0x83, 0x18, 0x26,
    0x30, 0x18, 0x35, 0x41, 0x4b, 0x48, 0x53, 0x48, 0x34, 0x02, 0x4a, 0x90, 0x5f, 0x5f, 0x00, 0x00,
    0x00, 0x03, 0x00, 0x32, 0xff, 0xf0, 0x01, 0xfc, 0x02, 0xb5, 0x00, 0x1c, 0x00, 0x28, 0x00, 0x34,
    0x00, 0x0c, 0xb0, 0x09, 0x1c, 0xdf, 0xd6, 0x68, 0x3a, 0x1a, 0xe5, 0x5f, 0xeb, 0x00, 0x25, 0x0e,
    0x01, 0x23, 0x22, 0x26, 0x35, 0x34, 0x36, 0x33, 0x32, 0x1e, 0x02, 0x17, 0x23, 0x26, 0x23, 0x22,
    0x06, 0x07, 0x21, 0x15, 0x21, 0x1e, 0x01, 0x33, 0x32, 0x37, 0x03, 0x22, 0x26, 0x35, 0x34, 0x36,
    0x33, 0x32, 0x16, 0x15, 0x14, 0x06, 0x33, 0x22, 0x26, 0x35, 0x34, 0x36, 0x33, 0x32, 0x16, 0x15,
    0x14, 0x06, 0x01, 0xfc, 0x14, 0x6d, 0x59, 0x70, 0x80, 0x7d, 0x6f, 0x34, 0x47, 0x2f, 0x18, 0x05,
    0x64, 0x14, 0x4f, 0x3c, 0x46, 0x08, 0x01, 0x2d, 0xfe, 0xd0, 0x05, 0x47, 0x45, 0x51, 0x23, 0xda,
    0x1a, 0x1e, 0x1e, 0x1a, 0x1b, 0x1e, 0x1e, 0xa0, 0x1a, 0x1e, 0x1e, 0x1a, 0x1b, 0x1e, 0x1e, 0x77,
    0x3f, 0x48, 0x7e, 0x86, 0x8c, 0x83, 0x18, 0x26, 0x30, 0x18, 0x35, 0x41, 0x4b, 0x48, 0x53, 0x48,
    0x34, 0x01, 0xd1, 0x1f, 0x19, 0x17, 0x1e, 0x1e, 0x17, 0x19, 0x1f, 0x1f, 0x19, 0x17, 0x1e, 0x1e,
    0x17, 0x19, 0x1f, 0x00, 0x00, 0x02, 0x00, 0x32, 0xff, 0xf0, 0x01, 0xfc, 0x02, 0xca, 0x00, 0x1c,
    0x00, 0x20, 0x00, 0x0c, 0xb0, 0x09, 0x1c, 0xdf, 0xd6, 0x68, 0x3a, 0x1a, 0xe5, 0x5f, 0xeb, 0x00,
    0x25, 0x0e, 0x01, 0x23, 0x22, 0x26, 0x35, 0x34, 0x36, 0x33, 0x32, 0x1e, 0x02, 0x17, 0x23, 0x26,
    0x23, 0x22, 0x06, 0x07, 0x21, 0x15, 0x21, 0x1e, 0x01, 0x33, 0x32, 0x37, 0x03, 0x33, 0x17, 0x23,
    0x01, 0xfc, 0x14, 0x6d, 0x59, 0x70, 0x80, 0x7d, 0x6f, 0x34, 0x47, 0x2f, 0x18, 0x05, 0x64, 0x14,
    0x4f, 0x3c, 0x46, 0x08, 0x01, 0x2d, 0xfe, 0xd0, 0x05, 0x47, 0x45, 0x51, 0x23, 0xf7, 0x69, 0x44,
    0x4f, 0x77, 0x3f, 0x48, 0x7e, 0x86, 0x8c, 0x83, 0x18, 0x26, 0x30, 0x18, 0x35, 0x41, 0x4b, 0x48,
    0x53, 0x48, 0x34, 0x02, 0x53, 0x98, 0x00, 0x00, 0x00, 0x02, 0x00, 0x55, 0x00, 0x00, 0x02, 0x00,
    0x02, 0xb1, 0x00, 0x0a, 0x00, 0x26, 0x00, 0x0c, 0xb0, 0x09, 0x1c, 0xdf, 0xd6, 0x68, 0x3a, 0x1a,
    0xe5, 0x5f, 0xeb, 0x00, 0x01, 0x23, 0x11, 0x23, 0x11, 0x21, 0x32, 0x16, 0x15, 0x11, 0x23, 0x01,
    0x34, 0x3e, 0x02, 0x33, 0x32, 0x16, 0x17, 0x16, 0x33, 0x32, 0x36, 0x35, 0x33, 0x14, 0x0e, 0x02,
    0x23, 0x22, 0x27, 0x2e, 0x01, 0x23, 0x22, 0x06, 0x15, 0x01, 0x9e, 0xe6, 0x63, 0x01, 0x99, 0x0b,
    0x07, 0x62, 0xff, 0x00, 0x0f, 0x18, 0x20, 0x12, 0x12, 0x17, 0x0b, 0x13, 0x15, 0x0f, 0x14, 0x41,
    0x0f, 0x19, 0x20, 0x10, 0x21, 0x12, 0x0a, 0x11, 0x0f, 0x11, 0x12, 0x01, 0xa7, 0xfe, 0x59, 0x01,
    0xf4, 0x06, 0x0b, 0xfe, 0x1d, 0x02, 0x38, 0x1f, 0x2c, 0x1d, 0x0d, 0x0c, 0x0a, 0x13, 0x18, 0x15,
    0x20, 0x2c, 0x1b, 0x0d, 0x14, 0x09, 0x0c, 0x1a, 0x14, 0x00, 0x00, 0x00, 0x00, 0x02, 0x00, 0x0f,
    0xff, 0x38, 0x01, 0xf4, 0x02, 0xca, 0x00, 0x0d, 0x00, 0x11, 0x00, 0x0c, 0xb0, 0x09, 0x1c, 0xdf,
    0xd6, 0x68, 0x3a, 0x1a, 0xe5, 0x5f, 0xeb, 0x00, 0x37, 0x03, 0x33, 0x13, 0x1e, 0x01, 0x17, 0x3e,
    0x01, 0x37, 0x13, 0x33, 0x01, 0x23, 0x13, 0x33, 0x07, 0x23, 0xdb, 0xcc, 0x67, 0x79, 0x07, 0x0b,
    0x05, 0x05, 0x0c, 0x07, 0x71, 0x65, 0xfe, 0xf6, 0x61, 0x91, 0x69, 0x5d, 0x50, 0x06, 0x01, 0xee,
    0xfe, 0xc1, 0x14, 0x28, 0x12, 0x12, 0x28, 0x14, 0x01, 0x3f, 0xfd, 0x44, 0x03, 0x92, 0x98, 0x00,
    0x00, 0x03, 0x00, 0x0f, 0xff, 0x38, 0x01, 0xf4, 0x02, 0xb5, 0x00, 0x0d, 0x00, 0x19, 0x00, 0x25,
    0x00, 0x0c, 0xb0, 0x09, 0x1c, 0xdf, 0xd6, 0x68, 0x3a, 0x1a, 0xe5, 0x5f, 0xeb, 0x00, 0x37, 0x03,
    0x33, 0x13, 0x1e, 0x01, 0x17, 0x3e, 0x01, 0x37, 0x13, 0x33, 0x01, 0x23, 0x13, 0x22, 0x26, 0x35,
    0x34, 0x36, 0x33, 0x32, 0x16, 0x15, 0x14, 0x06, 0x33, 0x22, 0x26, 0x35, 0x34, 0x36, 0x33, 0x32,
    0x16, 0x15, 0x14, 0x06, 0xdb, 0xcc, 0x67, 0x79, 0x07, 0x0b, 0x05, 0x05, 0x0c, 0x07, 0x71, 0x65,
    0xfe, 0xf6, 0x61, 0x1b, 0x1a, 0x1e, 0x1e, 0x1a, 0x1b, 0x1e, 0x1e, 0xa0, 0x1a, 0x1e, 0x1e, 0x1a,
    0x1b, 0x1e, 0x1e, 0x06, 0x01, 0xee, 0xfe, 0xc1, 0x14, 0x28, 0x12, 0x12, 0x28, 0x14, 0x01, 0x3f,
    0xfd, 0x44, 0x03, 0x10, 0x1f, 0x19, 0x17, 0x1e, 0x1e, 0x17, 0x19, 0x1f, 0x1f, 0x19, 0x17, 0x1e,
    0x1e, 0x17, 0x19, 0x1f, 0x00, 0x02, 0x00, 0x3c, 0xff, 0xf0, 0x02, 0xb5, 0x02, 0xbc, 0x00, 0x15,
    0x00, 0x21, 0x00, 0x0c, 0xb0, 0x09, 0x1c, 0xdf, 0xd6, 0x68, 0x3a, 0x1a, 0xe5, 0x5f, 0xeb, 0x00,
    0x01, 0x21, 0x11, 0x14, 0x0e, 0x02, 0x23, 0x22, 0x26, 0x27, 0x33, 0x1e, 0x01, 0x33, 0x32, 0x3e,
    0x02, 0x35, 0x11, 0x23, 0x25, 0x33, 0x15, 0x23, 0x11, 0x33, 0x15, 0x21, 0x35, 0x33, 0x11, 0x23,
    0x01, 0x80, 0x01, 0x35, 0x28, 0x49, 0x68, 0x40, 0x78, 0x8a, 0x0a, 0x63, 0x07, 0x54, 0x4e, 0x27,
    0x43, 0x31, 0x1c, 0xd3, 0xfe, 0xc3, 0xfd, 0x51, 0x58, 0xfe, 0xf5, 0x57, 0x50, 0x02, 0xbc, 0xfe,
    0x43, 0x4a, 0x67, 0x41, 0x1d, 0x5f, 0x66, 0x32, 0x37, 0x12, 0x2a, 0x45, 0x34, 0x01, 0x60, 0x5b,
    0x51, 0xfe, 0xd3, 0x52, 0x52, 0x01, 0x2d, 0x00, 0x00, 0x01, 0x00, 0x1d, 0x00, 0x00, 0x04, 0x25,
    0x02, 0xbc, 0x00, 0x12, 0x00, 0x0c, 0xb0, 0x09, 0x1c, 0xdf, 0xd6, 0x68, 0x3a, 0x1a, 0xe5, 0x5f,
    0xeb, 0x00, 0x01, 0x21, 0x11, 0x23, 0x11, 0x23, 0x35, 0x21, 0x15, 0x21, 0x32, 0x16, 0x15, 0x11,
    0x23, 0x11, 0x23, 0x11, 0x23, 0x02, 0x7a, 0xfe, 0xd9, 0x63, 0xd3, 0x02, 0xc0, 0x01, 0x37, 0x0b,
    0x06, 0x62, 0xe6, 0x63, 0x02, 0x60, 0xfd, 0xa0, 0x02, 0x60, 0x5c, 0xc8, 0x06, 0x0b, 0xfe, 0x1d,
    0x01, 0xa7, 0xfe, 0x59, 0x00, 0x01, 0x00, 0x32, 0xff, 0xf0, 0x03, 0x7d, 0x02, 0xca, 0x00, 0x39,
    0x00, 0x0c, 0xb0, 0x09, 0x1c, 0xdf, 0xd6, 0x68, 0x3a, 0x1a, 0xe5, 0x5f, 0xeb, 0x00, 0x01, 0x33,
    0x35, 0x34, 0x26, 0x23, 0x22, 0x06, 0x15, 0x14, 0x17, 0x23, 0x34, 0x26, 0x23, 0x22, 0x06, 0x15,
    0x14, 0x16, 0x33, 0x32, 0x36, 0x37, 0x33, 0x14, 0x0e, 0x02, 0x23, 0x22, 0x26, 0x35, 0x34, 0x36,
    0x33, 0x32, 0x16, 0x17, 0x26, 0x34, 0x35, 0x34, 0x3e, 0x02, 0x33, 0x32, 0x16, 0x1d, 0x01, 0x33,
    0x15, 0x23, 0x11, 0x23, 0x11, 0x23, 0x02, 0x41, 0x6d, 0x34, 0x2a, 0x3f, 0x35, 0x0e, 0x60, 0x2f,
    0x39, 0x4d, 0x41, 0x42, 0x4c, 0x3c, 0x38, 0x03, 0x61, 0x18, 0x34, 0x52, 0x3a, 0x73, 0x7d, 0x7c,
    0x74, 0x23, 0x37, 0x14, 0x02, 0x16, 0x30, 0x4a, 0x34, 0x5b, 0x64, 0x6c, 0x6c, 0x63, 0x6d, 0x01,
    0xf4, 0x2e, 0x30, 0x27, 0x4c, 0x4d, 0x40, 0x4c, 0x28, 0x35, 0x56, 0x66, 0x5c, 0x56, 0x34, 0x2c,
    0x23, 0x41, 0x32, 0x1d, 0x7e, 0x87, 0x8f, 0x7f, 0x0f, 0x0e, 0x0a, 0x13, 0x0a, 0x21, 0x43, 0x37,
    0x22, 0x55, 0x51, 0x30, 0x49, 0xfe, 0x55, 0x01, 0xab, 0x00, 0x00, 0x00, 0x00, 0x02, 0x00, 0x04,
    0xff, 0x2b, 0x03, 0x84, 0x02, 0xcd, 0x00, 0x35, 0x00, 0x43, 0x00, 0x0c, 0xb0, 0x09, 0x1c, 0xdf,
    0xd6, 0x68, 0x3a, 0x1a, 0xe5, 0x5f, 0xeb, 0x00, 0x13, 0x33, 0x35, 0x34, 0x3e, 0x02, 0x33, 0x32,
    0x16, 0x17, 0x11, 0x3e, 0x03, 0x33, 0x32, 0x1e, 0x02, 0x15, 0x14, 0x06, 0x23, 0x22, 0x26, 0x27,
    0x15, 0x23, 0x11, 0x26, 0x23, 0x22, 0x06, 0x1d, 0x01, 0x33, 0x15, 0x23, 0x11, 0x14, 0x06, 0x23,
    0x22, 0x26, 0x27, 0x35, 0x37, 0x3e, 0x01, 0x35, 0x11, 0x23, 0x25, 0x22, 0x06, 0x15, 0x14, 0x16,
    0x33, 0x32, 0x36, 0x35, 0x34, 0x2e, 0x02, 0x1c, 0x4a, 0x21, 0x3f, 0x59, 0x39, 0x3a, 0x5c, 0x1f,
    0x0c, 0x24, 0x2e, 0x33, 0x1b, 0x35, 0x4d, 0x31, 0x18, 0x73, 0x6b, 0x3c, 0x4b, 0x12, 0x62, 0x23,
    0x30, 0x4a, 0x45, 0x7c, 0x7c, 0x41, 0x52, 0x0b, 0x1f, 0x08, 0x2c, 0x1f, 0x17, 0x4a, 0x02, 0x84,
    0x4c, 0x4b, 0x3d, 0x51, 0x4a, 0x40, 0x0c, 0x1e, 0x32, 0x01, 0xf4, 0x10, 0x2c, 0x4a, 0x35, 0x1e,
    0x14, 0x11, 0xfe, 0xff, 0x16, 0x22, 0x18, 0x0c, 0x26, 0x44, 0x60, 0x3a, 0x83, 0x8b, 0x31, 0x23,
    0x45, 0x02, 0x73, 0x0c, 0x47, 0x36, 0x0e, 0x48, 0xfe, 0x29, 0x53, 0x57, 0x03, 0x03, 0x52, 0x01,
    0x02, 0x28, 0x28, 0x01, 0xd6, 0x03, 0x52, 0x62, 0x60, 0x57, 0x5b, 0x60, 0x27, 0x41, 0x2e, 0x1a,
    0x00, 0x01, 0x00, 0x04, 0xff, 0x2b, 0x02, 0xb9, 0x02, 0xcd, 0x00, 0x40, 0x00, 0x0c, 0xb0, 0x09,
    0x1c, 0xdf, 0xd6, 0x68, 0x3a, 0x1a, 0xe5, 0x5f, 0xeb, 0x00, 0x05, 0x37, 0x3e, 0x01, 0x35, 0x11,
    0x23, 0x11, 0x14, 0x06, 0x23, 0x22, 0x26, 0x27, 0x35, 0x37, 0x3e, 0x01, 0x35, 0x11, 0x23, 0x35,
    0x33, 0x35, 0x34, 0x3e, 0x02, 0x33, 0x32, 0x16, 0x17, 0x15, 0x2e, 0x01, 0x23, 0x22, 0x06, 0x1d,
    0x01, 0x33, 0x35, 0x34, 0x36, 0x33, 0x32, 0x17, 0x15, 0x2e, 0x01, 0x23, 0x22, 0x06, 0x1d, 0x01,
    0x33, 0x15, 0x23, 0x11, 0x14, 0x06, 0x23, 0x22, 0x26, 0x27, 0x01, 0x4c, 0x39, 0x1f, 0x18, 0xf3,
    0x41, 0x52, 0x0b, 0x1f, 0x08, 0x2c, 0x1f, 0x17, 0x4a, 0x4a, 0x18, 0x2f, 0x43, 0x2a, 0x18, 0x30,
    0x12, 0x11, 0x28, 0x12, 0x34, 0x2c, 0xf3, 0x5d, 0x53, 0x2b, 0x22, 0x0f, 0x1e, 0x0c, 0x35, 0x2d,
    0x7d, 0x7d, 0x42, 0x51, 0x0f, 0x26, 0x0a, 0x7b, 0x02, 0x01, 0x28, 0x29, 0x01, 0xd3, 0xfe, 0x29,
    0x53, 0x57, 0x03, 0x03, 0x52, 0x01, 0x02, 0x28, 0x28, 0x01, 0xd6, 0x48, 0x2b, 0x25, 0x3e, 0x2c,
    0x19, 0x09, 0x09, 0x4b, 0x08, 0x07, 0x32, 0x2c, 0x27, 0x34, 0x49, 0x5c, 0x08, 0x4b, 0x02, 0x03,
    0x31, 0x2c, 0x2e, 0x48, 0xfe, 0x2b, 0x53, 0x57, 0x04, 0x02, 0x00, 0x00, 0x00, 0x02, 0x00, 0x1a,
    0xff, 0x2b, 0x04, 0xda, 0x02, 0xcd, 0x00, 0x49, 0x00, 0x57, 0x00, 0x0c, 0xb0, 0x09, 0x1c, 0xdf,
    0xd6, 0x68, 0x3a, 0x1a, 0xe5, 0x5f, 0xeb, 0x00, 0x13, 0x33, 0x35, 0x34, 0x3e, 0x02, 0x33, 0x32,
    0x16, 0x17, 0x15, 0x2e, 0x01, 0x23, 0x22, 0x06, 0x1d, 0x01, 0x33, 0x35, 0x34, 0x3e, 0x02, 0x33,
    0x32, 0x16, 0x17, 0x11, 0x3e, 0x01, 0x33, 0x32, 0x1e, 0x02, 0x15, 0x14, 0x06, 0x23, 0x22, 0x26,
    0x27, 0x15, 0x23, 0x11, 0x26, 0x23, 0x22, 0x06, 0x1d, 0x01, 0x33, 0x15, 0x23, 0x11, 0x14, 0x06,
    0x23, 0x22, 0x26, 0x27, 0x35, 0x37, 0x3e, 0x01, 0x35, 0x11, 0x23, 0x11, 0x23, 0x11, 0x23, 0x25,
    0x22, 0x06, 0x15, 0x14, 0x16, 0x33, 0x32, 0x36, 0x35, 0x34, 0x2e, 0x02, 0x1a, 0x4a, 0x18, 0x2f,
    0x43, 0x2a, 0x17, 0x30, 0x13, 0x11, 0x29, 0x11, 0x34, 0x2d, 0xf6, 0x21, 0x3f, 0x59, 0x39, 0x3a,
    0x5b, 0x20, 0x18, 0x5e, 0x36, 0x35, 0x4d, 0x31, 0x18, 0x73, 0x6b, 0x3c, 0x4b, 0x12, 0x63, 0x21,
    0x31, 0x4a, 0x45, 0x7c, 0x7c, 0x41, 0x52, 0x0b, 0x1f, 0x08, 0x2c, 0x1f, 0x17, 0xf6, 0x62, 0x4a,
    0x03, 0xdc, 0x4c, 0x4c, 0x3e, 0x51, 0x4a, 0x40, 0x0c, 0x1e, 0x32, 0x01, 0xf4, 0x2b, 0x25, 0x3e,
    0x2c, 0x19, 0x09, 0x09, 0x4b, 0x08, 0x07, 0x32, 0x2c, 0x27, 0x10, 0x2c, 0x4a, 0x35, 0x1e, 0x14,
    0x11, 0xff, 0x00, 0x2b, 0x30, 0x26, 0x44, 0x60, 0x3a, 0x83, 0x8b, 0x30, 0x23, 0x44, 0x02, 0x73,
    0x0c, 0x47, 0x36, 0x0e, 0x48, 0xfe, 0x29, 0x53, 0x57, 0x03, 0x03, 0x52, 0x01, 0x02, 0x28, 0x28,
    0x01, 0xd6, 0xfe, 0x54, 0x01, 0xac, 0x03, 0x52, 0x62, 0x60, 0x57, 0x5b, 0x60, 0x27, 0x41, 0x2e,
    0x1a, 0x00, 0x00, 0x00, 0x00, 0x01, 0x00, 0x1a, 0xff, 0x2b, 0x04, 0xac, 0x02, 0xcd, 0x00, 0x43,
    0x00, 0x0c, 0xb0, 0x09, 0x1c, 0xdf, 0xd6, 0x68, 0x3a, 0x1a, 0xe5, 0x5f, 0xeb, 0x00, 0x13, 0x33,
    0x35, 0x34, 0x3e, 0x02, 0x33, 0x32, 0x16, 0x17, 0x15, 0x2e, 0x01, 0x23, 0x22, 0x06, 0x1d, 0x01,
    0x33, 0x35, 0x34, 0x3e, 0x02, 0x33, 0x32, 0x16, 0x17, 0x15, 0x21, 0x32, 0x16, 0x15, 0x11, 0x23,
    0x11, 0x23, 0x11, 0x23, 0x11, 0x26, 0x23, 0x22, 0x06, 0x1d, 0x01, 0x33, 0x15, 0x23, 0x11, 0x14,
    0x06, 0x23, 0x22, 0x26, 0x27, 0x35, 0x37, 0x3e, 0x01, 0x35, 0x11, 0x23, 0x11, 0x23, 0x11, 0x23,
    0x1a, 0x4a, 0x18, 0x2f, 0x43, 0x2a, 0x17, 0x30, 0x13, 0x11, 0x29, 0x11, 0x34, 0x2d, 0xf6, 0x21,
    0x3f, 0x59, 0x39, 0x3a, 0x5b, 0x20, 0x01, 0x37, 0x0b, 0x07, 0x63, 0xe6, 0x63, 0x21, 0x31, 0x4a,
    0x45, 0x79, 0x79, 0x41, 0x52, 0x0b, 0x1f, 0x08, 0x2c, 0x1f, 0x17, 0xf6, 0x62, 0x4a, 0x01, 0xf4,
    0x2b, 0x25, 0x3e, 0x2c, 0x19, 0x09, 0x09, 0x4b, 0x08, 0x07, 0x32, 0x2c, 0x27, 0x10, 0x2c, 0x4a,
    0x35, 0x1e, 0x14, 0x11, 0xb4, 0x06, 0x0b, 0xfe, 0x1d, 0x01, 0xa7, 0xfe, 0x59, 0x02, 0x73, 0x0c,
    0x47, 0x36, 0x0e, 0x48, 0xfe, 0x29, 0x53, 0x57, 0x03, 0x03, 0x52, 0x01, 0x02, 0x28, 0x28, 0x01,
    0xd6, 0xfe, 0x54, 0x01, 0xac, 0x00, 0x00, 0x00, 0x00, 0x01, 0x00, 0x1a, 0xff, 0x2b, 0x03, 0x63,
    0x02, 0xcd, 0x00, 0x38, 0x00, 0x0c, 0xb0, 0x09, 0x1c, 0xdf, 0xd6, 0x68, 0x3a, 0x1a, 0xe5, 0x5f,
    0xeb, 0x00, 0x13, 0x33, 0x35, 0x34, 0x3e, 0x02, 0x33, 0x32, 0x16, 0x17, 0x15, 0x2e, 0x01, 0x23,
    0x22, 0x06, 0x1d, 0x01, 0x33, 0x35, 0x34, 0x36, 0x33, 0x32, 0x16, 0x17, 0x23, 0x26, 0x23, 0x22,
    0x06, 0x1d, 0x01, 0x21, 0x11, 0x23, 0x11, 0x23, 0x11, 0x14, 0x06, 0x23, 0x22, 0x26, 0x27, 0x35,
    0x37, 0x3e, 0x01, 0x35, 0x11, 0x23, 0x11, 0x23, 0x11, 0x23, 0x1a, 0x4a, 0x18, 0x2f, 0x43, 0x2a,
    0x17, 0x30, 0x13, 0x11, 0x29, 0x11, 0x34, 0x2d, 0xf6, 0x6b, 0x73, 0x5f, 0x60, 0x05, 0x63, 0x08,
    0x59, 0x47, 0x34, 0x01, 0x44, 0x63, 0xe1, 0x41, 0x52, 0x0b, 0x1f, 0x08, 0x2c, 0x1f, 0x17, 0xf6,
    0x62, 0x4a, 0x01, 0xf4, 0x2b, 0x25, 0x3e, 0x2c, 0x19, 0x09, 0x09, 0x4b, 0x08, 0x07, 0x32, 0x2c,
    0x27, 0x0c, 0x62, 0x6b, 0x47, 0x3b, 0x35, 0x41, 0x43, 0x08, 0xfe, 0x0c, 0x01, 0xac, 0xfe, 0x29,
    0x53, 0x57, 0x03, 0x03, 0x52, 0x01, 0x02, 0x28, 0x28, 0x01, 0xd6, 0xfe, 0x54, 0x01, 0xac, 0x00,
    0x00, 0x01, 0x00, 0x1a, 0xff, 0x2b, 0x03, 0x64, 0x02, 0xcd, 0x00, 0x42, 0x00, 0x0c, 0xb0, 0x09,
    0x1c, 0xdf, 0xd6, 0x68, 0x3a, 0x1a, 0xe5, 0x5f, 0xeb, 0x00, 0x13, 0x33, 0x35, 0x34, 0x3e, 0x02,
    0x33, 0x32, 0x16, 0x17, 0x15, 0x2e, 0x01, 0x23, 0x22, 0x06, 0x1d, 0x01, 0x33, 0x35, 0x34, 0x36,
    0x33, 0x32, 0x16, 0x17, 0x23, 0x26, 0x23, 0x22, 0x06, 0x1d, 0x01, 0x21, 0x11, 0x14, 0x06, 0x23,
    0x22, 0x26, 0x27, 0x35, 0x37, 0x3e, 0x01, 0x35, 0x11, 0x23, 0x11, 0x14, 0x06, 0x23, 0x22, 0x26,
    0x27, 0x35, 0x37, 0x3e, 0x01, 0x35, 0x11, 0x23, 0x11, 0x23, 0x11, 0x23, 0x1a, 0x4a, 0x18, 0x2f,
    0x43, 0x2a, 0x17, 0x30, 0x13, 0x11, 0x29, 0x11, 0x34, 0x2d, 0xf6, 0x6b, 0x73, 0x60, 0x60, 0x05,
    0x63, 0x08, 0x5a, 0x47, 0x34, 0x01, 0x45, 0x4e, 0x48, 0x0f, 0x32, 0x11, 0x46, 0x24, 0x1b, 0xe2,
    0x41, 0x52, 0x0b, 0x1f, 0x08, 0x2c, 0x1f, 0x17, 0xf6, 0x62, 0x4a, 0x01, 0xf4, 0x2b, 0x25, 0x3e,
    0x2c, 0x19, 0x09, 0x09, 0x4b, 0x08, 0x07, 0x32, 0x2c, 0x27, 0x0c, 0x62, 0x6b, 0x47, 0x3b, 0x35,
    0x41, 0x43, 0x08, 0xfe, 0x0d, 0x60, 0x6b, 0x02, 0x04, 0x51, 0x05, 0x02, 0x42, 0x33, 0x01, 0xa3,
    0xfe, 0x29, 0x53, 0x57, 0x03, 0x03, 0x52, 0x01, 0x02, 0x28, 0x28, 0x01, 0xd6, 0xfe, 0x54, 0x01,
    0xac, 0x00, 0x00, 0x00, 0x00, 0x01, 0x00, 0x1a, 0xff, 0x2b, 0x03, 0x63, 0x02, 0xcd, 0x00, 0x3a,
    0x00, 0x0c, 0xb0, 0x09, 0x1c, 0xdf, 0xd6, 0x68, 0x3a, 0x1a, 0xe5, 0x5f, 0xeb, 0x00, 0x13, 0x33,
    0x35, 0x34, 0x3e, 0x02, 0x33, 0x32, 0x16, 0x17, 0x15, 0x2e, 0x01, 0x23, 0x22, 0x06, 0x1d, 0x01,
    0x33, 0x35, 0x34, 0x3e, 0x02, 0x33, 0x32, 0x16, 0x17, 0x11, 0x23, 0x11, 0x26, 0x23, 0x22, 0x06,
    0x1d, 0x01, 0x33, 0x15, 0x23, 0x11, 0x14, 0x06, 0x23, 0x22, 0x26, 0x27, 0x35, 0x37, 0x3e, 0x01,
    0x35, 0x11, 0x23, 0x11, 0x23, 0x11, 0x23, 0x1a, 0x4a, 0x18, 0x2f, 0x43, 0x2a, 0x17, 0x30, 0x13,
    0x11, 0x29, 0x11, 0x34, 0x2d, 0xf6, 0x21, 0x3f, 0x59, 0x39, 0x3a, 0x5b, 0x20, 0x63, 0x21, 0x31,
    0x4a, 0x45, 0x7c, 0x7c, 0x41, 0x52, 0x0b, 0x1f, 0x08, 0x2c, 0x1f, 0x17, 0xf6, 0x62, 0x4a, 0x01,
    0xf4, 0x2b, 0x25, 0x3e, 0x2c, 0x19, 0x09, 0x09, 0x4b, 0x08, 0x07, 0x32, 0x2c, 0x27, 0x10, 0x2c,
    0x4a, 0x35, 0x1e, 0x14, 0x11, 0xfd, 0x58, 0x02, 0x73, 0x0c, 0x47, 0x36, 0x0e, 0x48, 0xfe, 0x29,
    0x53, 0x57, 0x03, 0x03, 0x52, 0x01, 0x02, 0x28, 0x28, 0x01, 0xd6, 0xfe, 0x54, 0x01, 0xac, 0x00,
    0x00, 0x01, 0x00, 0x1a, 0xff, 0x2b, 0x04, 0xa0, 0x02, 0xcd, 0x00, 0x42, 0x00, 0x0c, 0xb0, 0x09,
    0x1c, 0xdf, 0xd6, 0x68, 0x3a, 0x1a, 0xe5, 0x5f, 0xeb, 0x00, 0x13, 0x23, 0x35, 0x33, 0x35, 0x34,
    0x3e, 0x02, 0x33, 0x32, 0x16, 0x17, 0x15, 0x2e, 0x01, 0x23, 0x22, 0x06, 0x1d, 0x01, 0x33, 0x35,
    0x34, 0x36, 0x33, 0x32, 0x17, 0x15, 0x2e, 0x01, 0x23, 0x22, 0x06, 0x1d, 0x01, 0x21, 0x13, 0x1e,
    0x01, 0x17, 0x3e, 0x01, 0x37, 0x13, 0x33, 0x01, 0x23, 0x37, 0x03, 0x23, 0x11, 0x14, 0x06, 0x23,
    0x22, 0x26, 0x27, 0x35, 0x37, 0x3e, 0x01, 0x35, 0x11, 0x23, 0x11, 0x23, 0x64, 0x4a, 0x4a, 0x18,
    0x2f, 0x43, 0x2a, 0x17, 0x30, 0x13, 0x11, 0x29, 0x11, 0x34, 0x2d, 0xf6, 0x5c, 0x5a, 0x2e, 0x26,
    0x11, 0x2a, 0x0c, 0x34, 0x2c, 0x01, 0x02, 0x79, 0x07, 0x0b, 0x05, 0x05, 0x0c, 0x07, 0x72, 0x65,
    0xfe, 0xf5, 0x61, 0x52, 0xae, 0xb9, 0x41, 0x52, 0x0b, 0x1f, 0x08, 0x2c, 0x1f, 0x17, 0xf6, 0x62,
    0x01, 0xac, 0x48, 0x2b, 0x25, 0x3e, 0x2c, 0x19, 0x09, 0x09, 0x4b, 0x08, 0x07, 0x32, 0x2c, 0x27,
    0x34, 0x49, 0x5c, 0x0b, 0x4a, 0x03, 0x04, 0x31, 0x2c, 0x2e, 0xfe, 0xc1, 0x13, 0x27, 0x12, 0x12,
    0x27, 0x13, 0x01, 0x3f, 0xfd, 0x44, 0xcf, 0x01, 0xa5, 0xfe, 0x29, 0x53, 0x57, 0x03, 0x03, 0x52,
    0x01, 0x02, 0x28, 0x28, 0x01, 0xd6, 0xfe, 0x54, 0x00, 0x01, 0x00, 0x04, 0xff, 0x2b, 0x03, 0x56,
    0x02, 0xcd, 0x00, 0x2d, 0x00, 0x0c, 0xb0, 0x09, 0x1c, 0xdf, 0xd6, 0x68, 0x3a, 0x1a, 0xe5, 0x5f,
    0xeb, 0x00, 0x13, 0x33, 0x35, 0x34, 0x3e, 0x02, 0x33, 0x32, 0x16, 0x17, 0x15, 0x21, 0x32, 0x16,
    0x15, 0x11, 0x23, 0x11, 0x23, 0x11, 0x23, 0x11, 0x26, 0x23, 0x22, 0x06, 0x1d, 0x01, 0x33, 0x15,
    0x23, 0x11, 0x14, 0x06, 0x23, 0x22, 0x26, 0x27, 0x35, 0x37, 0x3e, 0x01, 0x35, 0x11, 0x23, 0x1c,
    0x4a, 0x21, 0x3f, 0x59, 0x39, 0x3a, 0x5c, 0x1f, 0x01, 0x37, 0x0b, 0x07, 0x63, 0xe6, 0x62, 0x23,
    0x30, 0x4a, 0x45, 0x7c, 0x7c, 0x41, 0x52, 0x0b, 0x1f, 0x08, 0x2c, 0x1f, 0x17, 0x4a, 0x01, 0xf4,
    0x10, 0x2c, 0x4a, 0x35, 0x1e, 0x14, 0x11, 0xb4, 0x06, 0x0b, 0xfe, 0x1d, 0x01, 0xa7, 0xfe, 0x59,
    0x02, 0x73, 0x0c, 0x47, 0x36, 0x0e, 0x48, 0xfe, 0x29, 0x53, 0x57, 0x03, 0x03, 0x52, 0x01, 0x02,
    0x28, 0x28, 0x01, 0xd6, 0x00, 0x01, 0x00, 0x1a, 0x00, 0x00, 0x02, 0x0d, 0x02, 0xcd, 0x00, 0x1b,
    0x00, 0x0c, 0xb0, 0x09, 0x1c, 0xdf, 0xd6, 0x68, 0x3a, 0x1a, 0xe5, 0x5f, 0xeb, 0x00, 0x01, 0x23,
    0x11, 0x23, 0x11, 0x23, 0x35, 0x33, 0x35, 0x34, 0x36, 0x33, 0x32, 0x16, 0x17, 0x23, 0x2e, 0x01,
    0x23, 0x22, 0x0e, 0x02, 0x1d, 0x01, 0x21, 0x11, 0x23, 0x01, 0xab, 0xe5, 0x62, 0x4a, 0x4a, 0x6a,
    0x73, 0x62, 0x60, 0x05, 0x62, 0x04, 0x31, 0x30, 0x23, 0x30, 0x1c, 0x0c, 0x01, 0x47, 0x62, 0x01,
    0xac, 0xfe, 0x54, 0x01, 0xac, 0x48, 0x0c, 0x62, 0x6b, 0x47, 0x3b, 0x1a, 0x1b, 0x10, 0x21, 0x31,
    0x22, 0x08, 0xfe, 0x0c, 0x00, 0x01, 0x00, 0x04, 0xff, 0x2b, 0x02, 0x0d, 0x02, 0xcd, 0x00, 0x22,
    0x00, 0x0c, 0xb0, 0x09, 0x1c, 0xdf, 0xd6, 0x68, 0x3a, 0x1a, 0xe5, 0x5f, 0xeb, 0x00, 0x13, 0x33,
    0x35, 0x34, 0x36, 0x33, 0x32, 0x16, 0x17, 0x23, 0x26, 0x23, 0x22, 0x06, 0x1d, 0x01, 0x21, 0x11,
    0x23, 0x11, 0x23, 0x11, 0x14, 0x06, 0x23, 0x22, 0x26, 0x27, 0x35, 0x37, 0x3e, 0x01, 0x35, 0x11,
    0x23, 0x1c, 0x4a, 0x6b, 0x73, 0x60, 0x5f, 0x05, 0x62, 0x09, 0x59, 0x47, 0x34, 0x01, 0x44, 0x62,
    0xe2, 0x41, 0x52, 0x0b, 0x1f, 0x08, 0x2c, 0x1f, 0x17, 0x4a, 0x01, 0xf4, 0x0c, 0x62, 0x6b, 0x47,
    0x3b, 0x35, 0x41, 0x43, 0x08, 0xfe, 0x0c, 0x01, 0xac, 0xfe, 0x29, 0x53, 0x57, 0x03, 0x03, 0x52,
    0x01, 0x02, 0x28, 0x28, 0x01, 0xd6, 0x00, 0x00, 0x00, 0x01, 0x00, 0x04, 0xff, 0x2b, 0x02, 0x0e,
    0x02, 0xcd, 0x00, 0x2c, 0x00, 0x0c, 0xb0, 0x09, 0x1c, 0xdf, 0xd6, 0x68, 0x3a, 0x1a, 0xe5, 0x5f,
    0xeb, 0x00, 0x13, 0x33, 0x35, 0x34, 0x36, 0x33, 0x32, 0x16, 0x17, 0x23, 0x26, 0x23, 0x22, 0x06,
    0x1d, 0x01, 0x21, 0x11, 0x14, 0x06, 0x23, 0x22, 0x26, 0x27, 0x35, 0x37, 0x3e, 0x01, 0x35, 0x11,
    0x23, 0x11, 0x14, 0x06, 0x23, 0x22, 0x26, 0x27, 0x35, 0x37, 0x3e, 0x01, 0x35, 0x11, 0x23, 0x1c,
    0x4a, 0x6b, 0x73, 0x60, 0x60, 0x05, 0x63, 0x08, 0x5a, 0x47, 0x34, 0x01, 0x45, 0x4e, 0x48, 0x0f,
    0x32, 0x11, 0x46, 0x23, 0x1c, 0xe2, 0x41, 0x52, 0x0b, 0x1f, 0x08, 0x2c, 0x1f, 0x17, 0x4a, 0x01,
    0xf4, 0x0c, 0x62, 0x6b, 0x47, 0x3b, 0x35, 0x41, 0x43, 0x08, 0xfe, 0x0d, 0x60, 0x6b, 0x02, 0x04,
    0x51, 0x05, 0x02, 0x42, 0x33, 0x01, 0xa3, 0xfe, 0x29, 0x53, 0x57, 0x03, 0x03, 0x52, 0x01, 0x02,
    0x28, 0x28, 0x01, 0xd6, 0x00, 0x01, 0x00, 0x04, 0xff, 0x2b, 0x03, 0x76, 0x02, 0xcd, 0x00, 0x2b,
    0x00, 0x0c, 0xb0, 0x09, 0x1c, 0xdf, 0xd6, 0x68, 0x3a, 0x1a, 0xe5, 0x5f, 0xeb, 0x00, 0x13, 0x33,
    0x35, 0x34, 0x3e, 0x02, 0x33, 0x32, 0x16, 0x17, 0x11, 0x37, 0x33, 0x07, 0x13, 0x23, 0x03, 0x11,
    0x23, 0x11, 0x26, 0x23, 0x22, 0x06, 0x1d, 0x01, 0x33, 0x15, 0x23, 0x11, 0x14, 0x06, 0x23, 0x22,
    0x26, 0x27, 0x35, 0x37, 0x3e, 0x01, 0x35, 0x11, 0x23, 0x1c, 0x4a, 0x21, 0x3f, 0x59, 0x39, 0x3a,
    0x5c, 0x1f, 0xd3, 0x7c, 0xd7, 0xf1, 0x77, 0xf2, 0x62, 0x23, 0x30, 0x4a, 0x45, 0x7c, 0x7c, 0x41,
    0x52, 0x0b, 0x1f, 0x08, 0x2c, 0x1f, 0x17, 0x4a, 0x01, 0xf4, 0x10, 0x2c, 0x4a, 0x35, 0x1e, 0x14,
    0x11, 0xfe, 0x6c, 0xe0, 0xe2, 0xfe, 0xee, 0x01, 0x12, 0xfe, 0xee, 0x02, 0x73, 0x0c, 0x47, 0x36,
    0x0e, 0x48, 0xfe, 0x29, 0x53, 0x57, 0x03, 0x03, 0x52, 0x01, 0x02, 0x28, 0x28, 0x01, 0xd6, 0x00,
    0x00, 0x01, 0x00, 0x1a, 0xff, 0xf9, 0x02, 0x46, 0x02, 0xcd, 0x00, 0x20, 0x00, 0x0c, 0xb0, 0x09,
    0x1c, 0xdf, 0xd6, 0x68, 0x3a, 0x1a, 0xe5, 0x5f, 0xeb, 0x00, 0x01, 0x26, 0x23, 0x22, 0x06, 0x1d,
    0x01, 0x33, 0x15, 0x23, 0x11, 0x23, 0x11, 0x23, 0x35, 0x33, 0x35, 0x34, 0x36, 0x33, 0x32, 0x16,
    0x17, 0x11, 0x14, 0x3b, 0x01, 0x15, 0x06, 0x23, 0x22, 0x26, 0x35, 0x01, 0xa6, 0x26, 0x33, 0x49,
    0x3e, 0x7c, 0x7c, 0x62, 0x4a, 0x4a, 0x70, 0x79, 0x3c, 0x5f, 0x20, 0x1f, 0x1f, 0x22, 0x22, 0x35,
    0x27, 0x02, 0x74, 0x0b, 0x3e, 0x3f, 0x0e, 0x48, 0xfe, 0x54, 0x01, 0xac, 0x48, 0x10, 0x60, 0x69,
    0x14, 0x11, 0xfd, 0xc5, 0x1f, 0x4d, 0x08, 0x2f, 0x2f, 0x00, 0x00, 0x00, 0x00, 0x01, 0x00, 0x04,
    0xff, 0x2b, 0x02, 0x0d, 0x02, 0xcd, 0x00, 0x24, 0x00, 0x0c, 0xb0, 0x09, 0x1c, 0xdf, 0xd6, 0x68,
    0x3a, 0x1a, 0xe5, 0x5f, 0xeb, 0x00, 0x13, 0x33, 0x35, 0x34, 0x3e, 0x02, 0x33, 0x32, 0x16, 0x17,
    0x11, 0x23, 0x11, 0x26, 0x23, 0x22, 0x06, 0x1d, 0x01, 0x33, 0x15, 0x23, 0x11, 0x14, 0x06, 0x23,
    0x22, 0x26, 0x27, 0x35, 0x37, 0x3e, 0x01, 0x35, 0x11, 0x23, 0x1c, 0x4a, 0x21, 0x3f, 0x59, 0x39,
    0x3a, 0x5c, 0x1f, 0x62, 0x23, 0x30, 0x4a, 0x45, 0x7c, 0x7c, 0x41, 0x52, 0x0b, 0x1f, 0x08, 0x2c,
    0x1f, 0x17, 0x4a, 0x01, 0xf4, 0x10, 0x2c, 0x4a, 0x35, 0x1e, 0x14, 0x11, 0xfd, 0x58, 0x02, 0x73,
    0x0c, 0x47, 0x36, 0x0e, 0x48, 0xfe, 0x29, 0x53, 0x57, 0x03, 0x03, 0x52, 0x01, 0x02, 0x28, 0x28,
    0x01, 0xd6, 0x00, 0x00, 0x00, 0x01, 0x00, 0x04, 0xff, 0x2b, 0x03, 0x4a, 0x02, 0xcd, 0x00, 0x2d,
    0x00, 0x0c, 0xb0, 0x09, 0x1c, 0xdf, 0xd6, 0x68, 0x3a, 0x1a, 0xe5, 0x5f, 0xeb, 0x00, 0x17, 0x37,
    0x3e, 0x01, 0x35, 0x11, 0x23, 0x35, 0x33, 0x35, 0x34, 0x36, 0x33, 0x32, 0x16, 0x17, 0x15, 0x2e,
    0x01, 0x23, 0x22, 0x06, 0x1d, 0x01, 0x21, 0x13, 0x1e, 0x01, 0x17, 0x3e, 0x01, 0x37, 0x13, 0x33,
    0x01, 0x23, 0x37, 0x03, 0x23, 0x11, 0x14, 0x06, 0x23, 0x22, 0x26, 0x27, 0x04, 0x2c, 0x1f, 0x17,
    0x4a, 0x4a, 0x5d, 0x53, 0x17, 0x26, 0x11, 0x0f, 0x1f, 0x0c, 0x35, 0x2c, 0x01, 0x02, 0x79, 0x07,
    0x0b, 0x05, 0x05, 0x0c, 0x07, 0x72, 0x65, 0xfe, 0xf5, 0x61, 0x52, 0xae, 0xb9, 0x41, 0x52, 0x0b,
    0x1f, 0x08, 0x7d, 0x01, 0x02, 0x28, 0x28, 0x01, 0xd6, 0x48, 0x34, 0x49, 0x5c, 0x03, 0x05, 0x4b,
    0x02, 0x03, 0x31, 0x2c, 0x2e, 0xfe, 0xc1, 0x13, 0x27, 0x12, 0x12, 0x27, 0x13, 0x01, 0x3f, 0xfd,
    0x44, 0xce, 0x01, 0xa6, 0xfe, 0x29, 0x53, 0x57, 0x03, 0x03, 0x00, 0x00, 0x00, 0x01, 0x00, 0x2b,
    0xff, 0xf0, 0x03, 0x5f, 0x02, 0xca, 0x00, 0x4d, 0x00, 0x0c, 0xb0, 0x09, 0x1c, 0xdf, 0xd6, 0x68,
    0x3a, 0x1a, 0xe5, 0x5f, 0xeb, 0x00, 0x01, 0x33, 0x35, 0x34, 0x26, 0x23, 0x22, 0x06, 0x15, 0x14,
    0x16, 0x17, 0x23, 0x2e, 0x01, 0x23, 0x22, 0x06, 0x15, 0x14, 0x16, 0x17, 0x1e, 0x03, 0x17, 0x1e,
    0x01, 0x15, 0x14, 0x06, 0x23, 0x22, 0x26, 0x35, 0x33, 0x14, 0x16, 0x33, 0x32, 0x36, 0x35, 0x34,
    0x26, 0x27, 0x2e, 0x01, 0x27, 0x2e, 0x01, 0x35, 0x34, 0x3e, 0x02, 0x33, 0x32, 0x17, 0x26, 0x34,
    0x35, 0x34, 0x3e, 0x02, 0x33, 0x32, 0x16, 0x1d, 0x01, 0x33, 0x15, 0x23, 0x11, 0x23, 0x11, 0x23,
    0x02, 0x1f, 0x6f, 0x35, 0x2f, 0x48, 0x35, 0x08, 0x07, 0x61, 0x01, 0x32, 0x2d, 0x2f, 0x32, 0x1c,
    0x22, 0x0f, 0x25, 0x26, 0x26, 0x0f, 0x34, 0x3f, 0x6c, 0x67, 0x71, 0x6b, 0x62, 0x3e, 0x3c, 0x39,
    0x3a, 0x1c, 0x22, 0x1e, 0x52, 0x1f, 0x34, 0x3f, 0x1d, 0x33, 0x47, 0x2b, 0x3e, 0x29, 0x02, 0x15,
    0x30, 0x4d, 0x38, 0x5e, 0x67, 0x6f, 0x6f, 0x62, 0x6f, 0x01, 0xf4, 0x2e, 0x2a, 0x2d, 0x52, 0x48,
    0x1d, 0x38, 0x1d, 0x23, 0x25, 0x22, 0x22, 0x16, 0x24, 0x08, 0x03, 0x06, 0x06, 0x07, 0x04, 0x0e,
    0x43, 0x37, 0x4d, 0x50, 0x56, 0x50, 0x2f, 0x29, 0x24, 0x2b, 0x16, 0x24, 0x08, 0x07, 0x0b, 0x08,
    0x0e, 0x43, 0x37, 0x24, 0x36, 0x24, 0x12, 0x1b, 0x09, 0x13, 0x0a, 0x1e, 0x43, 0x38, 0x25, 0x54,
    0x52, 0x30, 0x48, 0xfe, 0x54, 0x01, 0xac, 0x00, 0x00, 0x01, 0x00, 0x1c, 0xff, 0x38, 0x04, 0xe5,
    0x02, 0x9c, 0x00, 0x1f, 0x00, 0x0c, 0xb0, 0x09, 0x1c, 0xdf, 0xd6, 0x68, 0x3a, 0x1a, 0xe5, 0x5f,
    0xeb, 0x00, 0x13, 0x33, 0x35, 0x33, 0x15, 0x21, 0x35, 0x33, 0x15, 0x21, 0x13, 0x1e, 0x01, 0x17,
    0x3e, 0x01, 0x37, 0x13, 0x33, 0x01, 0x23, 0x37, 0x03, 0x23, 0x11, 0x23, 0x11, 0x21, 0x11, 0x23,
    0x11, 0x23, 0x1c, 0x6f, 0x62, 0x01, 0x16, 0x63, 0x01, 0x01, 0x78, 0x07, 0x0c, 0x05, 0x05, 0x0b,
    0x07, 0x72, 0x65, 0xfe, 0xf5, 0x60, 0x51, 0xae, 0xb7, 0x63, 0xfe, 0xea, 0x62, 0x6f, 0x01, 0xf4,
    0xa8, 0xa8, 0xa8, 0xa8, 0xfe, 0xc1, 0x14, 0x28, 0x12, 0x12, 0x28, 0x14, 0x01, 0x3f, 0xfd, 0x44,
    0xd0, 0x01, 0xa4, 0xfe, 0x54, 0x01, 0xac, 0xfe, 0x54, 0x01, 0xac, 0x00, 0x00, 0x01, 0x00, 0x1c,
    0xff, 0x38, 0x03, 0x6d, 0x02, 0x9c, 0x00, 0x17, 0x00, 0x0c, 0xb0, 0x09, 0x1c, 0xdf, 0xd6, 0x68,
    0x3a, 0x1a, 0xe5, 0x5f, 0xeb, 0x00, 0x13, 0x33, 0x35, 0x33, 0x15, 0x21, 0x13, 0x1e, 0x01, 0x17,
    0x3e, 0x01, 0x37, 0x13, 0x33, 0x01, 0x23, 0x37, 0x03, 0x23, 0x11, 0x23, 0x11, 0x23, 0x1c, 0x6f,
    0x62, 0x01, 0x01, 0x79, 0x07, 0x0b, 0x05, 0x05, 0x0c, 0x07, 0x71, 0x66, 0xfe, 0xf5, 0x61, 0x52,
    0xae, 0xb8, 0x62, 0x6f, 0x01, 0xf4, 0xa8, 0xa8, 0xfe, 0xc1, 0x13, 0x27, 0x12, 0x12, 0x27, 0x13,
    0x01, 0x3f, 0xfd, 0x44, 0xcf, 0x01, 0xa5, 0xfe, 0x54, 0x01, 0xac, 0x00, 0x00, 0x03, 0x00, 0x0e,
    0x00, 0x00, 0x02, 0x55, 0x03, 0x5e, 0x00, 0x0c, 0x00, 0x13, 0x00, 0x1f, 0x00, 0x0c, 0xb0, 0x09,
    0x1c, 0xdf, 0xd6, 0x68, 0x3a, 0x1a, 0xe5, 0x5f, 0xeb, 0x00, 0x13, 0x3e, 0x03, 0x3b, 0x01, 0x11,
    0x23, 0x11, 0x23, 0x03, 0x23, 0x13, 0x33, 0x11, 0x23, 0x22, 0x06, 0x07, 0x37, 0x22, 0x26, 0x27,
    0x33, 0x16, 0x33, 0x32, 0x37, 0x33, 0x0e, 0x01, 0xe3, 0x0e, 0x2e, 0x3c, 0x4b, 0x2c, 0x6d, 0x63,
    0xfa, 0x68, 0x6c, 0xf4, 0xda, 0x0a, 0x35, 0x49, 0x15, 0x8c, 0x42, 0x46, 0x02, 0x4f, 0x01, 0x3a,
    0x3a, 0x01, 0x4f, 0x02, 0x46, 0x02, 0x15, 0x24, 0x3d, 0x2d, 0x19, 0xfd, 0x44, 0x01, 0x0d, 0xfe,
    0xf3, 0x01, 0x5f, 0x01, 0x04, 0x30, 0x36, 0xea, 0x3b, 0x3c, 0x3c, 0x3c, 0x3c, 0x3b, 0x00, 0x00,
    0x00, 0x03, 0x00, 0x0e, 0x00, 0x00, 0x02, 0x52, 0x03, 0x36, 0x00, 0x0c, 0x00, 0x13, 0x00, 0x17,
    0x00, 0x0c, 0xb0, 0x09, 0x1c, 0xdf, 0xd6, 0x68, 0x3a, 0x1a, 0xe5, 0x5f, 0xeb, 0x00, 0x13, 0x3e,
    0x03, 0x3b, 0x01, 0x11, 0x23, 0x11, 0x23, 0x03, 0x23, 0x13, 0x33, 0x11, 0x23, 0x22, 0x06, 0x07,
    0x13, 0x21, 0x15, 0x21, 0xe3, 0x0e, 0x2e, 0x3c, 0x4b, 0x2c, 0x6d, 0x63, 0xfa, 0x68, 0x6c, 0xf4,
    0xda, 0x0a, 0x35, 0x49, 0x15, 0x04, 0x01, 0x0f, 0xfe, 0xf1, 0x02, 0x15, 0x24, 0x3d, 0x2d, 0x19,
    0xfd, 0x44, 0x01, 0x0d, 0xfe, 0xf3, 0x01, 0x5f, 0x01, 0x04, 0x30, 0x36, 0x01, 0x39, 0x44, 0x00,
    0x00, 0x02, 0x00, 0x0e, 0xff, 0x06, 0x02, 0x3f, 0x02, 0xbc, 0x00, 0x1e, 0x00, 0x25, 0x00, 0x0c,
    0xb0, 0x09, 0x1c, 0xdf, 0xd6, 0x68, 0x3a, 0x1a, 0xe5, 0x5f, 0xeb, 0x00, 0x13, 0x3e, 0x03, 0x3b,
    0x01, 0x11, 0x23, 0x0e, 0x01, 0x15, 0x14, 0x33, 0x32, 0x36, 0x37, 0x17, 0x0e, 0x01, 0x23, 0x22,
    0x26, 0x35, 0x34, 0x36, 0x37, 0x11, 0x23, 0x03, 0x23, 0x13, 0x33, 0x11, 0x23, 0x22, 0x06, 0x07,
    0xe3, 0x0e, 0x2e, 0x3c, 0x4b, 0x2c, 0x6d, 0x01, 0x45, 0x31, 0x33, 0x0e, 0x1a, 0x0a, 0x11, 0x0e,
    0x29, 0x1e, 0x37, 0x3e, 0x39, 0x2f, 0xfa, 0x68, 0x6c, 0xf4, 0xda, 0x0a, 0x35, 0x49, 0x15, 0x02,
    0x15, 0x24, 0x3d, 0x2d, 0x19, 0xfd, 0x44, 0x1d, 0x3d, 0x20, 0x35, 0x08, 0x09, 0x3e, 0x0e, 0x10,
    0x35, 0x36, 0x34, 0x48, 0x1d, 0x01, 0x03, 0xfe, 0xf3, 0x01, 0x5f, 0x01, 0x04, 0x30, 0x36, 0x00,
    0x00, 0x02, 0x00, 0x5c, 0x00, 0x00, 0x01, 0xc1, 0x03, 0x5e, 0x00, 0x0b, 0x00, 0x17, 0x00, 0x0c,
    0xb0, 0x09, 0x1c, 0xdf, 0xd6, 0x68, 0x3a, 0x1a, 0xe5, 0x5f, 0xeb, 0x00, 0x13, 0x21, 0x15, 0x21,
    0x15, 0x33, 0x15, 0x23, 0x15, 0x21, 0x15, 0x21, 0x13, 0x22, 0x26, 0x27, 0x33, 0x16, 0x33, 0x32,
    0x37, 0x33, 0x0e, 0x01, 0x5c, 0x01, 0x65, 0xfe, 0xfe, 0xd9, 0xd9, 0x01, 0x02, 0xfe, 0x9b, 0xb4,
    0x42, 0x46, 0x02, 0x4f, 0x01, 0x3a, 0x3a, 0x01, 0x4f, 0x02, 0x46, 0x02, 0xbc, 0x5c, 0xb5, 0x5c,
    0xf2, 0x5d, 0x02, 0xe7, 0x3b, 0x3c, 0x3c, 0x3c, 0x3c, 0x3b, 0x00, 0x00, 0x00, 0x02, 0x00, 0x5c,
    0x00, 0x00, 0x01, 0xc1, 0x03, 0x65, 0x00, 0x0b, 0x00, 0x12, 0x00, 0x0c, 0xb0, 0x09, 0x1c, 0xdf,
    0xd6, 0x68, 0x3a, 0x1a, 0xe5, 0x5f, 0xeb, 0x00, 0x13, 0x21, 0x15, 0x21, 0x15, 0x33, 0x15, 0x23,
    0x15, 0x21, 0x15, 0x21, 0x13, 0x33, 0x17, 0x37, 0x33, 0x07, 0x23, 0x5c, 0x01, 0x65, 0xfe, 0xfe,
    0xd9, 0xd9, 0x01, 0x02, 0xfe, 0x9b, 0x16, 0x5f, 0x3f, 0x3f, 0x5e, 0x6a, 0x67, 0x02, 0xbc, 0x5c,
    0xb5, 0x5c, 0xf2, 0x5d, 0x03, 0x65, 0x4f, 0x4f, 0x7d, 0x00, 0x00, 0x00, 0x00, 0x02, 0x00, 0x5c,
    0x00, 0x00, 0x01, 0xc1, 0x03, 0x5d, 0x00, 0x0b, 0x00, 0x17, 0x00, 0x0c, 0xb0, 0x09, 0x1c, 0xdf,
    0xd6, 0x68, 0x3a, 0x1a, 0xe5, 0x5f, 0xeb, 0x00, 0x13, 0x21, 0x15, 0x21, 0x15, 0x33, 0x15, 0x23,
    0x15, 0x21, 0x15, 0x21, 0x13, 0x22, 0x26, 0x35, 0x34, 0x36, 0x33, 0x32, 0x16, 0x15, 0x14, 0x06,
    0x5c, 0x01, 0x65, 0xfe, 0xfe, 0xd9, 0xd9, 0x01, 0x02, 0xfe, 0x9b, 0xb4, 0x1d, 0x1e, 0x1e, 0x1d,
    0x1d, 0x1d, 0x1d, 0x02, 0xbc, 0x5c, 0xb5, 0x5c, 0xf2, 0x5d, 0x02, 0xee, 0x20, 0x19, 0x18, 0x1e,
    0x1e, 0x18, 0x19, 0x20, 0x00, 0x02, 0x00, 0x5c, 0x00, 0x00, 0x01, 0xc1, 0x03, 0x36, 0x00, 0x0b,
    0x00, 0x0f, 0x00, 0x0c, 0xb0, 0x09, 0x1c, 0xdf, 0xd6, 0x68, 0x3a, 0x1a, 0xe5, 0x5f, 0xeb, 0x00,
    0x13, 0x21, 0x15, 0x21, 0x15, 0x33, 0x15, 0x23, 0x15, 0x21, 0x15, 0x21, 0x13, 0x21, 0x15, 0x21,
    0x5c, 0x01, 0x65, 0xfe, 0xfe, 0xd9, 0xd9, 0x01, 0x02, 0xfe, 0x9b, 0x2d, 0x01, 0x0f, 0xfe, 0xf1,
    0x02, 0xbc, 0x5c, 0xb5, 0x5c, 0xf2, 0x5d, 0x03, 0x36, 0x44, 0x00, 0x00, 0x00, 0x01, 0x00, 0x5c,
    0xff, 0x06, 0x01, 0xc1, 0x02, 0xbc, 0x00, 0x1e, 0x00, 0x0c, 0xb0, 0x09, 0x1c, 0xdf, 0xd6, 0x68,
    0x3a, 0x1a, 0xe5, 0x5f, 0xeb, 0x00, 0x13, 0x21, 0x15, 0x21, 0x15, 0x33, 0x15, 0x23, 0x15, 0x21,
    0x15, 0x23, 0x0e, 0x01, 0x15, 0x14, 0x33, 0x32, 0x36, 0x37, 0x17, 0x0e, 0x01, 0x23, 0x22, 0x26,
    0x35, 0x34, 0x36, 0x37, 0x23, 0x5c, 0x01, 0x65, 0xfe, 0xfe, 0xd9, 0xd9, 0x01, 0x02, 0x01, 0x45,
    0x31, 0x33, 0x0e, 0x1a, 0x0a, 0x11, 0x0e, 0x29, 0x1e, 0x37, 0x3e, 0x30, 0x28, 0xf2, 0x02, 0xbc,
    0x5c, 0xb5, 0x5c, 0xf2, 0x5d, 0x1d, 0x3d, 0x20, 0x35, 0x08, 0x09, 0x3e, 0x0e, 0x10, 0x35, 0x36,
    0x30, 0x44, 0x1b, 0x00, 0x00, 0x02, 0x00, 0x37, 0xff, 0xf0, 0x02, 0x8e, 0x03, 0x5e, 0x00, 0x2b,
    0x00, 0x37, 0x00, 0x0c, 0xb0, 0x09, 0x1c, 0xdf, 0xd6, 0x68, 0x3a, 0x1a, 0xe5, 0x5f, 0xeb, 0x00,
    0x25, 0x0e, 0x01, 0x23, 0x22, 0x2e, 0x02, 0x35, 0x34, 0x3e, 0x02, 0x33, 0x32, 0x1e, 0x02, 0x15,
    0x23, 0x2e, 0x01, 0x23, 0x22, 0x0e, 0x02, 0x15, 0x14, 0x1e, 0x02, 0x33, 0x32, 0x36, 0x35, 0x34,
    0x26, 0x35, 0x23, 0x35, 0x21, 0x11, 0x23, 0x03, 0x22, 0x26, 0x27, 0x33, 0x16, 0x33, 0x32, 0x37,
    0x33, 0x0e, 0x01, 0x02, 0x41, 0x23, 0x72, 0x3f, 0x43, 0x72, 0x52, 0x2f, 0x2c, 0x51, 0x74, 0x49,
    0x3a, 0x61, 0x47, 0x28, 0x63, 0x04, 0x55, 0x4f, 0x33, 0x4f, 0x35, 0x1c, 0x1f, 0x37, 0x4d, 0x2e,
    0x6c, 0x5f, 0x01, 0xa9, 0x00, 0xff, 0x45, 0xd2, 0x42, 0x46, 0x02, 0x4f, 0x01, 0x3a, 0x3a, 0x01,
    0x4f, 0x02, 0x46, 0x49, 0x2e, 0x2b, 0x26, 0x56, 0x8c, 0x66, 0x62, 0x8b, 0x59, 0x2a, 0x1d, 0x3a,
    0x57, 0x39, 0x48, 0x41, 0x1b, 0x3f, 0x6b, 0x4f, 0x52, 0x68, 0x3c, 0x17, 0x50, 0x51, 0x06, 0x0c,
    0x06, 0x56, 0xfe, 0x98, 0x02, 0xf1, 0x3b, 0x3c, 0x3c, 0x3c, 0x3c, 0x3b, 0x00, 0x02, 0x00, 0x37,
    0xff, 0xf0, 0x02, 0x8e, 0x03, 0x65, 0x00, 0x2b, 0x00, 0x32, 0x00, 0x0c, 0xb0, 0x09, 0x1c, 0xdf,
    0xd6, 0x68, 0x3a, 0x1a, 0xe5, 0x5f, 0xeb, 0x00, 0x25, 0x0e, 0x01, 0x23, 0x22, 0x2e, 0x02, 0x35,
    0x34, 0x3e, 0x02, 0x33, 0x32, 0x1e, 0x02, 0x15, 0x23, 0x2e, 0x01, 0x23, 0x22, 0x0e, 0x02, 0x15,
    0x14, 0x1e, 0x02, 0x33, 0x32, 0x36, 0x35, 0x34, 0x26, 0x35, 0x23, 0x35, 0x21, 0x11, 0x23, 0x01,
    0x33, 0x17, 0x23, 0x27, 0x07, 0x23, 0x02, 0x41, 0x23, 0x72, 0x3f, 0x43, 0x72, 0x52, 0x2f, 0x2c,
    0x51, 0x74, 0x49, 0x3a, 0x61, 0x47, 0x28, 0x63, 0x04, 0x55, 0x4f, 0x33, 0x4f, 0x35, 0x1c, 0x1f,
    0x37, 0x4d, 0x2e, 0x6c, 0x5f, 0x01, 0xa9, 0x00, 0xff, 0x45, 0xfe, 0xfa, 0x68, 0x67, 0x5e, 0x3d,
    0x3d, 0x5e, 0x49, 0x2e, 0x2b, 0x26, 0x56, 0x8c, 0x66, 0x62, 0x8b, 0x59, 0x2a, 0x1d, 0x3a, 0x57,
    0x39, 0x48, 0x41, 0x1b, 0x3f, 0x6b, 0x4f, 0x52, 0x68, 0x3c, 0x17, 0x50, 0x51, 0x06, 0x0c, 0x06,
    0x56, 0xfe, 0x98, 0x03, 0x6f, 0x7d, 0x4f, 0x4f, 0x00, 0x02, 0x00, 0x37, 0xfe, 0xf0, 0x02, 0x8e,
    0x02, 0xce, 0x00, 0x2b, 0x00, 0x3f, 0x00, 0x0c, 0xb0, 0x09, 0x1c, 0xdf, 0xd6, 0x68, 0x3a, 0x1a,
    0xe5, 0x5f, 0xeb, 0x00, 0x25, 0x0e, 0x01, 0x23, 0x22, 0x2e, 0x02, 0x35, 0x34, 0x3e, 0x02, 0x33,
    0x32, 0x1e, 0x02, 0x15, 0x23, 0x2e, 0x01, 0x23, 0x22, 0x0e, 0x02, 0x15, 0x14, 0x1e, 0x02, 0x33,
    0x32, 0x36, 0x35, 0x34, 0x26, 0x35, 0x23, 0x35, 0x21, 0x11, 0x23, 0x05, 0x34, 0x36, 0x33, 0x32,
    0x16, 0x15, 0x14, 0x06, 0x2b, 0x01, 0x35, 0x32, 0x36, 0x37, 0x27, 0x06, 0x23, 0x22, 0x26, 0x02,
    0x41, 0x23, 0x72, 0x3f, 0x43, 0x72, 0x52, 0x2f, 0x2c, 0x51, 0x74, 0x49, 0x3a, 0x61, 0x47, 0x28,
    0x63, 0x04, 0x55, 0x4f, 0x33, 0x4f, 0x35, 0x1c, 0x1f, 0x37, 0x4d, 0x2e, 0x6c, 0x5f, 0x01, 0xa9,
    0x00, 0xff, 0x45, 0xfe, 0xda, 0x20, 0x1f, 0x23, 0x25, 0x38, 0x34, 0x14, 0x21, 0x28, 0x04, 0x0d,
    0x09, 0x10, 0x14, 0x1a, 0x49, 0x2e, 0x2b, 0x26, 0x56, 0x8c, 0x66, 0x62, 0x8b, 0x59, 0x2a, 0x1d,
    0x3a, 0x57, 0x39, 0x48, 0x41, 0x1b, 0x3f, 0x6b, 0x4f, 0x52, 0x68, 0x3c, 0x17, 0x50, 0x51, 0x06,
    0x0c, 0x06, 0x56, 0xfe, 0x98, 0x69, 0x1a, 0x22, 0x2d, 0x30, 0x3c, 0x40, 0x39, 0x10, 0x1b, 0x12,
    0x07, 0x15, 0x00, 0x00, 0x00, 0x02, 0x00, 0x37, 0xff, 0xf0, 0x02, 0x8e, 0x03, 0x5d, 0x00, 0x2b,
    0x00, 0x37, 0x00, 0x0c, 0xb0, 0x09, 0x1c, 0xdf, 0xd6, 0x68, 0x3a, 0x1a, 0xe5, 0x5f, 0xeb, 0x00,
    0x25, 0x0e, 0x01, 0x23, 0x22, 0x2e, 0x02, 0x35, 0x34, 0x3e, 0x02, 0x33, 0x32, 0x1e, 0x02, 0x15,
    0x23, 0x2e, 0x01, 0x23, 0x22, 0x0e, 0x02, 0x15, 0x14, 0x1e, 0x02, 0x33, 0x32, 0x36, 0x35, 0x34,
    0x26, 0x35, 0x23, 0x35, 0x21, 0x11, 0x23, 0x03, 0x22, 0x26, 0x35, 0x34, 0x36, 0x33, 0x32, 0x16,
    0x15, 0x14, 0x06, 0x02, 0x41, 0x23, 0x72, 0x3f, 0x43, 0x72, 0x52, 0x2f, 0x2c, 0x51, 0x74, 0x49,
    0x3a, 0x61, 0x47, 0x28, 0x63, 0x04, 0x55, 0x4f, 0x33, 0x4f, 0x35, 0x1c, 0x1f, 0x37, 0x4d, 0x2e,
    0x6c, 0x5f, 0x01, 0xa9, 0x00, 0xff, 0x45, 0xd1, 0x1d, 0x1e, 0x1e, 0x1d, 0x1d, 0x1d, 0x1d, 0x49,
    0x2e, 0x2b, 0x26, 0x56, 0x8c, 0x66, 0x62, 0x8b, 0x59, 0x2a, 0x1d, 0x3a, 0x57, 0x39, 0x48, 0x41,
    0x1b, 0x3f, 0x6b, 0x4f, 0x52, 0x68, 0x3c, 0x17, 0x50, 0x51, 0x06, 0x0c, 0x06, 0x56, 0xfe, 0x98,
    0x02, 0xf8, 0x20, 0x19, 0x18, 0x1e, 0x1e, 0x18, 0x19, 0x20, 0x00, 0x00, 0x00, 0x02, 0x00, 0x53,
    0x00, 0x00, 0x00, 0xc8, 0x03, 0x5d, 0x00, 0x03, 0x00, 0x0f, 0x00, 0x0c, 0xb0, 0x09, 0x1c, 0xdf,
    0xd6, 0x68, 0x3a, 0x1a, 0xe5, 0x5f, 0xeb, 0x00, 0x13, 0x33, 0x11, 0x23, 0x13, 0x22, 0x26, 0x35,
    0x34, 0x36, 0x33, 0x32, 0x16, 0x15, 0x14, 0x06, 0x5c, 0x63, 0x63, 0x32, 0x1d, 0x1e, 0x1e, 0x1d,
    0x1d, 0x1d, 0x1d, 0x02, 0xbc, 0xfd, 0x44, 0x02, 0xee, 0x20, 0x19, 0x18, 0x1e, 0x1e, 0x18, 0x19,
    0x20, 0x00, 0x00, 0x00, 0x00, 0x02, 0x00, 0x07, 0x00, 0x00, 0x01, 0x16, 0x03, 0x36, 0x00, 0x03,
    0x00, 0x07, 0x00, 0x0c, 0xb0, 0x09, 0x1c, 0xdf, 0xd6, 0x68, 0x3a, 0x1a, 0xe5, 0x5f, 0xeb, 0x00,
    0x13, 0x33, 0x11, 0x23, 0x03, 0x21, 0x15, 0x21, 0x5c, 0x63, 0x63, 0x55, 0x01, 0x0f, 0xfe, 0xf1,
    0x02, 0xbc, 0xfd, 0x44, 0x03, 0x36, 0x44, 0x00, 0x00, 0x01, 0x00, 0x11, 0xff, 0x06, 0x00, 0xe7,
    0x02, 0xbc, 0x00, 0x17, 0x00, 0x0c, 0xb0, 0x09, 0x1c, 0xdf, 0xd6, 0x68, 0x3a, 0x1a, 0xe5, 0x5f,
    0xeb, 0x00, 0x13, 0x33, 0x11, 0x0e, 0x01, 0x15, 0x14, 0x16, 0x33, 0x32, 0x36, 0x37, 0x17, 0x0e,
    0x01, 0x23, 0x22, 0x2e, 0x02, 0x35, 0x34, 0x36, 0x37, 0x5c, 0x63, 0x33, 0x28, 0x21, 0x17, 0x10,
    0x1f, 0x0b, 0x11, 0x0e, 0x2c, 0x1d, 0x19, 0x2e, 0x23, 0x15, 0x2a, 0x21, 0x02, 0xbc, 0xfd, 0x44,
    0x14, 0x43, 0x1f, 0x20, 0x19, 0x09, 0x08, 0x3f, 0x0d, 0x10, 0x0f, 0x1f, 0x2e, 0x1f, 0x2c, 0x41,
    0x12, 0x00, 0x00, 0x00, 0x00, 0x02, 0xff, 0xf6, 0x00, 0x00, 0x01, 0x25, 0x03, 0x66, 0x00, 0x03,
    0x00, 0x20, 0x00, 0x0c, 0xb0, 0x09, 0x1c, 0xdf, 0xd6, 0x68, 0x3a, 0x1a, 0xe5, 0x5f, 0xeb, 0x00,
    0x13, 0x33, 0x11, 0x23, 0x03, 0x34, 0x3e, 0x02, 0x33, 0x32, 0x16, 0x17, 0x1e, 0x01, 0x33, 0x32,
    0x35, 0x33, 0x14, 0x0e, 0x02, 0x23, 0x22, 0x26, 0x27, 0x2e, 0x01, 0x23, 0x22, 0x06, 0x15, 0x5c,
    0x63, 0x63, 0x66, 0x10, 0x1a, 0x22, 0x12, 0x12, 0x1d, 0x0b, 0x0a, 0x17, 0x0b, 0x27, 0x44, 0x10,
    0x1b, 0x21, 0x12, 0x11, 0x1d, 0x0b, 0x0b, 0x12, 0x10, 0x14, 0x12, 0x02, 0xbc, 0xfd, 0x44, 0x02,
    0xef, 0x1f, 0x2b, 0x1a, 0x0b, 0x0b, 0x07, 0x07, 0x09, 0x2a, 0x20, 0x2b, 0x1a, 0x0b, 0x0a, 0x08,
    0x08, 0x09, 0x16, 0x14, 0x00, 0x02, 0x00, 0x5c, 0xfe, 0xf0, 0x02, 0x6c, 0x02, 0xbc, 0x00, 0x0a,
    0x00, 0x1e, 0x00, 0x0c, 0xb0, 0x09, 0x1c, 0xdf, 0xd6, 0x68, 0x3a, 0x1a, 0xe5, 0x5f, 0xeb, 0x00,
    0x13, 0x11, 0x23, 0x11, 0x33, 0x11, 0x01, 0x33, 0x09, 0x01, 0x23, 0x07, 0x34, 0x36, 0x33, 0x32,
    0x16, 0x15, 0x14, 0x06, 0x2b, 0x01, 0x35, 0x32, 0x36, 0x37, 0x27, 0x06, 0x23, 0x22, 0x26, 0xbf,
    0x63, 0x63, 0x01, 0x19, 0x78, 0xfe, 0xdb, 0x01, 0x41, 0x7d, 0xf1, 0x20, 0x1f, 0x23, 0x25, 0x38,
    0x34, 0x14, 0x21, 0x28, 0x04, 0x0d, 0x09, 0x10, 0x14, 0x1a, 0x01, 0x53, 0xfe, 0xad, 0x02, 0xbc,
    0xfe, 0xb9, 0x01, 0x47, 0xfe, 0xaf, 0xfe, 0x95, 0x73, 0x1a, 0x22, 0x2d, 0x30, 0x3c, 0x40, 0x39,
    0x10, 0x1b, 0x12, 0x07, 0x15, 0x00, 0x00, 0x00, 0x00, 0x02, 0x00, 0x5c, 0x00, 0x00, 0x02, 0xa5,
    0x03, 0x6f, 0x00, 0x0a, 0x00, 0x0e, 0x00, 0x0c, 0xb0, 0x09, 0x1c, 0xdf, 0xd6, 0x68, 0x3a, 0x1a,
    0xe5, 0x5f, 0xeb, 0x00, 0x25, 0x01, 0x11, 0x23, 0x11, 0x33, 0x01, 0x11, 0x33, 0x11, 0x23, 0x03,
    0x33, 0x07, 0x23, 0x02, 0x41, 0xfe, 0x7e, 0x63, 0x66, 0x01, 0x7f, 0x64, 0x64, 0xb9, 0x7b, 0x5c,
    0x59, 0xcb, 0x01, 0x77, 0xfd, 0xbe, 0x02, 0xbc, 0xfe, 0x89, 0x01, 0x77, 0xfd, 0x44, 0x03, 0x6f,
    0x80, 0x00, 0x00, 0x00, 0x00, 0x02, 0x00, 0x5c, 0x00, 0x00, 0x02, 0xa5, 0x03, 0x65, 0x00, 0x0a,
    0x00, 0x11, 0x00, 0x0c, 0xb0, 0x09, 0x1c, 0xdf, 0xd6, 0x68, 0x3a, 0x1a, 0xe5, 0x5f, 0xeb, 0x00,
    0x25, 0x01, 0x11, 0x23, 0x11, 0x33, 0x01, 0x11, 0x33, 0x11, 0x23, 0x01, 0x33, 0x17, 0x37, 0x33,
    0x07, 0x23, 0x02, 0x41, 0xfe, 0x7e, 0x63, 0x66, 0x01, 0x7f, 0x64, 0x64, 0xfe, 0xa7, 0x5f, 0x3f,
    0x3f, 0x5e, 0x6a, 0x67, 0xcb, 0x01, 0x77, 0xfd, 0xbe, 0x02, 0xbc, 0xfe, 0x89, 0x01, 0x77, 0xfd,
    0x44, 0x03, 0x65, 0x4f, 0x4f, 0x7d, 0x00, 0x00, 0x00, 0x02, 0x00, 0x5c, 0xfe, 0xf0, 0x02, 0xa5,
    0x02, 0xbc, 0x00, 0x0a, 0x00, 0x1e, 0x00, 0x0c, 0xb0, 0x09, 0x1c, 0xdf, 0xd6, 0x68, 0x3a, 0x1a,
    0xe5, 0x5f, 0xeb, 0x00, 0x25, 0x01, 0x11, 0x23, 0x11, 0x33, 0x01, 0x11, 0x33, 0x11, 0x23, 0x05,
    0x34, 0x36, 0x33, 0x32, 0x16, 0x15, 0x14, 0x06, 0x2b, 0x01, 0x35, 0x32, 0x36, 0x37, 0x27, 0x06,
    0x23, 0x22, 0x26, 0x02, 0x41, 0xfe, 0x7e, 0x63, 0x66, 0x01, 0x7f, 0x64, 0x64, 0xfe, 0xf8, 0x20,
    0x1f, 0x23, 0x25, 0x38, 0x34, 0x14, 0x21, 0x28, 0x04, 0x0d, 0x09, 0x10, 0x14, 0x1a, 0xcb, 0x01,
    0x77, 0xfd, 0xbe, 0x02, 0xbc, 0xfe, 0x89, 0x01, 0x77, 0xfd, 0x44, 0x73, 0x1a, 0x22, 0x2d, 0x30,
    0x3c, 0x40, 0x39, 0x10, 0x1b, 0x12, 0x07, 0x15, 0x00, 0x03, 0x00, 0x5c, 0xff, 0xf5, 0x02, 0x6a,
    0x03, 0x6f, 0x00, 0x13, 0x00, 0x17, 0x00, 0x1b, 0x00, 0x0c, 0xb0, 0x09, 0x1c, 0xdf, 0xd6, 0x68,
    0x3a, 0x1a, 0xe5, 0x5f, 0xeb, 0x00, 0x01, 0x23, 0x11, 0x23, 0x11, 0x21, 0x32, 0x15, 0x11, 0x23,
    0x17, 0x1e, 0x01, 0x17, 0x15, 0x2e, 0x03, 0x27, 0x03, 0x21, 0x35, 0x21, 0x13, 0x33, 0x07, 0x23,
    0x01, 0x09, 0x4a, 0x63, 0x01, 0xc8, 0x15, 0xc1, 0x5a, 0x1d, 0x55, 0x26, 0x20, 0x3f, 0x3c, 0x38,
    0x18, 0xc0, 0x01, 0x16, 0xfe, 0xea, 0x93, 0x7b, 0x5c, 0x59, 0x01, 0x37, 0xfe, 0xc9, 0x02, 0xbc,
    0x15, 0xfe, 0x90, 0x8a, 0x2d, 0x25, 0x03, 0x63, 0x01, 0x0e, 0x1f, 0x34, 0x28, 0x01, 0x0d, 0xd6,
    0x01, 0x0d, 0x80, 0x00, 0x00, 0x03, 0x00, 0x5c, 0xff, 0xf5, 0x02, 0x6a, 0x03, 0x65, 0x00, 0x13,
    0x00, 0x17, 0x00, 0x1e, 0x00, 0x0c, 0xb0, 0x09, 0x1c, 0xdf, 0xd6, 0x68, 0x3a, 0x1a, 0xe5, 0x5f,
    0xeb, 0x00, 0x01, 0x23, 0x11, 0x23, 0x11, 0x21, 0x32, 0x15, 0x11, 0x23, 0x17, 0x1e, 0x01, 0x17,
    0x15, 0x2e, 0x03, 0x27, 0x03, 0x21, 0x35, 0x21, 0x03, 0x33, 0x17, 0x37, 0x33, 0x07, 0x23, 0x01,
    0x09, 0x4a, 0x63, 0x01, 0xc8, 0x15, 0xc1, 0x5a, 0x1d, 0x55, 0x26, 0x20, 0x3f, 0x3c, 0x38, 0x18,
    0xc0, 0x01, 0x16, 0xfe, 0xea, 0x13, 0x5f, 0x3f, 0x3f, 0x5e, 0x6a, 0x67, 0x01, 0x37, 0xfe, 0xc9,
    0x02, 0xbc, 0x15, 0xfe, 0x90, 0x8a, 0x2d, 0x25, 0x03, 0x63, 0x01, 0x0e, 0x1f, 0x34, 0x28, 0x01,
    0x0d, 0xd6, 0x01, 0x03, 0x4f, 0x4f, 0x7d, 0x00, 0x00, 0x03, 0x00, 0x5c, 0xfe, 0xf0, 0x02, 0x6a,
    0x02, 0xbc, 0x00, 0x13, 0x00, 0x17, 0x00, 0x2b, 0x00, 0x0c, 0xb0, 0x09, 0x1c, 0xdf, 0xd6, 0x68,
    0x3a, 0x1a, 0xe5, 0x5f, 0xeb, 0x00, 0x01, 0x23, 0x11, 0x23, 0x11, 0x21, 0x32, 0x15, 0x11, 0x23,
    0x17, 0x1e, 0x01, 0x17, 0x15, 0x2e, 0x03, 0x27, 0x03, 0x21, 0x35, 0x21, 0x13, 0x34, 0x36, 0x33,
    0x32, 0x16, 0x15, 0x14, 0x06, 0x2b, 0x01, 0x35, 0x32, 0x36, 0x37, 0x27, 0x06, 0x23, 0x22, 0x26,
    0x01, 0x09, 0x4a, 0x63, 0x01, 0xc8, 0x15, 0xc1, 0x5a, 0x1d, 0x55, 0x26, 0x20, 0x3f, 0x3c, 0x38,
    0x18, 0xc0, 0x01, 0x16, 0xfe, 0xea, 0x4c, 0x20, 0x1f, 0x23, 0x25, 0x38, 0x34, 0x14, 0x21, 0x28,
    0x04, 0x0d, 0x09, 0x10, 0x14, 0x1a, 0x01, 0x37, 0xfe, 0xc9, 0x02, 0xbc, 0x15, 0xfe, 0x90, 0x8a,
    0x2d, 0x25, 0x03, 0x63, 0x01, 0x0e, 0x1f, 0x34, 0x28, 0x01, 0x0d, 0xd6, 0xfd, 0x2b, 0x1a, 0x22,
    0x2d, 0x30, 0x3c, 0x40, 0x39, 0x10, 0x1b, 0x12, 0x07, 0x15, 0x00, 0x00, 0x00, 0x02, 0x00, 0x11,
    0x00, 0x00, 0x02, 0x9b, 0x03, 0x65, 0x00, 0x0b, 0x00, 0x12, 0x00, 0x0c, 0xb0, 0x09, 0x1c, 0xdf,
    0xd6, 0x68, 0x3a, 0x1a, 0xe5, 0x5f, 0xeb, 0x00, 0x13, 0x21, 0x11, 0x33, 0x11, 0x21, 0x15, 0x21,
    0x11, 0x23, 0x11, 0x21, 0x13, 0x33, 0x17, 0x37, 0x33, 0x07, 0x23, 0x11, 0x01, 0x14, 0x64, 0x01,
    0x12, 0xfe, 0xee, 0x64, 0xfe, 0xec, 0xa8, 0x5f, 0x3f, 0x3f, 0x5e, 0x6a, 0x67, 0x01, 0x96, 0x01,
    0x26, 0xfe, 0xda, 0x5e, 0xfe, 0xc8, 0x01, 0x38, 0x02, 0x2d, 0x4f, 0x4f, 0x7d, 0x00, 0x00, 0x00,
    0x00, 0x01, 0x00, 0x11, 0xff, 0x1c, 0x02, 0x9b, 0x02, 0xbc, 0x00, 0x21, 0x00, 0x0c, 0xb0, 0x09,
    0x1c, 0xdf, 0xd6, 0x68, 0x3a, 0x1a, 0xe5, 0x5f, 0xeb, 0x00, 0x21, 0x11, 0x21, 0x35, 0x21, 0x11,
    0x33, 0x11, 0x21, 0x15, 0x21, 0x11, 0x23, 0x07, 0x1e, 0x01, 0x15, 0x14, 0x06, 0x23, 0x22, 0x26,
    0x27, 0x37, 0x1e, 0x01, 0x33, 0x32, 0x36, 0x35, 0x34, 0x2b, 0x01, 0x37, 0x01, 0x25, 0xfe, 0xec,
    0x01, 0x14, 0x64, 0x01, 0x12, 0xfe, 0xee, 0x0b, 0x20, 0x24, 0x2f, 0x40, 0x36, 0x1b, 0x2b, 0x0b,
    0x14, 0x0b, 0x20, 0x12, 0x14, 0x19, 0x29, 0x30, 0x26, 0x01, 0x38, 0x5e, 0x01, 0x26, 0xfe, 0xda,
    0x5e, 0xfe, 0xc8, 0x42, 0x02, 0x20, 0x25, 0x2f, 0x2c, 0x0b, 0x06, 0x38, 0x04, 0x07, 0x0d, 0x11,
    0x1c, 0x6c, 0x00, 0x00, 0x00, 0x03, 0x00, 0x32, 0xff, 0xf1, 0x02, 0x09, 0x02, 0xb8, 0x00, 0x12,
    0x00, 0x1e, 0x00, 0x2c, 0x00, 0x0c, 0xb0, 0x09, 0x1c, 0xdf, 0xd6, 0x68, 0x3a, 0x1a, 0xe5, 0x5f,
    0xeb, 0x00, 0x25, 0x0e, 0x01, 0x23, 0x22, 0x26, 0x35, 0x34, 0x3e, 0x02, 0x33, 0x32, 0x16, 0x17,
    0x35, 0x33, 0x11, 0x23, 0x37, 0x34, 0x26, 0x23, 0x22, 0x06, 0x15, 0x14, 0x16, 0x33, 0x32, 0x36,
    0x03, 0x22, 0x26, 0x27, 0x33, 0x1e, 0x01, 0x33, 0x32, 0x36, 0x37, 0x33, 0x0e, 0x01, 0x01, 0xa6,
    0x17, 0x56, 0x32, 0x6c, 0x69, 0x1e, 0x39, 0x53, 0x35, 0x3a, 0x49, 0x12, 0x63, 0x63, 0x05, 0x3d,
    0x4e, 0x4a, 0x42, 0x3d, 0x4a, 0x4d, 0x43, 0x85, 0x43, 0x49, 0x02, 0x4d, 0x01, 0x25, 0x1b, 0x1c,
    0x24, 0x01, 0x4d, 0x01, 0x4a, 0x48, 0x27, 0x30, 0x88, 0x7d, 0x3c, 0x64, 0x46, 0x27, 0x2e, 0x21,
    0x40, 0xfe, 0x0c, 0xfa, 0x60, 0x55, 0x62, 0x57, 0x58, 0x5a, 0x54, 0x01, 0x99, 0x43, 0x44, 0x2a,
    0x21, 0x21, 0x2a, 0x44, 0x43, 0x00, 0x00, 0x00, 0x00, 0x03, 0x00, 0x32, 0xff, 0xf1, 0x02, 0x09,
    0x02, 0x8f, 0x00, 0x12, 0x00, 0x1e, 0x00, 0x22, 0x00, 0x0c, 0xb0, 0x09, 0x1c, 0xdf, 0xd6, 0x68,
    0x3a, 0x1a, 0xe5, 0x5f, 0xeb, 0x00, 0x25, 0x0e, 0x01, 0x23, 0x22, 0x26, 0x35, 0x34, 0x3e, 0x02,
    0x33, 0x32, 0x16, 0x17, 0x35, 0x33, 0x11, 0x23, 0x37, 0x34, 0x26, 0x23, 0x22, 0x06, 0x15, 0x14,
    0x16, 0x33, 0x32, 0x36, 0x01, 0x21, 0x15, 0x21, 0x01, 0xa6, 0x17, 0x56, 0x32, 0x6c, 0x69, 0x1e,
    0x39, 0x53, 0x35, 0x3a, 0x49, 0x12, 0x63, 0x63, 0x05, 0x3d, 0x4e, 0x4a, 0x42, 0x3d, 0x4a, 0x4d,
    0x43, 0xfe, 0xf6, 0x01, 0x0a, 0xfe, 0xf6, 0x48, 0x27, 0x30, 0x88, 0x7d, 0x3c, 0x64, 0x46, 0x27,
    0x2e, 0x21, 0x40, 0xfe, 0x0c, 0xfa, 0x60, 0x55, 0x62, 0x57, 0x58, 0x5a, 0x54, 0x01, 0xf7, 0x44,
    0x00, 0x02, 0x00, 0x32, 0xff, 0x06, 0x02, 0x09, 0x02, 0x03, 0x00, 0x23, 0x00, 0x2f, 0x00, 0x0c,
    0xb0, 0x09, 0x1c, 0xdf, 0xd6, 0x68, 0x3a, 0x1a, 0xe5, 0x5f, 0xeb, 0x00, 0x21, 0x0e, 0x01, 0x15,
    0x14, 0x33, 0x32, 0x36, 0x37, 0x17, 0x0e, 0x01, 0x23, 0x22, 0x26, 0x35, 0x34, 0x36, 0x37, 0x35,
    0x0e, 0x01, 0x23, 0x22, 0x26, 0x35, 0x34, 0x3e, 0x02, 0x33, 0x32, 0x16, 0x17, 0x35, 0x33, 0x07,
    0x34, 0x26, 0x23, 0x22, 0x06, 0x15, 0x14, 0x16, 0x33, 0x32, 0x36, 0x02, 0x09, 0x45, 0x31, 0x33,
    0x0e, 0x1a, 0x0a, 0x11, 0x0e, 0x29, 0x1e, 0x36, 0x3f, 0x38, 0x2f, 0x17, 0x56, 0x32, 0x6c, 0x69,
    0x1e, 0x39, 0x53, 0x35, 0x3a, 0x49, 0x12, 0x63, 0x5e, 0x3d, 0x4e, 0x4a, 0x42, 0x3d, 0x4a, 0x4d,
    0x43, 0x1d, 0x3d, 0x20, 0x35, 0x08, 0x09, 0x3e, 0x0e, 0x10, 0x36, 0x36, 0x33, 0x48, 0x1d, 0x3e,
    0x27, 0x30, 0x88, 0x7d, 0x3c, 0x64, 0x46, 0x27, 0x2e, 0x21, 0x40, 0xfa, 0x60, 0x55, 0x62, 0x57,
    0x58, 0x5a, 0x54, 0x00, 0x00, 0x02, 0x00, 0x32, 0xff, 0xf0, 0x01, 0xfc, 0x02, 0xb8, 0x00, 0x1c,
    0x00, 0x2a, 0x00, 0x0c, 0xb0, 0x09, 0x1c, 0xdf, 0xd6, 0x68, 0x3a, 0x1a, 0xe5, 0x5f, 0xeb, 0x00,
    0x25, 0x0e, 0x01, 0x23, 0x22, 0x26, 0x35, 0x34, 0x36, 0x33, 0x32, 0x1e, 0x02, 0x17, 0x23, 0x26,
    0x23, 0x22, 0x06, 0x07, 0x21, 0x15, 0x21, 0x1e, 0x01, 0x33, 0x32, 0x37, 0x03, 0x22, 0x26, 0x27,
    0x33, 0x1e, 0x01, 0x33, 0x32, 0x36, 0x37, 0x33, 0x0e, 0x01, 0x01, 0xfc, 0x14, 0x6d, 0x59, 0x70,
    0x80, 0x7d, 0x6f, 0x34, 0x47, 0x2f, 0x18, 0x05, 0x64, 0x14, 0x4f, 0x3c, 0x46, 0x08, 0x01, 0x2d,
    0xfe, 0xd0, 0x05, 0x47, 0x45, 0x51, 0x23, 0x7c, 0x43, 0x49, 0x02, 0x4d, 0x01, 0x25, 0x1b, 0x1c,
    0x24, 0x01, 0x4d, 0x01, 0x4a, 0x77, 0x3f, 0x48, 0x7e, 0x86, 0x8c, 0x83, 0x18, 0x26, 0x30, 0x18,
    0x35, 0x41, 0x4b, 0x48, 0x53, 0x48, 0x34, 0x01, 0xba, 0x43, 0x44, 0x2a, 0x21, 0x21, 0x2a, 0x44,
    0x43, 0x00, 0x00, 0x00, 0x00, 0x02, 0x00, 0x32, 0xff, 0xf0, 0x01, 0xfc, 0x02, 0xbf, 0x00, 0x1c,
    0x00, 0x23, 0x00, 0x0c, 0xb0, 0x09, 0x1c, 0xdf, 0xd6, 0x68, 0x3a, 0x1a, 0xe5, 0x5f, 0xeb, 0x00,
    0x25, 0x0e, 0x01, 0x23, 0x22, 0x26, 0x35, 0x34, 0x36, 0x33, 0x32, 0x1e, 0x02, 0x17, 0x23, 0x26,
    0x23, 0x22, 0x06, 0x07, 0x21, 0x15, 0x21, 0x1e, 0x01, 0x33, 0x32, 0x37, 0x01, 0x33, 0x17, 0x37,
    0x33, 0x07, 0x23, 0x01, 0xfc, 0x14, 0x6d, 0x59, 0x70, 0x80, 0x7d, 0x6f, 0x34, 0x47, 0x2f, 0x18,
    0x05, 0x64, 0x14, 0x4f, 0x3c, 0x46, 0x08, 0x01, 0x2d, 0xfe, 0xd0, 0x05, 0x47, 0x45, 0x51, 0x23,
    0xfe, 0xf3, 0x57, 0x3b, 0x3a, 0x57, 0x63, 0x5d, 0x77, 0x3f, 0x48, 0x7e, 0x86, 0x8c, 0x83, 0x18,
    0x26, 0x30, 0x18, 0x35, 0x41, 0x4b, 0x48, 0x53, 0x48, 0x34, 0x02, 0x48, 0x63, 0x63, 0x94, 0x00,
    0x00, 0x02, 0x00, 0x32, 0xff, 0xf0, 0x01, 0xfc, 0x02, 0xb9, 0x00, 0x1c, 0x00, 0x28, 0x00, 0x0c,
    0xb0, 0x09, 0x1c, 0xdf, 0xd6, 0x68, 0x3a, 0x1a, 0xe5, 0x5f, 0xeb, 0x00, 0x25, 0x0e, 0x01, 0x23,
    0x22, 0x26, 0x35, 0x34, 0x36, 0x33, 0x32, 0x1e, 0x02, 0x17, 0x23, 0x26, 0x23, 0x22, 0x06, 0x07,
    0x21, 0x15, 0x21, 0x1e, 0x01, 0x33, 0x32, 0x37, 0x03, 0x22, 0x26, 0x35, 0x34, 0x36, 0x33, 0x32,
    0x16, 0x15, 0x14, 0x06, 0x01, 0xfc, 0x14, 0x6d, 0x59, 0x70, 0x80, 0x7d, 0x6f, 0x34, 0x47, 0x2f,
    0x18, 0x05, 0x64, 0x14, 0x4f, 0x3c, 0x46, 0x08, 0x01, 0x2d, 0xfe, 0xd0, 0x05, 0x47, 0x45, 0x51,
    0x23, 0x7c, 0x1c, 0x1e, 0x1e, 0x1c, 0x1d, 0x1e, 0x1e, 0x77, 0x3f, 0x48, 0x7e, 0x86, 0x8c, 0x83,
    0x18, 0x26, 0x30, 0x18, 0x35, 0x41, 0x4b, 0x48, 0x53, 0x48, 0x34, 0x01, 0xcf, 0x21, 0x1a, 0x18,
    0x20, 0x20, 0x18, 0x1a, 0x21, 0x00, 0x00, 0x00, 0x00, 0x02, 0x00, 0x32, 0xff, 0xf0, 0x01, 0xfc,
    0x02, 0x8f, 0x00, 0x1c, 0x00, 0x20, 0x00, 0x0c, 0xb0, 0x09, 0x1c, 0xdf, 0xd6, 0x68, 0x3a, 0x1a,
    0xe5, 0x5f, 0xeb, 0x00, 0x25, 0x0e, 0x01, 0x23, 0x22, 0x26, 0x35, 0x34, 0x36, 0x33, 0x32, 0x1e,
    0x02, 0x17, 0x23, 0x26, 0x23, 0x22, 0x06, 0x07, 0x21, 0x15, 0x21, 0x1e, 0x01, 0x33, 0x32, 0x37,
    0x01, 0x21, 0x15, 0x21, 0x01, 0xfc, 0x14, 0x6d, 0x59, 0x70, 0x80, 0x7d, 0x6f, 0x34, 0x47, 0x2f,
    0x18, 0x05, 0x64, 0x14, 0x4f, 0x3c, 0x46, 0x08, 0x01, 0x2d, 0xfe, 0xd0, 0x05, 0x47, 0x45, 0x51,
    0x23, 0xfe, 0xff, 0x01, 0x0a, 0xfe, 0xf6, 0x77, 0x3f, 0x48, 0x7e, 0x86, 0x8c, 0x83, 0x18, 0x26,
    0x30, 0x18, 0x35, 0x41, 0x4b, 0x48, 0x53, 0x48, 0x34, 0x02, 0x18, 0x44, 0x00, 0x01, 0x00, 0x32,
    0xff, 0x14, 0x01, 0xfc, 0x02, 0x03, 0x00, 0x2f, 0x00, 0x0c, 0xb0, 0x09, 0x1c, 0xdf, 0xd6, 0x68,
    0x3a, 0x1a, 0xe5, 0x5f, 0xeb, 0x00, 0x37, 0x34, 0x36, 0x33, 0x32, 0x1e, 0x02, 0x17, 0x23, 0x26,
    0x23, 0x22, 0x06, 0x07, 0x21, 0x15, 0x21, 0x1e, 0x01, 0x33, 0x32, 0x37, 0x33, 0x0e, 0x01, 0x07,
    0x0e, 0x01, 0x15, 0x14, 0x33, 0x32, 0x36, 0x37, 0x17, 0x06, 0x23, 0x22, 0x26, 0x35, 0x34, 0x36,
    0x37, 0x06, 0x23, 0x22, 0x26, 0x32, 0x7d, 0x6f, 0x34, 0x47, 0x2f, 0x18, 0x05, 0x64, 0x14, 0x4f,
    0x3c, 0x46, 0x08, 0x01, 0x2d, 0xfe, 0xd0, 0x05, 0x47, 0x45, 0x51, 0x23, 0x66, 0x09, 0x34, 0x19,
    0x13, 0x1d, 0x34, 0x14, 0x21, 0x0d, 0x0d, 0x24, 0x40, 0x36, 0x3d, 0x1a, 0x14, 0x13, 0x1b, 0x70,
    0x80, 0xf4, 0x8c, 0x83, 0x18, 0x26, 0x30, 0x18, 0x35, 0x41, 0x4b, 0x48, 0x53, 0x48, 0x34, 0x24,
    0x36, 0x1a, 0x15, 0x33, 0x21, 0x3b, 0x0f, 0x0c, 0x40, 0x26, 0x38, 0x37, 0x23, 0x39, 0x15, 0x04,
    0x7e, 0x00, 0x00, 0x00, 0x00, 0x03, 0x00, 0x32, 0xff, 0x2e, 0x02, 0x09, 0x02, 0xb8, 0x00, 0x20,
    0x00, 0x2c, 0x00, 0x3a, 0x00, 0x0c, 0xb0, 0x09, 0x1c, 0xdf, 0xd6, 0x68, 0x3a, 0x1a, 0xe5, 0x5f,
    0xeb, 0x00, 0x17, 0x1e, 0x01, 0x33, 0x32, 0x3e, 0x02, 0x3d, 0x01, 0x0e, 0x01, 0x23, 0x22, 0x26,
    0x35, 0x34, 0x3e, 0x02, 0x33, 0x32, 0x16, 0x17, 0x35, 0x33, 0x11, 0x14, 0x06, 0x23, 0x22, 0x26,
    0x27, 0x01, 0x34, 0x26, 0x23, 0x22, 0x06, 0x15, 0x14, 0x16, 0x33, 0x32, 0x36, 0x03, 0x22, 0x26,
    0x27, 0x33, 0x1e, 0x01, 0x33, 0x32, 0x36, 0x37, 0x33, 0x0e, 0x01, 0xb2, 0x03, 0x39, 0x39, 0x1e,
    0x30, 0x20, 0x11, 0x16, 0x57, 0x3b, 0x60, 0x6c, 0x1e, 0x38, 0x52, 0x34, 0x3c, 0x4a, 0x12, 0x63,
    0x72, 0x70, 0x6c, 0x68, 0x04, 0x01, 0x5c, 0x3b, 0x4a, 0x4e, 0x44, 0x3e, 0x4d, 0x4a, 0x42, 0x85,
    0x43, 0x49, 0x02, 0x4d, 0x01, 0x25, 0x1b, 0x1c, 0x24, 0x01, 0x4d, 0x01, 0x4a, 0x34, 0x28, 0x26,
    0x0a, 0x1b, 0x2f, 0x25, 0x50, 0x26, 0x30, 0x87, 0x7a, 0x3e, 0x65, 0x47, 0x27, 0x2e, 0x20, 0x3f,
    0xfe, 0x03, 0x68, 0x61, 0x52, 0x4c, 0x01, 0x2e, 0x5e, 0x57, 0x5f, 0x5d, 0x56, 0x59, 0x56, 0x01,
    0x97, 0x43, 0x44, 0x2a, 0x21, 0x21, 0x2a, 0x44, 0x43, 0x00, 0x00, 0x00, 0x00, 0x03, 0x00, 0x32,
    0xff, 0x2e, 0x02, 0x09, 0x02, 0xc1, 0x00, 0x20, 0x00, 0x2c, 0x00, 0x33, 0x00, 0x0c, 0xb0, 0x09,
    0x1c, 0xdf, 0xd6, 0x68, 0x3a, 0x1a, 0xe5, 0x5f, 0xeb, 0x00, 0x17, 0x1e, 0x01, 0x33, 0x32, 0x3e,
    0x02, 0x3d, 0x01, 0x0e, 0x01, 0x23, 0x22, 0x26, 0x35, 0x34, 0x3e, 0x02, 0x33, 0x32, 0x16, 0x17,
    0x35, 0x33, 0x11, 0x14, 0x06, 0x23, 0x22, 0x26, 0x27, 0x01, 0x34, 0x26, 0x23, 0x22, 0x06, 0x15,
    0x14, 0x16, 0x33, 0x32, 0x36, 0x03, 0x33, 0x17, 0x23, 0x27, 0x07, 0x23, 0xb2, 0x03, 0x39, 0x39,
    0x1e, 0x30, 0x20, 0x11, 0x16, 0x57, 0x3b, 0x60, 0x6c, 0x1e, 0x38, 0x52, 0x34, 0x3c, 0x4a, 0x12,
    0x63, 0x72, 0x70, 0x6c, 0x68, 0x04, 0x01, 0x5c, 0x3b, 0x4a, 0x4e, 0x44, 0x3e, 0x4d, 0x4a, 0x42,
    0xb4, 0x5d, 0x63, 0x57, 0x3a, 0x3c, 0x57, 0x34, 0x28, 0x26, 0x0a, 0x1b, 0x2f, 0x25, 0x50, 0x26,
    0x30, 0x87, 0x7a, 0x3e, 0x65, 0x47, 0x27, 0x2e, 0x20, 0x3f, 0xfe, 0x03, 0x68, 0x61, 0x52, 0x4c,
    0x01, 0x2e, 0x5e, 0x57, 0x5f, 0x5d, 0x56, 0x59, 0x56, 0x02, 0x27, 0x90, 0x5f, 0x5f, 0x00, 0x00,
    0x00, 0x03, 0x00, 0x32, 0xff, 0x2e, 0x02, 0x09, 0x03, 0x10, 0x00, 0x13, 0x00, 0x34, 0x00, 0x40,
    0x00, 0x0c, 0xb0, 0x09, 0x1c, 0xdf, 0xd6, 0x68, 0x3a, 0x1a, 0xe5, 0x5f, 0xeb, 0x00, 0x13, 0x34,
    0x36, 0x3b, 0x01, 0x15, 0x22, 0x07, 0x17, 0x3e, 0x01, 0x33, 0x32, 0x16, 0x15, 0x14, 0x06, 0x23,
    0x22, 0x26, 0x03, 0x1e, 0x01, 0x33, 0x32, 0x3e, 0x02, 0x3d, 0x01, 0x0e, 0x01, 0x23, 0x22, 0x26,
    0x35, 0x34, 0x3e, 0x02, 0x33, 0x32, 0x16, 0x17, 0x35, 0x33, 0x11, 0x14, 0x06, 0x23, 0x22, 0x26,
    0x27, 0x01, 0x34, 0x26, 0x23, 0x22, 0x06, 0x15, 0x14, 0x16, 0x33, 0x32, 0x36, 0xe6, 0x3a, 0x33,
    0x0f, 0x46, 0x03, 0x08, 0x05, 0x11, 0x0a, 0x12, 0x1a, 0x20, 0x20, 0x22, 0x25, 0x34, 0x03, 0x39,
    0x39, 0x1e, 0x30, 0x20, 0x11, 0x16, 0x57, 0x3b, 0x60, 0x6c, 0x1e, 0x38, 0x52, 0x34, 0x3c, 0x4a,
    0x12, 0x63, 0x72, 0x70, 0x6c, 0x68, 0x04, 0x01, 0x5c, 0x3b, 0x4a, 0x4e, 0x44, 0x3e, 0x4d, 0x4a,
    0x42, 0x02, 0x95, 0x3a, 0x41, 0x38, 0x3c, 0x03, 0x05, 0x06, 0x18, 0x1a, 0x1a, 0x20, 0x2d, 0xfd,
    0x67, 0x28, 0x26, 0x0a, 0x1b, 0x2f, 0x25, 0x50, 0x26, 0x30, 0x87, 0x7a, 0x3e, 0x65, 0x47, 0x27,
    0x2e, 0x20, 0x3f, 0xfe, 0x03, 0x68, 0x61, 0x52, 0x4c, 0x01, 0x2e, 0x5e, 0x57, 0x5f, 0x5d, 0x56,
    0x59, 0x56, 0x00, 0x00, 0x00, 0x03, 0x00, 0x32, 0xff, 0x2e, 0x02, 0x09, 0x02, 0xb9, 0x00, 0x20,
    0x00, 0x2c, 0x00, 0x38, 0x00, 0x0c, 0xb0, 0x09, 0x1c, 0xdf, 0xd6, 0x68, 0x3a, 0x1a, 0xe5, 0x5f,
    0xeb, 0x00, 0x17, 0x1e, 0x01, 0x33, 0x32, 0x3e, 0x02, 0x3d, 0x01, 0x0e, 0x01, 0x23, 0x22, 0x26,
    0x35, 0x34, 0x3e, 0x02, 0x33, 0x32, 0x16, 0x17, 0x35, 0x33, 0x11, 0x14, 0x06, 0x23, 0x22, 0x26,
    0x27, 0x01, 0x34, 0x26, 0x23, 0x22, 0x06, 0x15, 0x14, 0x16, 0x33, 0x32, 0x36, 0x03, 0x22, 0x26,
    0x35, 0x34, 0x36, 0x33, 0x32, 0x16, 0x15, 0x14, 0x06, 0xb2, 0x03, 0x39, 0x39, 0x1e, 0x30, 0x20,
    0x11, 0x16, 0x57, 0x3b, 0x60, 0x6c, 0x1e, 0x38, 0x52, 0x34, 0x3c, 0x4a, 0x12, 0x63, 0x72, 0x70,
    0x6c, 0x68, 0x04, 0x01, 0x5c, 0x3b, 0x4a, 0x4e, 0x44, 0x3e, 0x4d, 0x4a, 0x42, 0x86, 0x1c, 0x1e,
    0x1e, 0x1c, 0x1d, 0x1e, 0x1e, 0x34, 0x28, 0x26, 0x0a, 0x1b, 0x2f, 0x25, 0x50, 0x26, 0x30, 0x87,
    0x7a, 0x3e, 0x65, 0x47, 0x27, 0x2e, 0x20, 0x3f, 0xfe, 0x03, 0x68, 0x61, 0x52, 0x4c, 0x01, 0x2e,
    0x5e, 0x57, 0x5f, 0x5d, 0x56, 0x59, 0x56, 0x01, 0xac, 0x21, 0x1a, 0x18, 0x20, 0x20, 0x18, 0x1a,
    0x21, 0x00, 0x00, 0x00, 0x00, 0x02, 0xff, 0xec, 0x00, 0x00, 0x02, 0x00, 0x03, 0x5a, 0x00, 0x0c,
    0x00, 0x13, 0x00, 0x0c, 0xb0, 0x09, 0x1c, 0xdf, 0xd6, 0x68, 0x3a, 0x1a, 0xe5, 0x5f, 0xeb, 0x00,
    0x01, 0x23, 0x11, 0x23, 0x11, 0x33, 0x15, 0x21, 0x32, 0x16, 0x15, 0x11, 0x23, 0x01, 0x33, 0x17,
    0x23, 0x27, 0x07, 0x23, 0x01, 0x9e, 0xe6, 0x63, 0x63, 0x01, 0x36, 0x0b, 0x07, 0x62, 0xfe, 0xb1,
    0x6d, 0x63, 0x5e, 0x3b, 0x3b, 0x5f, 0x01, 0xa7, 0xfe, 0x59, 0x02, 0xc6, 0xd2, 0x06, 0x0b, 0xfe,
    0x1d, 0x03, 0x5a, 0x72, 0x46, 0x46, 0x00, 0x00, 0x00, 0x02, 0x00, 0x0a, 0xff, 0x06, 0x00, 0xdc,
    0x02, 0xd0, 0x00, 0x17, 0x00, 0x1f, 0x00, 0x0c, 0xb0, 0x09, 0x1c, 0xdf, 0xd6, 0x68, 0x3a, 0x1a,
    0xe5, 0x5f, 0xeb, 0x00, 0x13, 0x33, 0x11, 0x0e, 0x03, 0x15, 0x14, 0x16, 0x33, 0x32, 0x36, 0x37,
    0x17, 0x0e, 0x01, 0x23, 0x22, 0x26, 0x35, 0x34, 0x36, 0x37, 0x13, 0x1e, 0x01, 0x17, 0x07, 0x2e,
    0x01, 0x27, 0x55, 0x63, 0x1b, 0x23, 0x14, 0x08, 0x21, 0x18, 0x0c, 0x1e, 0x0a, 0x11, 0x0d, 0x2e,
    0x1c, 0x37, 0x44, 0x2a, 0x21, 0x31, 0x13, 0x27, 0x11, 0x4b, 0x13, 0x26, 0x11, 0x01, 0xf4, 0xfe,
    0x0c, 0x0b, 0x1d, 0x1f, 0x20, 0x0f, 0x20, 0x19, 0x09, 0x08, 0x3e, 0x0e, 0x10, 0x36, 0x3c, 0x31,
    0x43, 0x14, 0x02, 0xd0, 0x10, 0x26, 0x14, 0x49, 0x10, 0x25, 0x15, 0x00, 0x00, 0x02, 0x00, 0x55,
    0xfe, 0xf0, 0x02, 0x20, 0x02, 0xc6, 0x00, 0x0a, 0x00, 0x1d, 0x00, 0x0c, 0xb0, 0x09, 0x1c, 0xdf,
    0xd6, 0x68, 0x3a, 0x1a, 0xe5, 0x5f, 0xeb, 0x00, 0x13, 0x33, 0x11, 0x37, 0x33, 0x07, 0x13, 0x23,
    0x03, 0x11, 0x23, 0x17, 0x34, 0x36, 0x33, 0x32, 0x16, 0x15, 0x14, 0x2b, 0x01, 0x35, 0x32, 0x36,
    0x37, 0x27, 0x06, 0x23, 0x22, 0x26, 0x55, 0x63, 0xd2, 0x7c, 0xd6, 0xf0, 0x77, 0xf1, 0x63, 0x80,
    0x20, 0x1f, 0x23, 0x25, 0x6c, 0x14, 0x21, 0x28, 0x04, 0x0e, 0x09, 0x0f, 0x14, 0x1a, 0x02, 0xc6,
    0xfe, 0x4f, 0xdf, 0xe2, 0xfe, 0xee, 0x01, 0x10, 0xfe, 0xf0, 0x73, 0x1a, 0x21, 0x2c, 0x30, 0x7c,
    0x3a, 0x10, 0x1a, 0x10, 0x07, 0x16, 0x00, 0x00, 0x00, 0x02, 0x00, 0x55, 0x00, 0x00, 0x01, 0x03,
    0x03, 0x83, 0x00, 0x03, 0x00, 0x07, 0x00, 0x0c, 0xb0, 0x09, 0x1c, 0xdf, 0xd6, 0x68, 0x3a, 0x1a,
    0xe5, 0x5f, 0xeb, 0x00, 0x13, 0x33, 0x07, 0x23, 0x07, 0x33, 0x11, 0x23, 0x99, 0x6a, 0x5d, 0x50,
    0x01, 0x63, 0x63, 0x03, 0x83, 0x98, 0x25, 0xfd, 0x3a, 0x00, 0x00, 0x00, 0x00, 0x02, 0x00, 0x55,
    0x00, 0x00, 0x01, 0x55, 0x02, 0xc6, 0x00, 0x03, 0x00, 0x07, 0x00, 0x0c, 0xb0, 0x09, 0x1c, 0xdf,
    0xd6, 0x68, 0x3a, 0x1a, 0xe5, 0x5f, 0xeb, 0x00, 0x13, 0x33, 0x07, 0x23, 0x27, 0x33, 0x11, 0x23,
    0xf8, 0x5d, 0x18, 0x45, 0xa3, 0x63, 0x63, 0x02, 0xc5, 0xbf, 0xc0, 0xfd, 0x3a, 0x00, 0x00, 0x00,
    0x00, 0x02, 0x00, 0x44, 0xfe, 0xf0, 0x00, 0xcb, 0x02, 0xc6, 0x00, 0x03, 0x00, 0x16, 0x00, 0x0c,
    0xb0, 0x09, 0x1c, 0xdf, 0xd6, 0x68, 0x3a, 0x1a, 0xe5, 0x5f, 0xeb, 0x00, 0x13, 0x33, 0x11, 0x23,
    0x07, 0x34, 0x36, 0x33, 0x32, 0x16, 0x15, 0x14, 0x2b, 0x01, 0x35, 0x32, 0x36, 0x37, 0x27, 0x06,
    0x23, 0x22, 0x26, 0x55, 0x63, 0x63, 0x11, 0x20, 0x1f, 0x23, 0x25, 0x6c, 0x14, 0x21, 0x28, 0x04,
    0x0e, 0x09, 0x0f, 0x14, 0x1a, 0x02, 0xc6, 0xfd, 0x3a, 0x73, 0x1a, 0x21, 0x2c, 0x30, 0x7c, 0x3a,
    0x10, 0x1a, 0x10, 0x07, 0x16, 0x00, 0x00, 0x00, 0x00, 0x02, 0x00, 0x55, 0x00, 0x00, 0x01, 0x7d,
    0x02, 0xc6, 0x00, 0x0b, 0x00, 0x0f, 0x00, 0x0c, 0xb0, 0x09, 0x1c, 0xdf, 0xd6, 0x68, 0x3a, 0x1a,
    0xe5, 0x5f, 0xeb, 0x00, 0x01, 0x22, 0x26, 0x35, 0x34, 0x36, 0x33, 0x32, 0x16, 0x15, 0x14, 0x06,
    0x01, 0x33, 0x11, 0x23, 0x01, 0x43, 0x1d, 0x1e, 0x1e, 0x1d, 0x1d, 0x1d, 0x1d, 0xfe, 0xf5, 0x63,
    0x63, 0x01, 0x45, 0x21, 0x1a, 0x18, 0x20, 0x20, 0x18, 0x1a, 0x21, 0x01, 0x81, 0xfd, 0x3a, 0x00,
    0x00, 0x02, 0x00, 0x55, 0x00, 0x00, 0x02, 0x00, 0x02, 0xca, 0x00, 0x0a, 0x00, 0x0e, 0x00, 0x0c,
    0xb0, 0x09, 0x1c, 0xdf, 0xd6, 0x68, 0x3a, 0x1a, 0xe5, 0x5f, 0xeb, 0x00, 0x01, 0x23, 0x11, 0x23,
    0x11, 0x21, 0x32, 0x16, 0x15, 0x11, 0x23, 0x03, 0x33, 0x07, 0x23, 0x01, 0x9e, 0xe6, 0x63, 0x01,
    0x99, 0x0b, 0x07, 0x62, 0x5c, 0x69, 0x5d, 0x50, 0x01, 0xa7, 0xfe, 0x59, 0x01, 0xf4, 0x06, 0x0b,
    0xfe, 0x1d, 0x02, 0xca, 0x98, 0x00, 0x00, 0x00, 0x00, 0x02, 0x00, 0x55, 0x00, 0x00, 0x02, 0x00,
    0x02, 0xbf, 0x00, 0x0a, 0x00, 0x11, 0x00, 0x0c, 0xb0, 0x09, 0x1c, 0xdf, 0xd6, 0x68, 0x3a, 0x1a,
    0xe5, 0x5f, 0xeb, 0x00, 0x01, 0x23, 0x11, 0x23, 0x11, 0x21, 0x32, 0x16, 0x15, 0x11, 0x23, 0x01,
    0x33, 0x17, 0x37, 0x33, 0x07, 0x23, 0x01, 0x9e, 0xe6, 0x63, 0x01, 0x99, 0x0b, 0x07, 0x62, 0xfe,
    0xfb, 0x57, 0x3b, 0x3a, 0x57, 0x63, 0x5d, 0x01, 0xa7, 0xfe, 0x59, 0x01, 0xf4, 0x06, 0x0b, 0xfe,
    0x1d, 0x02, 0xbf, 0x63, 0x63, 0x94, 0x00, 0x00, 0x00, 0x02, 0x00, 0x55, 0xfe, 0xf0, 0x02, 0x00,
    0x01, 0xf4, 0x00, 0x0a, 0x00, 0x1d, 0x00, 0x0c, 0xb0, 0x09, 0x1c, 0xdf, 0xd6, 0x68, 0x3a, 0x1a,
    0xe5, 0x5f, 0xeb, 0x00, 0x01, 0x23, 0x11, 0x23, 0x11, 0x21, 0x32, 0x16, 0x15, 0x11, 0x23, 0x07,
    0x34, 0x36, 0x33, 0x32, 0x16, 0x15, 0x14, 0x2b, 0x01, 0x35, 0x32, 0x36, 0x37, 0x27, 0x06, 0x23,
    0x22, 0x26, 0x01, 0x9e, 0xe6, 0x63, 0x01, 0x99, 0x0b, 0x07, 0x62, 0xb7, 0x20, 0x1f, 0x23, 0x25,
    0x6c, 0x14, 0x21, 0x28, 0x04, 0x0e, 0x09, 0x0f, 0x14, 0x1a, 0x01, 0xa7, 0xfe, 0x59, 0x01, 0xf4,
    0x06, 0x0b, 0xfe, 0x1d, 0x73, 0x1a, 0x21, 0x2c, 0x30, 0x7c, 0x3a, 0x10, 0x1a, 0x10, 0x07, 0x16,
    0x00, 0x02, 0x00, 0x55, 0x00, 0x00, 0x01, 0x67, 0x02, 0xca, 0x00, 0x05, 0x00, 0x09, 0x00, 0x0c,
    0xb0, 0x09, 0x1c, 0xdf, 0xd6, 0x68, 0x3a, 0x1a, 0xe5, 0x5f, 0xeb, 0x00, 0x13, 0x21, 0x07, 0x23,
    0x11, 0x23, 0x13, 0x33, 0x07, 0x23, 0x55, 0x01, 0x12, 0x0a, 0xa5, 0x63, 0xa4, 0x69, 0x5d, 0x50,
    0x01, 0xf4, 0x4d, 0xfe, 0x59, 0x02, 0xca, 0x98, 0x00, 0x02, 0x00, 0x50, 0x00, 0x00, 0x01, 0x73,
    0x02, 0xbf, 0x00, 0x05, 0x00, 0x0c, 0x00, 0x0c, 0xb0, 0x09, 0x1c, 0xdf, 0xd6, 0x68, 0x3a, 0x1a,
    0xe5, 0x5f, 0xeb, 0x00, 0x13, 0x21, 0x07, 0x23, 0x11, 0x23, 0x03, 0x33, 0x17, 0x37, 0x33, 0x07,
    0x23, 0x55, 0x01, 0x12, 0x0a, 0xa5, 0x63, 0x05, 0x57, 0x3b, 0x3a, 0x57, 0x63, 0x5d, 0x01, 0xf4,
    0x4d, 0xfe, 0x59, 0x02, 0xbf, 0x63, 0x63, 0x94, 0x00, 0x02, 0x00, 0x44, 0xfe, 0xf0, 0x01, 0x67,
    0x01, 0xf4, 0x00, 0x05, 0x00, 0x18, 0x00, 0x0c, 0xb0, 0x09, 0x1c, 0xdf, 0xd6, 0x68, 0x3a, 0x1a,
    0xe5, 0x5f, 0xeb, 0x00, 0x13, 0x21, 0x07, 0x23, 0x11, 0x23, 0x07, 0x34, 0x36, 0x33, 0x32, 0x16,
    0x15, 0x14, 0x2b, 0x01, 0x35, 0x32, 0x36, 0x37, 0x27, 0x06, 0x23, 0x22, 0x26, 0x55, 0x01, 0x12,
    0x0a, 0xa5, 0x63, 0x11, 0x20, 0x1f, 0x23, 0x25, 0x6c, 0x14, 0x21, 0x28, 0x04, 0x0e, 0x09, 0x0f,
    0x14, 0x1a, 0x01, 0xf4, 0x4d, 0xfe, 0x59, 0x73, 0x1a, 0x21, 0x2c, 0x30, 0x7c, 0x3a, 0x10, 0x1a,
    0x10, 0x07, 0x16, 0x00, 0x00, 0x02, 0x00, 0x1d, 0x00, 0x00, 0x01, 0xa4, 0x02, 0xe0, 0x00, 0x03,
    0x00, 0x0f, 0x00, 0x0c, 0xb0, 0x09, 0x1c, 0xdf, 0xd6, 0x68, 0x3a, 0x1a, 0xe5, 0x5f, 0xeb, 0x00,
    0x01, 0x33, 0x07, 0x23, 0x07, 0x33, 0x35, 0x33, 0x15, 0x33, 0x15, 0x23, 0x11, 0x23, 0x11, 0x23,
    0x01, 0x46, 0x5e, 0x44, 0x45, 0xfe, 0x6e, 0x62, 0x6e, 0x6e, 0x62, 0x6e, 0x02, 0xe0, 0xae, 0x3e,
    0xa8, 0xa8, 0x49, 0xfe, 0x55, 0x01, 0xab, 0x00, 0x00, 0x01, 0x00, 0x1d, 0xff, 0x2c, 0x01, 0x5b,
    0x02, 0x9c, 0x00, 0x23, 0x00, 0x0c, 0xb0, 0x09, 0x1c, 0xdf, 0xd6, 0x68, 0x3a, 0x1a, 0xe5, 0x5f,
    0xeb, 0x00, 0x13, 0x33, 0x35, 0x33, 0x15, 0x33, 0x15, 0x23, 0x11, 0x23, 0x07, 0x32, 0x1e, 0x02,
    0x15, 0x14, 0x06, 0x23, 0x22, 0x26, 0x27, 0x37, 0x1e, 0x01, 0x33, 0x32, 0x36, 0x35, 0x34, 0x2b,
    0x01, 0x37, 0x23, 0x11, 0x23, 0x1d, 0x6e, 0x62, 0x6e, 0x6e, 0x0c, 0x1d, 0x10, 0x1e, 0x18, 0x0e,
    0x42, 0x35, 0x1a, 0x2a, 0x0b, 0x13, 0x0b, 0x1e, 0x13, 0x14, 0x1d, 0x28, 0x34, 0x24, 0x0f, 0x6e,
    0x01, 0xf4, 0xa8, 0xa8, 0x49, 0xfe, 0x55, 0x38, 0x08, 0x11, 0x1b, 0x13, 0x2c, 0x29, 0x08, 0x06,
    0x37, 0x05, 0x06, 0x0c, 0x11, 0x1c, 0x61, 0x01, 0xab, 0x00, 0x00, 0x00, 0x00, 0x02, 0x00, 0x11,
    0xfe, 0xf0, 0x02, 0x9b, 0x02, 0xbc, 0x00, 0x0b, 0x00, 0x1f, 0x00, 0x0c, 0xb0, 0x09, 0x1c, 0xdf,
    0xd6, 0x68, 0x3a, 0x1a, 0xe5, 0x5f, 0xeb, 0x00, 0x13, 0x21, 0x11, 0x33, 0x11, 0x21, 0x15, 0x21,
    0x11, 0x23, 0x11, 0x21, 0x01, 0x34, 0x36, 0x33, 0x32, 0x16, 0x15, 0x14, 0x06, 0x2b, 0x01, 0x35,
    0x32, 0x36, 0x37, 0x27, 0x06, 0x23, 0x22, 0x26, 0x11, 0x01, 0x14, 0x64, 0x01, 0x12, 0xfe, 0xee,
    0x64, 0xfe, 0xec, 0x01, 0x04, 0x20, 0x1f, 0x23, 0x25, 0x38, 0x34, 0x14, 0x21, 0x28, 0x04, 0x0d,
    0x09, 0x10, 0x14, 0x1a, 0x01, 0x96, 0x01, 0x26, 0xfe, 0xda, 0x5e, 0xfe, 0xc8, 0x01, 0x38, 0xfe,
    0x55, 0x1a, 0x22, 0x2d, 0x30, 0x3c, 0x40, 0x39, 0x10, 0x1b, 0x12, 0x07, 0x15, 0x00, 0x00, 0x00,
    0x00, 0x02, 0x00, 0x1d, 0xfe, 0xf0, 0x01, 0x5b, 0x02, 0x9c, 0x00, 0x0b, 0x00, 0x1e, 0x00, 0x0c,
    0xb0, 0x09, 0x1c, 0xdf, 0xd6, 0x68, 0x3a, 0x1a, 0xe5, 0x5f, 0xeb, 0x00, 0x13, 0x33, 0x35, 0x33,
    0x15, 0x33, 0x15, 0x23, 0x11, 0x23, 0x11, 0x23, 0x13, 0x34, 0x36, 0x33, 0x32, 0x16, 0x15, 0x14,
    0x2b, 0x01, 0x35, 0x32, 0x36, 0x37, 0x27, 0x06, 0x23, 0x22, 0x26, 0x1d, 0x6e, 0x62, 0x6e, 0x6e,
    0x62, 0x6e, 0x61, 0x20, 0x1f, 0x23, 0x25, 0x6c, 0x14, 0x21, 0x28, 0x04, 0x0e, 0x09, 0x0f, 0x14,
    0x1a, 0x01, 0xf4, 0xa8, 0xa8, 0x49, 0xfe, 0x55, 0x01, 0xab, 0xfd, 0xe2, 0x1a, 0x21, 0x2c, 0x30,
    0x7c, 0x3a, 0x10, 0x1a, 0x10, 0x07, 0x16, 0x00, 0x00, 0x00, 0x00, 0x1a, 0x01, 0x3e, 0x00, 0x01,
    0x00, 0x00, 0x00, 0x00, 0x00, 0x00, 0x00, 0x45, 0x00, 0x8c, 0x00, 0x01, 0x00, 0x00, 0x00, 0x00,
    0x00, 0x01, 0x00, 0x13, 0x00, 0xfa, 0x00, 0x01, 0x00, 0x00, 0x00, 0x00, 0x00, 0x02, 0x00, 0x07,
    0x01, 0x1e, 0x00, 0x01, 0x00, 0x00, 0x00, 0x00, 0x00, 0x03, 0x00, 0x24, 0x01, 0x70, 0x00, 0x01,
    0x00, 0x00, 0x00, 0x00, 0x00, 0x04, 0x00, 0x14, 0x01, 0xbf, 0x00, 0x01, 0x00, 0x00, 0x00, 0x00,
    0x00, 0x05, 0x00, 0x0c, 0x01, 0xee, 0x00, 0x01, 0x00, 0x00, 0x00, 0x00, 0x00, 0x06, 0x00, 0x13,
    0x02, 0x23, 0x00, 0x01, 0x00, 0x00, 0x00, 0x00, 0x00, 0x07, 0x00, 0x26, 0x02, 0x85, 0x00, 0x01,
    0x00, 0x00, 0x00, 0x00, 0x00, 0x08, 0x00, 0x0a, 0x02, 0xc2, 0x00, 0x01, 0x00, 0x00, 0x00, 0x00,
    0x00, 0x09, 0x00, 0x36, 0x03, 0x3b, 0x00, 0x01, 0x00, 0x00, 0x00, 0x00, 0x00, 0x0b, 0x00, 0x19,
    0x03, 0xa6, 0x00, 0x01, 0x00, 0x00, 0x00, 0x00, 0x00, 0x0c, 0x00, 0x19, 0x03, 0xf4, 0x00, 0x01,
    0x00, 0x00, 0x00, 0x00, 0x00, 0x0e, 0x00, 0x19, 0x04, 0x42, 0x00, 0x03, 0x00, 0x01, 0x04, 0x09,
    0x00, 0x00, 0x00, 0x8a, 0x00, 0x00, 0x00, 0x03, 0x00, 0x01, 0x04, 0x09, 0x00, 0x01, 0x00, 0x26,
    0x00, 0xd2, 0x00, 0x03, 0x00, 0x01, 0x04, 0x09, 0x00, 0x02, 0x00, 0x0e, 0x01, 0x0e, 0x00, 0x03,
    0x00, 0x01, 0x04, 0x09, 0x00, 0x03, 0x00, 0x48, 0x01, 0x26, 0x00, 0x03, 0x00, 0x01, 0x04, 0x09,
    0x00, 0x04, 0x00, 0x28, 0x01, 0x95, 0x00, 0x03, 0x00, 0x01, 0x04, 0x09, 0x00, 0x05, 0x00, 0x18,
    0x01, 0xd4, 0x00, 0x03, 0x00, 0x01, 0x04, 0x09, 0x00, 0x06, 0x00, 0x26, 0x01, 0xfb, 0x00, 0x03,
    0x00, 0x01, 0x04, 0x09, 0x00, 0x07, 0x00, 0x4c, 0x02, 0x37, 0x00, 0x03, 0x00, 0x01, 0x04, 0x09,
    0x00, 0x08, 0x00, 0x14, 0x02, 0xac, 0x00, 0x03, 0x00, 0x01, 0x04, 0x09, 0x00, 0x09, 0x00, 0x6c,
    0x02, 0xcd, 0x00, 0x03, 0x00, 0x01, 0x04, 0x09, 0x00, 0x0b, 0x00, 0x32, 0x03, 0x72, 0x00, 0x03,
    0x00, 0x01, 0x04, 0x09, 0x00, 0x0c, 0x00, 0x32, 0x03, 0xc0, 0x00, 0x03, 0x00, 0x01, 0x04, 0x09,
    0x00, 0x0e, 0x00, 0x32, 0x04, 0x0e, 0x00, 0x43, 0x00, 0x6f, 0x00, 0x70, 0x00, 0x79, 0x00, 0x72,
    0x00, 0x69, 0x00, 0x67, 0x00, 0x68, 0x00, 0x74, 0x00, 0x20, 0x00, 0xa9, 0x00, 0x20, 0x00, 0x56,
    0x00, 0x69, 0x00, 0x72, 0x00, 0x75, 0x00, 0x73, 0x00, 0x46, 0x00, 0x6f, 0x00, 0x6e, 0x00, 0x74,
    0x00, 0x73, 0x00, 0x2c, 0x00, 0x20, 0x00, 0x32, 0x00, 0x30, 0x00, 0x31, 0x00, 0x33, 0x00, 0x2e,
    0x00, 0x20, 0x00, 0x41, 0x00, 0x6c, 0x00, 0x6c, 0x00, 0x20, 0x00, 0x72, 0x00, 0x69, 0x00, 0x67,
    0x00, 0x68, 0x00, 0x74, 0x00, 0x73, 0x00, 0x20, 0x00, 0x72, 0x00, 0x65, 0x00, 0x73, 0x00, 0x65,
    0x00, 0x72, 0x00, 0x76, 0x00, 0x65, 0x00, 0x64, 0x00, 0x2e, 0x00, 0x20, 0x00, 0x77, 0x00, 0x77,
    0x00, 0x77, 0x00, 0x2e, 0x00, 0x76, 0x00, 0x69, 0x00, 0x72, 0x00, 0x75, 0x00, 0x73, 0x00, 0x66,
    0x00, 0x6f, 0x00, 0x6e, 0x00, 0x74, 0x00, 0x73, 0x00, 0x2e, 0x00, 0x63, 0x00, 0x6f, 0x00, 0x6d,
    0x00, 0x00, 0x43, 0x6f, 0x70, 0x79, 0x72, 0x69, 0x67, 0x68, 0x74, 0x20, 0xa9, 0x20, 0x56, 0x69,
    0x72, 0x75, 0x73, 0x46, 0x6f, 0x6e, 0x74, 0x73, 0x2c, 0x20, 0x32, 0x30, 0x31, 0x33, 0x2e, 0x20,
    0x41, 0x6c, 0x6c, 0x20, 0x72, 0x69, 0x67, 0x68, 0x74, 0x73, 0x20, 0x72, 0x65, 0x73, 0x65, 0x72,
    0x76, 0x65, 0x64, 0x2e, 0x20, 0x77, 0x77, 0x77, 0x2e, 0x76, 0x69, 0x72, 0x75, 0x73, 0x66, 0x6f,
    0x6e, 0x74, 0x73, 0x2e, 0x63, 0x6f, 0x6d, 0x00, 0x00, 0x44, 0x00, 0x6f, 0x00, 0x63, 0x00, 0x74,
    0x00, 0x72, 0x00, 0x69, 0x00, 0x6e, 0x00, 0x65, 0x00, 0x57, 0x00, 0x30, 0x00, 0x30, 0x00, 0x2d,
    0x00, 0x52, 0x00, 0x65, 0x00, 0x67, 0x00, 0x75, 0x00, 0x6c, 0x00, 0x61, 0x00, 0x72, 0x00, 0x00,
    0x44, 0x6f, 0x63, 0x74, 0x72, 0x69, 0x6e, 0x65, 0x57, 0x30, 0x30, 0x2d, 0x52, 0x65, 0x67, 0x75,
    0x6c, 0x61, 0x72, 0x00, 0x00, 0x52, 0x00, 0x65, 0x00, 0x67, 0x00, 0x75, 0x00, 0x6c, 0x00, 0x61,
    0x00, 0x72, 0x00, 0x00, 0x52, 0x65, 0x67, 0x75, 0x6c, 0x61, 0x72, 0x00, 0x00, 0x56, 0x00, 0x69,
    0x00, 0x72, 0x00, 0x75, 0x00, 0x73, 0x00, 0x46, 0x00, 0x6f, 0x00, 0x6e, 0x00, 0x74, 0x00, 0x73,
    0x00, 0x3a, 0x00, 0x44, 0x00, 0x6f, 0x00, 0x63, 0x00, 0x74, 0x00, 0x72, 0x00, 0x69, 0x00, 0x6e,
    0x00, 0x65, 0x00, 0x20, 0x00, 0x57, 0x00, 0x30, 0x00, 0x30, 0x00, 0x20, 0x00, 0x52, 0x00, 0x65,
    0x00, 0x67, 0x00, 0x75, 0x00, 0x6c, 0x00, 0x61, 0x00, 0x72, 0x00, 0x3a, 0x00, 0x32, 0x00, 0x30,
    0x00, 0x31, 0x00, 0x33, 0x00, 0x00, 0x56, 0x69, 0x72, 0x75, 0x73, 0x46, 0x6f, 0x6e, 0x74, 0x73,
    0x3a, 0x44, 0x6f, 0x63, 0x74, 0x72, 0x69, 0x6e, 0x65, 0x20, 0x57, 0x30, 0x30, 0x20, 0x52, 0x65,
    0x67, 0x75, 0x6c, 0x61, 0x72, 0x3a, 0x32, 0x30, 0x31, 0x33, 0x00, 0x00, 0x44, 0x00, 0x6f, 0x00,
    0x63, 0x00, 0x74, 0x00, 0x72, 0x00, 0x69, 0x00, 0x6e, 0x00, 0x65, 0x00, 0x20, 0x00, 0x57, 0x00,
    0x30, 0x00, 0x30, 0x00, 0x20, 0x00, 0x52, 0x00, 0x65, 0x00, 0x67, 0x00, 0x75, 0x00, 0x6c, 0x00,
    0x61, 0x00, 0x72, 0x00, 0x00, 0x44, 0x6f, 0x63, 0x74, 0x72, 0x69, 0x6e, 0x65, 0x20, 0x57, 0x30,
    0x30, 0x20, 0x52, 0x65, 0x67, 0x75, 0x6c, 0x61, 0x72, 0x00, 0x00, 0x56, 0x00, 0x65, 0x00, 0x72,
    0x00, 0x73, 0x00, 0x69, 0x00, 0x6f, 0x00, 0x6e, 0x00, 0x20, 0x00, 0x31, 0x00, 0x2e, 0x00, 0x30,
    0x00, 0x30, 0x00, 0x00, 0x56, 0x65, 0x72, 0x73, 0x69, 0x6f, 0x6e, 0x20, 0x31, 0x2e, 0x30, 0x30,
    0x00, 0x00, 0x44, 0x00, 0x6f, 0x00, 0x63, 0x00, 0x74, 0x00, 0x72, 0x00, 0x69, 0x00, 0x6e, 0x00,
    0x65, 0x00, 0x57, 0x00, 0x30, 0x00, 0x30, 0x00, 0x2d, 0x00, 0x52, 0x00, 0x65, 0x00, 0x67, 0x00,
    0x75, 0x00, 0x6c, 0x00, 0x61, 0x00, 0x72, 0x00, 0x00, 0x44, 0x6f, 0x63, 0x74, 0x72, 0x69, 0x6e,
    0x65, 0x57, 0x30, 0x30, 0x2d, 0x52, 0x65, 0x67, 0x75, 0x6c, 0x61, 0x72, 0x00, 0x00, 0x44, 0x00,
    0x6f, 0x00, 0x63, 0x00, 0x74, 0x00, 0x72, 0x00, 0x69, 0x00, 0x6e, 0x00, 0x65, 0x00, 0x20, 0x00,
    0x69, 0x00, 0x73, 0x00, 0x20, 0x00, 0x61, 0x00, 0x20, 0x00, 0x74, 0x00, 0x72, 0x00, 0x61, 0x00,
    0x64, 0x00, 0x65, 0x00, 0x6d, 0x00, 0x61, 0x00, 0x72, 0x00, 0x6b, 0x00, 0x20, 0x00, 0x6f, 0x00,
    0x66, 0x00, 0x20, 0x00, 0x56, 0x00, 0x69, 0x00, 0x72, 0x00, 0x75, 0x00, 0x73, 0x00, 0x46, 0x00,
    0x6f, 0x00, 0x6e, 0x00, 0x74, 0x00, 0x73, 0x00, 0x2e, 0x00, 0x00, 0x44, 0x6f, 0x63, 0x74, 0x72,
    0x69, 0x6e, 0x65, 0x20, 0x69, 0x73, 0x20, 0x61, 0x20, 0x74, 0x72, 0x61, 0x64, 0x65, 0x6d, 0x61,
    0x72, 0x6b, 0x20, 0x6f, 0x66, 0x20, 0x56, 0x69, 0x72, 0x75, 0x73, 0x46, 0x6f, 0x6e, 0x74, 0x73,
    0x2e, 0x00, 0x00, 0x56, 0x00, 0x69, 0x00, 0x72, 0x00, 0x75, 0x00, 0x73, 0x00, 0x46, 0x00, 0x6f,
    0x00, 0x6e, 0x00, 0x74, 0x00, 0x73, 0x00, 0x00, 0x56, 0x69, 0x72, 0x75, 0x73, 0x46, 0x6f, 0x6e,
    0x74, 0x73, 0x00, 0x00, 0x4a, 0x00, 0x6f, 0x00, 0x6e, 0x00, 0x61, 0x00, 0x74, 0x00, 0x68, 0x00,
    0x61, 0x00, 0x6e, 0x00, 0x20, 0x00, 0x41, 0x00, 0x62, 0x00, 0x62, 0x00, 0x6f, 0x00, 0x74, 0x00,
    0x74, 0x00, 0x2c, 0x00, 0x20, 0x00, 0x4a, 0x00, 0x6f, 0x00, 0x6e, 0x00, 0x61, 0x00, 0x74, 0x00,
    0x68, 0x00, 0x61, 0x00, 0x6e, 0x00, 0x20, 0x00, 0x42, 0x00, 0x61, 0x00, 0x72, 0x00, 0x6e, 0x00,
    0x62, 0x00, 0x72, 0x00, 0x6f, 0x00, 0x6f, 0x00, 0x6b, 0x00, 0x20, 0x00, 0x61, 0x00, 0x6e, 0x00,
    0x64, 0x00, 0x20, 0x00, 0x4a, 0x00, 0x75, 0x00, 0x6c, 0x00, 0x69, 0x00, 0x61, 0x00, 0x6e, 0x00,
    0x20, 0x00, 0x4d, 0x00, 0x6f, 0x00, 0x6e, 0x00, 0x63, 0x00, 0x61, 0x00, 0x64, 0x00, 0x61, 0x00,
    0x00, 0x4a, 0x6f, 0x6e, 0x61, 0x74, 0x68, 0x61, 0x6e, 0x20, 0x41, 0x62, 0x62, 0x6f, 0x74, 0x74,
    0x2c, 0x20, 0x4a, 0x6f, 0x6e, 0x61, 0x74, 0x68, 0x61, 0x6e, 0x20, 0x42, 0x61, 0x72, 0x6e, 0x62,
    0x72, 0x6f, 0x6f, 0x6b, 0x20, 0x61, 0x6e, 0x64, 0x20, 0x4a, 0x75, 0x6c, 0x69, 0x61, 0x6e, 0x20,
    0x4d, 0x6f, 0x6e, 0x63, 0x61, 0x64, 0x61, 0x00, 0x00, 0x68, 0x00, 0x74, 0x00, 0x74, 0x00, 0x70,
    0x00, 0x3a, 0x00, 0x2f, 0x00, 0x2f, 0x00, 0x77, 0x00, 0x77, 0x00, 0x77, 0x00, 0x2e, 0x00, 0x76,
    0x00, 0x69, 0x00, 0x72, 0x00, 0x75, 0x00, 0x73, 0x00, 0x66, 0x00, 0x6f, 0x00, 0x6e, 0x00, 0x74,
    0x00, 0x73, 0x00, 0x2e, 0x00, 0x63, 0x00, 0x6f, 0x00, 0x6d, 0x00, 0x00, 0x68, 0x74, 0x74, 0x70,
    0x3a, 0x2f, 0x2f, 0x77, 0x77, 0x77, 0x2e, 0x76, 0x69, 0x72, 0x75, 0x73, 0x66, 0x6f, 0x6e, 0x74,
    0x73, 0x2e, 0x63, 0x6f, 0x6d, 0x00, 0x00, 0x68, 0x00, 0x74, 0x00, 0x74, 0x00, 0x70, 0x00, 0x3a,
    0x00, 0x2f, 0x00, 0x2f, 0x00, 0x77, 0x00, 0x77, 0x00, 0x77, 0x00, 0x2e, 0x00, 0x76, 0x00, 0x69,
    0x00, 0x72, 0x00, 0x75, 0x00, 0x73, 0x00, 0x66, 0x00, 0x6f, 0x00, 0x6e, 0x00, 0x74, 0x00, 0x73,
    0x00, 0x2e, 0x00, 0x63, 0x00, 0x6f, 0x00, 0x6d, 0x00, 0x00, 0x68, 0x74, 0x74, 0x70, 0x3a, 0x2f,
    0x2f, 0x77, 0x77, 0x77, 0x2e, 0x76, 0x69, 0x72, 0x75, 0x73, 0x66, 0x6f, 0x6e, 0x74, 0x73, 0x2e,
    0x63, 0x6f, 0x6d, 0x00, 0x00, 0x68, 0x00, 0x74, 0x00, 0x74, 0x00, 0x70, 0x00, 0x3a, 0x00, 0x2f,
    0x00, 0x2f, 0x00, 0x77, 0x00, 0x77, 0x00, 0x77, 0x00, 0x2e, 0x00, 0x76, 0x00, 0x69, 0x00, 0x72,
    0x00, 0x75, 0x00, 0x73, 0x00, 0x66, 0x00, 0x6f, 0x00, 0x6e, 0x00, 0x74, 0x00, 0x73, 0x00, 0x2e,
    0x00, 0x63, 0x00, 0x6f, 0x00, 0x6d, 0x00, 0x00, 0x68, 0x74, 0x74, 0x70, 0x3a, 0x2f, 0x2f, 0x77,
    0x77, 0x77, 0x2e, 0x76, 0x69, 0x72, 0x75, 0x73, 0x66, 0x6f, 0x6e, 0x74, 0x73, 0x2e, 0x63, 0x6f,
    0x6d, 0x00, 0x00, 0x00, 0x00, 0x02, 0x00, 0x00, 0x00, 0x00, 0x00, 0x00, 0xff, 0x6a, 0x00, 0x32,
    0x00, 0x00, 0x00, 0x00, 0x00, 0x00, 0x00, 0x00, 0x00, 0x00, 0x00, 0x00, 0x00, 0x00, 0x00, 0x00,
    0x00, 0x00, 0x00, 0x00, 0x02, 0x31, 0x00, 0x00, 0x00, 0x01, 0x00, 0x02, 0x00, 0x03, 0x00, 0x04,
    0x00, 0x05, 0x00, 0x06, 0x00, 0x07, 0x00, 0x08, 0x00, 0x09, 0x00, 0x0a, 0x00, 0x0b, 0x00, 0x0c,
    0x00, 0x0d, 0x00, 0x0e, 0x00, 0x0f, 0x00, 0x10, 0x00, 0x11, 0x00, 0x12, 0x00, 0x13, 0x00, 0x14,
    0x00, 0x15, 0x00, 0x16, 0x00, 0x17, 0x00, 0x18, 0x00, 0x19, 0x00, 0x1a, 0x00, 0x1b, 0x00, 0x1c,
    0x00, 0x1d, 0x00, 0x1e, 0x00, 0x1f, 0x00, 0x20, 0x00, 0x21, 0x00, 0x22, 0x00, 0x23, 0x00, 0x24,
    0x00, 0x25, 0x00, 0x26, 0x00, 0x27, 0x00, 0x28, 0x00, 0x29, 0x00, 0x2a, 0x00, 0x2b, 0x00, 0x2c,
    0x00, 0x2d, 0x00, 0x2e, 0x00, 0x2f, 0x00, 0x30, 0x00, 0x31, 0x00, 0x32, 0x00, 0x33, 0x00, 0x34,
    0x00, 0x35, 0x00, 0x36, 0x00, 0x37, 0x00, 0x38, 0x00, 0x39, 0x00, 0x3a, 0x00, 0x3b, 0x00, 0x3c,
    0x00, 0x3d, 0x00, 0x3e, 0x00, 0x3f, 0x00, 0x40, 0x00, 0x41, 0x00, 0x42, 0x00, 0x43, 0x00, 0x44,
    0x00, 0x45, 0x00, 0x46, 0x00, 0x47, 0x00, 0x48, 0x00, 0x49, 0x00, 0x4a, 0x00, 0x4b, 0x00, 0x4c,
    0x00, 0x4d, 0x00, 0x4e, 0x00, 0x4f, 0x00, 0x50, 0x00, 0x51, 0x00, 0x52, 0x00, 0x53, 0x00, 0x54,
    0x00, 0x55, 0x00, 0x56, 0x00, 0x57, 0x00, 0x58, 0x00, 0x59, 0x00, 0x5a, 0x00, 0x5b, 0x00, 0x5c,
    0x00, 0x5d, 0x00, 0x5e, 0x00, 0x5f, 0x00, 0x60, 0x00, 0x61, 0x00, 0xa3, 0x00, 0x84, 0x00, 0x85,
    0x00, 0xbd, 0x00, 0x96, 0x00, 0xe8, 0x00, 0x86, 0x00, 0x8e, 0x00, 0x8b, 0x00, 0x9d, 0x00, 0xa9,
    0x00, 0xa4, 0x01, 0x02, 0x00, 0x8a, 0x00, 0xda, 0x00, 0x83, 0x00, 0x93, 0x01, 0x03, 0x01, 0x04,
    0x00, 0x8d, 0x00, 0x97, 0x00, 0x88, 0x00, 0xde, 0x01, 0x05, 0x00, 0x9e, 0x00, 0xaa, 0x00, 0xf5,
    0x00, 0xf4, 0x00, 0xf6, 0x00, 0xa2, 0x00, 0xad, 0x00, 0xc9, 0x00, 0xc7, 0x00, 0xae, 0x00, 0x62,
    0x00, 0x63, 0x00, 0x90, 0x00, 0x64, 0x00, 0xcb, 0x00, 0x65, 0x00, 0xc8, 0x00, 0xca, 0x00, 0xcf,
    0x00, 0xcc, 0x00, 0xcd, 0x00, 0xce, 0x00, 0xe9, 0x00, 0x66, 0x00, 0xd3, 0x00, 0xd0, 0x00, 0xd1,
    0x00, 0xaf, 0x00, 0x67, 0x00, 0xf0, 0x00, 0x91, 0x00, 0xd6, 0x00, 0xd4, 0x00, 0xd5, 0x00, 0x68,
    0x00, 0xeb, 0x00, 0xed, 0x00, 0x89, 0x00, 0x6a, 0x00, 0x69, 0x00, 0x6b, 0x00, 0x6d, 0x00, 0x6c,
    0x00, 0x6e, 0x00, 0xa0, 0x00, 0x6f, 0x00, 0x71, 0x00, 0x70, 0x00, 0x72, 0x00, 0x73, 0x00, 0x75,
    0x00, 0x74, 0x00, 0x76, 0x00, 0x77, 0x00, 0xea, 0x00, 0x78, 0x00, 0x7a, 0x00, 0x79, 0x00, 0x7b,
    0x00, 0x7d, 0x00, 0x7c, 0x00, 0xb8, 0x00, 0xa1, 0x00, 0x7f, 0x00, 0x7e, 0x00, 0x80, 0x00, 0x81,
    0x00, 0xec, 0x00, 0xee, 0x00, 0xba, 0x01, 0x06, 0x01, 0x07, 0x01, 0x08, 0x01, 0x09, 0x01, 0x0a,
    0x01, 0x0b, 0x00, 0xfd, 0x00, 0xfe, 0x01, 0x0c, 0x01, 0x0d, 0x01, 0x0e, 0x01, 0x0f, 0x00, 0xff,
    0x01, 0x00, 0x01, 0x10, 0x01, 0x11, 0x01, 0x12, 0x01, 0x01, 0x01, 0x13, 0x01, 0x14, 0x01, 0x15,
    0x01, 0x16, 0x01, 0x17, 0x01, 0x18, 0x01, 0x19, 0x01, 0x1a, 0x01, 0x1b, 0x01, 0x1c, 0x01, 0x1d,
    0x01, 0x1e, 0x00, 0xf8, 0x00, 0xf9, 0x01, 0x1f, 0x01, 0x20, 0x01, 0x21, 0x01, 0x22, 0x01, 0x23,
    0x01, 0x24, 0x01, 0x25, 0x01, 0x26, 0x01, 0x27, 0x01, 0x28, 0x01, 0x29, 0x01, 0x2a, 0x01, 0x2b,
    0x01, 0x2c, 0x00, 0xfa, 0x00, 0xd7, 0x01, 0x2d, 0x01, 0x2e, 0x01, 0x2f, 0x01, 0x30, 0x01, 0x31,
    0x01, 0x32, 0x01, 0x33, 0x01, 0x34, 0x01, 0x35, 0x01, 0x36, 0x01, 0x37, 0x01, 0x38, 0x01, 0x39,
    0x00, 0xe2, 0x00, 0xe3, 0x01, 0x3a, 0x01, 0x3b, 0x01, 0x3c, 0x01, 0x3d, 0x01, 0x3e, 0x01, 0x3f,
    0x01, 0x40, 0x01, 0x41, 0x01, 0x42, 0x01, 0x43, 0x01, 0x44, 0x01, 0x45, 0x00, 0xb0, 0x00, 0xb1,
    0x01, 0x46, 0x01, 0x47, 0x01, 0x48, 0x01, 0x49, 0x01, 0x4a, 0x01, 0x4b, 0x01, 0x4c, 0x01, 0x4d,
    0x01, 0x4e, 0x01, 0x4f, 0x00, 0xfb, 0x00, 0xfc, 0x00, 0xe4, 0x00, 0xe5, 0x01, 0x50, 0x01, 0x51,
    0x01, 0x52, 0x01, 0x53, 0x01, 0x54, 0x01, 0x55, 0x01, 0x56, 0x01, 0x57, 0x01, 0x58, 0x01, 0x59,
    0x01, 0x5a, 0x01, 0x5b, 0x01, 0x5c, 0x01, 0x5d, 0x01, 0x5e, 0x01, 0x5f, 0x01, 0x60, 0x01, 0x61,
    0x00, 0xbb, 0x01, 0x62, 0x01, 0x63, 0x01, 0x64, 0x01, 0x65, 0x00, 0xe6, 0x00, 0xe7, 0x01, 0x66,
    0x00, 0xa6, 0x01, 0x67, 0x01, 0x68, 0x01, 0x69, 0x01, 0x6a, 0x01, 0x6b, 0x01, 0x6c, 0x00, 0xd8,
    0x00, 0xe1, 0x00, 0xdb, 0x00, 0xdc, 0x00, 0xdd, 0x00, 0xe0, 0x00, 0xd9, 0x00, 0xdf, 0x00, 0x9b,
    0x00, 0xb2, 0x00, 0xb3, 0x00, 0xb6, 0x00, 0xb7, 0x00, 0xc4, 0x00, 0xb4, 0x00, 0xb5, 0x00, 0xc5,
    0x00, 0x82, 0x00, 0xc2, 0x00, 0x87, 0x00, 0xab, 0x00, 0xc6, 0x00, 0xbe, 0x00, 0xbf, 0x00, 0xbc,
    0x01, 0x6d, 0x00, 0x8c, 0x00, 0x9f, 0x00, 0x98, 0x00, 0xa8, 0x00, 0x9a, 0x00, 0x99, 0x00, 0xef,
    0x00, 0xa5, 0x00, 0x92, 0x00, 0x9c, 0x00, 0xa7, 0x00, 0x8f, 0x00, 0x94, 0x00, 0x95, 0x00, 0xb9,
    0x01, 0x6e, 0x01, 0x6f, 0x01, 0x70, 0x01, 0x71, 0x01, 0x72, 0x01, 0x73, 0x01, 0x74, 0x01, 0x75,
    0x01, 0x76, 0x01, 0x77, 0x01, 0x78, 0x01, 0x79, 0x01, 0x7a, 0x01, 0x7b, 0x01, 0x7c, 0x01, 0x7d,
    0x01, 0x7e, 0x01, 0x7f, 0x01, 0x80, 0x01, 0x81, 0x01, 0x82, 0x01, 0x83, 0x01, 0x84, 0x01, 0x85,
    0x01, 0x86, 0x01, 0x87, 0x01, 0x88, 0x01, 0x89, 0x01, 0x8a, 0x01, 0x8b, 0x01, 0x8c, 0x01, 0x8d,
    0x01, 0x8e, 0x01, 0x8f, 0x01, 0x90, 0x01, 0x91, 0x01, 0x92, 0x01, 0x93, 0x01, 0x94, 0x01, 0x95,
    0x01, 0x96, 0x01, 0x97, 0x01, 0x98, 0x01, 0x99, 0x01, 0x9a, 0x01, 0x9b, 0x01, 0x9c, 0x01, 0x9d,
    0x01, 0x9e, 0x01, 0x9f, 0x01, 0xa0, 0x01, 0xa1, 0x01, 0xa2, 0x01, 0xa3, 0x01, 0xa4, 0x01, 0xa5,
    0x01, 0xa6, 0x01, 0xa7, 0x01, 0xa8, 0x01, 0xa9, 0x01, 0xaa, 0x01, 0xab, 0x01, 0xac, 0x01, 0xad,
    0x01, 0xae, 0x01, 0xaf, 0x01, 0xb0, 0x01, 0xb1, 0x01, 0xb2, 0x01, 0xb3, 0x01, 0xb4, 0x01, 0xb5,
    0x01, 0xb6, 0x01, 0xb7, 0x01, 0xb8, 0x01, 0xb9, 0x01, 0xba, 0x01, 0xbb, 0x01, 0xbc, 0x01, 0xbd,
    0x01, 0xbe, 0x01, 0xbf, 0x01, 0xc0, 0x01, 0xc1, 0x01, 0xc2, 0x01, 0xc3, 0x01, 0xc4, 0x01, 0xc5,
    0x01, 0xc6, 0x01, 0xc7, 0x01, 0xc8, 0x01, 0xc9, 0x01, 0xca, 0x01, 0xcb, 0x01, 0xcc, 0x01, 0xcd,
    0x01, 0xce, 0x01, 0xcf, 0x01, 0xd0, 0x01, 0xd1, 0x01, 0xd2, 0x01, 0xd3, 0x01, 0xd4, 0x01, 0xd5,
    0x01, 0xd6, 0x01, 0xd7, 0x01, 0xd8, 0x01, 0xd9, 0x01, 0xda, 0x01, 0xdb, 0x01, 0xdc, 0x01, 0xdd,
    0x01, 0xde, 0x01, 0xdf, 0x01, 0xe0, 0x01, 0xe1, 0x01, 0xe2, 0x01, 0xe3, 0x01, 0xe4, 0x01, 0xe5,
    0x01, 0xe6, 0x01, 0xe7, 0x01, 0xe8, 0x01, 0xe9, 0x01, 0xea, 0x01, 0xeb, 0x01, 0xec, 0x01, 0xed,
    0x01, 0xee, 0x01, 0xef, 0x01, 0xf0, 0x01, 0xf1, 0x01, 0xf2, 0x01, 0xf3, 0x01, 0xf4, 0x01, 0xf5,
    0x01, 0xf6, 0x01, 0xf7, 0x01, 0xf8, 0x01, 0xf9, 0x01, 0xfa, 0x01, 0xfb, 0x01, 0xfc, 0x01, 0xfd,
    0x01, 0xfe, 0x01, 0xff, 0x02, 0x00, 0x02, 0x01, 0x02, 0x02, 0x02, 0x03, 0x02, 0x04, 0x02, 0x05,
    0x02, 0x06, 0x02, 0x07, 0x02, 0x08, 0x02, 0x09, 0x02, 0x0a, 0x02, 0x0b, 0x02, 0x0c, 0x02, 0x0d,
    0x02, 0x0e, 0x02, 0x0f, 0x02, 0x10, 0x02, 0x11, 0x02, 0x12, 0x02, 0x13, 0x02, 0x14, 0x02, 0x15,
    0x02, 0x16, 0x02, 0x17, 0x02, 0x18, 0x02, 0x19, 0x02, 0x1a, 0x02, 0x1b, 0x02, 0x1c, 0x02, 0x1d,
    0x02, 0x1e, 0x02, 0x1f, 0x02, 0x20, 0x02, 0x21, 0x02, 0x22, 0x02, 0x23, 0x02, 0x24, 0x02, 0x25,
    0x02, 0x26, 0x02, 0x27, 0x02, 0x28, 0x02, 0x29, 0x02, 0x2a, 0x02, 0x2b, 0x02, 0x2c, 0x02, 0x2d,
    0x02, 0x2e, 0x02, 0x2f, 0x02, 0x30, 0x02, 0x31, 0x02, 0x32, 0x02, 0x33, 0x02, 0x34, 0x02, 0x35,
    0x02, 0x36, 0x02, 0x37, 0x02, 0x38, 0x02, 0x39, 0x07, 0x75, 0x6e, 0x69, 0x30, 0x30, 0x41, 0x44,
    0x07, 0x75, 0x6e, 0x69, 0x30, 0x30, 0x42, 0x32, 0x07, 0x75, 0x6e, 0x69, 0x30, 0x30, 0x42, 0x33,
    0x07, 0x75, 0x6e, 0x69, 0x30, 0x30, 0x42, 0x39, 0x07, 0x41, 0x6d, 0x61, 0x63, 0x72, 0x6f, 0x6e,
    0x07, 0x61, 0x6d, 0x61, 0x63, 0x72, 0x6f, 0x6e, 0x06, 0x41, 0x62, 0x72, 0x65, 0x76, 0x65, 0x06,
    0x61, 0x62, 0x72, 0x65, 0x76, 0x65, 0x07, 0x41, 0x6f, 0x67, 0x6f, 0x6e, 0x65, 0x6b, 0x07, 0x61,
    0x6f, 0x67, 0x6f, 0x6e, 0x65, 0x6b, 0x0b, 0x43, 0x63, 0x69, 0x72, 0x63, 0x75, 0x6d, 0x66, 0x6c,
    0x65, 0x78, 0x0b, 0x63, 0x63, 0x69, 0x72, 0x63, 0x75, 0x6d, 0x66, 0x6c, 0x65, 0x78, 0x0a, 0x43,
    0x64, 0x6f, 0x74, 0x61, 0x63, 0x63, 0x65, 0x6e, 0x74, 0x0a, 0x63, 0x64, 0x6f, 0x74, 0x61, 0x63,
    0x63, 0x65, 0x6e, 0x74, 0x06, 0x44, 0x63, 0x61, 0x72, 0x6f, 0x6e, 0x06, 0x64, 0x63, 0x61, 0x72,
    0x6f, 0x6e, 0x06, 0x44, 0x63, 0x72, 0x6f, 0x61, 0x74, 0x07, 0x45, 0x6d, 0x61, 0x63, 0x72, 0x6f,
    0x6e, 0x07, 0x65, 0x6d, 0x61, 0x63, 0x72, 0x6f, 0x6e, 0x06, 0x45, 0x62, 0x72, 0x65, 0x76, 0x65,
    0x06, 0x65, 0x62, 0x72, 0x65, 0x76, 0x65, 0x0a, 0x45, 0x64, 0x6f, 0x74, 0x61, 0x63, 0x63, 0x65,
    0x6e, 0x74, 0x0a, 0x65, 0x64, 0x6f, 0x74, 0x61, 0x63, 0x63, 0x65, 0x6e, 0x74, 0x07, 0x45, 0x6f,
    0x67, 0x6f, 0x6e, 0x65, 0x6b, 0x07, 0x65, 0x6f, 0x67, 0x6f, 0x6e, 0x65, 0x6b, 0x06, 0x45, 0x63,
    0x61, 0x72, 0x6f, 0x6e, 0x06, 0x65, 0x63, 0x61, 0x72, 0x6f, 0x6e, 0x0b, 0x47, 0x63, 0x69, 0x72,
    0x63, 0x75, 0x6d, 0x66, 0x6c, 0x65, 0x78, 0x0b, 0x67, 0x63, 0x69, 0x72, 0x63, 0x75, 0x6d, 0x66,
    0x6c, 0x65, 0x78, 0x0a, 0x47, 0x64, 0x6f, 0x74, 0x61, 0x63, 0x63, 0x65, 0x6e, 0x74, 0x0a, 0x67,
    0x64, 0x6f, 0x74, 0x61, 0x63, 0x63, 0x65, 0x6e, 0x74, 0x07, 0x75, 0x6e, 0x69, 0x30, 0x31, 0x32,
    0x32, 0x07, 0x75, 0x6e, 0x69, 0x30, 0x31, 0x32, 0x33, 0x0b, 0x48, 0x63, 0x69, 0x72, 0x63, 0x75,
    0x6d, 0x66, 0x6c, 0x65, 0x78, 0x0b, 0x68, 0x63, 0x69, 0x72, 0x63, 0x75, 0x6d, 0x66, 0x6c, 0x65,
    0x78, 0x04, 0x48, 0x62, 0x61, 0x72, 0x04, 0x68, 0x62, 0x61, 0x72, 0x06, 0x49, 0x74, 0x69, 0x6c,
    0x64, 0x65, 0x06, 0x69, 0x74, 0x69, 0x6c, 0x64, 0x65, 0x07, 0x49, 0x6d, 0x61, 0x63, 0x72, 0x6f,
    0x6e, 0x07, 0x69, 0x6d, 0x61, 0x63, 0x72, 0x6f, 0x6e, 0x07, 0x49, 0x6f, 0x67, 0x6f, 0x6e, 0x65,
    0x6b, 0x07, 0x69, 0x6f, 0x67, 0x6f, 0x6e, 0x65, 0x6b, 0x0b, 0x4a, 0x63, 0x69, 0x72, 0x63, 0x75,
    0x6d, 0x66, 0x6c, 0x65, 0x78, 0x0b, 0x6a, 0x63, 0x69, 0x72, 0x63, 0x75, 0x6d, 0x66, 0x6c, 0x65,
    0x78, 0x07, 0x75, 0x6e, 0x69, 0x30, 0x31, 0x33, 0x36, 0x07, 0x75, 0x6e, 0x69, 0x30, 0x31, 0x33,
    0x37, 0x0c, 0x6b, 0x67, 0x72, 0x65, 0x65, 0x6e, 0x6c, 0x61, 0x6e, 0x64, 0x69, 0x63, 0x06, 0x4c,
    0x61, 0x63, 0x75, 0x74, 0x65, 0x06, 0x6c, 0x61, 0x63, 0x75, 0x74, 0x65, 0x07, 0x75, 0x6e, 0x69,
    0x30, 0x31, 0x33, 0x42, 0x07, 0x75, 0x6e, 0x69, 0x30, 0x31, 0x33, 0x43, 0x06, 0x4c, 0x63, 0x61,
    0x72, 0x6f, 0x6e, 0x06, 0x6c, 0x63, 0x61, 0x72, 0x6f, 0x6e, 0x04, 0x4c, 0x64, 0x6f, 0x74, 0x04,
    0x6c, 0x64, 0x6f, 0x74, 0x06, 0x4e, 0x61, 0x63, 0x75, 0x74, 0x65, 0x06, 0x6e, 0x61, 0x63, 0x75,
    0x74, 0x65, 0x07, 0x75, 0x6e, 0x69, 0x30, 0x31, 0x34, 0x35, 0x07, 0x75, 0x6e, 0x69, 0x30, 0x31,
    0x34, 0x36, 0x06, 0x4e, 0x63, 0x61, 0x72, 0x6f, 0x6e, 0x06, 0x6e, 0x63, 0x61, 0x72, 0x6f, 0x6e,
    0x03, 0x45, 0x6e, 0x67, 0x03, 0x65, 0x6e, 0x67, 0x07, 0x4f, 0x6d, 0x61, 0x63, 0x72, 0x6f, 0x6e,
    0x07, 0x6f, 0x6d, 0x61, 0x63, 0x72, 0x6f, 0x6e, 0x0d, 0x4f, 0x68, 0x75, 0x6e, 0x67, 0x61, 0x72,
    0x75, 0x6d, 0x6c, 0x61, 0x75, 0x74, 0x0d, 0x6f, 0x68, 0x75, 0x6e, 0x67, 0x61, 0x72, 0x75, 0x6d,
    0x6c, 0x61, 0x75, 0x74, 0x06, 0x52, 0x61, 0x63, 0x75, 0x74, 0x65, 0x06, 0x72, 0x61, 0x63, 0x75,
    0x74, 0x65, 0x07, 0x75, 0x6e, 0x69, 0x30, 0x31, 0x35, 0x36, 0x07, 0x75, 0x6e, 0x69, 0x30, 0x31,
    0x35, 0x37, 0x06, 0x52, 0x63, 0x61, 0x72, 0x6f, 0x6e, 0x06, 0x72, 0x63, 0x61, 0x72, 0x6f, 0x6e,
    0x06, 0x53, 0x61, 0x63, 0x75, 0x74, 0x65, 0x06, 0x73, 0x61, 0x63, 0x75, 0x74, 0x65, 0x0b, 0x53,
    0x63, 0x69, 0x72, 0x63, 0x75, 0x6d, 0x66, 0x6c, 0x65, 0x78, 0x0b, 0x73, 0x63, 0x69, 0x72, 0x63,
    0x75, 0x6d, 0x66, 0x6c, 0x65, 0x78, 0x07, 0x75, 0x6e, 0x69, 0x30, 0x31, 0x36, 0x32, 0x07, 0x75,
    0x6e, 0x69, 0x30, 0x31, 0x36, 0x33, 0x06, 0x54, 0x63, 0x61, 0x72, 0x6f, 0x6e, 0x06, 0x74, 0x63,
    0x61, 0x72, 0x6f, 0x6e, 0x04, 0x54, 0x62, 0x61, 0x72, 0x04, 0x74, 0x62, 0x61, 0x72, 0x06, 0x55,
    0x74, 0x69, 0x6c, 0x64, 0x65, 0x06, 0x75, 0x74, 0x69, 0x6c, 0x64, 0x65, 0x07, 0x55, 0x6d, 0x61,
    0x63, 0x72, 0x6f, 0x6e, 0x07, 0x75, 0x6d, 0x61, 0x63, 0x72, 0x6f, 0x6e, 0x06, 0x55, 0x62, 0x72,
    0x65, 0x76, 0x65, 0x06, 0x75, 0x62, 0x72, 0x65, 0x76, 0x65, 0x05, 0x55, 0x72, 0x69, 0x6e, 0x67,
    0x05, 0x75, 0x72, 0x69, 0x6e, 0x67, 0x0d, 0x55, 0x68, 0x75, 0x6e, 0x67, 0x61, 0x72, 0x75, 0x6d,
    0x6c, 0x61, 0x75, 0x74, 0x0d, 0x75, 0x68, 0x75, 0x6e, 0x67, 0x61, 0x72, 0x75, 0x6d, 0x6c, 0x61,
    0x75, 0x74, 0x07, 0x55, 0x6f, 0x67, 0x6f, 0x6e, 0x65, 0x6b, 0x07, 0x75, 0x6f, 0x67, 0x6f, 0x6e,
    0x65, 0x6b, 0x06, 0x5a, 0x61, 0x63, 0x75, 0x74, 0x65, 0x06, 0x7a, 0x61, 0x63, 0x75, 0x74, 0x65,
    0x0a, 0x5a, 0x64, 0x6f, 0x74, 0x61, 0x63, 0x63, 0x65, 0x6e, 0x74, 0x0a, 0x7a, 0x64, 0x6f, 0x74,
    0x61, 0x63, 0x63, 0x65, 0x6e, 0x74, 0x05, 0x6c, 0x6f, 0x6e, 0x67, 0x73, 0x07, 0x41, 0x45, 0x61,
    0x63, 0x75, 0x74, 0x65, 0x07, 0x61, 0x65, 0x61, 0x63, 0x75, 0x74, 0x65, 0x07, 0x75, 0x6e, 0x69,
    0x30, 0x32, 0x31, 0x38, 0x07, 0x75, 0x6e, 0x69, 0x30, 0x32, 0x31, 0x39, 0x07, 0x75, 0x6e, 0x69,
    0x30, 0x32, 0x31, 0x41, 0x07, 0x75, 0x6e, 0x69, 0x30, 0x32, 0x31, 0x42, 0x04, 0x45, 0x75, 0x72,
    0x6f, 0x07, 0x75, 0x6e, 0x69, 0x45, 0x30, 0x36, 0x32, 0x07, 0x75, 0x6e, 0x69, 0x45, 0x30, 0x38,
    0x35, 0x07, 0x75, 0x6e, 0x69, 0x45, 0x30, 0x38, 0x37, 0x07, 0x75, 0x6e, 0x69, 0x45, 0x30, 0x39,
    0x32, 0x07, 0x75, 0x6e, 0x69, 0x45, 0x30, 0x39, 0x33, 0x07, 0x75, 0x6e, 0x69, 0x45, 0x30, 0x39,
    0x34, 0x07, 0x75, 0x6e, 0x69, 0x45, 0x30, 0x39, 0x35, 0x07, 0x75, 0x6e, 0x69, 0x45, 0x30, 0x39,
    0x37, 0x07, 0x75, 0x6e, 0x69, 0x45, 0x30, 0x39, 0x38, 0x07, 0x75, 0x6e, 0x69, 0x45, 0x30, 0x39,
    0x41, 0x07, 0x75, 0x6e, 0x69, 0x45, 0x30, 0x39, 0x42, 0x07, 0x75, 0x6e, 0x69, 0x45, 0x30, 0x41,
    0x39, 0x07, 0x75, 0x6e, 0x69, 0x45, 0x30, 0x41, 0x41, 0x07, 0x75, 0x6e, 0x69, 0x45, 0x30, 0x41,
    0x42, 0x07, 0x75, 0x6e, 0x69, 0x45, 0x30, 0x41, 0x43, 0x07, 0x75, 0x6e, 0x69, 0x46, 0x36, 0x43,
    0x33, 0x07, 0x75, 0x6e, 0x69, 0x46, 0x42, 0x30, 0x30, 0x07, 0x75, 0x6e, 0x69, 0x46, 0x42, 0x30,
    0x33, 0x07, 0x75, 0x6e, 0x69, 0x46, 0x42, 0x30, 0x34, 0x07, 0x75, 0x6e, 0x69, 0x46, 0x42, 0x30,
    0x36, 0x0e, 0x61, 0x6d, 0x70, 0x65, 0x72, 0x73, 0x61, 0x6e, 0x64, 0x2e, 0x61, 0x61, 0x6c, 0x74,
    0x09, 0x7a, 0x65, 0x72, 0x6f, 0x2e, 0x74, 0x6e, 0x75, 0x6d, 0x0d, 0x7a, 0x65, 0x72, 0x6f, 0x2e,
    0x6f, 0x6c, 0x64, 0x73, 0x74, 0x79, 0x6c, 0x65, 0x12, 0x7a, 0x65, 0x72, 0x6f, 0x2e, 0x6f, 0x6c,
    0x64, 0x73, 0x74, 0x79, 0x6c, 0x65, 0x2e, 0x74, 0x6e, 0x75, 0x6d, 0x08, 0x6f, 0x6e, 0x65, 0x2e,
    0x74, 0x6e, 0x75, 0x6d, 0x0c, 0x6f, 0x6e, 0x65, 0x2e, 0x6f, 0x6c, 0x64, 0x73, 0x74, 0x79, 0x6c,
    0x65, 0x11, 0x6f, 0x6e, 0x65, 0x2e, 0x6f, 0x6c, 0x64, 0x73, 0x74, 0x79, 0x6c, 0x65, 0x2e, 0x74,
    0x6e, 0x75, 0x6d, 0x08, 0x74, 0x77, 0x6f, 0x2e, 0x74, 0x6e, 0x75, 0x6d, 0x0c, 0x74, 0x77, 0x6f,
    0x2e, 0x6f, 0x6c, 0x64, 0x73, 0x74, 0x79, 0x6c, 0x65, 0x11, 0x74, 0x77, 0x6f, 0x2e, 0x6f, 0x6c,
    0x64, 0x73, 0x74, 0x79, 0x6c, 0x65, 0x2e, 0x74, 0x6e, 0x75, 0x6d, 0x0a, 0x74, 0x68, 0x72, 0x65,
    0x65, 0x2e, 0x74, 0x6e, 0x75, 0x6d, 0x0e, 0x74, 0x68, 0x72, 0x65, 0x65, 0x2e, 0x6f, 0x6c, 0x64,
    0x73, 0x74, 0x79, 0x6c, 0x65, 0x13, 0x74, 0x68, 0x72, 0x65, 0x65, 0x2e, 0x6f, 0x6c, 0x64, 0x73,
    0x74, 0x79, 0x6c, 0x65, 0x2e, 0x74, 0x6e, 0x75, 0x6d, 0x09, 0x66, 0x6f, 0x75, 0x72, 0x2e, 0x74,
    0x6e, 0x75, 0x6d, 0x0d, 0x66, 0x6f, 0x75, 0x72, 0x2e, 0x6f, 0x6c, 0x64, 0x73, 0x74, 0x79, 0x6c,
    0x65, 0x12, 0x66, 0x6f, 0x75, 0x72, 0x2e, 0x6f, 0x6c, 0x64, 0x73, 0x74, 0x79, 0x6c, 0x65, 0x2e,
    0x74, 0x6e, 0x75, 0x6d, 0x09, 0x66, 0x69, 0x76, 0x65, 0x2e, 0x74, 0x6e, 0x75, 0x6d, 0x0d, 0x66,
    0x69, 0x76, 0x65, 0x2e, 0x6f, 0x6c, 0x64, 0x73, 0x74, 0x79, 0x6c, 0x65, 0x12, 0x66, 0x69, 0x76,
    0x65, 0x2e, 0x6f, 0x6c, 0x64, 0x73, 0x74, 0x79, 0x6c, 0x65, 0x2e, 0x74, 0x6e, 0x75, 0x6d, 0x08,
    0x73, 0x69, 0x78, 0x2e, 0x74, 0x6e, 0x75, 0x6d, 0x0c, 0x73, 0x69, 0x78, 0x2e, 0x6f, 0x6c, 0x64,
    0x73, 0x74, 0x79, 0x6c, 0x65, 0x11, 0x73, 0x69, 0x78, 0x2e, 0x6f, 0x6c, 0x64, 0x73, 0x74, 0x79,
    0x6c, 0x65, 0x2e, 0x74, 0x6e, 0x75, 0x6d, 0x0a, 0x73, 0x65, 0x76, 0x65, 0x6e, 0x2e, 0x74, 0x6e,
    0x75, 0x6d, 0x0e, 0x73, 0x65, 0x76, 0x65, 0x6e, 0x2e, 0x6f, 0x6c, 0x64, 0x73, 0x74, 0x79, 0x6c,
    0x65, 0x13, 0x73, 0x65, 0x76, 0x65, 0x6e, 0x2e, 0x6f, 0x6c, 0x64, 0x73, 0x74, 0x79, 0x6c, 0x65,
    0x2e, 0x74, 0x6e, 0x75, 0x6d, 0x0a, 0x65, 0x69, 0x67, 0x68, 0x74, 0x2e, 0x74, 0x6e, 0x75, 0x6d,
    0x0e, 0x65, 0x69, 0x67, 0x68, 0x74, 0x2e, 0x6f, 0x6c, 0x64, 0x73, 0x74, 0x79, 0x6c, 0x65, 0x13,
    0x65, 0x69, 0x67, 0x68, 0x74, 0x2e, 0x6f, 0x6c, 0x64, 0x73, 0x74, 0x79, 0x6c, 0x65, 0x2e, 0x74,
    0x6e, 0x75, 0x6d, 0x09, 0x6e, 0x69, 0x6e, 0x65, 0x2e, 0x74, 0x6e, 0x75, 0x6d, 0x0d, 0x6e, 0x69,
    0x6e, 0x65, 0x2e, 0x6f, 0x6c, 0x64, 0x73, 0x74, 0x79, 0x6c, 0x65, 0x12, 0x6e, 0x69, 0x6e, 0x65,
    0x2e, 0x6f, 0x6c, 0x64, 0x73, 0x74, 0x79, 0x6c, 0x65, 0x2e, 0x74, 0x6e, 0x75, 0x6d, 0x06, 0x41,
    0x2e, 0x61, 0x61, 0x6c, 0x74, 0x06, 0x45, 0x2e, 0x61, 0x61, 0x6c, 0x74, 0x06, 0x46, 0x2e, 0x61,
    0x61, 0x6c, 0x74, 0x06, 0x47, 0x2e, 0x61, 0x61, 0x6c, 0x74, 0x06, 0x49, 0x2e, 0x61, 0x61, 0x6c,
    0x74, 0x06, 0x4b, 0x2e, 0x61, 0x61, 0x6c, 0x74, 0x06, 0x4d, 0x2e, 0x61, 0x61, 0x6c, 0x74, 0x06,
    0x4e, 0x2e, 0x61, 0x61, 0x6c, 0x74, 0x06, 0x50, 0x2e, 0x61, 0x61, 0x6c, 0x74, 0x06, 0x51, 0x2e,
    0x61, 0x61, 0x6c, 0x74, 0x06, 0x52, 0x2e, 0x61, 0x61, 0x6c, 0x74, 0x06, 0x54, 0x2e, 0x61, 0x61,
    0x6c, 0x74, 0x06, 0x59, 0x2e, 0x61, 0x61, 0x6c, 0x74, 0x06, 0x61, 0x2e, 0x73, 0x73, 0x30, 0x31,
    0x06, 0x65, 0x2e, 0x61, 0x61, 0x6c, 0x74, 0x06, 0x66, 0x2e, 0x61, 0x61, 0x6c, 0x74, 0x06, 0x67,
    0x2e, 0x61, 0x61, 0x6c, 0x74, 0x06, 0x68, 0x2e, 0x61, 0x61, 0x6c, 0x74, 0x06, 0x69, 0x2e, 0x61,
    0x61, 0x6c, 0x74, 0x06, 0x6a, 0x2e, 0x61, 0x61, 0x6c, 0x74, 0x06, 0x6b, 0x2e, 0x61, 0x61, 0x6c,
    0x74, 0x06, 0x6c, 0x2e, 0x61, 0x61, 0x6c, 0x74, 0x06, 0x6d, 0x2e, 0x61, 0x61, 0x6c, 0x74, 0x06,
    0x6e, 0x2e, 0x61, 0x61, 0x6c, 0x74, 0x06, 0x72, 0x2e, 0x61, 0x61, 0x6c, 0x74, 0x06, 0x74, 0x2e,
    0x61, 0x61, 0x6c, 0x74, 0x06, 0x79, 0x2e, 0x61, 0x61, 0x6c, 0x74, 0x08, 0x67, 0x6c, 0x79, 0x70,
    0x68, 0x31, 0x37, 0x31, 0x08, 0x67, 0x6c, 0x79, 0x70, 0x68, 0x31, 0x37, 0x36, 0x09, 0x54, 0x62,
    0x61, 0x72, 0x2e, 0x61, 0x61, 0x6c, 0x74, 0x09, 0x68, 0x62, 0x61, 0x72, 0x2e, 0x61, 0x61, 0x6c,
    0x74, 0x0b, 0x6c, 0x73, 0x6c, 0x61, 0x73, 0x68, 0x2e, 0x61, 0x61, 0x6c, 0x74, 0x09, 0x74, 0x62,
    0x61, 0x72, 0x2e, 0x61, 0x61, 0x6c, 0x74, 0x0a, 0x67, 0x72, 0x61, 0x76, 0x65, 0x2e, 0x61, 0x61,
    0x6c, 0x74, 0x0a, 0x61, 0x63, 0x75, 0x74, 0x65, 0x2e, 0x61, 0x61, 0x6c, 0x74, 0x0f, 0x63, 0x69,
    0x72, 0x63, 0x75, 0x6d, 0x66, 0x6c, 0x65, 0x78, 0x2e, 0x61, 0x61, 0x6c, 0x74, 0x0a, 0x74, 0x69,
    0x6c, 0x64, 0x65, 0x2e, 0x61, 0x61, 0x6c, 0x74, 0x0b, 0x6d, 0x61, 0x63, 0x72, 0x6f, 0x6e, 0x2e,
    0x61, 0x61, 0x6c, 0x74, 0x0a, 0x62, 0x72, 0x65, 0x76, 0x65, 0x2e, 0x61, 0x61, 0x6c, 0x74, 0x0e,
    0x64, 0x6f, 0x74, 0x61, 0x63, 0x63, 0x65, 0x6e, 0x74, 0x2e, 0x61, 0x61, 0x6c, 0x74, 0x0d, 0x64,
    0x69, 0x65, 0x72, 0x65, 0x73, 0x69, 0x73, 0x2e, 0x61, 0x61, 0x6c, 0x74, 0x09, 0x72, 0x69, 0x6e,
    0x67, 0x2e, 0x61, 0x61, 0x6c, 0x74, 0x0c, 0x63, 0x65, 0x64, 0x69, 0x6c, 0x6c, 0x61, 0x2e, 0x61,
    0x61, 0x6c, 0x74, 0x11, 0x68, 0x75, 0x6e, 0x67, 0x61, 0x72, 0x75, 0x6d, 0x6c, 0x61, 0x75, 0x74,
    0x2e, 0x61, 0x61, 0x6c, 0x74, 0x0b, 0x6f, 0x67, 0x6f, 0x6e, 0x65, 0x6b, 0x2e, 0x61, 0x61, 0x6c,
    0x74, 0x0a, 0x63, 0x61, 0x72, 0x6f, 0x6e, 0x2e, 0x61, 0x61, 0x6c, 0x74, 0x0c, 0x75, 0x6e, 0x69,
    0x46, 0x36, 0x43, 0x33, 0x2e, 0x61, 0x61, 0x6c, 0x74, 0x0b, 0x41, 0x61, 0x63, 0x75, 0x74, 0x65,
    0x2e, 0x61, 0x61, 0x6c, 0x74, 0x10, 0x41, 0x63, 0x69, 0x72, 0x63, 0x75, 0x6d, 0x66, 0x6c, 0x65,
    0x78, 0x2e, 0x61, 0x61, 0x6c, 0x74, 0x0e, 0x41, 0x64, 0x69, 0x65, 0x72, 0x65, 0x73, 0x69, 0x73,
    0x2e, 0x61, 0x61, 0x6c, 0x74, 0x0b, 0x41, 0x67, 0x72, 0x61, 0x76, 0x65, 0x2e, 0x61, 0x61, 0x6c,
    0x74, 0x0a, 0x41, 0x72, 0x69, 0x6e, 0x67, 0x2e, 0x61, 0x61, 0x6c, 0x74, 0x0b, 0x41, 0x74, 0x69,
    0x6c, 0x64, 0x65, 0x2e, 0x61, 0x61, 0x6c, 0x74, 0x0b, 0x45, 0x61, 0x63, 0x75, 0x74, 0x65, 0x2e,
    0x61, 0x61, 0x6c, 0x74, 0x10, 0x45, 0x63, 0x69, 0x72, 0x63, 0x75, 0x6d, 0x66, 0x6c, 0x65, 0x78,
    0x2e, 0x61, 0x61, 0x6c, 0x74, 0x0e, 0x45, 0x64, 0x69, 0x65, 0x72, 0x65, 0x73, 0x69, 0x73, 0x2e,
    0x61, 0x61, 0x6c, 0x74, 0x0b, 0x45, 0x67, 0x72, 0x61, 0x76, 0x65, 0x2e, 0x61, 0x61, 0x6c, 0x74,
    0x0b, 0x49, 0x61, 0x63, 0x75, 0x74, 0x65, 0x2e, 0x61, 0x61, 0x6c, 0x74, 0x10, 0x49, 0x63, 0x69,
    0x72, 0x63, 0x75, 0x6d, 0x66, 0x6c, 0x65, 0x78, 0x2e, 0x61, 0x61, 0x6c, 0x74, 0x0e, 0x49, 0x64,
    0x69, 0x65, 0x72, 0x65, 0x73, 0x69, 0x73, 0x2e, 0x61, 0x61, 0x6c, 0x74, 0x0b, 0x49, 0x67, 0x72,
    0x61, 0x76, 0x65, 0x2e, 0x61, 0x61, 0x6c, 0x74, 0x0b, 0x4e, 0x74, 0x69, 0x6c, 0x64, 0x65, 0x2e,
    0x61, 0x61, 0x6c, 0x74, 0x0b, 0x59, 0x61, 0x63, 0x75, 0x74, 0x65, 0x2e, 0x61, 0x61, 0x6c, 0x74,
    0x0e, 0x59, 0x64, 0x69, 0x65, 0x72, 0x65, 0x73, 0x69, 0x73, 0x2e, 0x61, 0x61, 0x6c, 0x74, 0x0b,
    0x61, 0x61, 0x63, 0x75, 0x74, 0x65, 0x2e, 0x61, 0x61, 0x6c, 0x74, 0x10, 0x61, 0x63, 0x69, 0x72,
    0x63, 0x75, 0x6d, 0x66, 0x6c, 0x65, 0x78, 0x2e, 0x61, 0x61, 0x6c, 0x74, 0x0e, 0x61, 0x64, 0x69,
    0x65, 0x72, 0x65, 0x73, 0x69, 0x73, 0x2e, 0x61, 0x61, 0x6c, 0x74, 0x0b, 0x61, 0x67, 0x72, 0x61,
    0x76, 0x65, 0x2e, 0x61, 0x61, 0x6c, 0x74, 0x0a, 0x61, 0x72, 0x69, 0x6e, 0x67, 0x2e, 0x61, 0x61,
    0x6c, 0x74, 0x0b, 0x61, 0x74, 0x69, 0x6c, 0x64, 0x65, 0x2e, 0x61, 0x61, 0x6c, 0x74, 0x0b, 0x65,
    0x61, 0x63, 0x75, 0x74, 0x65, 0x2e, 0x61, 0x61, 0x6c, 0x74, 0x10, 0x65, 0x63, 0x69, 0x72, 0x63,
    0x75, 0x6d, 0x66, 0x6c, 0x65, 0x78, 0x2e, 0x61, 0x61, 0x6c, 0x74, 0x0e, 0x65, 0x64, 0x69, 0x65,
    0x72, 0x65, 0x73, 0x69, 0x73, 0x2e, 0x61, 0x61, 0x6c, 0x74, 0x0b, 0x65, 0x67, 0x72, 0x61, 0x76,
    0x65, 0x2e, 0x61, 0x61, 0x6c, 0x74, 0x0b, 0x6e, 0x74, 0x69, 0x6c, 0x64, 0x65, 0x2e, 0x61, 0x61,
    0x6c, 0x74, 0x0b, 0x79, 0x61, 0x63, 0x75, 0x74, 0x65, 0x2e, 0x61, 0x61, 0x6c, 0x74, 0x0e, 0x79,
    0x64, 0x69, 0x65, 0x72, 0x65, 0x73, 0x69, 0x73, 0x2e, 0x61, 0x61, 0x6c, 0x74, 0x08, 0x49, 0x5f,
    0x4a, 0x2e, 0x64, 0x6c, 0x69, 0x67, 0x0c, 0x75, 0x6e, 0x69, 0x45, 0x30, 0x36, 0x32, 0x2e, 0x61,
    0x61, 0x6c, 0x74, 0x0c, 0x75, 0x6e, 0x69, 0x45, 0x30, 0x38, 0x37, 0x2e, 0x61, 0x61, 0x6c, 0x74,
    0x0c, 0x75, 0x6e, 0x69, 0x45, 0x30, 0x39, 0x32, 0x2e, 0x61, 0x61, 0x6c, 0x74, 0x0c, 0x75, 0x6e,
    0x69, 0x46, 0x42, 0x30, 0x30, 0x2e, 0x61, 0x61, 0x6c, 0x74, 0x0c, 0x75, 0x6e, 0x69, 0x45, 0x30,
    0x39, 0x33, 0x2e, 0x61, 0x61, 0x6c, 0x74, 0x0c, 0x75, 0x6e, 0x69, 0x45, 0x30, 0x39, 0x34, 0x2e,
    0x61, 0x61, 0x6c, 0x74, 0x0c, 0x75, 0x6e, 0x69, 0x46, 0x42, 0x30, 0x33, 0x2e, 0x61, 0x61, 0x6c,
    0x74, 0x0c, 0x75, 0x6e, 0x69, 0x45, 0x30, 0x39, 0x35, 0x2e, 0x61, 0x61, 0x6c, 0x74, 0x0c, 0x75,
    0x6e, 0x69, 0x46, 0x42, 0x30, 0x34, 0x2e, 0x61, 0x61, 0x6c, 0x74, 0x0c, 0x75, 0x6e, 0x69, 0x45,
    0x30, 0x39, 0x37, 0x2e, 0x61, 0x61, 0x6c, 0x74, 0x0c, 0x75, 0x6e, 0x69, 0x45, 0x30, 0x39, 0x38,
    0x2e, 0x61, 0x61, 0x6c, 0x74, 0x08, 0x66, 0x5f, 0x69, 0x2e, 0x6c, 0x69, 0x67, 0x61, 0x0d, 0x66,
    0x5f, 0x69, 0x2e, 0x61, 0x61, 0x6c, 0x74, 0x2e, 0x6c, 0x69, 0x67, 0x61, 0x0c, 0x75, 0x6e, 0x69,
    0x45, 0x30, 0x39, 0x41, 0x2e, 0x61, 0x61, 0x6c, 0x74, 0x0c, 0x75, 0x6e, 0x69, 0x45, 0x30, 0x39,
    0x42, 0x2e, 0x61, 0x61, 0x6c, 0x74, 0x08, 0x66, 0x5f, 0x6c, 0x2e, 0x6c, 0x69, 0x67, 0x61, 0x0d,
    0x66, 0x5f, 0x6c, 0x2e, 0x61, 0x61, 0x6c, 0x74, 0x2e, 0x6c, 0x69, 0x67, 0x61, 0x0c, 0x75, 0x6e,
    0x69, 0x45, 0x30, 0x38, 0x35, 0x2e, 0x61, 0x61, 0x6c, 0x74, 0x0c, 0x75, 0x6e, 0x69, 0x46, 0x42,
    0x30, 0x36, 0x2e, 0x61, 0x61, 0x6c, 0x74, 0x0c, 0x75, 0x6e, 0x69, 0x45, 0x30, 0x41, 0x39, 0x2e,
    0x61, 0x61, 0x6c, 0x74, 0x0c, 0x75, 0x6e, 0x69, 0x45, 0x30, 0x41, 0x41, 0x2e, 0x61, 0x61, 0x6c,
    0x74, 0x0b, 0x41, 0x62, 0x72, 0x65, 0x76, 0x65, 0x2e, 0x61, 0x61, 0x6c, 0x74, 0x0c, 0x41, 0x6d,
    0x61, 0x63, 0x72, 0x6f, 0x6e, 0x2e, 0x61, 0x61, 0x6c, 0x74, 0x0c, 0x41, 0x6f, 0x67, 0x6f, 0x6e,
    0x65, 0x6b, 0x2e, 0x61, 0x61, 0x6c, 0x74, 0x0b, 0x45, 0x62, 0x72, 0x65, 0x76, 0x65, 0x2e, 0x61,
    0x61, 0x6c, 0x74, 0x0b, 0x45, 0x63, 0x61, 0x72, 0x6f, 0x6e, 0x2e, 0x61, 0x61, 0x6c, 0x74, 0x0f,
    0x45, 0x64, 0x6f, 0x74, 0x61, 0x63, 0x63, 0x65, 0x6e, 0x74, 0x2e, 0x61, 0x61, 0x6c, 0x74, 0x0c,
    0x45, 0x6d, 0x61, 0x63, 0x72, 0x6f, 0x6e, 0x2e, 0x61, 0x61, 0x6c, 0x74, 0x0c, 0x45, 0x6f, 0x67,
    0x6f, 0x6e, 0x65, 0x6b, 0x2e, 0x61, 0x61, 0x6c, 0x74, 0x0b, 0x47, 0x62, 0x72, 0x65, 0x76, 0x65,
    0x2e, 0x61, 0x61, 0x6c, 0x74, 0x10, 0x47, 0x63, 0x69, 0x72, 0x63, 0x75, 0x6d, 0x66, 0x6c, 0x65,
    0x78, 0x2e, 0x61, 0x61, 0x6c, 0x74, 0x0c, 0x75, 0x6e, 0x69, 0x30, 0x31, 0x32, 0x32, 0x2e, 0x61,
    0x61, 0x6c, 0x74, 0x0f, 0x47, 0x64, 0x6f, 0x74, 0x61, 0x63, 0x63, 0x65, 0x6e, 0x74, 0x2e, 0x61,
    0x61, 0x6c, 0x74, 0x0f, 0x49, 0x64, 0x6f, 0x74, 0x61, 0x63, 0x63, 0x65, 0x6e, 0x74, 0x2e, 0x61,
    0x61, 0x6c, 0x74, 0x0c, 0x49, 0x6d, 0x61, 0x63, 0x72, 0x6f, 0x6e, 0x2e, 0x61, 0x61, 0x6c, 0x74,
    0x0c, 0x49, 0x6f, 0x67, 0x6f, 0x6e, 0x65, 0x6b, 0x2e, 0x61, 0x61, 0x6c, 0x74, 0x0b, 0x49, 0x74,
    0x69, 0x6c, 0x64, 0x65, 0x2e, 0x61, 0x61, 0x6c, 0x74, 0x0c, 0x75, 0x6e, 0x69, 0x30, 0x31, 0x33,
    0x36, 0x2e, 0x61, 0x61, 0x6c, 0x74, 0x0b, 0x4e, 0x61, 0x63, 0x75, 0x74, 0x65, 0x2e, 0x61, 0x61,
    0x6c, 0x74, 0x0b, 0x4e, 0x63, 0x61, 0x72, 0x6f, 0x6e, 0x2e, 0x61, 0x61, 0x6c, 0x74, 0x0c, 0x75,
    0x6e, 0x69, 0x30, 0x31, 0x34, 0x35, 0x2e, 0x61, 0x61, 0x6c, 0x74, 0x0b, 0x52, 0x61, 0x63, 0x75,
    0x74, 0x65, 0x2e, 0x61, 0x61, 0x6c, 0x74, 0x0b, 0x52, 0x63, 0x61, 0x72, 0x6f, 0x6e, 0x2e, 0x61,
    0x61, 0x6c, 0x74, 0x0c, 0x75, 0x6e, 0x69, 0x30, 0x31, 0x35, 0x36, 0x2e, 0x61, 0x61, 0x6c, 0x74,
    0x0b, 0x54, 0x63, 0x61, 0x72, 0x6f, 0x6e, 0x2e, 0x61, 0x61, 0x6c, 0x74, 0x0c, 0x75, 0x6e, 0x69,
    0x30, 0x31, 0x36, 0x32, 0x2e, 0x61, 0x61, 0x6c, 0x74, 0x0b, 0x61, 0x62, 0x72, 0x65, 0x76, 0x65,
    0x2e, 0x61, 0x61, 0x6c, 0x74, 0x0c, 0x61, 0x6d, 0x61, 0x63, 0x72, 0x6f, 0x6e, 0x2e, 0x61, 0x61,
    0x6c, 0x74, 0x0c, 0x61, 0x6f, 0x67, 0x6f, 0x6e, 0x65, 0x6b, 0x2e, 0x61, 0x61, 0x6c, 0x74, 0x0b,
    0x65, 0x62, 0x72, 0x65, 0x76, 0x65, 0x2e, 0x61, 0x61, 0x6c, 0x74, 0x0b, 0x65, 0x63, 0x61, 0x72,
    0x6f, 0x6e, 0x2e, 0x61, 0x61, 0x6c, 0x74, 0x0f, 0x65, 0x64, 0x6f, 0x74, 0x61, 0x63, 0x63, 0x65,
    0x6e, 0x74, 0x2e, 0x61, 0x61, 0x6c, 0x74, 0x0c, 0x65, 0x6d, 0x61, 0x63, 0x72, 0x6f, 0x6e, 0x2e,
    0x61, 0x61, 0x6c, 0x74, 0x0c, 0x65, 0x6f, 0x67, 0x6f, 0x6e, 0x65, 0x6b, 0x2e, 0x61, 0x61, 0x6c,
    0x74, 0x0b, 0x67, 0x62, 0x72, 0x65, 0x76, 0x65, 0x2e, 0x61, 0x61, 0x6c, 0x74, 0x10, 0x67, 0x63,
    0x69, 0x72, 0x63, 0x75, 0x6d, 0x66, 0x6c, 0x65, 0x78, 0x2e, 0x61, 0x61, 0x6c, 0x74, 0x0c, 0x75,
    0x6e, 0x69, 0x30, 0x31, 0x32, 0x33, 0x2e, 0x61, 0x61, 0x6c, 0x74, 0x0f, 0x67, 0x64, 0x6f, 0x74,
    0x61, 0x63, 0x63, 0x65, 0x6e, 0x74, 0x2e, 0x61, 0x61, 0x6c, 0x74, 0x10, 0x68, 0x63, 0x69, 0x72,
    0x63, 0x75, 0x6d, 0x66, 0x6c, 0x65, 0x78, 0x2e, 0x61, 0x61, 0x6c, 0x74, 0x0c, 0x69, 0x6f, 0x67,
    0x6f, 0x6e, 0x65, 0x6b, 0x2e, 0x61, 0x61, 0x6c, 0x74, 0x0c, 0x75, 0x6e, 0x69, 0x30, 0x31, 0x33,
    0x37, 0x2e, 0x61, 0x61, 0x6c, 0x74, 0x0b, 0x6c, 0x61, 0x63, 0x75, 0x74, 0x65, 0x2e, 0x61, 0x61,
    0x6c, 0x74, 0x0b, 0x6c, 0x63, 0x61, 0x72, 0x6f, 0x6e, 0x2e, 0x61, 0x61, 0x6c, 0x74, 0x0c, 0x75,
    0x6e, 0x69, 0x30, 0x31, 0x33, 0x43, 0x2e, 0x61, 0x61, 0x6c, 0x74, 0x09, 0x6c, 0x64, 0x6f, 0x74,
    0x2e, 0x61, 0x61, 0x6c, 0x74, 0x0b, 0x6e, 0x61, 0x63, 0x75, 0x74, 0x65, 0x2e, 0x61, 0x61, 0x6c,
    0x74, 0x0b, 0x6e, 0x63, 0x61, 0x72, 0x6f, 0x6e, 0x2e, 0x61, 0x61, 0x6c, 0x74, 0x0c, 0x75, 0x6e,
    0x69, 0x30, 0x31, 0x34, 0x36, 0x2e, 0x61, 0x61, 0x6c, 0x74, 0x0b, 0x72, 0x61, 0x63, 0x75, 0x74,
    0x65, 0x2e, 0x61, 0x61, 0x6c, 0x74, 0x0b, 0x72, 0x63, 0x61, 0x72, 0x6f, 0x6e, 0x2e, 0x61, 0x61,
    0x6c, 0x74, 0x0c, 0x75, 0x6e, 0x69, 0x30, 0x31, 0x35, 0x37, 0x2e, 0x61, 0x61, 0x6c, 0x74, 0x0b,
    0x74, 0x63, 0x61, 0x72, 0x6f, 0x6e, 0x2e, 0x61, 0x61, 0x6c, 0x74, 0x0c, 0x75, 0x6e, 0x69, 0x30,
    0x31, 0x36, 0x33, 0x2e, 0x61, 0x61, 0x6c, 0x74, 0x0c, 0x75, 0x6e, 0x69, 0x30, 0x32, 0x31, 0x41,
    0x2e, 0x61, 0x61, 0x6c, 0x74, 0x0c, 0x75, 0x6e, 0x69, 0x30, 0x32, 0x31, 0x42, 0x2e, 0x61, 0x61,
    0x6c, 0x74, 0x00, 0x00, 0x00, 0x00, 0x00, 0x01, 0xff, 0xff, 0x00, 0x03, 0x00, 0x01, 0x00, 0x00,
    0x00, 0x0c, 0x00, 0x00, 0x00, 0x3a, 0x00, 0x00, 0x00, 0x02, 0x00, 0x07, 0x00, 0x03, 0x01, 0x64,
    0x00, 0x01, 0x01, 0x65, 0x01, 0x73, 0x00, 0x02, 0x01, 0x74, 0x01, 0x74, 0x00, 0x01, 0x01, 0x75,
    0x01, 0x78, 0x00, 0x02, 0x01, 0x79, 0x01, 0xe4, 0x00, 0x01, 0x01, 0xe5, 0x01, 0xfa, 0x00, 0x02,
    0x01, 0xfb, 0x02, 0x30, 0x00, 0x01, 0x00, 0x04, 0x00, 0x00, 0x00, 0x02, 0x00, 0x00, 0x00, 0x00,
    0x00, 0x01, 0x00, 0x00, 0x00, 0x0a, 0x00, 0xb0, 0x01, 0x68, 0x00, 0x02, 0x44, 0x46, 0x4c, 0x54,
    0x00, 0x0e, 0x6c, 0x61, 0x74, 0x6e, 0x00, 0x32, 0x00, 0x04, 0x00, 0x00, 0x00, 0x00, 0xff, 0xff,
    0x00, 0x0d, 0x00, 0x00, 0x00, 0x01, 0x00, 0x02, 0x00, 0x03, 0x00, 0x04, 0x00, 0x05, 0x00, 0x08,
    0x00, 0x09, 0x00, 0x0a, 0x00, 0x0b, 0x00, 0x0c, 0x00, 0x0d, 0x00, 0x0e, 0x00, 0x10, 0x00, 0x02,
    0x4d, 0x4f, 0x4c, 0x20, 0x00, 0x30, 0x52, 0x4f, 0x4d, 0x20, 0x00, 0x52, 0x00, 0x00, 0xff, 0xff,
    0x00, 0x0d, 0x00, 0x00, 0x00, 0x01, 0x00, 0x02, 0x00, 0x03, 0x00, 0x04, 0x00, 0x05, 0x00, 0x08,
    0x00, 0x09, 0x00, 0x0a, 0x00, 0x0b, 0x00, 0x0c, 0x00, 0x0d, 0x00, 0x0e, 0x00, 0x00, 0xff, 0xff,
    0x00, 0x0e, 0x00, 0x00, 0x00, 0x01, 0x00, 0x02, 0x00, 0x03, 0x00, 0x04, 0x00, 0x05, 0x00, 0x06,
    0x00, 0x08, 0x00, 0x09, 0x00, 0x0a, 0x00, 0x0b, 0x00, 0x0c, 0x00, 0x0d, 0x00, 0x0e, 0x00, 0x00,
    0xff, 0xff, 0x00, 0x0e, 0x00, 0x00, 0x00, 0x01, 0x00, 0x02, 0x00, 0x03, 0x00, 0x04, 0x00, 0x05,
    0x00, 0x07, 0x00, 0x08, 0x00, 0x09, 0x00, 0x0a, 0x00, 0x0b, 0x00, 0x0c, 0x00, 0x0d, 0x00, 0x0e,
    0x00, 0x0f, 0x61, 0x61, 0x6c, 0x74, 0x00, 0x5c, 0x63, 0x61, 0x73, 0x65, 0x00, 0x64, 0x64, 0x6c,
    0x69, 0x67, 0x00, 0x6a, 0x68, 0x69, 0x73, 0x74, 0x00, 0x70, 0x6c, 0x69, 0x67, 0x61, 0x00, 0x76,
    0x6c, 0x6e, 0x75, 0x6d, 0x00, 0x7c, 0x6c, 0x6f, 0x63, 0x6c, 0x00, 0x82, 0x6c, 0x6f, 0x63, 0x6c,
    0x00, 0x88, 0x6f, 0x6e, 0x75, 0x6d, 0x00, 0x8e, 0x6f, 0x72, 0x64, 0x6e, 0x00, 0x94, 0x70, 0x6e,
    0x75, 0x6d, 0x00, 0x9a, 0x73, 0x61, 0x6c, 0x74, 0x00, 0xa0, 0x73, 0x73, 0x30, 0x31, 0x00, 0xa6,
    0x73, 0x75, 0x70, 0x73, 0x00, 0xac, 0x74, 0x6e, 0x75, 0x6d, 0x00, 0xb2, 0x00, 0x00, 0x00, 0x02,
    0x00, 0x00, 0x00, 0x01, 0x00, 0x00, 0x00, 0x01, 0x00, 0x04, 0x00, 0x00, 0x00, 0x01, 0x00, 0x0f,
    0x00, 0x00, 0x00, 0x01, 0x00, 0x0e, 0x00, 0x00, 0x00, 0x01, 0x00, 0x0d, 0x00, 0x00, 0x00, 0x01,
    0x00, 0x08, 0x00, 0x00, 0x00, 0x01, 0x00, 0x02, 0x00, 0x00, 0x00, 0x01, 0x00, 0x03, 0x00, 0x00,
    0x00, 0x01, 0x00, 0x07, 0x00, 0x00, 0x00, 0x01, 0x00, 0x05, 0x00, 0x00, 0x00, 0x01, 0x00, 0x0a,
    0x00, 0x00, 0x00, 0x01, 0x00, 0x0c, 0x00, 0x00, 0x00, 0x01, 0x00, 0x0b, 0x00, 0x00, 0x00, 0x01,
    0x00, 0x06, 0x00, 0x00, 0x00, 0x01, 0x00, 0x09, 0x00, 0x10, 0x00, 0x22, 0x00, 0x2a, 0x00, 0x32,
    0x00, 0x3a, 0x00, 0x42, 0x00, 0x4a, 0x00, 0x52, 0x00, 0x5a, 0x00, 0x62, 0x00, 0x6a, 0x00, 0x72,
    0x00, 0x7a, 0x00, 0x82, 0x00, 0x8a, 0x00, 0x92, 0x00, 0x9a, 0x00, 0x01, 0x00, 0x00, 0x00, 0x01,
    0x00, 0x80, 0x00, 0x03, 0x00, 0x00, 0x00, 0x01, 0x02, 0xc6, 0x00, 0x01, 0x00, 0x00, 0x00, 0x01,
    0x04, 0x78, 0x00, 0x01, 0x00, 0x00, 0x00, 0x01, 0x04, 0x7e, 0x00, 0x01, 0x00, 0x00, 0x00, 0x01,
    0x04, 0x84, 0x00, 0x01, 0x00, 0x00, 0x00, 0x01, 0x04, 0xbe, 0x00, 0x01, 0x00, 0x00, 0x00, 0x01,
    0x04, 0xc8, 0x00, 0x01, 0x00, 0x00, 0x00, 0x01, 0x04, 0xd6, 0x00, 0x01, 0x00, 0x00, 0x00, 0x01,
    0x04, 0xf2, 0x00, 0x01, 0x00, 0x00, 0x00, 0x01, 0x05, 0x1c, 0x00, 0x01, 0x00, 0x00, 0x00, 0x01,
    0x05, 0x6e, 0x00, 0x01, 0x00, 0x00, 0x00, 0x01, 0x05, 0xc0, 0x00, 0x01, 0x00, 0x00, 0x00, 0x01,
    0x07, 0xcc, 0x00, 0x04, 0x00, 0x00, 0x00, 0x01, 0x09, 0xd8, 0x00, 0x01, 0x00, 0x00, 0x00, 0x01,
    0x0b, 0xac, 0x00, 0x04, 0x00, 0x00, 0x00, 0x01, 0x0b, 0xb0, 0x00, 0x02, 0x01, 0x36, 0x00, 0x98,
    0x01, 0x79, 0x01, 0x98, 0x01, 0x99, 0x01, 0x9a, 0x01, 0x9b, 0x01, 0x9c, 0x01, 0x9d, 0x01, 0x9e,
    0x01, 0x9f, 0x01, 0xa0, 0x01, 0xa1, 0x01, 0xa2, 0x01, 0xa3, 0x01, 0xa4, 0x01, 0xb9, 0x01, 0xa6,
    0x01, 0xa7, 0x01, 0xa8, 0x01, 0xa9, 0x01, 0xaa, 0x01, 0xab, 0x01, 0xac, 0x01, 0xad, 0x01, 0xae,
    0x01, 0xaf, 0x00, 0x7a, 0x01, 0xb0, 0x01, 0x34, 0x01, 0xb1, 0x01, 0xb2, 0x01, 0xc0, 0x01, 0xbd,
    0x01, 0xba, 0x01, 0xc2, 0x01, 0xca, 0x01, 0xc7, 0x01, 0xc8, 0x01, 0xcc, 0x01, 0xc9, 0x01, 0xcb,
    0x01, 0xd0, 0x01, 0xcd, 0x01, 0xce, 0x01, 0xcf, 0x01, 0xd4, 0x01, 0xd1, 0x01, 0xd2, 0x01, 0xd3,
    0x01, 0xd5, 0x01, 0xd6, 0x01, 0xdb, 0x01, 0xd8, 0x01, 0xd9, 0x01, 0xdd, 0x01, 0xda, 0x01, 0xdc,
    0x01, 0xe1, 0x01, 0xde, 0x01, 0xdf, 0x01, 0xe0, 0x01, 0xe2, 0x01, 0xe3, 0x01, 0xe4, 0x01, 0xfc,
    0x02, 0x15, 0x01, 0xfb, 0x02, 0x14, 0x01, 0xfd, 0x02, 0x16, 0x02, 0x01, 0x02, 0x1a, 0x01, 0xfe,
    0x02, 0x17, 0x02, 0x00, 0x02, 0x19, 0x02, 0x02, 0x02, 0x1b, 0x01, 0xff, 0x02, 0x18, 0x02, 0x04,
    0x02, 0x1d, 0x02, 0x03, 0x02, 0x1c, 0x02, 0x06, 0x02, 0x1f, 0x02, 0x05, 0x02, 0x1e, 0x02, 0x20,
    0x01, 0xb6, 0x02, 0x0a, 0x02, 0x08, 0x02, 0x09, 0x02, 0x21, 0x02, 0x07, 0x02, 0x0b, 0x02, 0x22,
    0x02, 0x23, 0x02, 0x25, 0x02, 0x24, 0x02, 0x26, 0x01, 0xb7, 0x02, 0x0c, 0x02, 0x27, 0x02, 0x0e,
    0x02, 0x29, 0x02, 0x0d, 0x02, 0x28, 0x02, 0x0f, 0x02, 0x2a, 0x02, 0x11, 0x02, 0x2c, 0x02, 0x10,
    0x02, 0x2b, 0x01, 0x38, 0x01, 0x39, 0x02, 0x13, 0x02, 0x2e, 0x02, 0x12, 0x02, 0x2d, 0x01, 0xb5,
    0x01, 0xb8, 0x01, 0xd7, 0x02, 0x2f, 0x02, 0x30, 0x01, 0xbb, 0x01, 0xc5, 0x01, 0xbe, 0x01, 0xbf,
    0x01, 0xc1, 0x01, 0xc4, 0x01, 0xbc, 0x01, 0xc3, 0x01, 0xe6, 0x01, 0xf7, 0x01, 0xe7, 0x01, 0xe8,
    0x01, 0xea, 0x01, 0xeb, 0x01, 0xed, 0x01, 0xef, 0x01, 0xf0, 0x01, 0xf3, 0x01, 0xf4, 0x01, 0xf9,
    0x01, 0xfa, 0x01, 0xc6, 0x01, 0xe9, 0x01, 0xec, 0x01, 0xee, 0x01, 0xf8, 0x01, 0xf2, 0x01, 0xf6,
    0x00, 0x02, 0x00, 0x2e, 0x00, 0x09, 0x00, 0x09, 0x00, 0x00, 0x00, 0x24, 0x00, 0x24, 0x00, 0x01,
    0x00, 0x28, 0x00, 0x2a, 0x00, 0x02, 0x00, 0x2c, 0x00, 0x2c, 0x00, 0x05, 0x00, 0x2e, 0x00, 0x2e,
    0x00, 0x06, 0x00, 0x30, 0x00, 0x31, 0x00, 0x07, 0x00, 0x33, 0x00, 0x35, 0x00, 0x09, 0x00, 0x37,
    0x00, 0x37, 0x00, 0x0c, 0x00, 0x3c, 0x00, 0x3c, 0x00, 0x0d, 0x00, 0x43, 0x00, 0x43, 0x00, 0x0e,
    0x00, 0x48, 0x00, 0x52, 0x00, 0x0f, 0x00, 0x55, 0x00, 0x57, 0x00, 0x1a, 0x00, 0x5c, 0x00, 0x5c,
    0x00, 0x1d, 0x00, 0x69, 0x00, 0x69, 0x00, 0x1e, 0x00, 0x70, 0x00, 0x70, 0x00, 0x1f, 0x00, 0x75,
    0x00, 0x75, 0x00, 0x20, 0x00, 0x78, 0x00, 0x78, 0x00, 0x21, 0x00, 0x80, 0x00, 0x85, 0x00, 0x22,
    0x00, 0x88, 0x00, 0x8f, 0x00, 0x28, 0x00, 0x91, 0x00, 0x91, 0x00, 0x30, 0x00, 0x9d, 0x00, 0x9d,
    0x00, 0x31, 0x00, 0xa0, 0x00, 0xa5, 0x00, 0x32, 0x00, 0xa8, 0x00, 0xab, 0x00, 0x38, 0x00, 0xb1,
    0x00, 0xb1, 0x00, 0x3c, 0x00, 0xbd, 0x00, 0xbd, 0x00, 0x3d, 0x00, 0xbf, 0x00, 0xc5, 0x00, 0x3e,
    0x00, 0xd2, 0x00, 0xe3, 0x00, 0x45, 0x00, 0xe5, 0x00, 0xe5, 0x00, 0x57, 0x00, 0xe7, 0x00, 0xe8,
    0x00, 0x58, 0x00, 0xea, 0x00, 0xea, 0x00, 0x5a, 0x00, 0xec, 0x00, 0xee, 0x00, 0x5b, 0x00, 0xf2,
    0x00, 0xf3, 0x00, 0x5e, 0x00, 0xf6, 0x00, 0xf6, 0x00, 0x60, 0x00, 0xf8, 0x00, 0xf8, 0x00, 0x61,
    0x00, 0xfa, 0x00, 0xfa, 0x00, 0x62, 0x00, 0xfc, 0x00, 0xfc, 0x00, 0x63, 0x00, 0xfe, 0x01, 0x04,
    0x00, 0x64, 0x01, 0x0d, 0x01, 0x12, 0x00, 0x6b, 0x01, 0x17, 0x01, 0x18, 0x00, 0x71, 0x01, 0x1b,
    0x01, 0x20, 0x00, 0x73, 0x01, 0x2d, 0x01, 0x2d, 0x00, 0x79, 0x01, 0x3a, 0x01, 0x43, 0x00, 0x7a,
    0x01, 0x65, 0x01, 0x71, 0x00, 0x84, 0x01, 0x74, 0x01, 0x78, 0x00, 0x91, 0x01, 0xf1, 0x01, 0xf1,
    0x00, 0x96, 0x01, 0xf5, 0x01, 0xf5, 0x00, 0x97, 0x00, 0x01, 0x01, 0xa4, 0x00, 0x29, 0x00, 0x58,
    0x00, 0x60, 0x00, 0x6a, 0x00, 0x74, 0x00, 0x7e, 0x00, 0x86, 0x00, 0x8e, 0x00, 0x96, 0x00, 0x9e,
    0x00, 0xa6, 0x00, 0xae, 0x00, 0xb4, 0x00, 0xbc, 0x00, 0xc4, 0x00, 0xcc, 0x00, 0xd4, 0x00, 0xdc,
    0x00, 0xe4, 0x00, 0xec, 0x00, 0xf4, 0x00, 0xfc, 0x01, 0x04, 0x01, 0x0c, 0x01, 0x14, 0x01, 0x1c,
    0x01, 0x24, 0x01, 0x2c, 0x01, 0x34, 0x01, 0x3c, 0x01, 0x44, 0x01, 0x4c, 0x01, 0x54, 0x01, 0x5c,
    0x01, 0x64, 0x01, 0x6c, 0x01, 0x74, 0x01, 0x7c, 0x01, 0x84, 0x01, 0x8c, 0x01, 0x94, 0x01, 0x9c,
    0x00, 0x03, 0x01, 0x7b, 0x01, 0x7a, 0x01, 0x7c, 0x00, 0x04, 0x01, 0x7e, 0x01, 0x7d, 0x01, 0x7f,
    0x00, 0x79, 0x00, 0x04, 0x01, 0x81, 0x01, 0x80, 0x01, 0x82, 0x00, 0x73, 0x00, 0x04, 0x01, 0x84,
    0x01, 0x83, 0x01, 0x85, 0x00, 0x74, 0x00, 0x03, 0x01, 0x87, 0x01, 0x86, 0x01, 0x88, 0x00, 0x03,
    0x01, 0x8a, 0x01, 0x89, 0x01, 0x8b, 0x00, 0x03, 0x01, 0x8d, 0x01, 0x8c, 0x01, 0x8e, 0x00, 0x03,
    0x01, 0x90, 0x01, 0x8f, 0x01, 0x91, 0x00, 0x03, 0x01, 0x93, 0x01, 0x92, 0x01, 0x94, 0x00, 0x03,
    0x01, 0x96, 0x01, 0x95, 0x01, 0x97, 0x00, 0x02, 0x00, 0x6b, 0x01, 0xa5, 0x00, 0x03, 0x00, 0x13,
    0x01, 0x7b, 0x01, 0x7c, 0x00, 0x03, 0x00, 0x13, 0x01, 0x7a, 0x01, 0x7c, 0x00, 0x03, 0x00, 0x13,
    0x01, 0x7b, 0x01, 0x7a, 0x00, 0x03, 0x00, 0x14, 0x01, 0x7e, 0x01, 0x7f, 0x00, 0x03, 0x00, 0x14,
    0x01, 0x7d, 0x01, 0x7f, 0x00, 0x03, 0x00, 0x14, 0x01, 0x7e, 0x01, 0x7d, 0x00, 0x03, 0x00, 0x15,
    0x01, 0x81, 0x01, 0x82, 0x00, 0x03, 0x00, 0x15, 0x01, 0x80, 0x01, 0x82, 0x00, 0x03, 0x00, 0x15,
    0x01, 0x81, 0x01, 0x80, 0x00, 0x03, 0x00, 0x16, 0x01, 0x84, 0x01, 0x85, 0x00, 0x03, 0x00, 0x16,
    0x01, 0x83, 0x01, 0x85, 0x00, 0x03, 0x00, 0x16, 0x01, 0x84, 0x01, 0x83, 0x00, 0x03, 0x00, 0x17,
    0x01, 0x87, 0x01, 0x88, 0x00, 0x03, 0x00, 0x17, 0x01, 0x86, 0x01, 0x88, 0x00, 0x03, 0x00, 0x17,
    0x01, 0x87, 0x01, 0x86, 0x00, 0x03, 0x00, 0x18, 0x01, 0x8a, 0x01, 0x8b, 0x00, 0x03, 0x00, 0x18,
    0x01, 0x89, 0x01, 0x8b, 0x00, 0x03, 0x00, 0x18, 0x01, 0x8a, 0x01, 0x89, 0x00, 0x03, 0x00, 0x19,
    0x01, 0x8d, 0x01, 0x8e, 0x00, 0x03, 0x00, 0x19, 0x01, 0x8c, 0x01, 0x8e, 0x00, 0x03, 0x00, 0x19,
    0x01, 0x8d, 0x01, 0x8c, 0x00, 0x03, 0x00, 0x1a, 0x01, 0x90, 0x01, 0x91, 0x00, 0x03, 0x00, 0x1a,
    0x01, 0x8f, 0x01, 0x91, 0x00, 0x03, 0x00, 0x1a, 0x01, 0x90, 0x01, 0x8f, 0x00, 0x03, 0x00, 0x1b,
    0x01, 0x93, 0x01, 0x94, 0x00, 0x03, 0x00, 0x1b, 0x01, 0x92, 0x01, 0x94, 0x00, 0x03, 0x00, 0x1b,
    0x01, 0x93, 0x01, 0x92, 0x00, 0x03, 0x00, 0x1c, 0x01, 0x96, 0x01, 0x97, 0x00, 0x03, 0x00, 0x1c,
    0x01, 0x95, 0x01, 0x97, 0x00, 0x03, 0x00, 0x1c, 0x01, 0x96, 0x01, 0x95, 0x00, 0x02, 0x00, 0x03,
    0x00, 0x13, 0x00, 0x1c, 0x00, 0x00, 0x00, 0x44, 0x00, 0x44, 0x00, 0x0a, 0x01, 0x7a, 0x01, 0x97,
    0x00, 0x0b, 0x00, 0x01, 0x00, 0x06, 0x00, 0x21, 0x00, 0x01, 0x00, 0x02, 0x01, 0x17, 0x01, 0x18,
    0x00, 0x01, 0x00, 0x06, 0x00, 0x21, 0x00, 0x01, 0x00, 0x02, 0x01, 0x17, 0x01, 0x18, 0x00, 0x02,
    0x00, 0x22, 0x00, 0x0e, 0x01, 0xb9, 0x01, 0xc0, 0x01, 0xbd, 0x01, 0xba, 0x01, 0xc2, 0x01, 0xbb,
    0x01, 0xc5, 0x01, 0xbe, 0x01, 0xbf, 0x01, 0xc1, 0x01, 0xc4, 0x01, 0xbc, 0x01, 0xc3, 0x01, 0xc6,
    0x00, 0x01, 0x00, 0x0e, 0x00, 0x43, 0x00, 0x69, 0x00, 0x70, 0x00, 0x75, 0x00, 0x78, 0x01, 0x3c,
    0x01, 0x3d, 0x01, 0x3e, 0x01, 0x3f, 0x01, 0x40, 0x01, 0x41, 0x01, 0x42, 0x01, 0x43, 0x01, 0x74,
    0x00, 0x02, 0x00, 0x0a, 0x00, 0x02, 0x00, 0x6b, 0x00, 0x7a, 0x00, 0x01, 0x00, 0x02, 0x00, 0x44,
    0x00, 0x52, 0x00, 0x02, 0x00, 0x0c, 0x00, 0x03, 0x00, 0x79, 0x00, 0x73, 0x00, 0x74, 0x00, 0x01,
    0x00, 0x03, 0x00, 0x14, 0x00, 0x15, 0x00, 0x16, 0x00, 0x02, 0x00, 0x1a, 0x00, 0x0a, 0x01, 0x7b,
    0x01, 0x7e, 0x01, 0x81, 0x01, 0x84, 0x01, 0x87, 0x01, 0x8a, 0x01, 0x8d, 0x01, 0x90, 0x01, 0x93,
    0x01, 0x96, 0x00, 0x02, 0x00, 0x01, 0x00, 0x13, 0x00, 0x1c, 0x00, 0x00, 0x00, 0x02, 0x00, 0x1a,
    0x00, 0x0a, 0x00, 0x13, 0x00, 0x14, 0x00, 0x15, 0x00, 0x16, 0x00, 0x17, 0x00, 0x18, 0x00, 0x19,
    0x00, 0x1a, 0x00, 0x1b, 0x00, 0x1c, 0x00, 0x01, 0x00, 0x0a, 0x01, 0x7b, 0x01, 0x7e, 0x01, 0x81,
    0x01, 0x84, 0x01, 0x87, 0x01, 0x8a, 0x01, 0x8d, 0x01, 0x90, 0x01, 0x93, 0x01, 0x96, 0x00, 0x02,
    0x00, 0x2e, 0x00, 0x14, 0x01, 0x7a, 0x01, 0x7d, 0x01, 0x80, 0x01, 0x83, 0x01, 0x86, 0x01, 0x89,
    0x01, 0x8c, 0x01, 0x8f, 0x01, 0x92, 0x01, 0x95, 0x01, 0x7c, 0x01, 0x7f, 0x01, 0x82, 0x01, 0x85,
    0x01, 0x88, 0x01, 0x8b, 0x01, 0x8e, 0x01, 0x91, 0x01, 0x94, 0x01, 0x97, 0x00, 0x01, 0x00, 0x14,
    0x00, 0x13, 0x00, 0x14, 0x00, 0x15, 0x00, 0x16, 0x00, 0x17, 0x00, 0x18, 0x00, 0x19, 0x00, 0x1a,
    0x00, 0x1b, 0x00, 0x1c, 0x01, 0x7b, 0x01, 0x7e, 0x01, 0x81, 0x01, 0x84, 0x01, 0x87, 0x01, 0x8a,
    0x01, 0x8d, 0x01, 0x90, 0x01, 0x93, 0x01, 0x96, 0x00, 0x02, 0x00, 0x2e, 0x00, 0x14, 0x00, 0x13,
    0x01, 0x7b, 0x00, 0x14, 0x01, 0x7e, 0x00, 0x15, 0x01, 0x81, 0x00, 0x16, 0x01, 0x84, 0x00, 0x17,
    0x01, 0x87, 0x00, 0x18, 0x01, 0x8a, 0x00, 0x19, 0x01, 0x8d, 0x00, 0x1a, 0x01, 0x90, 0x00, 0x1b,
    0x01, 0x93, 0x00, 0x1c, 0x01, 0x96, 0x00, 0x01, 0x00, 0x14, 0x01, 0x7a, 0x01, 0x7c, 0x01, 0x7d,
    0x01, 0x7f, 0x01, 0x80, 0x01, 0x82, 0x01, 0x83, 0x01, 0x85, 0x01, 0x86, 0x01, 0x88, 0x01, 0x89,
    0x01, 0x8b, 0x01, 0x8c, 0x01, 0x8e, 0x01, 0x8f, 0x01, 0x91, 0x01, 0x92, 0x01, 0x94, 0x01, 0x95,
    0x01, 0x97, 0x00, 0x02, 0x01, 0x14, 0x00, 0x87, 0x01, 0x79, 0x01, 0x98, 0x01, 0x99, 0x01, 0x9a,
    0x01, 0x9b, 0x01, 0x9c, 0x01, 0x9d, 0x01, 0x9e, 0x01, 0x9f, 0x01, 0xa0, 0x01, 0xa1, 0x01, 0xa2,
    0x01, 0xa3, 0x01, 0xa4, 0x01, 0xa5, 0x01, 0xa6, 0x01, 0xa7, 0x01, 0xa8, 0x01, 0xa9, 0x01, 0xaa,
    0x01, 0xab, 0x01, 0xac, 0x01, 0xad, 0x01, 0xae, 0x01, 0xaf, 0x01, 0xb0, 0x01, 0xb1, 0x01, 0xb2,
    0x01, 0xca, 0x01, 0xc7, 0x01, 0xc8, 0x01, 0xcc, 0x01, 0xc9, 0x01, 0xcb, 0x01, 0xd0, 0x01, 0xcd,
    0x01, 0xce, 0x01, 0xcf, 0x01, 0xd4, 0x01, 0xd1, 0x01, 0xd2, 0x01, 0xd3, 0x01, 0xd5, 0x01, 0xd6,
    0x01, 0xdb, 0x01, 0xd8, 0x01, 0xd9, 0x01, 0xdd, 0x01, 0xda, 0x01, 0xdc, 0x01, 0xe1, 0x01, 0xde,
    0x01, 0xdf, 0x01, 0xe0, 0x01, 0xe2, 0x01, 0xe3, 0x01, 0xe4, 0x01, 0xfc, 0x02, 0x15, 0x01, 0xfb,
    0x02, 0x14, 0x01, 0xfd, 0x02, 0x16, 0x02, 0x01, 0x02, 0x1a, 0x01, 0xfe, 0x02, 0x17, 0x02, 0x00,
    0x02, 0x19, 0x02, 0x02, 0x02, 0x1b, 0x01, 0xff, 0x02, 0x18, 0x02, 0x04, 0x02, 0x1d, 0x02, 0x03,
    0x02, 0x1c, 0x02, 0x06, 0x02, 0x1f, 0x02, 0x05, 0x02, 0x1e, 0x02, 0x20, 0x01, 0xb6, 0x02, 0x0a,
    0x02, 0x08, 0x02, 0x09, 0x02, 0x21, 0x02, 0x07, 0x02, 0x0b, 0x02, 0x22, 0x02, 0x23, 0x02, 0x25,
    0x02, 0x24, 0x02, 0x26, 0x01, 0xb7, 0x02, 0x0c, 0x02, 0x27, 0x02, 0x0e, 0x02, 0x29, 0x02, 0x0d,
    0x02, 0x28, 0x02, 0x0f, 0x02, 0x2a, 0x02, 0x11, 0x02, 0x2c, 0x02, 0x10, 0x02, 0x2b, 0x02, 0x13,
    0x02, 0x2e, 0x02, 0x12, 0x02, 0x2d, 0x01, 0xb5, 0x01, 0xb8, 0x01, 0xd7, 0x02, 0x2f, 0x02, 0x30,
    0x01, 0xe6, 0x01, 0xf7, 0x01, 0xe7, 0x01, 0xe8, 0x01, 0xea, 0x01, 0xeb, 0x01, 0xed, 0x01, 0xef,
    0x01, 0xf0, 0x01, 0xf3, 0x01, 0xf4, 0x01, 0xf9, 0x01, 0xfa, 0x01, 0xe9, 0x01, 0xec, 0x01, 0xee,
    0x01, 0xf8, 0x01, 0xf2, 0x01, 0xf6, 0x00, 0x02, 0x00, 0x2a, 0x00, 0x09, 0x00, 0x09, 0x00, 0x00,
    0x00, 0x24, 0x00, 0x24, 0x00, 0x01, 0x00, 0x28, 0x00, 0x2a, 0x00, 0x02, 0x00, 0x2c, 0x00, 0x2c,
    0x00, 0x05, 0x00, 0x2e, 0x00, 0x2e, 0x00, 0x06, 0x00, 0x30, 0x00, 0x31, 0x00, 0x07, 0x00, 0x33,
    0x00, 0x35, 0x00, 0x09, 0x00, 0x37, 0x00, 0x37, 0x00, 0x0c, 0x00, 0x3c, 0x00, 0x3c, 0x00, 0x0d,
    0x00, 0x44, 0x00, 0x44, 0x00, 0x0e, 0x00, 0x48, 0x00, 0x51, 0x00, 0x0f, 0x00, 0x55, 0x00, 0x55,
    0x00, 0x19, 0x00, 0x57, 0x00, 0x57, 0x00, 0x1a, 0x00, 0x5c, 0x00, 0x5c, 0x00, 0x1b, 0x00, 0x80,
    0x00, 0x85, 0x00, 0x1c, 0x00, 0x88, 0x00, 0x8f, 0x00, 0x22, 0x00, 0x91, 0x00, 0x91, 0x00, 0x2a,
    0x00, 0x9d, 0x00, 0x9d, 0x00, 0x2b, 0x00, 0xa0, 0x00, 0xa5, 0x00, 0x2c, 0x00, 0xa8, 0x00, 0xab,
    0x00, 0x32, 0x00, 0xb1, 0x00, 0xb1, 0x00, 0x36, 0x00, 0xbd, 0x00, 0xbd, 0x00, 0x37, 0x00, 0xbf,
    0x00, 0xc5, 0x00, 0x38, 0x00, 0xd2, 0x00, 0xe3, 0x00, 0x3f, 0x00, 0xe5, 0x00, 0xe5, 0x00, 0x51,
    0x00, 0xe7, 0x00, 0xe8, 0x00, 0x52, 0x00, 0xea, 0x00, 0xea, 0x00, 0x54, 0x00, 0xec, 0x00, 0xee,
    0x00, 0x55, 0x00, 0xf2, 0x00, 0xf3, 0x00, 0x58, 0x00, 0xf6, 0x00, 0xf6, 0x00, 0x5a, 0x00, 0xf8,
    0x00, 0xf8, 0x00, 0x5b, 0x00, 0xfa, 0x00, 0xfa, 0x00, 0x5c, 0x00, 0xfc, 0x00, 0xfc, 0x00, 0x5d,
    0x00, 0xfe, 0x01, 0x04, 0x00, 0x5e, 0x01, 0x0d, 0x01, 0x12, 0x00, 0x65, 0x01, 0x1b, 0x01, 0x20,
    0x00, 0x6b, 0x01, 0x2d, 0x01, 0x2d, 0x00, 0x71, 0x01, 0x3a, 0x01, 0x3b, 0x00, 0x72, 0x01, 0x65,
    0x01, 0x71, 0x00, 0x74, 0x01, 0x75, 0x01, 0x78, 0x00, 0x81, 0x01, 0xf1, 0x01, 0xf1, 0x00, 0x85,
    0x01, 0xf5, 0x01, 0xf5, 0x00, 0x86, 0x00, 0x02, 0x01, 0x14, 0x00, 0x87, 0x01, 0x79, 0x01, 0x98,
    0x01, 0x99, 0x01, 0x9a, 0x01, 0x9b, 0x01, 0x9c, 0x01, 0x9d, 0x01, 0x9e, 0x01, 0x9f, 0x01, 0xa0,
    0x01, 0xa1, 0x01, 0xa2, 0x01, 0xa3, 0x01, 0xa4, 0x01, 0xa5, 0x01, 0xa6, 0x01, 0xa7, 0x01, 0xa8,
    0x01, 0xa9, 0x01, 0xaa, 0x01, 0xab, 0x01, 0xac, 0x01, 0xad, 0x01, 0xae, 0x01, 0xaf, 0x01, 0xb0,
    0x01, 0xb1, 0x01, 0xb2, 0x01, 0xca, 0x01, 0xc7, 0x01, 0xc8, 0x01, 0xcc, 0x01, 0xc9, 0x01, 0xcb,
    0x01, 0xd0, 0x01, 0xcd, 0x01, 0xce, 0x01, 0xcf, 0x01, 0xd4, 0x01, 0xd1, 0x01, 0xd2, 0x01, 0xd3,
    0x01, 0xd5, 0x01, 0xd6, 0x01, 0xdb, 0x01, 0xd8, 0x01, 0xd9, 0x01, 0xdd, 0x01, 0xda, 0x01, 0xdc,
    0x01, 0xe1, 0x01, 0xde, 0x01, 0xdf, 0x01, 0xe0, 0x01, 0xe2, 0x01, 0xe3, 0x01, 0xe4, 0x01, 0xfc,
    0x02, 0x15, 0x01, 0xfb, 0x02, 0x14, 0x01, 0xfd, 0x02, 0x16, 0x02, 0x01, 0x02, 0x1a, 0x01, 0xfe,
    0x02, 0x17, 0x02, 0x00, 0x02, 0x19, 0x02, 0x02, 0x02, 0x1b, 0x01, 0xff, 0x02, 0x18, 0x02, 0x04,
    0x02, 0x1d, 0x02, 0x03, 0x02, 0x1c, 0x02, 0x06, 0x02, 0x1f, 0x02, 0x05, 0x02, 0x1e, 0x02, 0x20,
    0x01, 0xb6, 0x02, 0x0a, 0x02, 0x08, 0x02, 0x09, 0x02, 0x21, 0x02, 0x07, 0x02, 0x0b, 0x02, 0x22,
    0x02, 0x23, 0x02, 0x25, 0x02, 0x24, 0x02, 0x26, 0x01, 0xb7, 0x02, 0x0c, 0x02, 0x27, 0x02, 0x0e,
    0x02, 0x29, 0x02, 0x0d, 0x02, 0x28, 0x02, 0x0f, 0x02, 0x2a, 0x02, 0x11, 0x02, 0x2c, 0x02, 0x10,
    0x02, 0x2b, 0x02, 0x13, 0x02, 0x2e, 0x02, 0x12, 0x02, 0x2d, 0x01, 0xb5, 0x01, 0xb8, 0x01, 0xd7,
    0x02, 0x2f, 0x02, 0x30, 0x01, 0xe6, 0x01, 0xf7, 0x01, 0xe7, 0x01, 0xe8, 0x01, 0xea, 0x01, 0xeb,
    0x01, 0xed, 0x01, 0xef, 0x01, 0xf0, 0x01, 0xf3, 0x01, 0xf4, 0x01, 0xf9, 0x01, 0xfa, 0x01, 0xe9,
    0x01, 0xec, 0x01, 0xee, 0x01, 0xf8, 0x01, 0xf2, 0x01, 0xf6, 0x00, 0x02, 0x00, 0x2a, 0x00, 0x09,
    0x00, 0x09, 0x00, 0x00, 0x00, 0x24, 0x00, 0x24, 0x00, 0x01, 0x00, 0x28, 0x00, 0x2a, 0x00, 0x02,
    0x00, 0x2c, 0x00, 0x2c, 0x00, 0x05, 0x00, 0x2e, 0x00, 0x2e, 0x00, 0x06, 0x00, 0x30, 0x00, 0x31,
    0x00, 0x07, 0x00, 0x33, 0x00, 0x35, 0x00, 0x09, 0x00, 0x37, 0x00, 0x37, 0x00, 0x0c, 0x00, 0x3c,
    0x00, 0x3c, 0x00, 0x0d, 0x00, 0x44, 0x00, 0x44, 0x00, 0x0e, 0x00, 0x48, 0x00, 0x51, 0x00, 0x0f,
    0x00, 0x55, 0x00, 0x55, 0x00, 0x19, 0x00, 0x57, 0x00, 0x57, 0x00, 0x1a, 0x00, 0x5c, 0x00, 0x5c,
    0x00, 0x1b, 0x00, 0x80, 0x00, 0x85, 0x00, 0x1c, 0x00, 0x88, 0x00, 0x8f, 0x00, 0x22, 0x00, 0x91,
    0x00, 0x91, 0x00, 0x2a, 0x00, 0x9d, 0x00, 0x9d, 0x00, 0x2b, 0x00, 0xa0, 0x00, 0xa5, 0x00, 0x2c,
    0x00, 0xa8, 0x00, 0xab, 0x00, 0x32, 0x00, 0xb1, 0x00, 0xb1, 0x00, 0x36, 0x00, 0xbd, 0x00, 0xbd,
    0x00, 0x37, 0x00, 0xbf, 0x00, 0xc5, 0x00, 0x38, 0x00, 0xd2, 0x00, 0xe3, 0x00, 0x3f, 0x00, 0xe5,
    0x00, 0xe5, 0x00, 0x51, 0x00, 0xe7, 0x00, 0xe8, 0x00, 0x52, 0x00, 0xea, 0x00, 0xea, 0x00, 0x54,
    0x00, 0xec, 0x00, 0xee, 0x00, 0x55, 0x00, 0xf2, 0x00, 0xf3, 0x00, 0x58, 0x00, 0xf6, 0x00, 0xf6,
    0x00, 0x5a, 0x00, 0xf8, 0x00, 0xf8, 0x00, 0x5b, 0x00, 0xfa, 0x00, 0xfa, 0x00, 0x5c, 0x00, 0xfc,
    0x00, 0xfc, 0x00, 0x5d, 0x00, 0xfe, 0x01, 0x04, 0x00, 0x5e, 0x01, 0x0d, 0x01, 0x12, 0x00, 0x65,
    0x01, 0x1b, 0x01, 0x20, 0x00, 0x6b, 0x01, 0x2d, 0x01, 0x2d, 0x00, 0x71, 0x01, 0x3a, 0x01, 0x3b,
    0x00, 0x72, 0x01, 0x65, 0x01, 0x71, 0x00, 0x74, 0x01, 0x75, 0x01, 0x78, 0x00, 0x81, 0x01, 0xf1,
    0x01, 0xf1, 0x00, 0x85, 0x01, 0xf5, 0x01, 0xf5, 0x00, 0x86, 0x00, 0x01, 0x01, 0xd0, 0x00, 0x04,
    0x00, 0x0e, 0x00, 0x20, 0x01, 0x00, 0x01, 0x12, 0x00, 0x02, 0x00, 0x06, 0x00, 0x0c, 0x01, 0xe6,
    0x00, 0x02, 0x01, 0xa9, 0x01, 0x65, 0x00, 0x02, 0x00, 0x4b, 0x00, 0x19, 0x00, 0x34, 0x00, 0x3c,
    0x00, 0x44, 0x00, 0x4c, 0x00, 0x54, 0x00, 0x5c, 0x00, 0x64, 0x00, 0x6c, 0x00, 0x74, 0x00, 0x7c,
    0x00, 0x84, 0x00, 0x8c, 0x00, 0x92, 0x00, 0x98, 0x00, 0x9e, 0x00, 0xa4, 0x00, 0xaa, 0x00, 0xb0,
    0x00, 0xb6, 0x00, 0xbc, 0x00, 0xc2, 0x00, 0xc8, 0x00, 0xce, 0x00, 0xd4, 0x00, 0xda, 0x01, 0xef,
    0x00, 0x03, 0x00, 0x49, 0x01, 0xb2, 0x01, 0x6c, 0x00, 0x03, 0x00, 0x49, 0x00, 0x5c, 0x01, 0xee,
    0x00, 0x03, 0x00, 0x49, 0x01, 0xad, 0x01, 0x77, 0x00, 0x03, 0x00, 0x49, 0x00, 0x4f, 0x01, 0xed,
    0x00, 0x03, 0x00, 0x49, 0x01, 0xab, 0x01, 0x6b, 0x00, 0x03, 0x00, 0x49, 0x00, 0x4d, 0x01, 0xec,
    0x00, 0x03, 0x00, 0x49, 0x01, 0xaa, 0x01, 0x76, 0x00, 0x03, 0x00, 0x49, 0x00, 0x4c, 0x01, 0xeb,
    0x00, 0x03, 0x00, 0x49, 0x01, 0xa9, 0x01, 0x6a, 0x00, 0x03, 0x00, 0x49, 0x00, 0x4b, 0x01, 0x69,
    0x00, 0x03, 0x00, 0x49, 0x00, 0x45, 0x01, 0x6d, 0x00, 0x02, 0x00, 0x4b, 0x01, 0xf7, 0x00, 0x02,
    0x01, 0xb2, 0x01, 0x66, 0x00, 0x02, 0x00, 0x5c, 0x01, 0xf6, 0x00, 0x02, 0x01, 0xad, 0x01, 0xf5,
    0x00, 0x02, 0x00, 0x4f, 0x01, 0xf4, 0x00, 0x02, 0x01, 0xac, 0x01, 0x6f, 0x00, 0x02, 0x00, 0x4e,
    0x01, 0xf3, 0x00, 0x02, 0x01, 0xab, 0x01, 0x6e, 0x00, 0x02, 0x00, 0x4d, 0x01, 0xf2, 0x00, 0x02,
    0x01, 0xaa, 0x01, 0xf1, 0x00, 0x02, 0x00, 0x4c, 0x01, 0xf0, 0x00, 0x02, 0x01, 0xa9, 0x01, 0x75,
    0x00, 0x02, 0x00, 0x49, 0x01, 0x68, 0x00, 0x02, 0x00, 0x45, 0x00, 0x02, 0x00, 0x06, 0x00, 0x0c,
    0x01, 0xe6, 0x00, 0x02, 0x01, 0xa9, 0x01, 0x65, 0x00, 0x02, 0x00, 0x4b, 0x00, 0x15, 0x00, 0x2c,
    0x00, 0x34, 0x00, 0x3c, 0x00, 0x44, 0x00, 0x4c, 0x00, 0x54, 0x00, 0x5c, 0x00, 0x64, 0x00, 0x6c,
    0x00, 0x74, 0x00, 0x7c, 0x00, 0x82, 0x00, 0x88, 0x00, 0x8e, 0x00, 0x94, 0x00, 0x9a, 0x00, 0xa0,
    0x00, 0xa6, 0x00, 0xac, 0x00, 0xb2, 0x00, 0xb8, 0x01, 0xef, 0x00, 0x03, 0x01, 0xa7, 0x00, 0x5c,
    0x01, 0xef, 0x00, 0x03, 0x01, 0xa7, 0x01, 0xb2, 0x01, 0xee, 0x00, 0x03, 0x01, 0xa7, 0x00, 0x4f,
    0x01, 0xee, 0x00, 0x03, 0x01, 0xa7, 0x01, 0xad, 0x01, 0xed, 0x00, 0x03, 0x01, 0xa7, 0x00, 0x4d,
    0x01, 0xed, 0x00, 0x03, 0x01, 0xa7, 0x01, 0xab, 0x01, 0xec, 0x00, 0x03, 0x01, 0xa7, 0x00, 0x4c,
    0x01, 0xec, 0x00, 0x03, 0x01, 0xa7, 0x01, 0xaa, 0x01, 0xeb, 0x00, 0x03, 0x01, 0xa7, 0x01, 0xa9,
    0x01, 0xea, 0x00, 0x03, 0x01, 0xa7, 0x00, 0x45, 0x01, 0xf7, 0x00, 0x02, 0x01, 0xb2, 0x01, 0xf6,
    0x00, 0x02, 0x00, 0x4f, 0x01, 0xf6, 0x00, 0x02, 0x01, 0xad, 0x01, 0xf4, 0x00, 0x02, 0x00, 0x4e,
    0x01, 0xf4, 0x00, 0x02, 0x01, 0xac, 0x01, 0xf3, 0x00, 0x02, 0x01, 0xab, 0x01, 0xf2, 0x00, 0x02,
    0x01, 0xaa, 0x01, 0xf0, 0x00, 0x02, 0x01, 0xa9, 0x01, 0xf7, 0x00, 0x02, 0x00, 0x5c, 0x01, 0xe9,
    0x00, 0x02, 0x01, 0xa7, 0x01, 0xe8, 0x00, 0x02, 0x00, 0x45, 0x00, 0x01, 0x00, 0x04, 0x00, 0x37,
    0x00, 0x49, 0x01, 0xa3, 0x01, 0xa7, 0x00, 0x01, 0x00, 0x06, 0x00, 0xde, 0x00, 0x01, 0x00, 0x01,
    0x00, 0x56, 0x00, 0x01, 0x00, 0x8e, 0x00, 0x06, 0x00, 0x12, 0x00, 0x1c, 0x00, 0x2e, 0x00, 0x40,
    0x00, 0x52, 0x00, 0x70, 0x00, 0x01, 0x00, 0x04, 0x01, 0xe5, 0x00, 0x02, 0x00, 0x2d, 0x00, 0x02,
    0x00, 0x06, 0x00, 0x0c, 0x01, 0xe7, 0x00, 0x02, 0x01, 0xb1, 0x01, 0x67, 0x00, 0x02, 0x00, 0x57,
    0x00, 0x02, 0x00, 0x06, 0x00, 0x0c, 0x01, 0x72, 0x00, 0x02, 0x00, 0x5c, 0x01, 0x73, 0x00, 0x02,
    0x00, 0x4c, 0x00, 0x02, 0x00, 0x06, 0x00, 0x0c, 0x01, 0xf8, 0x00, 0x02, 0x01, 0xb1, 0x01, 0x78,
    0x00, 0x02, 0x00, 0x57, 0x00, 0x03, 0x00, 0x08, 0x00, 0x10, 0x00, 0x18, 0x01, 0x70, 0x00, 0x03,
    0x00, 0x57, 0x00, 0x5c, 0x01, 0x70, 0x00, 0x03, 0x00, 0x57, 0x01, 0xb2, 0x01, 0x71, 0x00, 0x02,
    0x00, 0x5c, 0x00, 0x03, 0x00, 0x08, 0x00, 0x10, 0x00, 0x18, 0x01, 0xf9, 0x00, 0x03, 0x01, 0xb1,
    0x00, 0x5c, 0x01, 0xf9, 0x00, 0x03, 0x01, 0xb1, 0x01, 0xb2, 0x01, 0xfa, 0x00, 0x02, 0x01, 0xb2,
    0x00, 0x01, 0x00, 0x06, 0x00, 0x2c, 0x00, 0x46, 0x00, 0x4a, 0x00, 0x56, 0x00, 0x57, 0x01, 0xb1,
    0x00, 0x01, 0x00, 0x00, 0x00, 0x0a, 0x00, 0x3c, 0x00, 0x4a, 0x00, 0x02, 0x44, 0x46, 0x4c, 0x54,
    0x00, 0x0e, 0x6c, 0x61, 0x74, 0x6e, 0x00, 0x1a, 0x00, 0x04, 0x00, 0x00, 0x00, 0x00, 0xff, 0xff,
    0x00, 0x01, 0x00, 0x00, 0x00, 0x10, 0x00, 0x02, 0x4d, 0x4f, 0x4c, 0x20, 0x00, 0x10, 0x52, 0x4f,
    0x4d, 0x20, 0x00, 0x10, 0x00, 0x00, 0xff, 0xff, 0x00, 0x01, 0x00, 0x00, 0x00, 0x01, 0x6b, 0x65,
    0x72, 0x6e, 0x00, 0x08, 0x00, 0x00, 0x00, 0x01, 0x00, 0x00, 0x00, 0x01, 0x00, 0x04, 0x00, 0x02,
    0x00, 0x00, 0x00, 0x02, 0x00, 0x0a, 0x0f, 0xe8, 0x00, 0x01, 0x0e, 0x26, 0x00, 0x04, 0x00, 0x00,
    0x00, 0xda, 0x01, 0xbe, 0x03, 0xe4, 0x03, 0xe4, 0x03, 0xea, 0x03, 0xf0, 0x03, 0xfe, 0x04, 0x0c,
    0x05, 0x0a, 0x05, 0x14, 0x05, 0x42, 0x05, 0xc8, 0x05, 0xd2, 0x05, 0xdc, 0x05, 0xf2, 0x06, 0x00,
    0x07, 0xea, 0x0a, 0x04, 0x0a, 0x2a, 0x0a, 0x40, 0x0a, 0x4e, 0x0a, 0x5c, 0x05, 0xd2, 0x0a, 0xaa,
    0x0a, 0xaa, 0x05, 0xdc, 0x0a, 0xcc, 0x0b, 0x12, 0x03, 0xea, 0x0b, 0x24, 0x0b, 0x32, 0x0c, 0x44,
    0x0c, 0x4e, 0x0c, 0x68, 0x0c, 0x72, 0x0c, 0x78, 0x0c, 0x44, 0x0c, 0x44, 0x0c, 0x7e, 0x0d, 0x74,
    0x0d, 0x7a, 0x0d, 0x80, 0x0d, 0x8a, 0x0d, 0x8a, 0x0d, 0x9c, 0x0d, 0x8a, 0x0d, 0xba, 0x03, 0xea,
    0x0d, 0xc8, 0x03, 0xf0, 0x03, 0xf0, 0x03, 0xf0, 0x03, 0xf0, 0x03, 0xf0, 0x03, 0xf0, 0x05, 0x0a,
    0x05, 0x0a, 0x05, 0x0a, 0x05, 0x0a, 0x05, 0x0a, 0x05, 0xc8, 0x05, 0xc8, 0x05, 0xc8, 0x05, 0xc8,
    0x05, 0xd2, 0x05, 0xd2, 0x05, 0xd2, 0x05, 0xd2, 0x0a, 0xcc, 0x0c, 0x44, 0x0c, 0x44, 0x0c, 0x44,
    0x0c, 0x44, 0x0c, 0x44, 0x0c, 0x44, 0x0c, 0x44, 0x0c, 0x44, 0x0c, 0x44, 0x0c, 0x44, 0x0c, 0x44,
    0x0d, 0x8a, 0x0c, 0x44, 0x0d, 0x8a, 0x03, 0xf0, 0x03, 0xf0, 0x03, 0xf0, 0x05, 0x0a, 0x0c, 0x44,
    0x05, 0x0a, 0x0c, 0x44, 0x05, 0x0a, 0x0c, 0x44, 0x05, 0x0a, 0x0c, 0x44, 0x05, 0x0a, 0x0c, 0x44,
    0x0c, 0x68, 0x0c, 0x68, 0x0c, 0x68, 0x0c, 0x68, 0x05, 0xc8, 0x05, 0xc8, 0x05, 0xc8, 0x05, 0xc8,
    0x05, 0xd2, 0x05, 0xdc, 0x0c, 0x72, 0x0c, 0x72, 0x05, 0xf2, 0x0c, 0x78, 0x05, 0xf2, 0x0c, 0x78,
    0x05, 0xf2, 0x0c, 0x78, 0x05, 0xf2, 0x0c, 0x78, 0x05, 0xf2, 0x0c, 0x78, 0x0c, 0x44, 0x0c, 0x44,
    0x05, 0x0a, 0x0c, 0x44, 0x0a, 0x40, 0x0d, 0x74, 0x0a, 0x40, 0x0d, 0x74, 0x0a, 0x40, 0x0d, 0x74,
    0x0a, 0x4e, 0x0d, 0x7a, 0x0a, 0x4e, 0x0d, 0x7a, 0x0a, 0x4e, 0x0d, 0x7a, 0x0a, 0x4e, 0x0d, 0x7a,
    0x0a, 0x5c, 0x0d, 0x80, 0x0a, 0x5c, 0x0d, 0x80, 0x0a, 0x5c, 0x0d, 0x80, 0x05, 0xd2, 0x05, 0xd2,
    0x05, 0xd2, 0x05, 0xd2, 0x05, 0xd2, 0x05, 0xd2, 0x0a, 0xcc, 0x0b, 0x12, 0x0d, 0xba, 0x0b, 0x12,
    0x0d, 0xba, 0x0b, 0x12, 0x0d, 0xba, 0x0c, 0x4e, 0x05, 0x0a, 0x0a, 0x4e, 0x0d, 0x7a, 0x0a, 0x5c,
    0x0d, 0x80, 0x0d, 0xce, 0x0d, 0xf8, 0x0d, 0xce, 0x0d, 0xf8, 0x0d, 0xc8, 0x0d, 0x8a, 0x0d, 0x80,
    0x0c, 0x44, 0x0c, 0x44, 0x0d, 0x8a, 0x0c, 0x72, 0x0d, 0x8a, 0x0d, 0x8a, 0x0d, 0x8a, 0x0c, 0x4e,
    0x0c, 0x78, 0x0d, 0x80, 0x05, 0x0a, 0x05, 0x14, 0x05, 0xdc, 0x0a, 0x04, 0x0a, 0x40, 0x0a, 0xaa,
    0x0c, 0x4e, 0x0c, 0x72, 0x0d, 0x74, 0x0d, 0x8a, 0x05, 0x0a, 0x05, 0x0a, 0x05, 0x0a, 0x05, 0x0a,
    0x0a, 0xaa, 0x0a, 0xaa, 0x0d, 0x8a, 0x0d, 0x8a, 0x05, 0xd2, 0x0c, 0x44, 0x0c, 0x4e, 0x0c, 0x44,
    0x0d, 0x8a, 0x0c, 0x72, 0x0c, 0x78, 0x0d, 0x8a, 0x0d, 0x8a, 0x0d, 0x8a, 0x05, 0x0a, 0x05, 0x0a,
    0x05, 0x0a, 0x05, 0x0a, 0x05, 0x0a, 0x05, 0xdc, 0x0a, 0x40, 0x0a, 0x40, 0x0a, 0x40, 0x0c, 0x72,
    0x0d, 0x74, 0x0d, 0x74, 0x0d, 0x74, 0x00, 0x89, 0x00, 0x24, 0xff, 0xe9, 0x00, 0x2c, 0xff, 0xfa,
    0x00, 0x2d, 0xff, 0xf9, 0x00, 0x37, 0xff, 0xe0, 0x00, 0x38, 0xff, 0xff, 0x00, 0x39, 0xff, 0xf3,
    0x00, 0x3a, 0xff, 0xf3, 0x00, 0x3b, 0xff, 0xf1, 0x00, 0x3c, 0xff, 0xed, 0x00, 0x3d, 0xff, 0xfa,
    0x00, 0x49, 0xff, 0xfd, 0x00, 0x4a, 0x00, 0x00, 0x00, 0x4c, 0xff, 0xff, 0x00, 0x4d, 0xff, 0xff,
    0x00, 0x57, 0xff, 0xfd, 0x00, 0x58, 0x00, 0x00, 0x00, 0x59, 0xff, 0xfa, 0x00, 0x5a, 0xff, 0xfa,
    0x00, 0x5b, 0xff, 0xf9, 0x00, 0x5c, 0xff, 0xfa, 0x00, 0x5d, 0xff, 0xfe, 0x00, 0x80, 0xff, 0xe9,
    0x00, 0x81, 0xff, 0xe9, 0x00, 0x82, 0xff, 0xe9, 0x00, 0x83, 0xff, 0xe9, 0x00, 0x84, 0xff, 0xe9,
    0x00, 0x85, 0xff, 0xe9, 0x00, 0x86, 0xff, 0xe0, 0x00, 0x8c, 0xff, 0xfa, 0x00, 0x8d, 0xff, 0xfa,
    0x00, 0x8e, 0xff, 0xfa, 0x00, 0x8f, 0xff, 0xfa, 0x00, 0x99, 0xff, 0xff, 0x00, 0x9a, 0xff, 0xff,
    0x00, 0x9b, 0xff, 0xff, 0x00, 0x9c, 0xff, 0xff, 0x00, 0x9d, 0xff, 0xed, 0x00, 0xac, 0xff, 0xff,
    0x00, 0xad, 0xff, 0xff, 0x00, 0xae, 0xff, 0xff, 0x00, 0xaf, 0xff, 0xff, 0x00, 0xb9, 0x00, 0x00,
    0x00, 0xba, 0x00, 0x00, 0x00, 0xbb, 0x00, 0x00, 0x00, 0xbc, 0x00, 0x00, 0x00, 0xbd, 0xff, 0xfa,
    0x00, 0xbf, 0xff, 0xfa, 0x00, 0xc0, 0xff, 0xe9, 0x00, 0xc2, 0xff, 0xe9, 0x00, 0xc4, 0xff, 0xe9,
    0x00, 0xdd, 0x00, 0x00, 0x00, 0xdf, 0x00, 0x00, 0x00, 0xe1, 0x00, 0x00, 0x00, 0xe3, 0x00, 0x00,
    0x00, 0xe8, 0xff, 0xfa, 0x00, 0xe9, 0xff, 0xff, 0x00, 0xea, 0xff, 0xfa, 0x00, 0xeb, 0xff, 0xff,
    0x00, 0xec, 0xff, 0xfa, 0x00, 0xed, 0xff, 0xff, 0x00, 0xee, 0xff, 0xfa, 0x00, 0xef, 0xff, 0xff,
    0x00, 0xf0, 0xff, 0xf9, 0x00, 0xf1, 0xff, 0xff, 0x01, 0x1b, 0xff, 0xe0, 0x01, 0x1c, 0xff, 0xfd,
    0x01, 0x1d, 0xff, 0xe0, 0x01, 0x1e, 0xff, 0xfd, 0x01, 0x1f, 0xff, 0xe0, 0x01, 0x20, 0xff, 0xfd,
    0x01, 0x21, 0xff, 0xff, 0x01, 0x22, 0x00, 0x00, 0x01, 0x23, 0xff, 0xff, 0x01, 0x24, 0x00, 0x00,
    0x01, 0x25, 0xff, 0xff, 0x01, 0x26, 0x00, 0x00, 0x01, 0x27, 0xff, 0xff, 0x01, 0x28, 0x00, 0x00,
    0x01, 0x29, 0xff, 0xff, 0x01, 0x2a, 0x00, 0x00, 0x01, 0x2b, 0xff, 0xff, 0x01, 0x2c, 0x00, 0x00,
    0x01, 0x2d, 0xff, 0xed, 0x01, 0x2e, 0xff, 0xfa, 0x01, 0x2f, 0xff, 0xfe, 0x01, 0x30, 0xff, 0xfa,
    0x01, 0x31, 0xff, 0xfe, 0x01, 0x32, 0xff, 0xfa, 0x01, 0x33, 0xff, 0xfe, 0x01, 0x34, 0xff, 0xfd,
    0x01, 0x36, 0xff, 0xe0, 0x01, 0x3a, 0xff, 0xe0, 0x01, 0x3b, 0xff, 0xfd, 0x01, 0x65, 0xff, 0xe0,
    0x01, 0x66, 0xff, 0xfd, 0x01, 0x68, 0xff, 0xfd, 0x01, 0x69, 0xff, 0xfd, 0x01, 0x6a, 0xff, 0xfd,
    0x01, 0x6b, 0xff, 0xfd, 0x01, 0x6c, 0xff, 0xfd, 0x01, 0x6d, 0xff, 0xfd, 0x01, 0x6e, 0xff, 0xfd,
    0x01, 0x6f, 0xff, 0xfd, 0x01, 0x70, 0xff, 0xfd, 0x01, 0x71, 0xff, 0xfd, 0x01, 0x72, 0x00, 0x00,
    0x01, 0x73, 0x00, 0x00, 0x01, 0x75, 0xff, 0xfd, 0x01, 0x76, 0xff, 0xfd, 0x01, 0x77, 0xff, 0xfd,
    0x01, 0xa4, 0xff, 0xf3, 0x01, 0xa7, 0xff, 0xfd, 0x01, 0xaa, 0xff, 0xff, 0x01, 0xab, 0xff, 0xff,
    0x01, 0xb2, 0xff, 0xfa, 0x01, 0xd6, 0xff, 0xf3, 0x01, 0xd7, 0xff, 0xf3, 0x01, 0xe3, 0xff, 0xfa,
    0x01, 0xe4, 0xff, 0xfa, 0x01, 0xe6, 0xff, 0xe0, 0x01, 0xe8, 0xff, 0xfd, 0x01, 0xe9, 0xff, 0xfd,
    0x01, 0xea, 0xff, 0xfd, 0x01, 0xeb, 0xff, 0xfd, 0x01, 0xec, 0xff, 0xfd, 0x01, 0xed, 0xff, 0xfd,
    0x01, 0xee, 0xff, 0xfd, 0x01, 0xef, 0xff, 0xfd, 0x01, 0xf0, 0xff, 0xfd, 0x01, 0xf1, 0xff, 0xfd,
    0x01, 0xf2, 0xff, 0xfd, 0x01, 0xf3, 0xff, 0xfd, 0x01, 0xf4, 0xff, 0xfd, 0x01, 0xf5, 0xff, 0xfd,
    0x01, 0xf6, 0xff, 0xfd, 0x01, 0xf7, 0xff, 0xfd, 0x02, 0x21, 0xff, 0xff, 0x00, 0x01, 0x00, 0x55,
    0xff, 0xff, 0x00, 0x01, 0x00, 0x4d, 0x00, 0x59, 0x00, 0x03, 0x00, 0x03, 0xff, 0xe9, 0x00, 0x4d,
    0x00, 0x0e, 0x00, 0x55, 0xff, 0xfb, 0x00, 0x03, 0x00, 0x03, 0xff, 0xf0, 0x00, 0x3b, 0xff, 0xf1,
    0x00, 0x5b, 0xff, 0xf6, 0x00, 0x3f, 0x00, 0x04, 0xff, 0xe7, 0x00, 0x24, 0xff, 0xf1, 0x00, 0x26,
    0xff, 0xfd, 0x00, 0x2a, 0xff, 0xfd, 0x00, 0x32, 0xff, 0xfd, 0x00, 0x34, 0xff, 0xfd, 0x00, 0x37,
    0xff, 0xf2, 0x00, 0x39, 0xff, 0xf1, 0x00, 0x3a, 0xff, 0xf1, 0x00, 0x3b, 0xff, 0xe9, 0x00, 0x3c,
    0xff, 0xe0, 0x00, 0x5c, 0x00, 0x07, 0x00, 0x80, 0xff, 0xf1, 0x00, 0x81, 0xff, 0xf1, 0x00, 0x82,
    0xff, 0xf1, 0x00, 0x83, 0xff, 0xf1, 0x00, 0x84, 0xff, 0xf1, 0x00, 0x85, 0xff, 0xf1, 0x00, 0x87,
    0xff, 0xfd, 0x00, 0x92, 0xff, 0xfd, 0x00, 0x93, 0xff, 0xfd, 0x00, 0x94, 0xff, 0xfd, 0x00, 0x95,
    0xff, 0xfd, 0x00, 0x96, 0xff, 0xfd, 0x00, 0x98, 0xff, 0xfd, 0x00, 0x9d, 0xff, 0xe0, 0x00, 0xc0,
    0xff, 0xf1, 0x00, 0xc2, 0xff, 0xf1, 0x00, 0xc4, 0xff, 0xf1, 0x00, 0xc6, 0xff, 0xfd, 0x00, 0xc8,
    0xff, 0xfd, 0x00, 0xca, 0xff, 0xfd, 0x00, 0xcc, 0xff, 0xfd, 0x00, 0xdc, 0xff, 0xfd, 0x00, 0xde,
    0xff, 0xfd, 0x00, 0xe0, 0xff, 0xfd, 0x00, 0xe2, 0xff, 0xfd, 0x01, 0x07, 0xff, 0xfd, 0x01, 0x09,
    0xff, 0xfd, 0x01, 0x0b, 0xff, 0xfd, 0x01, 0x1b, 0xff, 0xf2, 0x01, 0x1d, 0xff, 0xf2, 0x01, 0x1f,
    0xff, 0xf2, 0x01, 0x2d, 0xff, 0xe0, 0x01, 0x3a, 0xff, 0xf2, 0x01, 0x48, 0x00, 0x0c, 0x01, 0x4b,
    0x00, 0x0c, 0x01, 0x65, 0xff, 0xf2, 0x01, 0x9b, 0xff, 0xfd, 0x01, 0xa1, 0xff, 0xfd, 0x01, 0xa3,
    0x00, 0x0e, 0x01, 0xa4, 0xff, 0xf1, 0x01, 0xb5, 0x00, 0x0e, 0x01, 0xd6, 0xff, 0xf1, 0x01, 0xd7,
    0xff, 0xf1, 0x01, 0xe6, 0xff, 0xf2, 0x02, 0x03, 0xff, 0xfd, 0x02, 0x04, 0xff, 0xfd, 0x02, 0x05,
    0xff, 0xfd, 0x02, 0x06, 0xff, 0xfd, 0x02, 0x12, 0x00, 0x0e, 0x02, 0x13, 0x00, 0x0e, 0x02, 0x2f,
    0x00, 0x0e, 0x00, 0x02, 0x00, 0x55, 0x00, 0x00, 0x00, 0xe9, 0x00, 0x00, 0x00, 0x0b, 0x00, 0x03,
    0xff, 0xf9, 0x00, 0x4d, 0xff, 0xe9, 0x00, 0x55, 0xff, 0xd1, 0x00, 0xac, 0x00, 0x05, 0x00, 0xae,
    0x00, 0x07, 0x00, 0xaf, 0x00, 0x28, 0x00, 0xe7, 0x00, 0x06, 0x00, 0xe9, 0x00, 0x1a, 0x00, 0xeb,
    0x00, 0x1c, 0x00, 0xf1, 0x00, 0x06, 0x01, 0xb6, 0x00, 0x06, 0x00, 0x21, 0x00, 0x49, 0x00, 0x05,
    0x01, 0x34, 0x00, 0x05, 0x01, 0x48, 0x00, 0x00, 0x01, 0x4b, 0x00, 0x00, 0x01, 0x66, 0x00, 0x05,
    0x01, 0x68, 0x00, 0x05, 0x01, 0x69, 0x00, 0x05, 0x01, 0x6a, 0x00, 0x05, 0x01, 0x6b, 0x00, 0x05,
    0x01, 0x6c, 0x00, 0x05, 0x01, 0x6d, 0x00, 0x05, 0x01, 0x6e, 0x00, 0x05, 0x01, 0x6f, 0x00, 0x05,
    0x01, 0x75, 0x00, 0x05, 0x01, 0x76, 0x00, 0x05, 0x01, 0x77, 0x00, 0x05, 0x01, 0xa7, 0x00, 0x05,
    0x01, 0xe8, 0x00, 0x05, 0x01, 0xe9, 0x00, 0x05, 0x01, 0xea, 0x00, 0x05, 0x01, 0xeb, 0x00, 0x05,
    0x01, 0xec, 0x00, 0x05, 0x01, 0xed, 0x00, 0x05, 0x01, 0xee, 0x00, 0x05, 0x01, 0xef, 0x00, 0x05,
    0x01, 0xf0, 0x00, 0x05, 0x01, 0xf1, 0x00, 0x05, 0x01, 0xf2, 0x00, 0x05, 0x01, 0xf3, 0x00, 0x05,
    0x01, 0xf4, 0x00, 0x05, 0x01, 0xf5, 0x00, 0x05, 0x01, 0xf6, 0x00, 0x05, 0x01, 0xf7, 0x00, 0x05,
    0x00, 0x02, 0x00, 0x03, 0xff, 0xfa, 0x00, 0x55, 0xff, 0xf6, 0x00, 0x02, 0x00, 0x03, 0xff, 0xff,
    0x00, 0x55, 0xff, 0xff, 0x00, 0x05, 0x00, 0x03, 0xff, 0xf1, 0x00, 0x22, 0xff, 0xfd, 0x00, 0x28,
    0xff, 0xff, 0x00, 0x55, 0xff, 0xfb, 0x00, 0xaf, 0xff, 0xfd, 0x00, 0x03, 0x00, 0x03, 0xff, 0xf9,
    0x00, 0x22, 0xff, 0xc6, 0x00, 0x25, 0x00, 0x00, 0x00, 0x7a, 0x00, 0x46, 0xff, 0xff, 0x00, 0x47,
    0xff, 0xff, 0x00, 0x48, 0xff, 0xff, 0x00, 0x49, 0x00, 0x00, 0x00, 0x52, 0xff, 0xff, 0x00, 0x54,
    0xff, 0xff, 0x00, 0x57, 0x00, 0x00, 0x00, 0x58, 0xff, 0xff, 0x00, 0x59, 0xff, 0xff, 0x00, 0x5a,
    0xff, 0xff, 0x00, 0x5b, 0xff, 0xff, 0x00, 0x5c, 0xff, 0xff, 0x00, 0x5d, 0xff, 0xff, 0x00, 0xa7,
    0xff, 0xff, 0x00, 0xa8, 0xff, 0xff, 0x00, 0xa9, 0xff, 0xff, 0x00, 0xaa, 0xff, 0xff, 0x00, 0xab,
    0xff, 0xff, 0x00, 0xb0, 0xff, 0xff, 0x00, 0xb2, 0xff, 0xff, 0x00, 0xb3, 0xff, 0xff, 0x00, 0xb4,
    0xff, 0xff, 0x00, 0xb5, 0xff, 0xff, 0x00, 0xb6, 0xff, 0xff, 0x00, 0xb8, 0xff, 0xff, 0x00, 0xb9,
    0xff, 0xff, 0x00, 0xba, 0xff, 0xff, 0x00, 0xbb, 0xff, 0xff, 0x00, 0xbc, 0xff, 0xff, 0x00, 0xbd,
    0xff, 0xff, 0x00, 0xbf, 0xff, 0xff, 0x00, 0xc7, 0xff, 0xff, 0x00, 0xc9, 0xff, 0xff, 0x00, 0xcb,
    0xff, 0xff, 0x00, 0xcd, 0xff, 0xff, 0x00, 0xcf, 0xff, 0xff, 0x00, 0xd1, 0xff, 0xff, 0x00, 0xd3,
    0xff, 0xff, 0x00, 0xd5, 0xff, 0xff, 0x00, 0xd7, 0xff, 0xff, 0x00, 0xd9, 0xff, 0xff, 0x00, 0xdb,
    0xff, 0xff, 0x01, 0x08, 0xff, 0xff, 0x01, 0x0a, 0xff, 0xff, 0x01, 0x0c, 0xff, 0xff, 0x01, 0x1c,
    0x00, 0x00, 0x01, 0x1e, 0x00, 0x00, 0x01, 0x20, 0x00, 0x00, 0x01, 0x22, 0xff, 0xff, 0x01, 0x24,
    0xff, 0xff, 0x01, 0x26, 0xff, 0xff, 0x01, 0x28, 0xff, 0xff, 0x01, 0x2a, 0xff, 0xff, 0x01, 0x2c,
    0xff, 0xff, 0x01, 0x2f, 0xff, 0xff, 0x01, 0x31, 0xff, 0xff, 0x01, 0x33, 0xff, 0xff, 0x01, 0x34,
    0x00, 0x00, 0x01, 0x3b, 0x00, 0x00, 0x01, 0x48, 0x00, 0x00, 0x01, 0x4b, 0x00, 0x00, 0x01, 0x66,
    0x00, 0x00, 0x01, 0x67, 0xff, 0xff, 0x01, 0x68, 0x00, 0x00, 0x01, 0x69, 0x00, 0x00, 0x01, 0x6a,
    0x00, 0x00, 0x01, 0x6b, 0x00, 0x00, 0x01, 0x6c, 0x00, 0x00, 0x01, 0x6d, 0x00, 0x00, 0x01, 0x6e,
    0x00, 0x00, 0x01, 0x6f, 0x00, 0x00, 0x01, 0x70, 0x00, 0x00, 0x01, 0x71, 0x00, 0x00, 0x01, 0x75,
    0x00, 0x00, 0x01, 0x76, 0x00, 0x00, 0x01, 0x77, 0x00, 0x00, 0x01, 0xa5, 0xff, 0xff, 0x01, 0xa6,
    0xff, 0xff, 0x01, 0xa7, 0x00, 0x00, 0x01, 0xa8, 0xff, 0xff, 0x01, 0xb2, 0xff, 0xff, 0x01, 0xd8,
    0xff, 0xff, 0x01, 0xd9, 0xff, 0xff, 0x01, 0xda, 0xff, 0xff, 0x01, 0xdb, 0xff, 0xff, 0x01, 0xdc,
    0xff, 0xff, 0x01, 0xdd, 0xff, 0xff, 0x01, 0xde, 0xff, 0xff, 0x01, 0xdf, 0xff, 0xff, 0x01, 0xe0,
    0xff, 0xff, 0x01, 0xe1, 0xff, 0xff, 0x01, 0xe3, 0xff, 0xff, 0x01, 0xe4, 0xff, 0xff, 0x01, 0xe7,
    0xff, 0xff, 0x01, 0xe8, 0x00, 0x00, 0x01, 0xe9, 0x00, 0x00, 0x01, 0xea, 0x00, 0x00, 0x01, 0xeb,
    0x00, 0x00, 0x01, 0xec, 0x00, 0x00, 0x01, 0xed, 0x00, 0x00, 0x01, 0xee, 0x00, 0x00, 0x01, 0xef,
    0x00, 0x00, 0x01, 0xf0, 0x00, 0x00, 0x01, 0xf1, 0x00, 0x00, 0x01, 0xf2, 0x00, 0x00, 0x01, 0xf3,
    0x00, 0x00, 0x01, 0xf4, 0x00, 0x00, 0x01, 0xf5, 0x00, 0x00, 0x01, 0xf6, 0x00, 0x00, 0x01, 0xf7,
    0x00, 0x00, 0x02, 0x14, 0xff, 0xff, 0x02, 0x15, 0xff, 0xff, 0x02, 0x16, 0xff, 0xff, 0x02, 0x17,
    0xff, 0xff, 0x02, 0x18, 0xff, 0xff, 0x02, 0x19, 0xff, 0xff, 0x02, 0x1a, 0xff, 0xff, 0x02, 0x1b,
    0xff, 0xff, 0x02, 0x1c, 0xff, 0xff, 0x02, 0x1d, 0xff, 0xff, 0x02, 0x1e, 0xff, 0xff, 0x02, 0x1f,
    0xff, 0xff, 0x00, 0x86, 0x00, 0x44, 0xff, 0xff, 0x00, 0x46, 0xff, 0xff, 0x00, 0x47, 0xff, 0xff,
    0x00, 0x48, 0xff, 0xff, 0x00, 0x49, 0x00, 0x00, 0x00, 0x52, 0xff, 0xff, 0x00, 0x54, 0xff, 0xff,
    0x00, 0x57, 0x00, 0x00, 0x00, 0x58, 0xff, 0xff, 0x00, 0x59, 0xff, 0xff, 0x00, 0x5a, 0xff, 0xff,
    0x00, 0x5b, 0xff, 0xff, 0x00, 0x5c, 0xff, 0xff, 0x00, 0x5d, 0xff, 0xff, 0x00, 0xa0, 0xff, 0xff,
    0x00, 0xa1, 0xff, 0xff, 0x00, 0xa2, 0xff, 0xff, 0x00, 0xa3, 0xff, 0xff, 0x00, 0xa4, 0xff, 0xff,
    0x00, 0xa5, 0xff, 0xff, 0x00, 0xa6, 0xff, 0xff, 0x00, 0xa7, 0xff, 0xff, 0x00, 0xa8, 0xff, 0xff,
    0x00, 0xa9, 0xff, 0xff, 0x00, 0xaa, 0xff, 0xff, 0x00, 0xab, 0xff, 0xff, 0x00, 0xb0, 0xff, 0xff,
    0x00, 0xb2, 0xff, 0xff, 0x00, 0xb3, 0xff, 0xff, 0x00, 0xb4, 0xff, 0xff, 0x00, 0xb5, 0xff, 0xff,
    0x00, 0xb6, 0xff, 0xff, 0x00, 0xb8, 0xff, 0xff, 0x00, 0xb9, 0xff, 0xff, 0x00, 0xba, 0xff, 0xff,
    0x00, 0xbb, 0xff, 0xff, 0x00, 0xbc, 0xff, 0xff, 0x00, 0xbd, 0xff, 0xff, 0x00, 0xbf, 0xff, 0xff,
    0x00, 0xc1, 0xff, 0xff, 0x00, 0xc3, 0xff, 0xff, 0x00, 0xc5, 0xff, 0xff, 0x00, 0xc7, 0xff, 0xff,
    0x00, 0xc9, 0xff, 0xff, 0x00, 0xcb, 0xff, 0xff, 0x00, 0xcd, 0xff, 0xff, 0x00, 0xcf, 0xff, 0xff,
    0x00, 0xd1, 0xff, 0xff, 0x00, 0xd3, 0xff, 0xff, 0x00, 0xd5, 0xff, 0xff, 0x00, 0xd7, 0xff, 0xff,
    0x00, 0xd9, 0xff, 0xff, 0x00, 0xdb, 0xff, 0xff, 0x01, 0x08, 0xff, 0xff, 0x01, 0x0a, 0xff, 0xff,
    0x01, 0x0c, 0xff, 0xff, 0x01, 0x1c, 0x00, 0x00, 0x01, 0x1e, 0x00, 0x00, 0x01, 0x20, 0x00, 0x00,
    0x01, 0x22, 0xff, 0xff, 0x01, 0x24, 0xff, 0xff, 0x01, 0x26, 0xff, 0xff, 0x01, 0x28, 0xff, 0xff,
    0x01, 0x2a, 0xff, 0xff, 0x01, 0x2c, 0xff, 0xff, 0x01, 0x2f, 0xff, 0xff, 0x01, 0x31, 0xff, 0xff,
    0x01, 0x33, 0xff, 0xff, 0x01, 0x34, 0x00, 0x00, 0x01, 0x37, 0xff, 0xff, 0x01, 0x3b, 0x00, 0x00,
    0x01, 0x48, 0x00, 0x00, 0x01, 0x4b, 0x00, 0x00, 0x01, 0x66, 0x00, 0x00, 0x01, 0x67, 0xff, 0xff,
    0x01, 0x68, 0x00, 0x00, 0x01, 0x69, 0x00, 0x00, 0x01, 0x6a, 0x00, 0x00, 0x01, 0x6b, 0x00, 0x00,
    0x01, 0x6c, 0x00, 0x00, 0x01, 0x6d, 0x00, 0x00, 0x01, 0x6e, 0x00, 0x00, 0x01, 0x6f, 0x00, 0x00,
    0x01, 0x70, 0x00, 0x00, 0x01, 0x71, 0x00, 0x00, 0x01, 0x75, 0x00, 0x00, 0x01, 0x76, 0x00, 0x00,
    0x01, 0x77, 0x00, 0x00, 0x01, 0xa5, 0xff, 0xff, 0x01, 0xa6, 0xff, 0xff, 0x01, 0xa7, 0x00, 0x00,
    0x01, 0xa8, 0xff, 0xff, 0x01, 0xb2, 0xff, 0xff, 0x01, 0xd8, 0xff, 0xff, 0x01, 0xd9, 0xff, 0xff,
    0x01, 0xda, 0xff, 0xff, 0x01, 0xdb, 0xff, 0xff, 0x01, 0xdc, 0xff, 0xff, 0x01, 0xdd, 0xff, 0xff,
    0x01, 0xde, 0xff, 0xff, 0x01, 0xdf, 0xff, 0xff, 0x01, 0xe0, 0xff, 0xff, 0x01, 0xe1, 0xff, 0xff,
    0x01, 0xe3, 0xff, 0xff, 0x01, 0xe4, 0xff, 0xff, 0x01, 0xe7, 0xff, 0xff, 0x01, 0xe8, 0x00, 0x00,
    0x01, 0xe9, 0x00, 0x00, 0x01, 0xea, 0x00, 0x00, 0x01, 0xeb, 0x00, 0x00, 0x01, 0xec, 0x00, 0x00,
    0x01, 0xed, 0x00, 0x00, 0x01, 0xee, 0x00, 0x00, 0x01, 0xef, 0x00, 0x00, 0x01, 0xf0, 0x00, 0x00,
    0x01, 0xf1, 0x00, 0x00, 0x01, 0xf2, 0x00, 0x00, 0x01, 0xf3, 0x00, 0x00, 0x01, 0xf4, 0x00, 0x00,
    0x01, 0xf5, 0x00, 0x00, 0x01, 0xf6, 0x00, 0x00, 0x01, 0xf7, 0x00, 0x00, 0x02, 0x14, 0xff, 0xff,
    0x02, 0x15, 0xff, 0xff, 0x02, 0x16, 0xff, 0xff, 0x02, 0x17, 0xff, 0xff, 0x02, 0x18, 0xff, 0xff,
    0x02, 0x19, 0xff, 0xff, 0x02, 0x1a, 0xff, 0xff, 0x02, 0x1b, 0xff, 0xff, 0x02, 0x1c, 0xff, 0xff,
    0x02, 0x1d, 0xff, 0xff, 0x02, 0x1e, 0xff, 0xff, 0x02, 0x1f, 0xff, 0xff, 0x00, 0x09, 0x00, 0x03,
    0xff, 0xf8, 0x00, 0x55, 0xff, 0xf9, 0x00, 0xae, 0x00, 0x09, 0x00, 0xaf, 0x00, 0x09, 0x00, 0xe7,
    0xff, 0xfa, 0x00, 0xe9, 0x00, 0x09, 0x00, 0xeb, 0x00, 0x07, 0x00, 0xf1, 0x00, 0x09, 0x01, 0xb6,
    0xff, 0xfa, 0x00, 0x05, 0x00, 0x0f, 0xff, 0xe9, 0x00, 0x11, 0xff, 0xe9, 0x01, 0x49, 0xff, 0xe9,
    0x01, 0x4c, 0xff, 0xe9, 0x01, 0x50, 0xff, 0xe9, 0x00, 0x03, 0x00, 0x03, 0xff, 0xf2, 0x00, 0x22,
    0xff, 0xfe, 0x00, 0x55, 0xff, 0xfd, 0x00, 0x03, 0x00, 0x22, 0xff, 0xff, 0x00, 0x55, 0xff, 0xff,
    0x01, 0xa4, 0xff, 0xe3, 0x00, 0x13, 0x00, 0x03, 0xff, 0xe0, 0x00, 0x22, 0x00, 0x01, 0x00, 0x55,
    0xff, 0xb0, 0x00, 0xab, 0xff, 0xa4, 0x00, 0xac, 0x00, 0x05, 0x00, 0xae, 0x00, 0x03, 0x00, 0xaf,
    0x00, 0x20, 0x00, 0xb6, 0xff, 0xa4, 0x00, 0xbf, 0xff, 0xc8, 0x00, 0xe7, 0x00, 0x02, 0x00, 0xe9,
    0x00, 0x0e, 0x00, 0xeb, 0x00, 0x1d, 0x00, 0xf1, 0xff, 0xe9, 0x01, 0x1a, 0xff, 0xbb, 0x01, 0x33,
    0xff, 0xd0, 0x01, 0xb6, 0x00, 0x02, 0x01, 0xda, 0xff, 0xa3, 0x01, 0xe0, 0xff, 0xa4, 0x01, 0xe4,
    0xff, 0xc8, 0x00, 0x08, 0x00, 0x03, 0xff, 0xf3, 0x00, 0x55, 0xff, 0xe1, 0x00, 0xac, 0x00, 0x01,
    0x00, 0xae, 0x00, 0x0a, 0x00, 0xaf, 0x00, 0x1f, 0x00, 0xe9, 0x00, 0x0f, 0x00, 0xeb, 0x00, 0x0f,
    0x00, 0xf1, 0x00, 0x0a, 0x00, 0x11, 0x00, 0x03, 0xff, 0xed, 0x00, 0x22, 0xff, 0xff, 0x00, 0x55,
    0xff, 0xb3, 0x00, 0xab, 0xff, 0xa4, 0x00, 0xac, 0x00, 0x06, 0x00, 0xae, 0xff, 0xfc, 0x00, 0xaf,
    0x00, 0x12, 0x00, 0xb6, 0xff, 0xa4, 0x00, 0xcd, 0xff, 0xa4, 0x00, 0xdb, 0xff, 0xa4, 0x00, 0xe9,
    0xff, 0xf8, 0x00, 0xeb, 0x00, 0x0a, 0x00, 0xf1, 0xff, 0xfb, 0x01, 0x1a, 0xff, 0xb2, 0x01, 0xda,
    0xff, 0xa3, 0x01, 0xe0, 0xff, 0xa4, 0x02, 0x18, 0xff, 0xa4, 0x00, 0x04, 0x00, 0x03, 0xff, 0xfa,
    0x00, 0x22, 0xff, 0xff, 0x00, 0xe7, 0x00, 0x05, 0x01, 0xb6, 0x00, 0x05, 0x00, 0x03, 0x00, 0x30,
    0xff, 0xff, 0x00, 0x31, 0xff, 0xff, 0x00, 0x5b, 0xff, 0xf8, 0x00, 0x44, 0x00, 0x05, 0xff, 0xfb,
    0x00, 0x0a, 0xff, 0xfb, 0x00, 0x0c, 0x00, 0x05, 0x00, 0x26, 0xff, 0xff, 0x00, 0x2a, 0xff, 0xff,
    0x00, 0x2c, 0xff, 0xfb, 0x00, 0x32, 0xff, 0xff, 0x00, 0x34, 0xff, 0xff, 0x00, 0x36, 0xff, 0xfd,
    0x00, 0x37, 0xff, 0xe7, 0x00, 0x39, 0xff, 0xf9, 0x00, 0x3a, 0xff, 0xf9, 0x00, 0x3b, 0xff, 0xfa,
    0x00, 0x3c, 0xff, 0xe6, 0x00, 0x3d, 0xff, 0xff, 0x00, 0x40, 0x00, 0x05, 0x00, 0x60, 0x00, 0x05,
    0x00, 0x87, 0xff, 0xff, 0x00, 0x8c, 0xff, 0xfb, 0x00, 0x8d, 0xff, 0xfb, 0x00, 0x8e, 0xff, 0xfb,
    0x00, 0x8f, 0xff, 0xfb, 0x00, 0x92, 0xff, 0xff, 0x00, 0x93, 0xff, 0xff, 0x00, 0x94, 0xff, 0xff,
    0x00, 0x95, 0xff, 0xff, 0x00, 0x96, 0xff, 0xff, 0x00, 0x98, 0xff, 0xff, 0x00, 0x9d, 0xff, 0xe6,
    0x00, 0xc6, 0xff, 0xff, 0x00, 0xc8, 0xff, 0xff, 0x00, 0xca, 0xff, 0xff, 0x00, 0xcc, 0xff, 0xff,
    0x00, 0xdc, 0xff, 0xff, 0x00, 0xde, 0xff, 0xff, 0x00, 0xe0, 0xff, 0xff, 0x00, 0xe2, 0xff, 0xff,
    0x00, 0xe8, 0xff, 0xfb, 0x00, 0xea, 0xff, 0xfb, 0x00, 0xec, 0xff, 0xfb, 0x00, 0xee, 0xff, 0xfb,
    0x01, 0x07, 0xff, 0xff, 0x01, 0x09, 0xff, 0xff, 0x01, 0x0b, 0xff, 0xff, 0x01, 0x13, 0xff, 0xfd,
    0x01, 0x15, 0xff, 0xfd, 0x01, 0x17, 0xff, 0xfd, 0x01, 0x19, 0xff, 0xfd, 0x01, 0x1b, 0xff, 0xe7,
    0x01, 0x1d, 0xff, 0xe7, 0x01, 0x1f, 0xff, 0xe7, 0x01, 0x2d, 0xff, 0xe6, 0x01, 0x2e, 0xff, 0xff,
    0x01, 0x30, 0xff, 0xff, 0x01, 0x32, 0xff, 0xff, 0x01, 0x38, 0xff, 0xfd, 0x01, 0x3a, 0xff, 0xe7,
    0x01, 0x65, 0xff, 0xe7, 0x01, 0x9b, 0xff, 0xff, 0x01, 0xa1, 0xff, 0xff, 0x01, 0xa4, 0xff, 0xf9,
    0x01, 0xd6, 0xff, 0xf9, 0x01, 0xd7, 0xff, 0xf9, 0x01, 0xe6, 0xff, 0xe7, 0x02, 0x03, 0xff, 0xff,
    0x02, 0x04, 0xff, 0xff, 0x02, 0x05, 0xff, 0xff, 0x02, 0x06, 0xff, 0xff, 0x00, 0x02, 0x00, 0x30,
    0xff, 0xff, 0x00, 0x31, 0xff, 0xff, 0x00, 0x06, 0x00, 0x03, 0xff, 0xf9, 0x00, 0x04, 0x00, 0x01,
    0x00, 0x22, 0x00, 0x1b, 0x00, 0x2f, 0x00, 0x05, 0x00, 0x31, 0x00, 0x01, 0x00, 0x40, 0x00, 0x3d,
    0x00, 0x02, 0x00, 0x03, 0x00, 0x00, 0x00, 0x4d, 0x00, 0x2a, 0x00, 0x01, 0x00, 0x03, 0xff, 0xf0,
    0x00, 0x01, 0x00, 0x03, 0x00, 0x00, 0x00, 0x3d, 0x00, 0x05, 0xff, 0xe6, 0x00, 0x0a, 0xff, 0xe6,
    0x00, 0x0c, 0x00, 0x00, 0x00, 0x24, 0x00, 0x04, 0x00, 0x36, 0xff, 0xfd, 0x00, 0x37, 0xff, 0xb1,
    0x00, 0x38, 0xff, 0xff, 0x00, 0x39, 0xff, 0xdb, 0x00, 0x3a, 0xff, 0xdb, 0x00, 0x3b, 0xff, 0xf9,
    0x00, 0x3c, 0xff, 0xb0, 0x00, 0x3d, 0x00, 0x00, 0x00, 0x40, 0x00, 0x00, 0x00, 0x4a, 0x00, 0x02,
    0x00, 0x60, 0x00, 0x00, 0x00, 0x80, 0x00, 0x04, 0x00, 0x81, 0x00, 0x04, 0x00, 0x82, 0x00, 0x04,
    0x00, 0x83, 0x00, 0x04, 0x00, 0x84, 0x00, 0x04, 0x00, 0x85, 0x00, 0x04, 0x00, 0x99, 0xff, 0xff,
    0x00, 0x9a, 0xff, 0xff, 0x00, 0x9b, 0xff, 0xff, 0x00, 0x9c, 0xff, 0xff, 0x00, 0x9d, 0xff, 0xb0,
    0x00, 0xc0, 0x00, 0x04, 0x00, 0xc2, 0x00, 0x04, 0x00, 0xc4, 0x00, 0x04, 0x00, 0xdd, 0x00, 0x02,
    0x00, 0xdf, 0x00, 0x02, 0x00, 0xe1, 0x00, 0x02, 0x00, 0xe3, 0x00, 0x02, 0x01, 0x13, 0xff, 0xfd,
    0x01, 0x15, 0xff, 0xfd, 0x01, 0x17, 0xff, 0xfd, 0x01, 0x19, 0xff, 0xfd, 0x01, 0x1b, 0xff, 0xb1,
    0x01, 0x1d, 0xff, 0xb1, 0x01, 0x1f, 0xff, 0xb1, 0x01, 0x21, 0xff, 0xff, 0x01, 0x23, 0xff, 0xff,
    0x01, 0x25, 0xff, 0xff, 0x01, 0x27, 0xff, 0xff, 0x01, 0x29, 0xff, 0xff, 0x01, 0x2b, 0xff, 0xff,
    0x01, 0x2d, 0xff, 0xb0, 0x01, 0x2e, 0x00, 0x00, 0x01, 0x30, 0x00, 0x00, 0x01, 0x32, 0x00, 0x00,
    0x01, 0x38, 0xff, 0xfd, 0x01, 0x3a, 0xff, 0xb1, 0x01, 0x48, 0xff, 0xe8, 0x01, 0x4b, 0xff, 0xe8,
    0x01, 0x65, 0xff, 0xb1, 0x01, 0x72, 0x00, 0x02, 0x01, 0x73, 0x00, 0x02, 0x01, 0xa4, 0xff, 0xdb,
    0x01, 0xd6, 0xff, 0xdb, 0x01, 0xd7, 0xff, 0xdb, 0x01, 0xe6, 0xff, 0xb1, 0x00, 0x01, 0x00, 0x03,
    0xff, 0xf3, 0x00, 0x01, 0x00, 0x22, 0xff, 0xfd, 0x00, 0x02, 0x00, 0x03, 0xff, 0xfb, 0x00, 0x22,
    0xff, 0xff, 0x00, 0x04, 0x00, 0x03, 0xff, 0xfa, 0x00, 0x04, 0x00, 0x01, 0x00, 0x22, 0x00, 0x01,
    0x00, 0x31, 0xff, 0xff, 0x00, 0x07, 0x00, 0x03, 0xff, 0xf9, 0x00, 0x04, 0x00, 0x00, 0x00, 0x22,
    0x00, 0x00, 0x00, 0x31, 0xff, 0xff, 0x00, 0x3b, 0xff, 0xfe, 0x00, 0x47, 0xff, 0xf8, 0x00, 0x5b,
    0x00, 0x00, 0x00, 0x03, 0x00, 0x03, 0xff, 0xfd, 0x00, 0x30, 0xff, 0xff, 0x00, 0x31, 0xff, 0xff,
    0x00, 0x01, 0x00, 0x29, 0x00, 0x00, 0x00, 0x0a, 0x00, 0x25, 0x00, 0x00, 0x00, 0x27, 0x00, 0x00,
    0x00, 0x28, 0x00, 0x00, 0x00, 0x29, 0x00, 0x00, 0x00, 0x2b, 0x00, 0x00, 0x00, 0x2e, 0x00, 0x00,
    0x00, 0x31, 0x00, 0x00, 0x00, 0x33, 0xff, 0xfb, 0x00, 0x35, 0xff, 0xfb, 0x00, 0x55, 0xff, 0xff,
    0x00, 0x0b, 0x00, 0x03, 0xff, 0xee, 0x00, 0x25, 0xff, 0xff, 0x00, 0x27, 0xff, 0xff, 0x00, 0x28,
    0xff, 0xff, 0x00, 0x29, 0xff, 0xff, 0x00, 0x2b, 0xff, 0xff, 0x00, 0x30, 0xff, 0xff, 0x00, 0x31,
    0xff, 0xff, 0x00, 0x33, 0xff, 0xff, 0x00, 0x35, 0xff, 0xff, 0x00, 0x55, 0xff, 0xfe, 0x00, 0x01,
    0x00, 0xda, 0x00, 0x03, 0x00, 0x05, 0x00, 0x0a, 0x00, 0x0b, 0x00, 0x24, 0x00, 0x25, 0x00, 0x26,
    0x00, 0x28, 0x00, 0x29, 0x00, 0x2b, 0x00, 0x2c, 0x00, 0x2d, 0x00, 0x2e, 0x00, 0x2f, 0x00, 0x30,
    0x00, 0x31, 0x00, 0x33, 0x00, 0x34, 0x00, 0x35, 0x00, 0x36, 0x00, 0x37, 0x00, 0x38, 0x00, 0x39,
    0x00, 0x3a, 0x00, 0x3b, 0x00, 0x3c, 0x00, 0x3d, 0x00, 0x3e, 0x00, 0x45, 0x00, 0x47, 0x00, 0x48,
    0x00, 0x49, 0x00, 0x4a, 0x00, 0x4e, 0x00, 0x4f, 0x00, 0x52, 0x00, 0x53, 0x00, 0x54, 0x00, 0x55,
    0x00, 0x56, 0x00, 0x57, 0x00, 0x59, 0x00, 0x5a, 0x00, 0x5b, 0x00, 0x5c, 0x00, 0x5d, 0x00, 0x5e,
    0x00, 0x6c, 0x00, 0x80, 0x00, 0x81, 0x00, 0x82, 0x00, 0x83, 0x00, 0x84, 0x00, 0x85, 0x00, 0x86,
    0x00, 0x88, 0x00, 0x89, 0x00, 0x8a, 0x00, 0x8b, 0x00, 0x8c, 0x00, 0x8d, 0x00, 0x8e, 0x00, 0x8f,
    0x00, 0x99, 0x00, 0x9a, 0x00, 0x9b, 0x00, 0x9c, 0x00, 0x9d, 0x00, 0x9f, 0x00, 0xa8, 0x00, 0xa9,
    0x00, 0xaa, 0x00, 0xab, 0x00, 0xb2, 0x00, 0xb3, 0x00, 0xb4, 0x00, 0xb5, 0x00, 0xb6, 0x00, 0xb8,
    0x00, 0xbd, 0x00, 0xbe, 0x00, 0xbf, 0x00, 0xc0, 0x00, 0xc2, 0x00, 0xc4, 0x00, 0xd2, 0x00, 0xd3,
    0x00, 0xd4, 0x00, 0xd5, 0x00, 0xd6, 0x00, 0xd7, 0x00, 0xd8, 0x00, 0xd9, 0x00, 0xda, 0x00, 0xdb,
    0x00, 0xdd, 0x00, 0xdf, 0x00, 0xe1, 0x00, 0xe3, 0x00, 0xe8, 0x00, 0xea, 0x00, 0xec, 0x00, 0xee,
    0x00, 0xf0, 0x00, 0xf2, 0x00, 0xf3, 0x00, 0xf4, 0x00, 0xf5, 0x00, 0xf6, 0x00, 0xf7, 0x00, 0xf8,
    0x00, 0xf9, 0x00, 0xfa, 0x00, 0xfb, 0x00, 0xfc, 0x00, 0xfd, 0x00, 0xfe, 0x01, 0x08, 0x01, 0x0a,
    0x01, 0x0b, 0x01, 0x0c, 0x01, 0x0d, 0x01, 0x0e, 0x01, 0x0f, 0x01, 0x10, 0x01, 0x11, 0x01, 0x12,
    0x01, 0x13, 0x01, 0x14, 0x01, 0x15, 0x01, 0x16, 0x01, 0x17, 0x01, 0x18, 0x01, 0x19, 0x01, 0x1a,
    0x01, 0x1b, 0x01, 0x1c, 0x01, 0x1d, 0x01, 0x1e, 0x01, 0x1f, 0x01, 0x20, 0x01, 0x21, 0x01, 0x23,
    0x01, 0x25, 0x01, 0x27, 0x01, 0x29, 0x01, 0x2b, 0x01, 0x2d, 0x01, 0x2e, 0x01, 0x2f, 0x01, 0x30,
    0x01, 0x31, 0x01, 0x32, 0x01, 0x33, 0x01, 0x34, 0x01, 0x36, 0x01, 0x38, 0x01, 0x39, 0x01, 0x3a,
    0x01, 0x3b, 0x01, 0x47, 0x01, 0x48, 0x01, 0x4a, 0x01, 0x4b, 0x01, 0x52, 0x01, 0x66, 0x01, 0x67,
    0x01, 0x68, 0x01, 0x69, 0x01, 0x6c, 0x01, 0x6f, 0x01, 0x70, 0x01, 0x71, 0x01, 0x72, 0x01, 0x75,
    0x01, 0x77, 0x01, 0x78, 0x01, 0x99, 0x01, 0x9a, 0x01, 0x9d, 0x01, 0xa0, 0x01, 0xa2, 0x01, 0xa4,
    0x01, 0xa7, 0x01, 0xac, 0x01, 0xb0, 0x01, 0xb2, 0x01, 0xcd, 0x01, 0xce, 0x01, 0xcf, 0x01, 0xd0,
    0x01, 0xd6, 0x01, 0xd7, 0x01, 0xe3, 0x01, 0xe4, 0x01, 0xe5, 0x01, 0xe8, 0x01, 0xe9, 0x01, 0xea,
    0x01, 0xef, 0x01, 0xf4, 0x01, 0xf5, 0x01, 0xf7, 0x01, 0xf9, 0x01, 0xfa, 0x01, 0xfe, 0x01, 0xff,
    0x02, 0x00, 0x02, 0x01, 0x02, 0x02, 0x02, 0x0b, 0x02, 0x0f, 0x02, 0x10, 0x02, 0x11, 0x02, 0x22,
    0x02, 0x2a, 0x02, 0x2b, 0x02, 0x2c, 0x00, 0x02, 0x14, 0xa8, 0x00, 0x04, 0x00, 0x00, 0x0b, 0xf0,
    0x10, 0x4c, 0x00, 0x28, 0x00, 0x26, 0x00, 0x00, 0x00, 0x00, 0xff, 0xe9, 0x00, 0x00, 0xff, 0xb7,
    0xff, 0xdb, 0xff, 0xec, 0xff, 0xc1, 0x00, 0x0c, 0xff, 0xb4, 0x00, 0x00, 0x00, 0x09, 0xff, 0xfa,
    0xff, 0xeb, 0x00, 0x03, 0x00, 0x00, 0xff, 0xfb, 0xff, 0xfd, 0xff, 0xf8, 0x00, 0x00, 0xff, 0xfa,
    0xff, 0xfb, 0xff, 0xc5, 0xff, 0xc7, 0xff, 0xda, 0x00, 0x03, 0xff, 0xec, 0xff, 0xfa, 0xff, 0xdc,
    0xff, 0xfd, 0x00, 0x0b, 0x00, 0x00, 0x00, 0x00, 0x00, 0x00, 0x00, 0x00, 0x00, 0x00, 0x00, 0x00,
    0x00, 0x00, 0x00, 0x00, 0xff, 0xff, 0x00, 0x00, 0x00, 0x00, 0xff, 0xd7, 0x00, 0x08, 0x00, 0x00,
    0xff, 0xe2, 0x00, 0x00, 0xff, 0xd7, 0x00, 0x00, 0x00, 0x00, 0x00, 0x00, 0x00, 0x01, 0x00, 0x00,
    0x00, 0x00, 0x00, 0x13, 0x00, 0x00, 0x00, 0x00, 0x00, 0x00, 0x00, 0x01, 0x00, 0x00, 0xff, 0xdf,
    0xff, 0xe7, 0xff, 0xe5, 0x00, 0x00, 0x00, 0x00, 0x00, 0x00, 0xff, 0xef, 0x00, 0x00, 0x00, 0x00,
    0x00, 0x05, 0xff, 0xf7, 0x00, 0x00, 0x00, 0x00, 0x00, 0x00, 0x00, 0x00, 0x00, 0x00, 0x00, 0x00,
    0x00, 0x00, 0xff, 0xf6, 0xff, 0xf9, 0x00, 0x01, 0xff, 0xd6, 0x00, 0x00, 0x00, 0x00, 0x00, 0x00,
    0x00, 0x00, 0x00, 0x01, 0xff, 0xf9, 0xff, 0xf0, 0xff, 0xec, 0x00, 0x00, 0x00, 0x00, 0x00, 0x00,
    0x00, 0x00, 0xff, 0xfa, 0x00, 0x00, 0xff, 0xf6, 0x00, 0x06, 0x00, 0x00, 0x00, 0x00, 0x00, 0x00,
    0xff, 0xf7, 0xff, 0xf2, 0xff, 0xef, 0xff, 0xd8, 0xff, 0xf6, 0x00, 0x04, 0x00, 0x00, 0x00, 0x00,
    0xff, 0xf6, 0x00, 0x00, 0x00, 0x00, 0x00, 0x00, 0x00, 0x00, 0x00, 0x00, 0xff, 0xba, 0xff, 0xf3,
    0xff, 0xfb, 0x00, 0x02, 0xff, 0xec, 0x00, 0x00, 0x00, 0x0c, 0xff, 0xf2, 0x00, 0x00, 0x00, 0x00,
    0xff, 0xbe, 0xff, 0xf3, 0xff, 0xd1, 0xff, 0xea, 0xff, 0xf4, 0xff, 0xe3, 0xff, 0xe9, 0xff, 0xff,
    0xff, 0xce, 0xff, 0xca, 0x00, 0x19, 0x00, 0x00, 0x00, 0x16, 0x00, 0x01, 0xff, 0xd2, 0xff, 0xe0,
    0xff, 0xca, 0xff, 0xd5, 0xff, 0xca, 0xff, 0xd2, 0xff, 0xac, 0xff, 0x83, 0xff, 0xc2, 0xff, 0x75,
    0x00, 0x00, 0x00, 0x00, 0xff, 0xde, 0x00, 0x00, 0x00, 0x00, 0xff, 0xf2, 0x00, 0x00, 0x00, 0x00,
    0xff, 0xe1, 0x00, 0x00, 0x00, 0x00, 0x00, 0x00, 0x00, 0x00, 0x00, 0x00, 0xff, 0xf9, 0xff, 0xf1,
    0xff, 0xed, 0xff, 0xfb, 0xff, 0xfb, 0xff, 0xde, 0xff, 0xf7, 0xff, 0xf6, 0xff, 0xf6, 0xff, 0xef,
    0x00, 0x05, 0xff, 0xf2, 0xff, 0xfd, 0xff, 0xfb, 0xff, 0xf2, 0xff, 0xdf, 0xff, 0xee, 0xff, 0xde,
    0xff, 0xea, 0x00, 0x04, 0x00, 0x00, 0x00, 0x00, 0xff, 0xfa, 0x00, 0x00, 0x00, 0x00, 0x00, 0x00,
    0xff, 0xfb, 0x00, 0x00, 0x00, 0x00, 0xff, 0xed, 0xff, 0xf6, 0xff, 0xad, 0xff, 0xb2, 0xff, 0xed,
    0xff, 0xbd, 0x00, 0x00, 0xff, 0xac, 0x00, 0x00, 0x00, 0x04, 0xff, 0xfe, 0xff, 0xf4, 0x00, 0x14,
    0x00, 0x00, 0xff, 0xdd, 0x00, 0x00, 0xff, 0xfc, 0xff, 0xff, 0xff, 0xf2, 0x00, 0x00, 0xff, 0xaf,
    0xff, 0x81, 0xff, 0xa4, 0x00, 0x00, 0xff, 0xf1, 0xff, 0xf9, 0xff, 0xba, 0xff, 0xff, 0x00, 0x00,
    0x00, 0x00, 0x00, 0x01, 0x00, 0x00, 0x00, 0x00, 0x00, 0x00, 0xff, 0xf5, 0x00, 0x01, 0x00, 0x00,
    0xff, 0xe8, 0x00, 0x00, 0x00, 0x00, 0xff, 0xe0, 0x00, 0x1b, 0x00, 0x00, 0xff, 0xe6, 0xff, 0xda,
    0xff, 0xd8, 0xff, 0xf5, 0xff, 0xfd, 0x00, 0x04, 0xff, 0xfd, 0x00, 0x01, 0xff, 0xff, 0x00, 0x0d,
    0x00, 0x00, 0xff, 0xfe, 0x00, 0x00, 0xff, 0xfe, 0xff, 0xf7, 0x00, 0x00, 0x00, 0x08, 0xff, 0xf7,
    0x00, 0x04, 0x00, 0x05, 0xff, 0xfd, 0x00, 0x03, 0xff, 0xf5, 0xff, 0xfe, 0xff, 0xe9, 0xff, 0xd9,
    0xff, 0xfb, 0xff, 0xd6, 0xff, 0xf2, 0xff, 0xe0, 0x00, 0x00, 0x00, 0x00, 0xff, 0xb7, 0xff, 0xff,
    0xff, 0xf8, 0x00, 0x07, 0x00, 0x07, 0xff, 0xfd, 0x00, 0x03, 0xff, 0xd7, 0x00, 0x04, 0xff, 0xef,
    0xff, 0xee, 0x00, 0x09, 0xff, 0xe4, 0x00, 0x08, 0xff, 0xf9, 0xff, 0xe6, 0xff, 0xfe, 0xff, 0xfb,
    0xff, 0xf9, 0xff, 0xe3, 0x00, 0x03, 0x00, 0x00, 0x00, 0x1a, 0x00, 0x01, 0xff, 0xf0, 0x00, 0x03,
    0xff, 0xf4, 0x00, 0x13, 0x00, 0x00, 0x00, 0x0f, 0xff, 0xa6, 0xff, 0x77, 0xff, 0xe8, 0xff, 0x8b,
    0xff, 0xfb, 0xff, 0xf1, 0xff, 0xfa, 0x00, 0x00, 0x00, 0x13, 0xff, 0xee, 0xff, 0xf2, 0xff, 0xeb,
    0xff, 0xed, 0xff, 0xf8, 0xff, 0xed, 0xff, 0xfa, 0xff, 0xe7, 0xff, 0xfe, 0xff, 0xf7, 0x00, 0x02,
    0x00, 0x00, 0x00, 0x05, 0xff, 0xfd, 0xff, 0xef, 0xff, 0xfd, 0xff, 0xf8, 0xff, 0xfd, 0xff, 0xef,
    0xff, 0xfe, 0x00, 0x00, 0xff, 0xf8, 0xff, 0xfc, 0xff, 0xf4, 0xff, 0xfa, 0xff, 0xf1, 0xff, 0xf5,
    0xff, 0xfd, 0x00, 0x09, 0x00, 0x00, 0x00, 0x01, 0xff, 0xfa, 0x00, 0x00, 0xff, 0xfa, 0xff, 0xf0,
    0x00, 0x01, 0x00, 0x00, 0x00, 0x00, 0x00, 0x00, 0x00, 0x00, 0xff, 0xea, 0x00, 0x03, 0x00, 0x00,
    0xff, 0xe7, 0xff, 0xf2, 0xff, 0xda, 0xff, 0xfb, 0x00, 0x05, 0x00, 0x00, 0x00, 0x01, 0x00, 0x01,
    0xff, 0xfd, 0x00, 0x10, 0xff, 0xfd, 0xff, 0xfd, 0xff, 0xfe, 0x00, 0x03, 0xff, 0xfb, 0xff, 0xf8,
    0xff, 0xf4, 0xff, 0xf9, 0x00, 0x02, 0xff, 0xfd, 0xff, 0xfd, 0xff, 0xee, 0xff, 0xf3, 0xff, 0xfd,
    0x00, 0x00, 0xff, 0xf5, 0x00, 0x02, 0xff, 0xf8, 0x00, 0x00, 0xff, 0xf2, 0x00, 0x00, 0x00, 0x00,
    0xff, 0xb7, 0xff, 0xe0, 0xff, 0xea, 0x00, 0x0f, 0xff, 0xce, 0x00, 0x00, 0x00, 0x10, 0xff, 0xf6,
    0x00, 0x01, 0xff, 0xff, 0xff, 0xa2, 0xff, 0xd2, 0xff, 0xb2, 0xff, 0xca, 0xff, 0xe6, 0xff, 0xb9,
    0xff, 0xe6, 0xff, 0xf4, 0xff, 0xb7, 0xff, 0xa2, 0x00, 0x18, 0x00, 0x00, 0x00, 0x07, 0x00, 0x01,
    0xff, 0xa6, 0xff, 0xd9, 0xff, 0xb4, 0xff, 0xb8, 0xff, 0xb6, 0xff, 0xb6, 0xff, 0xac, 0xff, 0x93,
    0xff, 0xae, 0xff, 0x97, 0x00, 0x00, 0xff, 0xf9, 0xff, 0xca, 0x00, 0x00, 0xff, 0xdb, 0x00, 0x1b,
    0xff, 0xfa, 0xff, 0xce, 0x00, 0x0e, 0x00, 0x00, 0xff, 0xea, 0xff, 0xc7, 0xff, 0xc5, 0xff, 0xee,
    0x00, 0x05, 0x00, 0x0f, 0x00, 0x00, 0x00, 0x00, 0x00, 0x00, 0x00, 0x20, 0x00, 0x07, 0x00, 0x0a,
    0x00, 0x00, 0x00, 0x0c, 0x00, 0x00, 0x00, 0x00, 0x00, 0x06, 0xff, 0xec, 0x00, 0x0b, 0x00, 0x0a,
    0x00, 0x00, 0x00, 0x10, 0x00, 0x06, 0x00, 0x10, 0x00, 0x00, 0xff, 0xad, 0x00, 0x00, 0x00, 0x00,
    0xff, 0xe1, 0xff, 0xcd, 0x00, 0x00, 0x00, 0x00, 0xff, 0xeb, 0x00, 0x00, 0x00, 0x00, 0x00, 0x00,
    0x00, 0x00, 0x00, 0x00, 0x00, 0x00, 0xff, 0xea, 0x00, 0x00, 0xff, 0xf6, 0xff, 0xf9, 0x00, 0x04,
    0x00, 0x00, 0xff, 0xf9, 0x00, 0x00, 0x00, 0x00, 0xff, 0xff, 0xff, 0xf8, 0xff, 0xff, 0xff, 0xfd,
    0x00, 0x00, 0x00, 0x00, 0xff, 0xff, 0x00, 0x00, 0xff, 0xf9, 0x00, 0x02, 0xff, 0xfa, 0x00, 0x00,
    0xff, 0xf9, 0x00, 0x02, 0xff, 0xe6, 0xff, 0xd9, 0xff, 0xf4, 0xff, 0xdb, 0x00, 0x00, 0xff, 0xe8,
    0x00, 0x00, 0x00, 0x00, 0xff, 0xc1, 0xff, 0xe6, 0xff, 0xe8, 0x00, 0x10, 0xff, 0xea, 0x00, 0x00,
    0x00, 0x08, 0xff, 0xf4, 0x00, 0x11, 0x00, 0x00, 0xff, 0xd6, 0xff, 0xee, 0xff, 0xcf, 0xff, 0xec,
    0xff, 0xf9, 0xff, 0xda, 0xff, 0xf1, 0xff, 0xf9, 0xff, 0xe2, 0xff, 0xcf, 0x00, 0x15, 0x00, 0x00,
    0x00, 0x05, 0x00, 0x01, 0xff, 0xd9, 0xff, 0xf5, 0xff, 0xd9, 0xff, 0xf1, 0xff, 0xe4, 0xff, 0xea,
    0xff, 0xa5, 0xff, 0xaa, 0xff, 0xc6, 0xff, 0xa5, 0x00, 0x00, 0xff, 0xfd, 0xff, 0xe9, 0x00, 0x00,
    0x00, 0x0c, 0xff, 0xda, 0xff, 0xf2, 0xff, 0xf6, 0xff, 0xc7, 0xff, 0xea, 0xff, 0xf4, 0x00, 0x05,
    0xff, 0xee, 0x00, 0x00, 0xff, 0xfd, 0xff, 0xfd, 0xff, 0xe8, 0x00, 0x02, 0xff, 0xfa, 0xff, 0xe5,
    0xff, 0xfb, 0xff, 0xfa, 0xff, 0xf9, 0xff, 0xe9, 0x00, 0x02, 0xff, 0xd4, 0xff, 0xf4, 0xff, 0xe2,
    0xff, 0xf4, 0xff, 0xe5, 0xff, 0xed, 0xff, 0xcc, 0xff, 0xfd, 0x00, 0x10, 0x00, 0x00, 0x00, 0x00,
    0xff, 0xfd, 0x00, 0x00, 0x00, 0x00, 0x00, 0x00, 0x00, 0x00, 0x00, 0x00, 0xff, 0xb4, 0xff, 0xd8,
    0xff, 0xdc, 0x00, 0x01, 0xff, 0xc5, 0x00, 0x00, 0x00, 0x11, 0xff, 0xee, 0x00, 0x01, 0xff, 0xf9,
    0xff, 0xa5, 0xff, 0xd8, 0xff, 0xb5, 0xff, 0xde, 0xff, 0xe6, 0xff, 0xce, 0xff, 0xe1, 0xff, 0xe9,
    0xff, 0xad, 0xff, 0xa2, 0x00, 0x13, 0xff, 0xf8, 0x00, 0x03, 0x00, 0x01, 0xff, 0xb0, 0xff, 0xd7,
    0xff, 0xba, 0xff, 0xc9, 0xff, 0xc6, 0xff, 0xcf, 0xff, 0x96, 0xff, 0x8d, 0xff, 0xa8, 0xff, 0x81,
    0x00, 0x00, 0xff, 0xf9, 0xff, 0xd7, 0x00, 0x00, 0x00, 0x00, 0xff, 0xf5, 0xff, 0xf8, 0x00, 0x00,
    0xff, 0xeb, 0xff, 0xfa, 0x00, 0x01, 0x00, 0x01, 0xff, 0xfa, 0x00, 0x00, 0xff, 0xfa, 0xff, 0xfe,
    0xff, 0xed, 0x00, 0x05, 0xff, 0xff, 0xff, 0xf1, 0xff, 0xff, 0xff, 0xfd, 0x00, 0x00, 0xff, 0xf2,
    0x00, 0x0b, 0xff, 0xfa, 0x00, 0x09, 0x00, 0x00, 0xff, 0xf9, 0xff, 0xf2, 0xff, 0xf7, 0xff, 0xee,
    0x00, 0x00, 0x00, 0x10, 0x00, 0x00, 0x00, 0x00, 0xff, 0xff, 0x00, 0x03, 0x00, 0x00, 0x00, 0x00,
    0x00, 0x00, 0x00, 0x00, 0x00, 0x06, 0x00, 0x00, 0xff, 0xf8, 0xff, 0xaf, 0x00, 0x00, 0xff, 0xff,
    0xff, 0xd1, 0xff, 0xf9, 0xff, 0x9b, 0x00, 0x00, 0x00, 0x00, 0x00, 0x00, 0x00, 0x00, 0x00, 0x00,
    0x00, 0x00, 0x00, 0x00, 0x00, 0x00, 0x00, 0x00, 0x00, 0x00, 0x00, 0x00, 0x00, 0x00, 0x00, 0x00,
    0xff, 0xdb, 0xff, 0xde, 0x00, 0x00, 0xff, 0xfc, 0x00, 0x00, 0xff, 0xfa, 0xff, 0xfb, 0x00, 0x00,
    0x00, 0x00, 0x00, 0x00, 0x00, 0x00, 0x00, 0x00, 0xff, 0xff, 0xff, 0xed, 0x00, 0x00, 0x00, 0x00,
    0x00, 0x07, 0x00, 0x03, 0x00, 0x00, 0xff, 0xa3, 0x00, 0x0f, 0x00, 0x00, 0xff, 0xd9, 0xff, 0xf2,
    0xff, 0xa8, 0x00, 0x00, 0x00, 0x00, 0x00, 0x00, 0x00, 0x00, 0x00, 0x00, 0x00, 0x00, 0xff, 0xfe,
    0x00, 0x00, 0x00, 0x00, 0x00, 0x00, 0xff, 0xfe, 0x00, 0x07, 0x00, 0x00, 0xff, 0xe6, 0xff, 0xe1,
    0x00, 0x00, 0xff, 0xfe, 0x00, 0x00, 0xff, 0xfd, 0xff, 0xf9, 0x00, 0x03, 0xff, 0xfe, 0xff, 0xf4,
    0x00, 0x00, 0x00, 0x00, 0x00, 0x00, 0x00, 0x00, 0xff, 0xfd, 0x00, 0x00, 0xff, 0xec, 0x00, 0x05,
    0x00, 0x07, 0x00, 0x30, 0x00, 0x11, 0x00, 0x00, 0x00, 0x1e, 0x00, 0x00, 0x00, 0x25, 0x00, 0x0f,
    0xff, 0xfe, 0x00, 0x00, 0xff, 0xe9, 0x00, 0x01, 0x00, 0x00, 0xff, 0xe2, 0x00, 0x00, 0x00, 0x00,
    0x00, 0x00, 0xff, 0xfb, 0x00, 0x3d, 0x00, 0x00, 0x00, 0x20, 0x00, 0x26, 0x00, 0x00, 0x00, 0x07,
    0xff, 0xfd, 0x00, 0x19, 0x00, 0x08, 0x00, 0x00, 0xff, 0xe8, 0xff, 0xd1, 0xff, 0xfb, 0x00, 0x00,
    0x00, 0x0a, 0x00, 0x00, 0xff, 0xfa, 0x00, 0x00, 0xff, 0xef, 0x00, 0x00, 0x00, 0x00, 0xff, 0xc6,
    0x00, 0x00, 0x00, 0x00, 0xff, 0xee, 0x00, 0x00, 0xff, 0xc7, 0xff, 0xf5, 0xff, 0xfd, 0x00, 0x01,
    0x00, 0x00, 0x00, 0x00, 0x00, 0x00, 0xff, 0xe8, 0x00, 0x00, 0x00, 0x00, 0x00, 0x00, 0xff, 0xfb,
    0x00, 0x02, 0x00, 0x00, 0x00, 0x03, 0x00, 0x06, 0x00, 0x00, 0x00, 0x01, 0x00, 0x00, 0x00, 0x19,
    0x00, 0x0c, 0x00, 0x00, 0x00, 0x00, 0xff, 0xf0, 0x00, 0x00, 0x00, 0x00, 0xff, 0xf1, 0xff, 0xf2,
    0x00, 0x00, 0x00, 0x00, 0x00, 0x03, 0x00, 0x01, 0x00, 0x01, 0xff, 0xca, 0x00, 0x00, 0xff, 0xf9,
    0xff, 0xec, 0x00, 0x02, 0xff, 0xde, 0x00, 0x05, 0x00, 0x00, 0x00, 0x01, 0x00, 0x00, 0x00, 0x00,
    0x00, 0x00, 0x00, 0x00, 0x00, 0x00, 0x00, 0x00, 0x00, 0x00, 0x00, 0x00, 0x00, 0x00, 0x00, 0x00,
    0x00, 0x00, 0x00, 0x00, 0x00, 0x00, 0x00, 0x05, 0x00, 0x00, 0x00, 0x04, 0x00, 0x00, 0x00, 0x02,
    0x00, 0x00, 0x00, 0x00, 0x00, 0x00, 0x00, 0x00, 0xff, 0xfb, 0x00, 0x00, 0x00, 0x00, 0x00, 0x00,
    0xff, 0xeb, 0xff, 0xfd, 0x00, 0x01, 0xff, 0xb2, 0x00, 0x00, 0x00, 0x00, 0xff, 0xcf, 0xff, 0xe8,
    0xff, 0xb5, 0xff, 0xf9, 0x00, 0x00, 0x00, 0x00, 0x00, 0x00, 0x00, 0x00, 0x00, 0x00, 0x00, 0x00,
    0x00, 0x00, 0x00, 0x00, 0x00, 0x00, 0x00, 0x00, 0x00, 0x00, 0x00, 0x00, 0x00, 0x00, 0x00, 0x00,
    0x00, 0x00, 0x00, 0x00, 0x00, 0x00, 0xff, 0xf9, 0xff, 0xf6, 0xff, 0xfd, 0x00, 0x00, 0x00, 0x00,
    0x00, 0x00, 0x00, 0x00, 0xff, 0xed, 0xff, 0xdf, 0x00, 0x00, 0x00, 0x00, 0xff, 0xfb, 0x00, 0x00,
    0xff, 0xfc, 0xff, 0xaf, 0x00, 0x00, 0xff, 0xff, 0xff, 0xd1, 0xff, 0xf9, 0xff, 0x9b, 0x00, 0x00,
    0x00, 0x00, 0x00, 0x00, 0x00, 0x00, 0x00, 0x00, 0x00, 0x00, 0x00, 0x00, 0x00, 0x02, 0x00, 0x00,
    0x00, 0x00, 0x00, 0x00, 0x00, 0x00, 0x00, 0x00, 0xff, 0xd4, 0xff, 0xd8, 0x00, 0x00, 0xff, 0xfe,
    0x00, 0x00, 0xff, 0xfa, 0xff, 0xfb, 0x00, 0x00, 0x00, 0x00, 0x00, 0x00, 0x00, 0x00, 0x00, 0x00,
    0xff, 0xf6, 0xff, 0xf5, 0x00, 0x00, 0x00, 0x00, 0xff, 0xfb, 0x00, 0x0d, 0x00, 0x02, 0xff, 0xb9,
    0x00, 0x10, 0x00, 0x00, 0xff, 0xda, 0xff, 0xe5, 0xff, 0xce, 0xff, 0xff, 0x00, 0x00, 0x00, 0x00,
    0x00, 0x00, 0x00, 0x00, 0x00, 0x00, 0x00, 0x00, 0x00, 0x00, 0x00, 0x00, 0x00, 0x00, 0x00, 0x06,
    0x00, 0x00, 0x00, 0x00, 0x00, 0x00, 0x00, 0x00, 0x00, 0x01, 0x00, 0x00, 0x00, 0x00, 0xff, 0xf6,
    0xff, 0xf7, 0xff, 0xfe, 0xff, 0xf1, 0x00, 0x00, 0x00, 0x00, 0x00, 0x00, 0xff, 0xde, 0xff, 0xd2,
    0x00, 0x00, 0x00, 0x00, 0x00, 0x00, 0x00, 0x00, 0xff, 0xfd, 0xff, 0xe6, 0x00, 0x00, 0x00, 0x00,
    0xff, 0xf1, 0xff, 0xfb, 0xff, 0xe1, 0xff, 0xff, 0x00, 0x00, 0x00, 0x00, 0x00, 0x00, 0x00, 0x00,
    0x00, 0x00, 0x00, 0x00, 0x00, 0x00, 0x00, 0x00, 0x00, 0x00, 0x00, 0x00, 0x00, 0x01, 0x00, 0x00,
    0x00, 0x00, 0x00, 0x00, 0x00, 0x00, 0x00, 0x00, 0x00, 0x00, 0x00, 0x00, 0x00, 0x00, 0x00, 0x00,
    0x00, 0x00, 0x00, 0x00, 0x00, 0x00, 0x00, 0x00, 0xff, 0xf7, 0xff, 0xff, 0x00, 0x00, 0x00, 0x00,
    0x00, 0x18, 0xff, 0xff, 0xff, 0xf9, 0xff, 0xbb, 0x00, 0x00, 0xff, 0xfb, 0xff, 0xe2, 0x00, 0x05,
    0xff, 0xca, 0x00, 0x00, 0xff, 0xfc, 0xff, 0xfb, 0xff, 0xf6, 0x00, 0x01, 0x00, 0x00, 0xff, 0xe5,
    0x00, 0x00, 0xff, 0xff, 0x00, 0x00, 0xff, 0xf1, 0x00, 0x00, 0x00, 0x00, 0xff, 0xfb, 0xff, 0xf7,
    0xff, 0xf9, 0x00, 0x00, 0xff, 0xf9, 0x00, 0x05, 0x00, 0x01, 0x00, 0x0a, 0x00, 0x14, 0x00, 0x00,
    0xff, 0xfd, 0x00, 0x00, 0x00, 0x00, 0x00, 0x00, 0x00, 0x00, 0x00, 0x00, 0x00, 0x1c, 0x00, 0x00,
    0x00, 0x00, 0xff, 0xf9, 0x00, 0x00, 0x00, 0x00, 0xff, 0xe7, 0x00, 0x00, 0xff, 0xdd, 0x00, 0x00,
    0x00, 0x00, 0xff, 0xff, 0x00, 0x00, 0x00, 0x08, 0x00, 0x00, 0xff, 0xfb, 0x00, 0x00, 0x00, 0x00,
    0x00, 0x00, 0x00, 0x00, 0x00, 0x00, 0x00, 0x00, 0xff, 0xf2, 0xff, 0xec, 0x00, 0x00, 0x00, 0x00,
    0x00, 0x00, 0xff, 0xfd, 0x00, 0x00, 0x00, 0x0c, 0x00, 0x0e, 0x00, 0x00, 0x00, 0x03, 0x00, 0x00,
    0x00, 0x00, 0x00, 0x00, 0x00, 0x00, 0x00, 0x00, 0xff, 0xfc, 0x00, 0x04, 0xff, 0xfb, 0xff, 0xa2,
    0x00, 0x0c, 0xff, 0xfd, 0xff, 0xcf, 0xff, 0xe9, 0xff, 0xa2, 0xff, 0xf9, 0x00, 0x00, 0x00, 0x00,
    0x00, 0x00, 0x00, 0x00, 0x00, 0x00, 0x00, 0x06, 0x00, 0x00, 0x00, 0x00, 0x00, 0x00, 0x00, 0x00,
    0x00, 0x00, 0x00, 0x00, 0xff, 0xe1, 0xff, 0xdb, 0x00, 0x00, 0xff, 0xfc, 0x00, 0x00, 0xff, 0xfd,
    0xff, 0xf8, 0xff, 0xfd, 0xff, 0xf8, 0xff, 0xf3, 0x00, 0x00, 0x00, 0x00, 0xff, 0xef, 0xff, 0xe4,
    0xff, 0xfd, 0x00, 0x00, 0xff, 0xfb, 0xff, 0xf7, 0xff, 0xfb, 0x00, 0x18, 0x00, 0x00, 0x00, 0x00,
    0x00, 0x15, 0x00, 0x01, 0x00, 0x13, 0x00, 0x04, 0x00, 0x00, 0x00, 0x00, 0x00, 0x00, 0x00, 0x00,
    0x00, 0x00, 0x00, 0x00, 0x00, 0x01, 0x00, 0x00, 0x00, 0x00, 0x00, 0x00, 0x00, 0x00, 0x00, 0x00,
    0x00, 0x00, 0x00, 0x00, 0x00, 0x00, 0x00, 0x00, 0x00, 0x00, 0x00, 0x00, 0x00, 0x00, 0x00, 0x00,
    0x00, 0x00, 0x00, 0x00, 0xff, 0xfe, 0xff, 0xf3, 0x00, 0x05, 0x00, 0x07, 0x00, 0x00, 0x00, 0x00,
    0xff, 0xc5, 0x00, 0x00, 0xff, 0xfb, 0x00, 0x00, 0x00, 0x00, 0x00, 0x00, 0x00, 0x00, 0xff, 0xd4,
    0x00, 0x00, 0xff, 0xf9, 0xff, 0xfe, 0x00, 0x00, 0x00, 0x00, 0x00, 0x00, 0x00, 0x00, 0x00, 0x00,
    0x00, 0x00, 0x00, 0x00, 0xff, 0xff, 0xff, 0xfe, 0x00, 0x00, 0x00, 0x00, 0x00, 0x00, 0x00, 0x00,
    0xff, 0xfe, 0x00, 0x01, 0xff, 0xff, 0x00, 0x01, 0x00, 0x00, 0x00, 0x00, 0x00, 0x00, 0x00, 0x00,
    0xff, 0xfe, 0x00, 0x00, 0x00, 0x00, 0xff, 0xfb, 0x00, 0x00, 0x00, 0x00, 0xff, 0xb8, 0xff, 0xf0,
    0xff, 0xf7, 0x00, 0x01, 0xff, 0xe6, 0xff, 0xff, 0x00, 0x00, 0xff, 0xdd, 0x00, 0x00, 0x00, 0x00,
    0xff, 0xfb, 0x00, 0x00, 0x00, 0x00, 0x00, 0x00, 0x00, 0x00, 0x00, 0x00, 0x00, 0x00, 0xff, 0xff,
    0xff, 0xc3, 0xff, 0xd3, 0x00, 0x00, 0x00, 0x00, 0x00, 0x00, 0x00, 0x00, 0xff, 0xd4, 0x00, 0x00,
    0x00, 0x00, 0x00, 0x00, 0x00, 0x00, 0xff, 0xfe, 0xff, 0xa9, 0x00, 0x00, 0xff, 0xfc, 0xff, 0x67,
    0x00, 0x00, 0x00, 0x00, 0x00, 0x00, 0x00, 0x00, 0xff, 0xda, 0xff, 0xf7, 0x00, 0x00, 0x00, 0x01,
    0xff, 0xec, 0x00, 0x00, 0x00, 0x01, 0xff, 0xe3, 0x00, 0x01, 0x00, 0x00, 0xff, 0xfe, 0x00, 0x00,
    0x00, 0x00, 0x00, 0x00, 0x00, 0x01, 0x00, 0x00, 0x00, 0x00, 0x00, 0x00, 0xff, 0xff, 0xff, 0xfe,
    0x00, 0x00, 0x00, 0x00, 0x00, 0x00, 0x00, 0x00, 0xff, 0xe8, 0x00, 0x01, 0xff, 0xff, 0x00, 0x03,
    0x00, 0x01, 0xff, 0xff, 0x00, 0x00, 0x00, 0x00, 0xff, 0xfe, 0x00, 0x00, 0xff, 0xfb, 0x00, 0x00,
    0x00, 0x00, 0x00, 0x00, 0xff, 0xe1, 0x00, 0x01, 0x00, 0x00, 0xff, 0xf5, 0x00, 0x00, 0x00, 0x00,
    0xff, 0xff, 0xff, 0xee, 0xff, 0xfc, 0xff, 0xea, 0xff, 0xfe, 0x00, 0x04, 0xff, 0xf3, 0x00, 0x06,
    0xff, 0xfe, 0xff, 0xe2, 0x00, 0x00, 0x00, 0x00, 0x00, 0x00, 0xff, 0xf8, 0x00, 0x01, 0x00, 0x00,
    0x00, 0x07, 0x00, 0x08, 0xff, 0xfd, 0x00, 0x07, 0x00, 0x00, 0x00, 0x19, 0x00, 0x03, 0x00, 0x09,
    0xff, 0xf8, 0xff, 0xb3, 0xff, 0xfc, 0x00, 0x00, 0xff, 0xef, 0xff, 0xff, 0xff, 0xf6, 0x00, 0x00,
    0xff, 0xfe, 0x00, 0x00, 0x00, 0x02, 0xff, 0xa8, 0x00, 0x06, 0xff, 0xf9, 0xff, 0xd9, 0xff, 0xf4,
    0xff, 0xaf, 0x00, 0x00, 0x00, 0x00, 0x00, 0x00, 0x00, 0x00, 0x00, 0x00, 0x00, 0x00, 0x00, 0x01,
    0x00, 0x00, 0x00, 0x00, 0x00, 0x00, 0x00, 0x00, 0x00, 0x00, 0x00, 0x00, 0xff, 0xdd, 0xff, 0xd5,
    0x00, 0x00, 0xff, 0xfb, 0x00, 0x00, 0xff, 0xfd, 0xff, 0xfa, 0x00, 0x06, 0x00, 0x06, 0xff, 0xfa,
    0x00, 0x00, 0x00, 0x00, 0xff, 0xff, 0xff, 0xfb, 0x00, 0x00, 0x00, 0x00, 0x00, 0x00, 0x00, 0x00,
    0x00, 0x00, 0xff, 0xcb, 0x00, 0x00, 0x00, 0x00, 0xff, 0xe6, 0x00, 0x00, 0xff, 0xcb, 0x00, 0x00,
    0x00, 0x00, 0x00, 0x00, 0x00, 0x00, 0x00, 0x05, 0x00, 0x00, 0xff, 0xf6, 0x00, 0x00, 0x00, 0x00,
    0x00, 0x00, 0x00, 0x00, 0x00, 0x00, 0x00, 0x00, 0x00, 0x03, 0x00, 0x01, 0x00, 0x00, 0x00, 0x00,
    0x00, 0x00, 0x00, 0x07, 0x00, 0x03, 0x00, 0x07, 0x00, 0x05, 0x00, 0x00, 0x00, 0x00, 0x00, 0x00,
    0xff, 0xed, 0xff, 0xf1, 0x00, 0x00, 0x00, 0x00, 0x00, 0x03, 0x00, 0x00, 0x00, 0x00, 0xff, 0xb7,
    0x00, 0x00, 0xff, 0xff, 0xff, 0xdb, 0xff, 0xf9, 0xff, 0xbc, 0x00, 0x00, 0x00, 0x00, 0x00, 0x00,
    0x00, 0x00, 0x00, 0x00, 0x00, 0x00, 0x00, 0x00, 0x00, 0x00, 0x00, 0x00, 0x00, 0x00, 0x00, 0x00,
    0x00, 0x00, 0x00, 0x00, 0xff, 0xe7, 0xff, 0xe7, 0x00, 0x00, 0x00, 0x00, 0x00, 0x00, 0x00, 0x00,
    0x00, 0x00, 0x00, 0x00, 0x00, 0x00, 0x00, 0x00, 0x00, 0x00, 0x00, 0x00, 0xff, 0xf8, 0x00, 0x00,
    0x00, 0x00, 0x00, 0x00, 0xff, 0xdc, 0x00, 0x06, 0xff, 0xf4, 0xff, 0xb8, 0x00, 0x10, 0x00, 0x00,
    0xff, 0xf1, 0xff, 0xcc, 0xff, 0xc9, 0xff, 0xee, 0xff, 0xf9, 0x00, 0x0b, 0xff, 0xf9, 0x00, 0x04,
    0x00, 0x00, 0xff, 0xf6, 0x00, 0x00, 0x00, 0x00, 0x00, 0x00, 0xff, 0xfd, 0x00, 0x00, 0x00, 0x00,
    0x00, 0x15, 0x00, 0x14, 0xff, 0xfe, 0x00, 0x0b, 0x00, 0x00, 0x00, 0x0b, 0x00, 0x0d, 0x00, 0x0c,
    0xff, 0xd9, 0xff, 0xc5, 0xff, 0xfb, 0x00, 0x00, 0xff, 0xde, 0xff, 0xe1, 0xff, 0xfe, 0x00, 0x00,
    0x00, 0x06, 0x00, 0x00, 0xff, 0xf3, 0xff, 0xb6, 0x00, 0x05, 0xff, 0xf9, 0xff, 0xe4, 0x00, 0x00,
    0xff, 0xc6, 0x00, 0x00, 0xff, 0xff, 0x00, 0x00, 0xff, 0xf6, 0x00, 0x00, 0x00, 0x00, 0xff, 0xf7,
    0x00, 0x00, 0x00, 0x00, 0x00, 0x00, 0xff, 0xf8, 0x00, 0x00, 0x00, 0x00, 0x00, 0x03, 0x00, 0x01,
    0xff, 0xfa, 0x00, 0x00, 0xff, 0xff, 0x00, 0x0d, 0x00, 0x00, 0x00, 0x00, 0x00, 0x0f, 0xff, 0xfd,
    0x00, 0x00, 0x00, 0x00, 0xff, 0xea, 0x00, 0x00, 0x00, 0x00, 0x00, 0x00, 0x00, 0x0e, 0x00, 0x00,
    0xff, 0xfb, 0xff, 0xa5, 0x00, 0x05, 0xff, 0xfc, 0xff, 0xe6, 0x00, 0x0f, 0xff, 0xc8, 0xff, 0xff,
    0x00, 0x00, 0xff, 0xff, 0xff, 0xfd, 0x00, 0x02, 0x00, 0x00, 0xff, 0xfe, 0x00, 0x00, 0x00, 0x00,
    0x00, 0x00, 0xff, 0xfd, 0x00, 0x00, 0x00, 0x00, 0x00, 0x04, 0x00, 0x00, 0x00, 0x01, 0x00, 0x00,
    0x00, 0x00, 0x00, 0x0c, 0x00, 0x00, 0x00, 0x00, 0x00, 0x0e, 0x00, 0x00, 0xff, 0xff, 0x00, 0x00,
    0x00, 0x01, 0xff, 0xff, 0x00, 0x00, 0x00, 0x01, 0x00, 0x05, 0x02, 0x2b, 0x00, 0x20, 0x00, 0x00,
    0x00, 0x00, 0x00, 0x00, 0x00, 0x00, 0x00, 0x20, 0x00, 0x1d, 0x00, 0x00, 0x00, 0x00, 0x00, 0x00,
    0x00, 0x00, 0x00, 0x18, 0x00, 0x00, 0x00, 0x00, 0x00, 0x00, 0x00, 0x00, 0x00, 0x00, 0x00, 0x00,
    0x00, 0x00, 0x00, 0x00, 0x00, 0x00, 0x00, 0x00, 0x00, 0x00, 0x00, 0x00, 0x00, 0x00, 0x00, 0x00,
    0x00, 0x00, 0x00, 0x00, 0x00, 0x00, 0x00, 0x00, 0x00, 0x00, 0x00, 0x00, 0x00, 0x01, 0x00, 0x06,
    0x00, 0x06, 0x00, 0x02, 0x00, 0x03, 0x00, 0x06, 0x00, 0x00, 0x00, 0x04, 0x00, 0x0c, 0x00, 0x0e,
    0x00, 0x05, 0x00, 0x00, 0x00, 0x00, 0x00, 0x06, 0x00, 0x07, 0x00, 0x06, 0x00, 0x08, 0x00, 0x09,
    0x00, 0x0a, 0x00, 0x0c, 0x00, 0x0d, 0x00, 0x0d, 0x00, 0x0e, 0x00, 0x0f, 0x00, 0x10, 0x00, 0x1d,
    0x00, 0x00, 0x00, 0x00, 0x00, 0x00, 0x00, 0x00, 0x00, 0x00, 0x00, 0x11, 0x00, 0x1c, 0x00, 0x12,
    0x00, 0x00, 0x00, 0x1c, 0x00, 0x13, 0x00, 0x14, 0x00, 0x17, 0x00, 0x19, 0x00, 0x19, 0x00, 0x1a,
    0x00, 0x1b, 0x00, 0x17, 0x00, 0x17, 0x00, 0x1c, 0x00, 0x1c, 0x00, 0x00, 0x00, 0x21, 0x00, 0x22,
    0x00, 0x23, 0x00, 0x24, 0x00, 0x25, 0x00, 0x25, 0x00, 0x26, 0x00, 0x25, 0x00, 0x27, 0x00, 0x1d,
    0x00, 0x00, 0x00, 0x00, 0x00, 0x00, 0x00, 0x00, 0x00, 0x00, 0x00, 0x00, 0x00, 0x00, 0x00, 0x00,
    0x00, 0x00, 0x00, 0x00, 0x00, 0x00, 0x00, 0x00, 0x00, 0x00, 0x00, 0x15, 0x00, 0x00, 0x00, 0x00,
    0x00, 0x00, 0x00, 0x00, 0x00, 0x00, 0x00, 0x00, 0x00, 0x00, 0x00, 0x00, 0x00, 0x00, 0x00, 0x00,
    0x00, 0x00, 0x00, 0x00, 0x00, 0x00, 0x00, 0x00, 0x00, 0x16, 0x00, 0x00, 0x00, 0x00, 0x00, 0x00,
    0x00, 0x00, 0x00, 0x00, 0x00, 0x00, 0x00, 0x00, 0x00, 0x00, 0x00, 0x00, 0x00, 0x00, 0x00, 0x02,
    0x00, 0x06, 0x00, 0x02, 0x00, 0x02, 0x00, 0x02, 0x00, 0x02, 0x00, 0x04, 0x00, 0x04, 0x00, 0x04,
    0x00, 0x04, 0x00, 0x06, 0x00, 0x00, 0x00, 0x06, 0x00, 0x06, 0x00, 0x06, 0x00, 0x06, 0x00, 0x06,
    0x00, 0x00, 0x00, 0x06, 0x00, 0x0c, 0x00, 0x0c, 0x00, 0x0c, 0x00, 0x0c, 0x00, 0x0f, 0x00, 0x0b,
    0x00, 0x1c, 0x00, 0x11, 0x00, 0x11, 0x00, 0x11, 0x00, 0x11, 0x00, 0x11, 0x00, 0x11, 0x00, 0x00,
    0x00, 0x12, 0x00, 0x1c, 0x00, 0x1c, 0x00, 0x1c, 0x00, 0x1c, 0x00, 0x19, 0x00, 0x19, 0x00, 0x19,
    0x00, 0x19, 0x00, 0x00, 0x00, 0x17, 0x00, 0x1c, 0x00, 0x1c, 0x00, 0x1c, 0x00, 0x1c, 0x00, 0x1c,
    0x00, 0x00, 0x00, 0x1c, 0x00, 0x24, 0x00, 0x24, 0x00, 0x24, 0x00, 0x24, 0x00, 0x25, 0x00, 0x1c,
    0x00, 0x25, 0x00, 0x00, 0x00, 0x11, 0x00, 0x00, 0x00, 0x11, 0x00, 0x00, 0x00, 0x11, 0x00, 0x06,
    0x00, 0x12, 0x00, 0x06, 0x00, 0x12, 0x00, 0x06, 0x00, 0x12, 0x00, 0x06, 0x00, 0x12, 0x00, 0x06,
    0x00, 0x00, 0x00, 0x06, 0x00, 0x00, 0x00, 0x02, 0x00, 0x1c, 0x00, 0x02, 0x00, 0x1c, 0x00, 0x02,
    0x00, 0x1c, 0x00, 0x02, 0x00, 0x1c, 0x00, 0x02, 0x00, 0x1c, 0x00, 0x06, 0x00, 0x14, 0x00, 0x06,
    0x00, 0x14, 0x00, 0x06, 0x00, 0x14, 0x00, 0x06, 0x00, 0x14, 0x00, 0x00, 0x00, 0x17, 0x00, 0x00,
    0x00, 0x17, 0x00, 0x04, 0x00, 0x19, 0x00, 0x04, 0x00, 0x19, 0x00, 0x04, 0x00, 0x19, 0x00, 0x04,
    0x00, 0x19, 0x00, 0x0c, 0x00, 0x19, 0x00, 0x0e, 0x00, 0x1a, 0x00, 0x1a, 0x00, 0x05, 0x00, 0x1b,
    0x00, 0x05, 0x00, 0x1b, 0x00, 0x05, 0x00, 0x1b, 0x00, 0x05, 0x00, 0x1b, 0x00, 0x05, 0x00, 0x1b,
    0x00, 0x00, 0x00, 0x17, 0x00, 0x00, 0x00, 0x17, 0x00, 0x00, 0x00, 0x17, 0x00, 0x00, 0x00, 0x17,
    0x00, 0x06, 0x00, 0x1c, 0x00, 0x06, 0x00, 0x1c, 0x00, 0x02, 0x00, 0x1c, 0x00, 0x08, 0x00, 0x21,
    0x00, 0x08, 0x00, 0x21, 0x00, 0x08, 0x00, 0x21, 0x00, 0x09, 0x00, 0x22, 0x00, 0x09, 0x00, 0x22,
    0x00, 0x09, 0x00, 0x22, 0x00, 0x09, 0x00, 0x22, 0x00, 0x0a, 0x00, 0x23, 0x00, 0x0a, 0x00, 0x23,
    0x00, 0x0a, 0x00, 0x23, 0x00, 0x0c, 0x00, 0x24, 0x00, 0x0c, 0x00, 0x24, 0x00, 0x0c, 0x00, 0x24,
    0x00, 0x0c, 0x00, 0x24, 0x00, 0x0c, 0x00, 0x24, 0x00, 0x0c, 0x00, 0x24, 0x00, 0x0f, 0x00, 0x10,
    0x00, 0x27, 0x00, 0x10, 0x00, 0x27, 0x00, 0x10, 0x00, 0x27, 0x00, 0x13, 0x00, 0x00, 0x00, 0x02,
    0x00, 0x00, 0x00, 0x09, 0x00, 0x22, 0x00, 0x0a, 0x00, 0x23, 0x00, 0x00, 0x00, 0x00, 0x00, 0x00,
    0x00, 0x00, 0x00, 0x00, 0x00, 0x00, 0x00, 0x00, 0x00, 0x00, 0x00, 0x00, 0x00, 0x18, 0x00, 0x18,
    0x00, 0x1e, 0x00, 0x1f, 0x00, 0x00, 0x00, 0x1e, 0x00, 0x1f, 0x00, 0x00, 0x00, 0x00, 0x00, 0x00,
    0x00, 0x00, 0x00, 0x00, 0x00, 0x00, 0x00, 0x15, 0x00, 0x16, 0x00, 0x00, 0x00, 0x00, 0x00, 0x00,
    0x00, 0x00, 0x00, 0x00, 0x00, 0x00, 0x00, 0x00, 0x00, 0x00, 0x00, 0x00, 0x00, 0x00, 0x00, 0x00,
    0x00, 0x00, 0x00, 0x00, 0x00, 0x00, 0x00, 0x00, 0x00, 0x00, 0x00, 0x00, 0x00, 0x17, 0x00, 0x25,
    0x00, 0x23, 0x00, 0x1c, 0x00, 0x1c, 0x00, 0x17, 0x00, 0x19, 0x00, 0x25, 0x00, 0x17, 0x00, 0x19,
    0x00, 0x1a, 0x00, 0x25, 0x00, 0x25, 0x00, 0x25, 0x00, 0x19, 0x00, 0x00, 0x00, 0x13, 0x00, 0x19,
    0x00, 0x1b, 0x00, 0x23, 0x00, 0x00, 0x00, 0x00, 0x00, 0x00, 0x00, 0x00, 0x00, 0x00, 0x00, 0x00,
    0x00, 0x00, 0x00, 0x00, 0x00, 0x00, 0x00, 0x00, 0x00, 0x00, 0x00, 0x00, 0x00, 0x00, 0x00, 0x00,
    0x00, 0x00, 0x00, 0x00, 0x00, 0x00, 0x00, 0x00, 0x00, 0x00, 0x00, 0x00, 0x00, 0x00, 0x00, 0x00,
    0x00, 0x00, 0x00, 0x00, 0x00, 0x00, 0x00, 0x00, 0x00, 0x00, 0x00, 0x00, 0x00, 0x00, 0x00, 0x00,
    0x00, 0x00, 0x00, 0x00, 0x00, 0x02, 0x00, 0x03, 0x00, 0x06, 0x00, 0x00, 0x00, 0x0e, 0x00, 0x00,
    0x00, 0x00, 0x00, 0x07, 0x00, 0x06, 0x00, 0x08, 0x00, 0x0b, 0x00, 0x0d, 0x00, 0x00, 0x00, 0x12,
    0x00, 0x13, 0x00, 0x00, 0x00, 0x00, 0x00, 0x19, 0x00, 0x19, 0x00, 0x1a, 0x00, 0x00, 0x00, 0x00,
    0x00, 0x00, 0x00, 0x21, 0x00, 0x00, 0x00, 0x25, 0x00, 0x00, 0x00, 0x00, 0x00, 0x0b, 0x00, 0x00,
    0x00, 0x00, 0x00, 0x00, 0x00, 0x00, 0x00, 0x00, 0x00, 0x00, 0x00, 0x00, 0x00, 0x00, 0x00, 0x00,
    0x00, 0x00, 0x00, 0x00, 0x00, 0x00, 0x00, 0x00, 0x00, 0x00, 0x00, 0x00, 0x00, 0x00, 0x00, 0x00,
    0x00, 0x00, 0x00, 0x00, 0x00, 0x00, 0x00, 0x00, 0x00, 0x00, 0x00, 0x00, 0x00, 0x02, 0x00, 0x02,
    0x00, 0x02, 0x00, 0x02, 0x00, 0x00, 0x00, 0x00, 0x00, 0x00, 0x00, 0x00, 0x00, 0x00, 0x00, 0x0d,
    0x00, 0x0d, 0x00, 0x00, 0x00, 0x00, 0x00, 0x00, 0x00, 0x00, 0x00, 0x00, 0x00, 0x00, 0x00, 0x12,
    0x00, 0x12, 0x00, 0x12, 0x00, 0x12, 0x00, 0x00, 0x00, 0x25, 0x00, 0x25, 0x00, 0x0c, 0x00, 0x00,
    0x00, 0x00, 0x00, 0x1c, 0x00, 0x13, 0x00, 0x1c, 0x00, 0x00, 0x00, 0x19, 0x00, 0x19, 0x00, 0x00,
    0x00, 0x25, 0x00, 0x00, 0x00, 0x19, 0x00, 0x19, 0x00, 0x19, 0x00, 0x1a, 0x00, 0x1b, 0x00, 0x00,
    0x00, 0x25, 0x00, 0x00, 0x00, 0x25, 0x00, 0x25, 0x00, 0x00, 0x00, 0x00, 0x00, 0x00, 0x00, 0x02,
    0x00, 0x02, 0x00, 0x02, 0x00, 0x02, 0x00, 0x02, 0x00, 0x06, 0x00, 0x06, 0x00, 0x06, 0x00, 0x06,
    0x00, 0x00, 0x00, 0x00, 0x00, 0x00, 0x00, 0x00, 0x00, 0x0e, 0x00, 0x00, 0x00, 0x00, 0x00, 0x00,
    0x00, 0x08, 0x00, 0x08, 0x00, 0x08, 0x00, 0x0b, 0x00, 0x0b, 0x00, 0x00, 0x00, 0x00, 0x00, 0x00,
    0x00, 0x12, 0x00, 0x12, 0x00, 0x12, 0x00, 0x12, 0x00, 0x12, 0x00, 0x00, 0x00, 0x00, 0x00, 0x00,
    0x00, 0x00, 0x00, 0x00, 0x00, 0x19, 0x00, 0x1a, 0x00, 0x00, 0x00, 0x00, 0x00, 0x00, 0x00, 0x00,
    0x00, 0x00, 0x00, 0x00, 0x00, 0x00, 0x00, 0x21, 0x00, 0x21, 0x00, 0x21, 0x00, 0x00, 0x00, 0x00,
    0x00, 0x0b, 0x00, 0x01, 0x00, 0x05, 0x02, 0x2b, 0x00, 0x18, 0x00, 0x00, 0x00, 0x00, 0x00, 0x00,
    0x00, 0x00, 0x00, 0x18, 0x00, 0x00, 0x00, 0x15, 0x00, 0x00, 0x00, 0x00, 0x00, 0x20, 0x00, 0x10,
    0x00, 0x20, 0x00, 0x00, 0x00, 0x00, 0x00, 0x00, 0x00, 0x00, 0x00, 0x00, 0x00, 0x00, 0x00, 0x00,
    0x00, 0x00, 0x00, 0x00, 0x00, 0x00, 0x00, 0x00, 0x00, 0x25, 0x00, 0x25, 0x00, 0x00, 0x00, 0x00,
    0x00, 0x00, 0x00, 0x00, 0x00, 0x00, 0x00, 0x01, 0x00, 0x00, 0x00, 0x02, 0x00, 0x00, 0x00, 0x00,
    0x00, 0x00, 0x00, 0x02, 0x00, 0x00, 0x00, 0x23, 0x00, 0x24, 0x00, 0x00, 0x00, 0x00, 0x00, 0x00,
    0x00, 0x00, 0x00, 0x02, 0x00, 0x00, 0x00, 0x02, 0x00, 0x00, 0x00, 0x03, 0x00, 0x04, 0x00, 0x06,
    0x00, 0x07, 0x00, 0x07, 0x00, 0x08, 0x00, 0x09, 0x00, 0x0a, 0x00, 0x00, 0x00, 0x00, 0x00, 0x15,
    0x00, 0x00, 0x00, 0x00, 0x00, 0x00, 0x00, 0x0b, 0x00, 0x0f, 0x00, 0x14, 0x00, 0x14, 0x00, 0x14,
    0x00, 0x0c, 0x00, 0x21, 0x00, 0x0f, 0x00, 0x11, 0x00, 0x11, 0x00, 0x0f, 0x00, 0x12, 0x00, 0x13,
    0x00, 0x13, 0x00, 0x14, 0x00, 0x13, 0x00, 0x14, 0x00, 0x00, 0x00, 0x19, 0x00, 0x1a, 0x00, 0x1b,
    0x00, 0x1c, 0x00, 0x1c, 0x00, 0x1d, 0x00, 0x1c, 0x00, 0x1e, 0x00, 0x00, 0x00, 0x00, 0x00, 0x15,
    0x00, 0x00, 0x00, 0x00, 0x00, 0x00, 0x00, 0x00, 0x00, 0x00, 0x00, 0x00, 0x00, 0x00, 0x00, 0x00,
    0x00, 0x00, 0x00, 0x00, 0x00, 0x00, 0x00, 0x0d, 0x00, 0x00, 0x00, 0x00, 0x00, 0x00, 0x00, 0x00,
    0x00, 0x00, 0x00, 0x00, 0x00, 0x00, 0x00, 0x00, 0x00, 0x00, 0x00, 0x00, 0x00, 0x00, 0x00, 0x00,
    0x00, 0x00, 0x00, 0x00, 0x00, 0x0e, 0x00, 0x00, 0x00, 0x00, 0x00, 0x00, 0x00, 0x00, 0x00, 0x01,
    0x00, 0x01, 0x00, 0x01, 0x00, 0x01, 0x00, 0x01, 0x00, 0x01, 0x00, 0x22, 0x00, 0x02, 0x00, 0x00,
    0x00, 0x00, 0x00, 0x00, 0x00, 0x00, 0x00, 0x23, 0x00, 0x23, 0x00, 0x23, 0x00, 0x23, 0x00, 0x00,
    0x00, 0x00, 0x00, 0x02, 0x00, 0x02, 0x00, 0x02, 0x00, 0x02, 0x00, 0x02, 0x00, 0x00, 0x00, 0x02,
    0x00, 0x06, 0x00, 0x06, 0x00, 0x06, 0x00, 0x06, 0x00, 0x09, 0x00, 0x00, 0x00, 0x00, 0x00, 0x0b,
    0x00, 0x0b, 0x00, 0x0b, 0x00, 0x0b, 0x00, 0x0b, 0x00, 0x0b, 0x00, 0x0b, 0x00, 0x14, 0x00, 0x14,
    0x00, 0x14, 0x00, 0x14, 0x00, 0x14, 0x00, 0x11, 0x00, 0x11, 0x00, 0x11, 0x00, 0x11, 0x00, 0x14,
    0x00, 0x13, 0x00, 0x14, 0x00, 0x14, 0x00, 0x14, 0x00, 0x14, 0x00, 0x14, 0x00, 0x00, 0x00, 0x14,
    0x00, 0x1b, 0x00, 0x1b, 0x00, 0x1b, 0x00, 0x1b, 0x00, 0x1c, 0x00, 0x00, 0x00, 0x1c, 0x00, 0x01,
    0x00, 0x0b, 0x00, 0x01, 0x00, 0x0b, 0x00, 0x01, 0x00, 0x0b, 0x00, 0x02, 0x00, 0x14, 0x00, 0x02,
    0x00, 0x14, 0x00, 0x02, 0x00, 0x14, 0x00, 0x02, 0x00, 0x14, 0x00, 0x00, 0x00, 0x14, 0x00, 0x00,
    0x00, 0x14, 0x00, 0x00, 0x00, 0x14, 0x00, 0x00, 0x00, 0x14, 0x00, 0x00, 0x00, 0x14, 0x00, 0x00,
    0x00, 0x14, 0x00, 0x00, 0x00, 0x14, 0x00, 0x02, 0x00, 0x21, 0x00, 0x02, 0x00, 0x21, 0x00, 0x02,
    0x00, 0x21, 0x00, 0x02, 0x00, 0x21, 0x00, 0x00, 0x00, 0x0f, 0x00, 0x00, 0x00, 0x0f, 0x00, 0x23,
    0x00, 0x11, 0x00, 0x23, 0x00, 0x11, 0x00, 0x23, 0x00, 0x11, 0x00, 0x23, 0x00, 0x11, 0x00, 0x24,
    0x00, 0x11, 0x00, 0x00, 0x00, 0x0f, 0x00, 0x00, 0x00, 0x00, 0x00, 0x12, 0x00, 0x00, 0x00, 0x12,
    0x00, 0x00, 0x00, 0x12, 0x00, 0x00, 0x00, 0x12, 0x00, 0x00, 0x00, 0x12, 0x00, 0x00, 0x00, 0x13,
    0x00, 0x00, 0x00, 0x13, 0x00, 0x00, 0x00, 0x13, 0x00, 0x00, 0x00, 0x13, 0x00, 0x02, 0x00, 0x14,
    0x00, 0x02, 0x00, 0x14, 0x00, 0x02, 0x00, 0x14, 0x00, 0x00, 0x00, 0x00, 0x00, 0x00, 0x00, 0x00,
    0x00, 0x00, 0x00, 0x00, 0x00, 0x03, 0x00, 0x19, 0x00, 0x03, 0x00, 0x19, 0x00, 0x03, 0x00, 0x19,
    0x00, 0x03, 0x00, 0x19, 0x00, 0x04, 0x00, 0x1a, 0x00, 0x04, 0x00, 0x1a, 0x00, 0x04, 0x00, 0x1a,
    0x00, 0x06, 0x00, 0x1b, 0x00, 0x06, 0x00, 0x1b, 0x00, 0x06, 0x00, 0x1b, 0x00, 0x06, 0x00, 0x1b,
    0x00, 0x06, 0x00, 0x1b, 0x00, 0x06, 0x00, 0x1b, 0x00, 0x09, 0x00, 0x0a, 0x00, 0x1e, 0x00, 0x0a,
    0x00, 0x1e, 0x00, 0x0a, 0x00, 0x1e, 0x00, 0x0c, 0x00, 0x00, 0x00, 0x22, 0x00, 0x0b, 0x00, 0x03,
    0x00, 0x19, 0x00, 0x04, 0x00, 0x1a, 0x00, 0x00, 0x00, 0x00, 0x00, 0x00, 0x00, 0x00, 0x00, 0x00,
    0x00, 0x00, 0x00, 0x00, 0x00, 0x00, 0x00, 0x00, 0x00, 0x10, 0x00, 0x10, 0x00, 0x16, 0x00, 0x17,
    0x00, 0x20, 0x00, 0x16, 0x00, 0x17, 0x00, 0x20, 0x00, 0x00, 0x00, 0x00, 0x00, 0x25, 0x00, 0x20,
    0x00, 0x00, 0x00, 0x0d, 0x00, 0x0e, 0x00, 0x00, 0x00, 0x00, 0x00, 0x00, 0x00, 0x00, 0x00, 0x00,
    0x00, 0x00, 0x00, 0x00, 0x00, 0x00, 0x00, 0x00, 0x00, 0x00, 0x00, 0x00, 0x00, 0x00, 0x00, 0x00,
    0x00, 0x00, 0x00, 0x00, 0x00, 0x00, 0x00, 0x00, 0x00, 0x04, 0x00, 0x0c, 0x00, 0x14, 0x00, 0x0c,
    0x00, 0x0c, 0x00, 0x0c, 0x00, 0x0c, 0x00, 0x0c, 0x00, 0x0c, 0x00, 0x0c, 0x00, 0x0c, 0x00, 0x1a,
    0x00, 0x1a, 0x00, 0x21, 0x00, 0x21, 0x00, 0x00, 0x00, 0x0c, 0x00, 0x0c, 0x00, 0x0c, 0x00, 0x19,
    0x00, 0x00, 0x00, 0x00, 0x00, 0x00, 0x00, 0x00, 0x00, 0x00, 0x00, 0x00, 0x00, 0x00, 0x00, 0x00,
    0x00, 0x00, 0x00, 0x00, 0x00, 0x00, 0x00, 0x00, 0x00, 0x00, 0x00, 0x00, 0x00, 0x00, 0x00, 0x00,
    0x00, 0x00, 0x00, 0x00, 0x00, 0x00, 0x00, 0x00, 0x00, 0x00, 0x00, 0x00, 0x00, 0x00, 0x00, 0x00,
    0x00, 0x00, 0x00, 0x00, 0x00, 0x00, 0x00, 0x00, 0x00, 0x00, 0x00, 0x00, 0x00, 0x00, 0x00, 0x1f,
    0x00, 0x00, 0x00, 0x00, 0x00, 0x02, 0x00, 0x00, 0x00, 0x00, 0x00, 0x00, 0x00, 0x00, 0x00, 0x00,
    0x00, 0x02, 0x00, 0x00, 0x00, 0x05, 0x00, 0x07, 0x00, 0x14, 0x00, 0x14, 0x00, 0x0c, 0x00, 0x14,
    0x00, 0x0f, 0x00, 0x11, 0x00, 0x11, 0x00, 0x0f, 0x00, 0x0f, 0x00, 0x13, 0x00, 0x13, 0x00, 0x00,
    0x00, 0x00, 0x00, 0x1c, 0x00, 0x00, 0x00, 0x25, 0x00, 0x05, 0x00, 0x0f, 0x00, 0x0f, 0x00, 0x00,
    0x00, 0x00, 0x00, 0x00, 0x00, 0x00, 0x00, 0x00, 0x00, 0x00, 0x00, 0x00, 0x00, 0x00, 0x00, 0x00,
    0x00, 0x00, 0x00, 0x00, 0x00, 0x00, 0x00, 0x00, 0x00, 0x00, 0x00, 0x00, 0x00, 0x1f, 0x00, 0x1f,
    0x00, 0x1f, 0x00, 0x1f, 0x00, 0x1f, 0x00, 0x1f, 0x00, 0x00, 0x00, 0x00, 0x00, 0x00, 0x00, 0x00,
    0x00, 0x00, 0x00, 0x00, 0x00, 0x00, 0x00, 0x00, 0x00, 0x00, 0x00, 0x07, 0x00, 0x07, 0x00, 0x14,
    0x00, 0x14, 0x00, 0x14, 0x00, 0x14, 0x00, 0x14, 0x00, 0x14, 0x00, 0x14, 0x00, 0x14, 0x00, 0x14,
    0x00, 0x14, 0x00, 0x13, 0x00, 0x1c, 0x00, 0x1c, 0x00, 0x00, 0x00, 0x04, 0x00, 0x14, 0x00, 0x0c,
    0x00, 0x0c, 0x00, 0x0c, 0x00, 0x0c, 0x00, 0x0c, 0x00, 0x0c, 0x00, 0x0c, 0x00, 0x0c, 0x00, 0x0c,
    0x00, 0x0c, 0x00, 0x0c, 0x00, 0x0c, 0x00, 0x0c, 0x00, 0x0c, 0x00, 0x0c, 0x00, 0x0c, 0x00, 0x19,
    0x00, 0x00, 0x00, 0x00, 0x00, 0x1f, 0x00, 0x1f, 0x00, 0x1f, 0x00, 0x00, 0x00, 0x00, 0x00, 0x00,
    0x00, 0x00, 0x00, 0x00, 0x00, 0x02, 0x00, 0x02, 0x00, 0x02, 0x00, 0x02, 0x00, 0x00, 0x00, 0x00,
    0x00, 0x00, 0x00, 0x00, 0x00, 0x00, 0x00, 0x00, 0x00, 0x00, 0x00, 0x00, 0x00, 0x00, 0x00, 0x00,
    0x00, 0x00, 0x00, 0x05, 0x00, 0x05, 0x00, 0x14, 0x00, 0x14, 0x00, 0x14, 0x00, 0x14, 0x00, 0x14,
    0x00, 0x14, 0x00, 0x14, 0x00, 0x14, 0x00, 0x14, 0x00, 0x14, 0x00, 0x14, 0x00, 0x14, 0x00, 0x0f,
    0x00, 0x11, 0x00, 0x0f, 0x00, 0x0f, 0x00, 0x0f, 0x00, 0x0f, 0x00, 0x0f, 0x00, 0x13, 0x00, 0x13,
    0x00, 0x13, 0x00, 0x00, 0x00, 0x00, 0x00, 0x00, 0x00, 0x00, 0x00, 0x00, 0x00, 0x05, 0x00, 0x02,
    0x00, 0x39, 0x00, 0x05, 0x00, 0x05, 0x00, 0x00, 0x00, 0x0a, 0x00, 0x0b, 0x00, 0x01, 0x00, 0x10,
    0x00, 0x10, 0x00, 0x03, 0x00, 0x24, 0x00, 0x2a, 0x00, 0x04, 0x00, 0x2c, 0x00, 0x2f, 0x00, 0x0b,
    0x00, 0x32, 0x00, 0x3e, 0x00, 0x0f, 0x00, 0x44, 0x00, 0x46, 0x00, 0x1c, 0x00, 0x48, 0x00, 0x53,
    0x00, 0x1f, 0x00, 0x55, 0x00, 0x5e, 0x00, 0x2b, 0x00, 0x6c, 0x00, 0x6c, 0x00, 0x35, 0x00, 0x7b,
    0x00, 0x7b, 0x00, 0x36, 0x00, 0x80, 0x00, 0x90, 0x00, 0x37, 0x00, 0x92, 0x00, 0x96, 0x00, 0x48,
    0x00, 0x98, 0x00, 0xa5, 0x00, 0x4d, 0x00, 0xa7, 0x00, 0xaf, 0x00, 0x5b, 0x00, 0xb1, 0x00, 0xb6,
    0x00, 0x64, 0x00, 0xb8, 0x00, 0xce, 0x00, 0x6a, 0x00, 0xd0, 0x00, 0xd0, 0x00, 0x81, 0x00, 0xd2,
    0x00, 0xe3, 0x00, 0x82, 0x00, 0xe5, 0x00, 0xe5, 0x00, 0x94, 0x00, 0xe7, 0x00, 0xfe, 0x00, 0x95,
    0x01, 0x00, 0x01, 0x00, 0x00, 0xad, 0x01, 0x02, 0x01, 0x02, 0x00, 0xae, 0x01, 0x04, 0x01, 0x04,
    0x00, 0xaf, 0x01, 0x06, 0x01, 0x34, 0x00, 0xb0, 0x01, 0x36, 0x01, 0x36, 0x00, 0xdf, 0x01, 0x38,
    0x01, 0x3b, 0x00, 0xe0, 0x01, 0x45, 0x01, 0x48, 0x00, 0xe4, 0x01, 0x4a, 0x01, 0x4b, 0x00, 0xe8,
    0x01, 0x52, 0x01, 0x53, 0x00, 0xea, 0x01, 0x65, 0x01, 0x73, 0x00, 0xec, 0x01, 0x75, 0x01, 0x78,
    0x00, 0xfb, 0x01, 0x99, 0x01, 0x9b, 0x00, 0xff, 0x01, 0x9d, 0x01, 0x9d, 0x01, 0x02, 0x01, 0xa0,
    0x01, 0xa4, 0x01, 0x03, 0x01, 0xa6, 0x01, 0xa7, 0x01, 0x08, 0x01, 0xaa, 0x01, 0xac, 0x01, 0x0a,
    0x01, 0xb0, 0x01, 0xb0, 0x01, 0x0d, 0x01, 0xb2, 0x01, 0xb2, 0x01, 0x0e, 0x01, 0xb5, 0x01, 0xb5,
    0x01, 0x0f, 0x01, 0xcd, 0x01, 0xd0, 0x01, 0x10, 0x01, 0xd6, 0x01, 0xd7, 0x01, 0x14, 0x01, 0xde,
    0x01, 0xe1, 0x01, 0x16, 0x01, 0xe3, 0x01, 0xe5, 0x01, 0x1a, 0x01, 0xe8, 0x01, 0xea, 0x01, 0x1d,
    0x01, 0xec, 0x01, 0xed, 0x01, 0x20, 0x01, 0xef, 0x01, 0xef, 0x01, 0x22, 0x01, 0xf1, 0x01, 0xf5,
    0x01, 0x23, 0x01, 0xf7, 0x01, 0xf7, 0x01, 0x28, 0x01, 0xf9, 0x01, 0xfa, 0x01, 0x29, 0x01, 0xfe,
    0x02, 0x06, 0x01, 0x2b, 0x02, 0x0b, 0x02, 0x0b, 0x01, 0x34, 0x02, 0x0f, 0x02, 0x13, 0x01, 0x35,
    0x02, 0x17, 0x02, 0x1b, 0x01, 0x3a, 0x02, 0x21, 0x02, 0x22, 0x01, 0x3f, 0x02, 0x2a, 0x02, 0x2c,
    0x01, 0x41, 0x02, 0x2f, 0x02, 0x2f, 0x01, 0x44, 0x00, 0x00, 0x00, 0x01, 0x00, 0x00, 0x00, 0x00,
    0xd2, 0x04, 0x14, 0x05, 0x00, 0x00, 0x00, 0x00, 0xcd, 0x8c, 0xfd, 0x8c, 0x00, 0x00, 0x00, 0x00,
    0xd0, 0x7f, 0xa3, 0x8a
};

const unsigned int Doctrine_W00_Regular_compressed_size = sizeof(Doctrine_W00_Regular_compressed_data);
