// Generated by tools/font_to_header.py
// File size: 33396
inline unsigned char Kodchasan_Regular[] = {
	0x00, 0x01, 0x00, 0x00, 0x00, 0x0E, 0x00, 0x80, 0x00, 0x03, 0x00, 0x60, 0x47, 0x44, 0x45, 0x46,
	0x02, 0xD1, 0x03, 0xD5, 0x00, 0x00, 0x6C, 0xA8, 0x00, 0x00, 0x00, 0x48, 0x47, 0x50, 0x4F, 0x53,
	0xE5, 0x23, 0xD3, 0x42, 0x00, 0x00, 0x6C, 0xF0, 0x00, 0x00, 0x12, 0x3E, 0x47, 0x53, 0x55, 0x42,
	0x86, 0x93, 0x79, 0x5F, 0x00, 0x00, 0x7F, 0x30, 0x00, 0x00, 0x03, 0x42, 0x4F, 0x53, 0x2F, 0x32,
	0x5D, 0x4F, 0x76, 0xAE, 0x00, 0x00, 0x68, 0x10, 0x00, 0x00, 0x00, 0x60, 0x63, 0x6D, 0x61, 0x70,
	0x16, 0x6E, 0x36, 0xDB, 0x00, 0x00, 0x68, 0x70, 0x00, 0x00, 0x02, 0x28, 0x67, 0x61, 0x73, 0x70,
	0x00, 0x00, 0x00, 0x10, 0x00, 0x00, 0x6C, 0xA0, 0x00, 0x00, 0x00, 0x08, 0x67, 0x6C, 0x79, 0x66,
	0x0F, 0x65, 0x58, 0x86, 0x00, 0x00, 0x00, 0xEC, 0x00, 0x00, 0x60, 0x9E, 0x68, 0x65, 0x61, 0x64,
	0x10, 0x71, 0x8E, 0xF7, 0x00, 0x00, 0x63, 0xB0, 0x00, 0x00, 0x00, 0x36, 0x68, 0x68, 0x65, 0x61,
	0x06, 0x16, 0x04, 0x04, 0x00, 0x00, 0x67, 0xEC, 0x00, 0x00, 0x00, 0x24, 0x68, 0x6D, 0x74, 0x78,
	0x2C, 0xE7, 0x2F, 0x44, 0x00, 0x00, 0x63, 0xE8, 0x00, 0x00, 0x04, 0x04, 0x6C, 0x6F, 0x63, 0x61,
	0x01, 0xF2, 0x1B, 0x24, 0x00, 0x00, 0x61, 0xAC, 0x00, 0x00, 0x02, 0x04, 0x6D, 0x61, 0x78, 0x70,
	0x01, 0x11, 0x01, 0x0B, 0x00, 0x00, 0x61, 0x8C, 0x00, 0x00, 0x00, 0x20, 0x6E, 0x61, 0x6D, 0x65,
	0x2A, 0x1E, 0x40, 0x00, 0x00, 0x00, 0x6A, 0x98, 0x00, 0x00, 0x01, 0xE6, 0x70, 0x6F, 0x73, 0x74,
	0xFF, 0xB8, 0x00, 0x32, 0x00, 0x00, 0x6C, 0x80, 0x00, 0x00, 0x00, 0x20, 0x00, 0x02, 0x00, 0x4B,
	0xFF, 0xF6, 0x02, 0x8D, 0x02, 0xC6, 0x00, 0x16, 0x00, 0x1F, 0x00, 0x00, 0x16, 0x26, 0x35, 0x11,
	0x34, 0x36, 0x33, 0x32, 0x16, 0x15, 0x11, 0x14, 0x06, 0x23, 0x22, 0x26, 0x35, 0x35, 0x21, 0x15,
	0x14, 0x06, 0x23, 0x01, 0x35, 0x34, 0x26, 0x23, 0x22, 0x06, 0x15, 0x15, 0x5F, 0x14, 0x99, 0x88,
	0x87, 0x9A, 0x14, 0x12, 0x11, 0x15, 0xFE, 0x55, 0x14, 0x12, 0x01, 0xD1, 0x6E, 0x67, 0x68, 0x6E,
	0x0A, 0x15, 0x13, 0x01, 0x87, 0x88, 0x99, 0x9A, 0x87, 0xFE, 0x79, 0x13, 0x15, 0x15, 0x13, 0xE1,
	0xE1, 0x13, 0x15, 0x01, 0x47, 0x6B, 0x6B, 0x73, 0x72, 0x6C, 0x6B, 0x00, 0xFF, 0xFF, 0x00, 0x4B,
	0xFF, 0xF6, 0x02, 0x8D, 0x03, 0xE0, 0x00, 0x22, 0x00, 0x02, 0x00, 0x00, 0x00, 0x07, 0x00, 0xF5,
	0x02, 0x08, 0x00, 0xE6, 0xFF, 0xFF, 0x00, 0x4B, 0xFF, 0xF6, 0x02, 0x8D, 0x03, 0xD6, 0x00, 0x22,
	0x00, 0x02, 0x00, 0x00, 0x00, 0x07, 0x00, 0xF6, 0x01, 0x6C, 0x00, 0xE6, 0xFF, 0xFF, 0x00, 0x4B,
	0xFF, 0xF6, 0x02, 0x8D, 0x03, 0x88, 0x00, 0x22, 0x00, 0x02, 0x00, 0x00, 0x00, 0x07, 0x00, 0xF3,
	0x01, 0x6D, 0x00, 0xE6, 0xFF, 0xFF, 0x00, 0x4B, 0xFF, 0xF6, 0x02, 0x8D, 0x03, 0xE0, 0x00, 0x22,
	0x00, 0x02, 0x00, 0x00, 0x00, 0x07, 0x00, 0xF4, 0x01, 0xB3, 0x00, 0xE6, 0xFF, 0xFF, 0x00, 0x4B,
	0xFF, 0xF6, 0x02, 0x8D, 0x03, 0xC0, 0x00, 0x22, 0x00, 0x02, 0x00, 0x00, 0x00, 0x07, 0x00, 0xF7,
	0x01, 0x6C, 0x00, 0xE6, 0xFF, 0xFF, 0x00, 0x4B, 0xFF, 0xF6, 0x02, 0x8D, 0x03, 0xA2, 0x00, 0x22,
	0x00, 0x02, 0x00, 0x00, 0x00, 0x07, 0x00, 0xF8, 0x02, 0x41, 0x00, 0xE6, 0x00, 0x02, 0x00, 0x4B,
	0xFF, 0xF6, 0x04, 0x2A, 0x02, 0xC6, 0x00, 0x2F, 0x00, 0x38, 0x00, 0x00, 0x16, 0x26, 0x35, 0x11,
	0x34, 0x36, 0x33, 0x32, 0x17, 0x36, 0x36, 0x33, 0x21, 0x32, 0x15, 0x14, 0x23, 0x21, 0x22, 0x06,
	0x15, 0x15, 0x21, 0x32, 0x15, 0x14, 0x23, 0x21, 0x15, 0x14, 0x16, 0x33, 0x21, 0x32, 0x15, 0x14,
	0x06, 0x23, 0x21, 0x22, 0x26, 0x35, 0x35, 0x21, 0x15, 0x14, 0x06, 0x23, 0x01, 0x35, 0x34, 0x26,
	0x23, 0x22, 0x06, 0x15, 0x15, 0x5F, 0x14, 0x99, 0x88, 0x93, 0x4B, 0x07, 0x3E, 0x2E, 0x01, 0x30,
	0x27, 0x27, 0xFE, 0xD1, 0x18, 0x1C, 0x01, 0x17, 0x27, 0x27, 0xFE, 0xE9, 0x1C, 0x18, 0x01, 0x45,
	0x27, 0x14, 0x13, 0xFE, 0xBB, 0x3C, 0x41, 0xFE, 0x55, 0x14, 0x12, 0x01, 0xD1, 0x6E, 0x67, 0x68,
	0x6E, 0x0A, 0x15, 0x13, 0x01, 0x87, 0x88, 0x99, 0x66, 0x2D, 0x2F, 0x20, 0x1E, 0x20, 0x1A, 0xBF,
	0x20, 0x1F, 0xCE, 0x1A, 0x20, 0x1F, 0x0E, 0x11, 0x40, 0x3A, 0x85, 0xE1, 0x13, 0x15, 0x01, 0x47,
	0x6B, 0x6B, 0x73, 0x72, 0x6C, 0x6B, 0x00, 0x03, 0x00, 0x50, 0x00, 0x00, 0x02, 0x9D, 0x02, 0xBC,
	0x00, 0x15, 0x00, 0x21, 0x00, 0x2D, 0x00, 0x00, 0x32, 0x26, 0x35, 0x11, 0x34, 0x36, 0x33, 0x33,
	0x32, 0x16, 0x15, 0x14, 0x06, 0x07, 0x15, 0x16, 0x16, 0x15, 0x14, 0x06, 0x23, 0x23, 0x13, 0x32,
	0x36, 0x35, 0x34, 0x26, 0x23, 0x23, 0x22, 0x06, 0x15, 0x15, 0x01, 0x32, 0x36, 0x35, 0x34, 0x26,
	0x23, 0x21, 0x15, 0x14, 0x16, 0x33, 0x94, 0x44, 0x43, 0x3C, 0xED, 0x65, 0x70, 0x36, 0x2F, 0x35,
	0x3C, 0x72, 0x63, 0xF7, 0xF3, 0x3B, 0x46, 0x46, 0x43, 0xEC, 0x17, 0x1E, 0x01, 0x29, 0x45, 0x48,
	0x4C, 0x42, 0xFE, 0xD8, 0x1E, 0x17, 0x41, 0x39, 0x01, 0xCA, 0x38, 0x40, 0x64, 0x5B, 0x34, 0x4D,
	0x14, 0x02, 0x13, 0x51, 0x37, 0x5E, 0x6D, 0x01, 0x84, 0x42, 0x37, 0x3F, 0x42, 0x21, 0x19, 0xC0,
	0xFE, 0xBB, 0x47, 0x44, 0x3B, 0x42, 0xCF, 0x19, 0x20, 0x00, 0x00, 0x01, 0x00, 0x37, 0xFF, 0xF6,
	0x02, 0xB5, 0x02, 0xC6, 0x00, 0x2B, 0x00, 0x00, 0x04, 0x26, 0x26, 0x35, 0x34, 0x36, 0x36, 0x33,
	0x32, 0x16, 0x17, 0x16, 0x15, 0x14, 0x07, 0x06, 0x23, 0x22, 0x27, 0x26, 0x26, 0x23, 0x22, 0x06,
	0x06, 0x15, 0x14, 0x16, 0x16, 0x33, 0x32, 0x36, 0x37, 0x36, 0x33, 0x32, 0x17, 0x16, 0x15, 0x14,
	0x07, 0x06, 0x06, 0x23, 0x01, 0x2A, 0x9D, 0x56, 0x56, 0x9D, 0x67, 0x56, 0x91, 0x29, 0x08, 0x0E,
	0x09, 0x0B, 0x13, 0x0D, 0x20, 0x6E, 0x48, 0x53, 0x7A, 0x41, 0x41, 0x7B, 0x53, 0x4D, 0x73, 0x21,
	0x0F, 0x11, 0x0C, 0x08, 0x0E, 0x09, 0x29, 0x97, 0x5A, 0x0A, 0x59, 0xA3, 0x6B, 0x6C, 0xA4, 0x59,
	0x3A, 0x34, 0x09, 0x0D, 0x10, 0x0A, 0x06, 0x0F, 0x29, 0x2C, 0x48, 0x86, 0x5B, 0x5A, 0x85, 0x48,
	0x2D, 0x28, 0x10, 0x07, 0x0C, 0x0E, 0x0C, 0x0B, 0x32, 0x3B, 0x00, 0x01, 0x00, 0x37, 0xFF, 0x2D,
	0x02, 0xB5, 0x02, 0xC6, 0x00, 0x4E, 0x00, 0x00, 0x24, 0x15, 0x14, 0x07, 0x06, 0x06, 0x0F, 0x02,
	0x36, 0x16, 0x15, 0x14, 0x06, 0x23, 0x22, 0x26, 0x27, 0x26, 0x35, 0x34, 0x37, 0x36, 0x33, 0x32,
	0x17, 0x16, 0x16, 0x33, 0x32, 0x36, 0x35, 0x34, 0x23, 0x22, 0x07, 0x06, 0x26, 0x35, 0x34, 0x37,
	0x37, 0x2E, 0x02, 0x35, 0x34, 0x36, 0x36, 0x33, 0x32, 0x16, 0x17, 0x16, 0x15, 0x14, 0x07, 0x06,
	0x23, 0x22, 0x27, 0x26, 0x26, 0x23, 0x22, 0x06, 0x06, 0x15, 0x14, 0x16, 0x16, 0x33, 0x32, 0x36,
	0x37, 0x36, 0x33, 0x32, 0x17, 0x02, 0xB5, 0x09, 0x26, 0x88, 0x52, 0x01, 0x18, 0x29, 0x2B, 0x34,
	0x2F, 0x21, 0x38, 0x0F, 0x06, 0x0B, 0x08, 0x07, 0x0B, 0x09, 0x0A, 0x20, 0x13, 0x16, 0x16, 0x24,
	0x08, 0x04, 0x0F, 0x15, 0x03, 0x14, 0x5F, 0x8D, 0x4D, 0x56, 0x9D, 0x67, 0x56, 0x91, 0x29, 0x08,
	0x0E, 0x09, 0x0B, 0x13, 0x0D, 0x20, 0x6E, 0x48, 0x53, 0x7A, 0x41, 0x41, 0x7B, 0x53, 0x4D, 0x73,
	0x21, 0x0F, 0x11, 0x0C, 0x08, 0x88, 0x0E, 0x0C, 0x0B, 0x2F, 0x39, 0x04, 0x03, 0x2D, 0x01, 0x28,
	0x1F, 0x25, 0x2F, 0x1D, 0x15, 0x07, 0x08, 0x0A, 0x0A, 0x06, 0x0C, 0x0E, 0x10, 0x14, 0x11, 0x24,
	0x01, 0x02, 0x0F, 0x0D, 0x06, 0x06, 0x2B, 0x07, 0x5D, 0x9C, 0x66, 0x6C, 0xA4, 0x59, 0x3A, 0x34,
	0x09, 0x0D, 0x10, 0x0A, 0x06, 0x0F, 0x29, 0x2C, 0x48, 0x86, 0x5B, 0x5A, 0x85, 0x48, 0x2D, 0x28,
	0x10, 0x07, 0x00, 0x02, 0x00, 0x50, 0x00, 0x00, 0x02, 0xB2, 0x02, 0xBC, 0x00, 0x10, 0x00, 0x1F,
	0x00, 0x00, 0x32, 0x26, 0x35, 0x11, 0x34, 0x36, 0x33, 0x33, 0x32, 0x16, 0x16, 0x15, 0x14, 0x06,
	0x06, 0x23, 0x23, 0x37, 0x32, 0x36, 0x35, 0x34, 0x26, 0x23, 0x23, 0x22, 0x06, 0x15, 0x11, 0x14,
	0x16, 0x33, 0x94, 0x44, 0x43, 0x3C, 0x8C, 0x68, 0x9B, 0x54, 0x54, 0x9B, 0x68, 0x8A, 0x80, 0x84,
	0x91, 0x92, 0x83, 0x81, 0x18, 0x1D, 0x1D, 0x18, 0x41, 0x39, 0x01, 0xCA, 0x38, 0x40, 0x57, 0x9E,
	0x6A, 0x6A, 0x9D, 0x56, 0x3E, 0x96, 0x89, 0x89, 0x98, 0x20, 0x1A, 0xFE, 0x34, 0x1A, 0x20, 0x00,
	0x00, 0x02, 0x00, 0x27, 0x00, 0x00, 0x02, 0xEC, 0x02, 0xBC, 0x00, 0x18, 0x00, 0x2E, 0x00, 0x00,
	0x32, 0x26, 0x35, 0x35, 0x23, 0x22, 0x26, 0x35, 0x34, 0x33, 0x33, 0x35, 0x34, 0x36, 0x33, 0x33,
	0x32, 0x16, 0x16, 0x15, 0x14, 0x06, 0x06, 0x23, 0x23, 0x37, 0x32, 0x36, 0x35, 0x34, 0x26, 0x23,
	0x23, 0x22, 0x06, 0x15, 0x15, 0x33, 0x32, 0x15, 0x14, 0x23, 0x23, 0x15, 0x14, 0x16, 0x33, 0xCD,
	0x44, 0x3A, 0x13, 0x15, 0x28, 0x3A, 0x44, 0x3B, 0x8D, 0x68, 0x9B, 0x54, 0x54, 0x9B, 0x68, 0x8B,
	0x81, 0x83, 0x91, 0x91, 0x83, 0x81, 0x18, 0x1D, 0xA6, 0x27, 0x27, 0xA6, 0x1D, 0x18, 0x40, 0x3A,
	0xC7, 0x0F, 0x0E, 0x20, 0xC6, 0x38, 0x40, 0x57, 0x9E, 0x6A, 0x6A, 0x9D, 0x56, 0x3E, 0x96, 0x89,
	0x89, 0x98, 0x20, 0x1A, 0xC6, 0x20, 0x1D, 0xC9, 0x1A, 0x20, 0x00, 0x01, 0x00, 0x50, 0x00, 0x00,
	0x02, 0x42, 0x02, 0xBC, 0x00, 0x23, 0x00, 0x00, 0x32, 0x26, 0x35, 0x11, 0x34, 0x36, 0x33, 0x21,
	0x32, 0x15, 0x14, 0x06, 0x23, 0x21, 0x22, 0x06, 0x15, 0x15, 0x21, 0x32, 0x15, 0x14, 0x06, 0x23,
	0x21, 0x15, 0x14, 0x16, 0x33, 0x21, 0x32, 0x15, 0x14, 0x06, 0x23, 0x21, 0x94, 0x44, 0x43, 0x3C,
	0x01, 0x36, 0x27, 0x14, 0x13, 0xFE, 0xCB, 0x18, 0x1D, 0x01, 0x1E, 0x27, 0x15, 0x12, 0xFE, 0xE2,
	0x1D, 0x18, 0x01, 0x4B, 0x27, 0x15, 0x12, 0xFE, 0xB6, 0x40, 0x3A, 0x01, 0xCA, 0x38, 0x40, 0x20,
	0x0E, 0x10, 0x20, 0x1A, 0xBF, 0x20, 0x0F, 0x10, 0xCE, 0x1A, 0x20, 0x1F, 0x0F, 0x10, 0xFF, 0xFF,
	0x00, 0x50, 0x00, 0x00, 0x02, 0x42, 0x03, 0xE0, 0x00, 0x22, 0x00, 0x0F, 0x00, 0x00, 0x00, 0x07,
	0x00, 0xF9, 0x01, 0x0D, 0x00, 0xE6, 0xFF, 0xFF, 0x00, 0x50, 0x00, 0x00, 0x02, 0x42, 0x03, 0xD6,
	0x00, 0x22, 0x00, 0x0F, 0x00, 0x00, 0x00, 0x07, 0x00, 0xFB, 0x00, 0x93, 0x00, 0xE6, 0xFF, 0xFF,
	0x00, 0x50, 0x00, 0x00, 0x02, 0x42, 0x03, 0x88, 0x00, 0x22, 0x00, 0x0F, 0x00, 0x00, 0x00, 0x07,
	0x00, 0xFC, 0x00, 0x8A, 0x00, 0xE6, 0xFF, 0xFF, 0x00, 0x50, 0x00, 0x00, 0x02, 0x42, 0x03, 0xE0,
	0x00, 0x22, 0x00, 0x0F, 0x00, 0x00, 0x00, 0x07, 0x00, 0xFD, 0x00, 0xBD, 0x00, 0xE6, 0x00, 0x01,
	0x00, 0x50, 0xFF, 0xF6, 0x02, 0x2C, 0x02, 0xBC, 0x00, 0x1C, 0x00, 0x00, 0x16, 0x26, 0x35, 0x11,
	0x34, 0x36, 0x33, 0x21, 0x32, 0x15, 0x14, 0x06, 0x23, 0x21, 0x22, 0x06, 0x15, 0x15, 0x21, 0x32,
	0x15, 0x14, 0x06, 0x23, 0x21, 0x11, 0x14, 0x06, 0x23, 0x64, 0x14, 0x43, 0x3C, 0x01, 0x36, 0x27,
	0x14, 0x13, 0xFE, 0xCB, 0x18, 0x1D, 0x01, 0x1E, 0x27, 0x15, 0x12, 0xFE, 0xE2, 0x14, 0x12, 0x0A,
	0x15, 0x13, 0x02, 0x26, 0x38, 0x40, 0x20, 0x0E, 0x10, 0x20, 0x1A, 0xC9, 0x20, 0x0F, 0x10, 0xFE,
	0xE2, 0x13, 0x15, 0x00, 0x00, 0x01, 0x00, 0x36, 0xFF, 0xF6, 0x02, 0xC6, 0x02, 0xC6, 0x00, 0x33,
	0x00, 0x00, 0x04, 0x26, 0x26, 0x35, 0x34, 0x36, 0x36, 0x33, 0x32, 0x16, 0x17, 0x16, 0x15, 0x14,
	0x07, 0x06, 0x23, 0x22, 0x26, 0x27, 0x26, 0x26, 0x23, 0x22, 0x06, 0x06, 0x15, 0x14, 0x16, 0x33,
	0x32, 0x36, 0x36, 0x35, 0x35, 0x34, 0x26, 0x23, 0x23, 0x22, 0x35, 0x34, 0x33, 0x33, 0x32, 0x16,
	0x15, 0x15, 0x14, 0x06, 0x06, 0x23, 0x01, 0x2A, 0x9E, 0x56, 0x56, 0x9F, 0x69, 0x55, 0x93, 0x27,
	0x09, 0x0E, 0x09, 0x0B, 0x09, 0x12, 0x06, 0x1F, 0x6E, 0x48, 0x54, 0x7C, 0x42, 0x92, 0x80, 0x43,
	0x68, 0x3B, 0x15, 0x1D, 0x98, 0x26, 0x26, 0xA5, 0x39, 0x38, 0x50, 0x8C, 0x56, 0x0A, 0x58, 0xA3,
	0x6C, 0x6C, 0xA4, 0x59, 0x3A, 0x33, 0x0A, 0x0E, 0x10, 0x09, 0x06, 0x09, 0x07, 0x27, 0x2D, 0x48,
	0x86, 0x5B, 0x8A, 0x9D, 0x2B, 0x4D, 0x31, 0x22, 0x1B, 0x18, 0x1E, 0x20, 0x32, 0x34, 0x26, 0x43,
	0x6E, 0x3F, 0x00, 0x01, 0x00, 0x4F, 0xFF, 0xF6, 0x02, 0x9C, 0x02, 0xC6, 0x00, 0x1F, 0x00, 0x00,
	0x16, 0x26, 0x35, 0x11, 0x34, 0x36, 0x33, 0x32, 0x16, 0x15, 0x11, 0x21, 0x11, 0x34, 0x36, 0x33,
	0x32, 0x16, 0x15, 0x11, 0x14, 0x06, 0x23, 0x22, 0x26, 0x35, 0x11, 0x21, 0x11, 0x14, 0x06, 0x23,
	0x63, 0x14, 0x14, 0x11, 0x12, 0x14, 0x01, 0xB7, 0x14, 0x12, 0x11, 0x14, 0x14, 0x11, 0x11, 0x15,
	0xFE, 0x49, 0x14, 0x12, 0x0A, 0x15, 0x13, 0x02, 0x80, 0x13, 0x15, 0x15, 0x13, 0xFE, 0xE9, 0x01,
	0x17, 0x13, 0x15, 0x15, 0x13, 0xFD, 0x80, 0x13, 0x15, 0x15, 0x13, 0x01, 0x2A, 0xFE, 0xD6, 0x13,
	0x15, 0x00, 0x00, 0x01, 0x00, 0x6F, 0xFF, 0xF6, 0x00, 0xBA, 0x02, 0xC6, 0x00, 0x0D, 0x00, 0x00,
	0x16, 0x26, 0x35, 0x11, 0x34, 0x36, 0x33, 0x32, 0x16, 0x15, 0x11, 0x14, 0x06, 0x23, 0x83, 0x14,
	0x14, 0x11, 0x12, 0x14, 0x14, 0x12, 0x0A, 0x15, 0x13, 0x02, 0x80, 0x13, 0x15, 0x16, 0x12, 0xFD,
	0x80, 0x12, 0x16, 0x00, 0xFF, 0xFF, 0x00, 0x6F, 0xFF, 0xF6, 0x01, 0x04, 0x03, 0xE0, 0x00, 0x22,
	0x00, 0x17, 0x00, 0x00, 0x00, 0x07, 0x00, 0xF9, 0x00, 0x4F, 0x00, 0xE6, 0xFF, 0xFF, 0x00, 0x00,
	0xFF, 0xF6, 0x01, 0x28, 0x03, 0xD6, 0x00, 0x22, 0x00, 0x17, 0x00, 0x00, 0x00, 0x07, 0x00, 0xFB,
	0xFF, 0xD5, 0x00, 0xE6, 0xFF, 0xFF, 0xFF, 0xFA, 0xFF, 0xF6, 0x01, 0x2E, 0x03, 0x88, 0x00, 0x22,
	0x00, 0x17, 0x00, 0x00, 0x00, 0x07, 0x00, 0xFC, 0xFF, 0xCC, 0x00, 0xE6, 0xFF, 0xFF, 0x00, 0x2B,
	0xFF, 0xF6, 0x00, 0xBA, 0x03, 0xE0, 0x00, 0x22, 0x00, 0x17, 0x00, 0x00, 0x00, 0x07, 0x00, 0xFD,
	0xFF, 0xFF, 0x00, 0xE6, 0x00, 0x01, 0x00, 0x2C, 0xFF, 0xF6, 0x02, 0x0B, 0x02, 0xC6, 0x00, 0x1B,
	0x00, 0x00, 0x16, 0x27, 0x26, 0x35, 0x34, 0x37, 0x36, 0x33, 0x32, 0x17, 0x16, 0x16, 0x33, 0x32,
	0x36, 0x35, 0x11, 0x34, 0x36, 0x33, 0x32, 0x16, 0x15, 0x11, 0x14, 0x06, 0x06, 0x23, 0x8B, 0x56,
	0x09, 0x0E, 0x09, 0x0D, 0x13, 0x0C, 0x22, 0x57, 0x40, 0x48, 0x4F, 0x13, 0x12, 0x12, 0x15, 0x3A,
	0x67, 0x42, 0x0A, 0x72, 0x0B, 0x0B, 0x0F, 0x0B, 0x08, 0x10, 0x2F, 0x2A, 0x55, 0x4D, 0x01, 0xC5,
	0x13, 0x15, 0x15, 0x13, 0xFE, 0x3F, 0x44, 0x69, 0x3A, 0x00, 0x00, 0x01, 0x00, 0x51, 0xFF, 0xF6,
	0x02, 0x75, 0x02, 0xC6, 0x00, 0x25, 0x00, 0x00, 0x04, 0x27, 0x26, 0x26, 0x27, 0x07, 0x15, 0x14,
	0x06, 0x23, 0x22, 0x26, 0x35, 0x11, 0x34, 0x36, 0x33, 0x32, 0x16, 0x15, 0x11, 0x01, 0x36, 0x33,
	0x32, 0x17, 0x16, 0x15, 0x14, 0x07, 0x05, 0x16, 0x16, 0x17, 0x17, 0x14, 0x06, 0x23, 0x02, 0x38,
	0x09, 0x20, 0x82, 0x73, 0x7E, 0x14, 0x12, 0x11, 0x14, 0x14, 0x11, 0x12, 0x14, 0x01, 0x8F, 0x0B,
	0x0B, 0x0E, 0x0B, 0x0A, 0x0C, 0xFE, 0xF5, 0x82, 0x91, 0x14, 0x01, 0x13, 0x0F, 0x09, 0x1E, 0x78,
	0xA3, 0x42, 0x67, 0xED, 0x13, 0x15, 0x15, 0x13, 0x02, 0x80, 0x13, 0x15, 0x15, 0x13, 0xFE, 0xC3,
	0x01, 0x58, 0x09, 0x0B, 0x0A, 0x0E, 0x0D, 0x0B, 0xE9, 0x4D, 0xBA, 0x76, 0x08, 0x10, 0x12, 0x00,
	0x00, 0x01, 0x00, 0x52, 0x00, 0x00, 0x02, 0x46, 0x02, 0xC6, 0x00, 0x14, 0x00, 0x00, 0x32, 0x26,
	0x35, 0x11, 0x34, 0x36, 0x33, 0x32, 0x16, 0x15, 0x11, 0x14, 0x16, 0x33, 0x21, 0x32, 0x15, 0x14,
	0x06, 0x23, 0x21, 0x96, 0x44, 0x14, 0x11, 0x12, 0x14, 0x1D, 0x18, 0x01, 0x4D, 0x27, 0x14, 0x13,
	0xFE, 0xB4, 0x41, 0x39, 0x02, 0x24, 0x13, 0x15, 0x15, 0x13, 0xFD, 0xDA, 0x1A, 0x20, 0x1F, 0x0F,
	0x10, 0x00, 0xFF, 0xFF, 0x00, 0x52, 0x00, 0x00, 0x02, 0x46, 0x02, 0xC6, 0x00, 0x22, 0x00, 0x1E,
	0x00, 0x00, 0x00, 0x03, 0x00, 0xAE, 0x00, 0xFA, 0x00, 0x00, 0x00, 0x01, 0x00, 0x4B, 0xFF, 0xF6,
	0x03, 0x89, 0x02, 0xC6, 0x00, 0x2F, 0x00, 0x00, 0x16, 0x26, 0x35, 0x11, 0x34, 0x36, 0x33, 0x32,
	0x16, 0x17, 0x36, 0x36, 0x33, 0x32, 0x16, 0x15, 0x11, 0x14, 0x06, 0x23, 0x22, 0x26, 0x35, 0x11,
	0x34, 0x26, 0x23, 0x22, 0x06, 0x15, 0x11, 0x14, 0x06, 0x23, 0x22, 0x26, 0x35, 0x11, 0x34, 0x26,
	0x23, 0x22, 0x06, 0x15, 0x11, 0x14, 0x06, 0x23, 0x5F, 0x14, 0x78, 0x69, 0x3D, 0x67, 0x1A, 0x1A,
	0x65, 0x3F, 0x69, 0x78, 0x15, 0x11, 0x12, 0x13, 0x47, 0x51, 0x47, 0x50, 0x14, 0x11, 0x11, 0x13,
	0x54, 0x44, 0x51, 0x47, 0x14, 0x12, 0x0A, 0x15, 0x13, 0x01, 0xC4, 0x6A, 0x7A, 0x3F, 0x34, 0x35,
	0x3E, 0x79, 0x6B, 0xFE, 0x3C, 0x13, 0x15, 0x15, 0x13, 0x01, 0xC4, 0x4F, 0x54, 0x57, 0x4C, 0xFE,
	0x3C, 0x13, 0x15, 0x15, 0x13, 0x01, 0xC4, 0x4A, 0x59, 0x54, 0x4F, 0xFE, 0x3C, 0x13, 0x15, 0x00,
	0x00, 0x01, 0x00, 0x4A, 0xFF, 0xF6, 0x02, 0x91, 0x02, 0xC6, 0x00, 0x1D, 0x00, 0x00, 0x16, 0x26,
	0x35, 0x11, 0x34, 0x36, 0x36, 0x33, 0x32, 0x16, 0x16, 0x15, 0x11, 0x14, 0x06, 0x23, 0x22, 0x26,
	0x35, 0x11, 0x34, 0x26, 0x23, 0x22, 0x06, 0x15, 0x11, 0x14, 0x06, 0x23, 0x5E, 0x14, 0x47, 0x84,
	0x59, 0x59, 0x83, 0x47, 0x13, 0x12, 0x11, 0x15, 0x72, 0x66, 0x64, 0x75, 0x14, 0x12, 0x0A, 0x15,
	0x13, 0x01, 0x98, 0x53, 0x7B, 0x42, 0x42, 0x7B, 0x53, 0xFE, 0x68, 0x13, 0x15, 0x15, 0x13, 0x01,
	0x9B, 0x61, 0x6C, 0x6E, 0x5F, 0xFE, 0x65, 0x13, 0x15, 0x00, 0xFF, 0xFF, 0x00, 0x4A, 0xFF, 0xF6,
	0x02, 0x91, 0x03, 0x9F, 0x00, 0x22, 0x00, 0x21, 0x00, 0x00, 0x00, 0x07, 0x01, 0x00, 0x00, 0x98,
	0x00, 0xE6, 0x00, 0x02, 0x00, 0x36, 0xFF, 0xF6, 0x02, 0xFE, 0x02, 0xC6, 0x00, 0x0F, 0x00, 0x1F,
	0x00, 0x00, 0x04, 0x26, 0x26, 0x35, 0x34, 0x36, 0x36, 0x33, 0x32, 0x16, 0x16, 0x15, 0x14, 0x06,
	0x06, 0x23, 0x3E, 0x02, 0x35, 0x34, 0x26, 0x26, 0x23, 0x22, 0x06, 0x06, 0x15, 0x14, 0x16, 0x16,
	0x33, 0x01, 0x35, 0xA2, 0x5D, 0x5D, 0xA2, 0x65, 0x65, 0xA2, 0x5D, 0x5D, 0xA2, 0x65, 0x51, 0x7F,
	0x49, 0x4B, 0x81, 0x4F, 0x50, 0x7F, 0x48, 0x49, 0x7F, 0x51, 0x0A, 0x59, 0xA4, 0x6B, 0x6C, 0xA3,
	0x59, 0x59, 0xA3, 0x6C, 0x6B, 0xA4, 0x59, 0x40, 0x46, 0x85, 0x5D, 0x5E, 0x86, 0x44, 0x46, 0x86,
	0x5C, 0x5D, 0x85, 0x46, 0xFF, 0xFF, 0x00, 0x36, 0xFF, 0xF6, 0x02, 0xFE, 0x03, 0xE0, 0x00, 0x22,
	0x00, 0x23, 0x00, 0x00, 0x00, 0x07, 0x00, 0xF9, 0x01, 0x55, 0x00, 0xE6, 0xFF, 0xFF, 0x00, 0x36,
	0xFF, 0xF6, 0x02, 0xFE, 0x03, 0xD6, 0x00, 0x22, 0x00, 0x23, 0x00, 0x00, 0x00, 0x07, 0x00, 0xFB,
	0x00, 0xDB, 0x00, 0xE6, 0xFF, 0xFF, 0x00, 0x36, 0xFF, 0xF6, 0x02, 0xFE, 0x03, 0x88, 0x00, 0x22,
	0x00, 0x23, 0x00, 0x00, 0x00, 0x07, 0x00, 0xFC, 0x00, 0xD2, 0x00, 0xE6, 0xFF, 0xFF, 0x00, 0x36,
	0xFF, 0xF6, 0x02, 0xFE, 0x03, 0xE0, 0x00, 0x22, 0x00, 0x23, 0x00, 0x00, 0x00, 0x07, 0x00, 0xFD,
	0x01, 0x05, 0x00, 0xE6, 0x00, 0x03, 0x00, 0x2D, 0xFF, 0xBB, 0x02, 0xFB, 0x03, 0x03, 0x00, 0x27,
	0x00, 0x31, 0x00, 0x3B, 0x00, 0x00, 0x00, 0x16, 0x15, 0x14, 0x06, 0x06, 0x23, 0x22, 0x27, 0x07,
	0x06, 0x06, 0x23, 0x22, 0x26, 0x35, 0x34, 0x37, 0x37, 0x26, 0x26, 0x35, 0x34, 0x36, 0x36, 0x33,
	0x32, 0x17, 0x37, 0x36, 0x36, 0x33, 0x32, 0x17, 0x16, 0x16, 0x15, 0x14, 0x07, 0x07, 0x00, 0x16,
	0x17, 0x13, 0x26, 0x23, 0x22, 0x06, 0x06, 0x15, 0x00, 0x36, 0x36, 0x35, 0x34, 0x26, 0x27, 0x03,
	0x16, 0x33, 0x02, 0x9D, 0x5E, 0x5B, 0xA3, 0x69, 0x40, 0x39, 0x19, 0x04, 0x13, 0x0B, 0x11, 0x15,
	0x03, 0x19, 0x50, 0x59, 0x5B, 0xA3, 0x69, 0x3D, 0x33, 0x19, 0x04, 0x14, 0x0B, 0x09, 0x07, 0x0B,
	0x0C, 0x03, 0x1A, 0xFE, 0x36, 0x3D, 0x38, 0xF1, 0x29, 0x2D, 0x52, 0x7B, 0x43, 0x01, 0x67, 0x7D,
	0x44, 0x41, 0x3B, 0xF3, 0x28, 0x33, 0x02, 0x6E, 0xA5, 0x6B, 0x69, 0xA4, 0x5B, 0x11, 0x37, 0x0A,
	0x0B, 0x15, 0x0E, 0x08, 0x08, 0x37, 0x2E, 0xA2, 0x69, 0x69, 0xA4, 0x5B, 0x0F, 0x36, 0x0A, 0x0C,
	0x04, 0x05, 0x11, 0x0A, 0x06, 0x06, 0x38, 0xFE, 0x70, 0x7F, 0x25, 0x02, 0x0F, 0x0B, 0x48, 0x84,
	0x57, 0xFE, 0xDD, 0x48, 0x83, 0x58, 0x55, 0x82, 0x24, 0xFD, 0xEF, 0x0D, 0xFF, 0xFF, 0x00, 0x36,
	0xFF, 0xF6, 0x02, 0xFE, 0x03, 0x9F, 0x00, 0x22, 0x00, 0x23, 0x00, 0x00, 0x00, 0x07, 0x01, 0x00,
	0x00, 0xC5, 0x00, 0xE6, 0x00, 0x02, 0x00, 0x50, 0xFF, 0xF6, 0x02, 0x96, 0x02, 0xBC, 0x00, 0x11,
	0x00, 0x1D, 0x00, 0x00, 0x16, 0x26, 0x35, 0x11, 0x34, 0x36, 0x33, 0x33, 0x20, 0x15, 0x14, 0x06,
	0x23, 0x23, 0x15, 0x14, 0x06, 0x23, 0x00, 0x36, 0x35, 0x34, 0x26, 0x23, 0x23, 0x22, 0x06, 0x15,
	0x11, 0x33, 0x64, 0x14, 0x43, 0x3C, 0xAA, 0x01, 0x1D, 0x91, 0x88, 0xE2, 0x14, 0x12, 0x01, 0x69,
	0x6B, 0x68, 0x63, 0xAE, 0x18, 0x1D, 0xE2, 0x0A, 0x15, 0x13, 0x02, 0x26, 0x38, 0x40, 0xEF, 0x6E,
	0x77, 0xCA, 0x13, 0x15, 0x01, 0x31, 0x4C, 0x5A, 0x5E, 0x53, 0x20, 0x1A, 0xFE, 0xE3, 0x00, 0x02,
	0x00, 0x46, 0xFF, 0xF6, 0x02, 0x40, 0x02, 0xC7, 0x00, 0x16, 0x00, 0x1F, 0x00, 0x00, 0x16, 0x26,
	0x35, 0x11, 0x34, 0x36, 0x33, 0x32, 0x16, 0x15, 0x15, 0x33, 0x32, 0x16, 0x15, 0x14, 0x06, 0x23,
	0x23, 0x15, 0x14, 0x06, 0x23, 0x37, 0x32, 0x36, 0x35, 0x34, 0x26, 0x23, 0x23, 0x11, 0x5C, 0x16,
	0x16, 0x14, 0x14, 0x17, 0xBE, 0x6A, 0x7D, 0x7D, 0x6A, 0xBE, 0x17, 0x14, 0xE9, 0x44, 0x4D, 0x4D,
	0x44, 0xBE, 0x0A, 0x17, 0x14, 0x02, 0x7B, 0x14, 0x17, 0x17, 0x14, 0x56, 0x74, 0x62, 0x62, 0x74,
	0x79, 0x14, 0x17, 0xE9, 0x4D, 0x44, 0x44, 0x4D, 0xFE, 0xDE, 0x00, 0x03, 0x00, 0x36, 0xFF, 0xD8,
	0x02, 0xFE, 0x02, 0xC6, 0x00, 0x1D, 0x00, 0x31, 0x00, 0x3A, 0x00, 0x00, 0x04, 0x23, 0x22, 0x27,
	0x26, 0x27, 0x06, 0x23, 0x22, 0x26, 0x26, 0x35, 0x34, 0x36, 0x36, 0x33, 0x32, 0x16, 0x16, 0x15,
	0x14, 0x06, 0x07, 0x16, 0x17, 0x17, 0x16, 0x15, 0x14, 0x07, 0x24, 0x36, 0x33, 0x32, 0x16, 0x17,
	0x36, 0x36, 0x35, 0x34, 0x26, 0x26, 0x23, 0x22, 0x06, 0x06, 0x15, 0x14, 0x16, 0x17, 0x04, 0x37,
	0x26, 0x23, 0x22, 0x06, 0x07, 0x16, 0x33, 0x02, 0xA3, 0x0C, 0x12, 0x08, 0x08, 0x1C, 0x57, 0x68,
	0x65, 0xA2, 0x5D, 0x5D, 0xA2, 0x65, 0x65, 0xA2, 0x5D, 0x3B, 0x34, 0x08, 0x0A, 0x12, 0x06, 0x0F,
	0xFE, 0x47, 0x6D, 0x40, 0x42, 0x65, 0x23, 0x24, 0x27, 0x4B, 0x81, 0x4F, 0x50, 0x7F, 0x48, 0x29,
	0x24, 0x01, 0x24, 0x44, 0x37, 0x5F, 0x35, 0x53, 0x18, 0x43, 0x57, 0x28, 0x0F, 0x10, 0x34, 0x35,
	0x59, 0xA4, 0x6B, 0x6C, 0xA3, 0x59, 0x59, 0xA3, 0x6C, 0x55, 0x89, 0x2F, 0x11, 0x11, 0x23, 0x0E,
	0x09, 0x0F, 0x09, 0xDD, 0x3B, 0x38, 0x31, 0x26, 0x6A, 0x42, 0x5E, 0x86, 0x44, 0x46, 0x86, 0x5C,
	0x43, 0x6C, 0x26, 0x53, 0x2C, 0x53, 0x2E, 0x27, 0x2A, 0x00, 0x00, 0x02, 0x00, 0x4C, 0xFF, 0xF6,
	0x02, 0x9A, 0x02, 0xBC, 0x00, 0x1B, 0x00, 0x27, 0x00, 0x00, 0x13, 0x34, 0x36, 0x33, 0x33, 0x20,
	0x15, 0x14, 0x06, 0x23, 0x17, 0x16, 0x15, 0x14, 0x07, 0x06, 0x23, 0x22, 0x27, 0x27, 0x23, 0x15,
	0x14, 0x06, 0x23, 0x22, 0x26, 0x35, 0x01, 0x32, 0x36, 0x35, 0x34, 0x26, 0x23, 0x23, 0x22, 0x06,
	0x15, 0x15, 0x4C, 0x43, 0x40, 0xBB, 0x01, 0x10, 0x84, 0x85, 0xC2, 0x09, 0x0F, 0x0C, 0x0D, 0x14,
	0x12, 0xE6, 0x87, 0x17, 0x14, 0x14, 0x16, 0x01, 0x43, 0x5C, 0x59, 0x5A, 0x5B, 0xBB, 0x17, 0x1C,
	0x02, 0x3F, 0x39, 0x44, 0xE2, 0x6D, 0x70, 0xC9, 0x09, 0x0E, 0x12, 0x0B, 0x09, 0x14, 0xF2, 0xDC,
	0x14, 0x17, 0x17, 0x14, 0x01, 0x21, 0x45, 0x53, 0x54, 0x49, 0x1E, 0x1A, 0xFD, 0x00, 0x00, 0x01,
	0x00, 0x37, 0xFF, 0xF6, 0x02, 0x72, 0x02, 0xC6, 0x00, 0x33, 0x00, 0x00, 0x04, 0x26, 0x27, 0x26,
	0x35, 0x34, 0x37, 0x36, 0x33, 0x32, 0x17, 0x16, 0x16, 0x33, 0x32, 0x36, 0x35, 0x34, 0x26, 0x27,
	0x26, 0x26, 0x35, 0x34, 0x36, 0x33, 0x32, 0x16, 0x17, 0x16, 0x15, 0x14, 0x07, 0x06, 0x23, 0x22,
	0x27, 0x26, 0x26, 0x23, 0x22, 0x15, 0x14, 0x16, 0x16, 0x17, 0x16, 0x16, 0x15, 0x14, 0x06, 0x23,
	0x01, 0x0D, 0xA1, 0x2D, 0x08, 0x0F, 0x08, 0x09, 0x12, 0x0E, 0x29, 0x7D, 0x50, 0x58, 0x60, 0x5D,
	0x6F, 0x91, 0x7F, 0x8D, 0x78, 0x5B, 0x93, 0x1F, 0x06, 0x11, 0x07, 0x09, 0x16, 0x0C, 0x1D, 0x6A,
	0x49, 0xB9, 0x26, 0x55, 0x4C, 0x94, 0x82, 0x8D, 0x78, 0x0A, 0x41, 0x39, 0x0A, 0x0B, 0x0E, 0x0D,
	0x06, 0x11, 0x2D, 0x31, 0x41, 0x3C, 0x34, 0x40, 0x19, 0x20, 0x61, 0x50, 0x53, 0x61, 0x40, 0x36,
	0x0A, 0x09, 0x10, 0x0C, 0x04, 0x11, 0x2A, 0x2D, 0x73, 0x23, 0x2F, 0x25, 0x12, 0x23, 0x63, 0x4F,
	0x58, 0x66, 0x00, 0x01, 0x00, 0x2C, 0xFF, 0xF6, 0x02, 0x90, 0x02, 0xBC, 0x00, 0x14, 0x00, 0x00,
	0x04, 0x26, 0x35, 0x11, 0x23, 0x22, 0x26, 0x35, 0x34, 0x33, 0x21, 0x32, 0x15, 0x14, 0x06, 0x23,
	0x23, 0x11, 0x14, 0x06, 0x23, 0x01, 0x4B, 0x13, 0xE5, 0x12, 0x15, 0x27, 0x02, 0x16, 0x27, 0x14,
	0x13, 0xE5, 0x15, 0x12, 0x0A, 0x15, 0x13, 0x02, 0x60, 0x0F, 0x0F, 0x20, 0x20, 0x0E, 0x10, 0xFD,
	0xA0, 0x13, 0x15, 0x00, 0x00, 0x01, 0x00, 0x4A, 0xFF, 0xF6, 0x02, 0x96, 0x02, 0xC6, 0x00, 0x1D,
	0x00, 0x00, 0x04, 0x26, 0x26, 0x35, 0x11, 0x34, 0x36, 0x33, 0x32, 0x16, 0x15, 0x11, 0x14, 0x16,
	0x33, 0x32, 0x36, 0x35, 0x11, 0x34, 0x36, 0x33, 0x32, 0x16, 0x15, 0x11, 0x14, 0x06, 0x06, 0x23,
	0x01, 0x13, 0x83, 0x46, 0x14, 0x11, 0x12, 0x14, 0x72, 0x67, 0x68, 0x75, 0x15, 0x11, 0x12, 0x13,
	0x48, 0x87, 0x5B, 0x0A, 0x46, 0x84, 0x5B, 0x01, 0x83, 0x13, 0x15, 0x15, 0x13, 0xFE, 0x7A, 0x6C,
	0x76, 0x77, 0x6B, 0x01, 0x86, 0x13, 0x15, 0x15, 0x13, 0xFE, 0x7D, 0x58, 0x85, 0x48, 0xFF, 0xFF,
	0x00, 0x4A, 0xFF, 0xF6, 0x02, 0x96, 0x03, 0xE0, 0x00, 0x22, 0x00, 0x30, 0x00, 0x00, 0x00, 0x07,
	0x00, 0xF9, 0x01, 0x2B, 0x00, 0xE6, 0xFF, 0xFF, 0x00, 0x4A, 0xFF, 0xF6, 0x02, 0x96, 0x03, 0xD6,
	0x00, 0x22, 0x00, 0x30, 0x00, 0x00, 0x00, 0x07, 0x00, 0xFB, 0x00, 0xB1, 0x00, 0xE6, 0xFF, 0xFF,
	0x00, 0x4A, 0xFF, 0xF6, 0x02, 0x96, 0x03, 0x88, 0x00, 0x22, 0x00, 0x30, 0x00, 0x00, 0x00, 0x07,
	0x00, 0xFC, 0x00, 0xA8, 0x00, 0xE6, 0xFF, 0xFF, 0x00, 0x4A, 0xFF, 0xF6, 0x02, 0x96, 0x03, 0xE0,
	0x00, 0x22, 0x00, 0x30, 0x00, 0x00, 0x00, 0x07, 0x00, 0xFD, 0x00, 0xDB, 0x00, 0xE6, 0x00, 0x01,
	0x00, 0x38, 0xFF, 0xF6, 0x02, 0xA6, 0x02, 0xC6, 0x00, 0x1D, 0x00, 0x00, 0x04, 0x26, 0x27, 0x03,
	0x26, 0x35, 0x34, 0x33, 0x32, 0x16, 0x17, 0x13, 0x16, 0x16, 0x33, 0x32, 0x36, 0x37, 0x13, 0x36,
	0x36, 0x33, 0x32, 0x15, 0x14, 0x07, 0x03, 0x06, 0x06, 0x23, 0x01, 0x32, 0x48, 0x20, 0x8F, 0x03,
	0x23, 0x12, 0x12, 0x06, 0x8E, 0x18, 0x29, 0x1B, 0x1A, 0x2A, 0x18, 0x8E, 0x06, 0x12, 0x12, 0x23,
	0x03, 0x90, 0x22, 0x49, 0x39, 0x0A, 0x5F, 0x6A, 0x01, 0xDA, 0x0B, 0x07, 0x1B, 0x0F, 0x15, 0xFE,
	0x24, 0x50, 0x41, 0x42, 0x4F, 0x01, 0xDD, 0x14, 0x0F, 0x1B, 0x07, 0x0B, 0xFE, 0x26, 0x6F, 0x5A,
	0x00, 0x01, 0x00, 0x36, 0xFF, 0xF6, 0x03, 0x7D, 0x02, 0xC6, 0x00, 0x38, 0x00, 0x00, 0x16, 0x26,
	0x27, 0x03, 0x26, 0x35, 0x34, 0x33, 0x32, 0x16, 0x17, 0x13, 0x16, 0x16, 0x33, 0x32, 0x36, 0x37,
	0x13, 0x36, 0x36, 0x33, 0x32, 0x17, 0x13, 0x16, 0x16, 0x33, 0x32, 0x36, 0x37, 0x13, 0x36, 0x36,
	0x33, 0x32, 0x15, 0x14, 0x07, 0x03, 0x06, 0x06, 0x23, 0x22, 0x26, 0x27, 0x03, 0x26, 0x26, 0x23,
	0x22, 0x06, 0x07, 0x03, 0x06, 0x06, 0x23, 0xE4, 0x34, 0x0B, 0x6D, 0x02, 0x22, 0x15, 0x12, 0x03,
	0x6A, 0x05, 0x10, 0x0F, 0x10, 0x10, 0x04, 0x4F, 0x07, 0x2D, 0x23, 0x48, 0x0E, 0x4F, 0x04, 0x10,
	0x10, 0x0E, 0x11, 0x05, 0x6A, 0x03, 0x13, 0x14, 0x22, 0x02, 0x6D, 0x0B, 0x31, 0x2E, 0x2B, 0x31,
	0x09, 0x4E, 0x03, 0x0B, 0x09, 0x0A, 0x0B, 0x03, 0x4E, 0x09, 0x31, 0x2B, 0x0A, 0x38, 0x3B, 0x02,
	0x31, 0x0A, 0x04, 0x1E, 0x12, 0x12, 0xFD, 0xC5, 0x1C, 0x15, 0x17, 0x19, 0x02, 0x03, 0x2E, 0x2F,
	0x5D, 0xFD, 0xFD, 0x1A, 0x16, 0x16, 0x1B, 0x02, 0x3B, 0x13, 0x11, 0x1E, 0x04, 0x0A, 0xFD, 0xCF,
	0x38, 0x3B, 0x38, 0x3A, 0x01, 0xF9, 0x14, 0x11, 0x11, 0x14, 0xFE, 0x07, 0x3A, 0x38, 0x00, 0x01,
	0x00, 0x36, 0xFF, 0xF6, 0x02, 0x92, 0x02, 0xC6, 0x00, 0x26, 0x00, 0x00, 0x24, 0x15, 0x14, 0x07,
	0x06, 0x23, 0x22, 0x27, 0x03, 0x03, 0x06, 0x23, 0x22, 0x26, 0x35, 0x34, 0x37, 0x13, 0x03, 0x26,
	0x35, 0x34, 0x37, 0x36, 0x33, 0x32, 0x17, 0x13, 0x13, 0x36, 0x33, 0x32, 0x17, 0x16, 0x15, 0x14,
	0x07, 0x03, 0x13, 0x02, 0x92, 0x0F, 0x0A, 0x09, 0x11, 0x0F, 0xEC, 0xED, 0x0F, 0x11, 0x0F, 0x12,
	0x09, 0xFA, 0xEC, 0x08, 0x0E, 0x09, 0x09, 0x0F, 0x10, 0xE0, 0xDF, 0x0F, 0x11, 0x08, 0x09, 0x0F,
	0x08, 0xED, 0xFB, 0x24, 0x0E, 0x11, 0x09, 0x06, 0x14, 0x01, 0x27, 0xFE, 0xD9, 0x14, 0x13, 0x0D,
	0x0E, 0x0A, 0x01, 0x38, 0x01, 0x27, 0x0B, 0x0D, 0x13, 0x08, 0x06, 0x14, 0xFE, 0xE9, 0x01, 0x17,
	0x14, 0x06, 0x09, 0x12, 0x0F, 0x09, 0xFE, 0xD9, 0xFE, 0xC8, 0x00, 0x01, 0x00, 0x38, 0xFF, 0xF6,
	0x02, 0x80, 0x02, 0xC6, 0x00, 0x25, 0x00, 0x00, 0x00, 0x16, 0x15, 0x15, 0x14, 0x06, 0x06, 0x07,
	0x15, 0x14, 0x06, 0x23, 0x22, 0x26, 0x35, 0x35, 0x2E, 0x02, 0x35, 0x35, 0x34, 0x36, 0x33, 0x32,
	0x16, 0x15, 0x15, 0x14, 0x16, 0x33, 0x32, 0x36, 0x35, 0x35, 0x34, 0x36, 0x33, 0x02, 0x6C, 0x14,
	0x3F, 0x74, 0x4B, 0x14, 0x12, 0x11, 0x14, 0x4E, 0x73, 0x3E, 0x14, 0x11, 0x12, 0x14, 0x73, 0x66,
	0x65, 0x74, 0x15, 0x11, 0x02, 0xC6, 0x15, 0x13, 0x7D, 0x55, 0x89, 0x54, 0x09, 0xC8, 0x13, 0x15,
	0x15, 0x13, 0xC8, 0x08, 0x52, 0x88, 0x59, 0x7D, 0x13, 0x15, 0x15, 0x13, 0x80, 0x76, 0x84, 0x85,
	0x75, 0x80, 0x13, 0x15, 0xFF, 0xFF, 0x00, 0x38, 0xFF, 0xF6, 0x02, 0x80, 0x03, 0xE0, 0x00, 0x22,
	0x00, 0x38, 0x00, 0x00, 0x00, 0x07, 0x00, 0xF9, 0x01, 0x17, 0x00, 0xE6, 0x00, 0x01, 0x00, 0x36,
	0x00, 0x00, 0x02, 0x89, 0x02, 0xBC, 0x00, 0x26, 0x00, 0x00, 0x32, 0x26, 0x35, 0x34, 0x36, 0x37,
	0x01, 0x36, 0x36, 0x35, 0x34, 0x23, 0x21, 0x22, 0x26, 0x35, 0x34, 0x33, 0x21, 0x32, 0x16, 0x15,
	0x14, 0x06, 0x07, 0x01, 0x06, 0x06, 0x15, 0x14, 0x33, 0x21, 0x32, 0x16, 0x15, 0x14, 0x06, 0x23,
	0x21, 0x70, 0x3A, 0x1B, 0x24, 0x01, 0x9D, 0x14, 0x0F, 0x2A, 0xFE, 0x68, 0x13, 0x17, 0x2A, 0x01,
	0xA1, 0x33, 0x3A, 0x1B, 0x24, 0xFE, 0x62, 0x13, 0x0F, 0x2D, 0x01, 0xB1, 0x13, 0x16, 0x16, 0x13,
	0xFE, 0x43, 0x2F, 0x2E, 0x24, 0x30, 0x1D, 0x01, 0x50, 0x10, 0x1B, 0x13, 0x22, 0x0F, 0x0F, 0x20,
	0x2E, 0x2F, 0x25, 0x2E, 0x1D, 0xFE, 0xAF, 0x0F, 0x1C, 0x13, 0x22, 0x0F, 0x0F, 0x10, 0x10, 0x00,
	0x00, 0x02, 0x00, 0x2C, 0xFF, 0xF6, 0x01, 0xFF, 0x01, 0xF4, 0x00, 0x25, 0x00, 0x31, 0x00, 0x00,
	0x16, 0x26, 0x35, 0x34, 0x36, 0x33, 0x32, 0x16, 0x17, 0x35, 0x34, 0x26, 0x23, 0x22, 0x07, 0x06,
	0x23, 0x22, 0x27, 0x26, 0x35, 0x34, 0x37, 0x36, 0x36, 0x33, 0x32, 0x16, 0x15, 0x11, 0x14, 0x23,
	0x22, 0x26, 0x35, 0x35, 0x06, 0x23, 0x36, 0x36, 0x35, 0x34, 0x26, 0x23, 0x22, 0x06, 0x15, 0x14,
	0x16, 0x33, 0x9B, 0x6F, 0x75, 0x65, 0x3B, 0x5B, 0x19, 0x4B, 0x48, 0x5D, 0x44, 0x11, 0x0B, 0x0A,
	0x0A, 0x0B, 0x0D, 0x24, 0x6F, 0x3A, 0x6A, 0x75, 0x24, 0x10, 0x14, 0x3E, 0x7C, 0x57, 0x62, 0x5B,
	0x53, 0x46, 0x4C, 0x4A, 0x46, 0x0A, 0x56, 0x4C, 0x4B, 0x58, 0x20, 0x1B, 0x40, 0x39, 0x3C, 0x2C,
	0x0A, 0x08, 0x09, 0x0E, 0x0F, 0x0A, 0x1C, 0x21, 0x60, 0x57, 0xFE, 0xE0, 0x27, 0x15, 0x11, 0x24,
	0x4A, 0x3D, 0x3B, 0x2F, 0x2F, 0x33, 0x35, 0x32, 0x31, 0x34, 0xFF, 0xFF, 0x00, 0x2C, 0xFF, 0xF6,
	0x01, 0xFF, 0x02, 0xFA, 0x00, 0x22, 0x00, 0x3B, 0x00, 0x00, 0x00, 0x03, 0x00, 0xF9, 0x00, 0xED,
	0x00, 0x00, 0xFF, 0xFF, 0x00, 0x2C, 0xFF, 0xF6, 0x01, 0xFF, 0x02, 0xF0, 0x00, 0x22, 0x00, 0x3B,
	0x00, 0x00, 0x00, 0x02, 0x00, 0xFB, 0x71, 0x00, 0xFF, 0xFF, 0x00, 0x2C, 0xFF, 0xF6, 0x01, 0xFF,
	0x02, 0xA2, 0x00, 0x22, 0x00, 0x3B, 0x00, 0x00, 0x00, 0x02, 0x00, 0xFC, 0x68, 0x00, 0xFF, 0xFF,
	0x00, 0x2C, 0xFF, 0xF6, 0x01, 0xFF, 0x02, 0xFA, 0x00, 0x22, 0x00, 0x3B, 0x00, 0x00, 0x00, 0x03,
	0x00, 0xFD, 0x00, 0x9C, 0x00, 0x00, 0xFF, 0xFF, 0x00, 0x2C, 0xFF, 0xF6, 0x01, 0xFF, 0x02, 0xDA,
	0x00, 0x22, 0x00, 0x3B, 0x00, 0x00, 0x00, 0x03, 0x00, 0xFF, 0x00, 0x94, 0x00, 0x00, 0xFF, 0xFF,
	0x00, 0x2C, 0xFF, 0xF6, 0x01, 0xFF, 0x02, 0xB9, 0x00, 0x22, 0x00, 0x3B, 0x00, 0x00, 0x00, 0x02,
	0x01, 0x00, 0x5B, 0x00, 0x00, 0x03, 0x00, 0x2C, 0xFF, 0xF6, 0x03, 0xC0, 0x01, 0xF4, 0x00, 0x3D,
	0x00, 0x47, 0x00, 0x53, 0x00, 0x00, 0x16, 0x26, 0x35, 0x34, 0x36, 0x36, 0x33, 0x32, 0x16, 0x17,
	0x35, 0x34, 0x26, 0x23, 0x22, 0x06, 0x07, 0x06, 0x23, 0x22, 0x27, 0x26, 0x35, 0x34, 0x37, 0x36,
	0x36, 0x33, 0x32, 0x17, 0x36, 0x36, 0x33, 0x32, 0x16, 0x16, 0x15, 0x14, 0x06, 0x23, 0x21, 0x14,
	0x16, 0x33, 0x32, 0x36, 0x37, 0x36, 0x33, 0x32, 0x17, 0x16, 0x15, 0x14, 0x07, 0x06, 0x23, 0x22,
	0x26, 0x27, 0x06, 0x23, 0x01, 0x32, 0x36, 0x35, 0x34, 0x26, 0x23, 0x22, 0x06, 0x15, 0x06, 0x36,
	0x35, 0x34, 0x26, 0x23, 0x22, 0x06, 0x15, 0x14, 0x16, 0x33, 0x9E, 0x72, 0x36, 0x63, 0x41, 0x39,
	0x5C, 0x1A, 0x51, 0x43, 0x2F, 0x4C, 0x26, 0x0E, 0x0E, 0x0C, 0x09, 0x09, 0x0C, 0x25, 0x6D, 0x3B,
	0x90, 0x32, 0x1E, 0x72, 0x48, 0x4E, 0x77, 0x42, 0x2E, 0x2A, 0xFE, 0x95, 0x67, 0x5C, 0x37, 0x54,
	0x24, 0x13, 0x0D, 0x0B, 0x08, 0x0C, 0x0B, 0x55, 0x8E, 0x4B, 0x70, 0x23, 0x50, 0x93, 0x02, 0x53,
	0x13, 0x12, 0x69, 0x55, 0x56, 0x64, 0xA9, 0x60, 0x5C, 0x52, 0x44, 0x4E, 0x4A, 0x46, 0x0A, 0x5B,
	0x4E, 0x32, 0x4D, 0x2A, 0x1F, 0x1C, 0x29, 0x3A, 0x45, 0x16, 0x17, 0x09, 0x08, 0x08, 0x0E, 0x0F,
	0x0A, 0x1D, 0x21, 0x6C, 0x33, 0x39, 0x31, 0x59, 0x3A, 0x29, 0x2E, 0x4D, 0x56, 0x1C, 0x1E, 0x10,
	0x08, 0x0A, 0x0D, 0x0C, 0x0B, 0x53, 0x33, 0x30, 0x64, 0x01, 0x1E, 0x10, 0x13, 0x38, 0x46, 0x57,
	0x4A, 0xE1, 0x3D, 0x34, 0x31, 0x37, 0x3B, 0x32, 0x34, 0x38, 0x00, 0x02, 0x00, 0x45, 0xFF, 0xF6,
	0x02, 0x70, 0x02, 0xF7, 0x00, 0x19, 0x00, 0x26, 0x00, 0x00, 0x16, 0x26, 0x35, 0x11, 0x34, 0x36,
	0x33, 0x32, 0x16, 0x15, 0x13, 0x36, 0x33, 0x32, 0x16, 0x16, 0x15, 0x14, 0x06, 0x23, 0x22, 0x27,
	0x15, 0x14, 0x06, 0x23, 0x24, 0x36, 0x35, 0x34, 0x26, 0x23, 0x22, 0x06, 0x06, 0x15, 0x14, 0x16,
	0x33, 0x58, 0x13, 0x13, 0x11, 0x11, 0x14, 0x01, 0x54, 0x83, 0x51, 0x78, 0x41, 0x8C, 0x7F, 0x8D,
	0x4A, 0x13, 0x12, 0x01, 0x59, 0x64, 0x6A, 0x5C, 0x3C, 0x60, 0x36, 0x70, 0x62, 0x0A, 0x15, 0x13,
	0x02, 0xB1, 0x13, 0x15, 0x15, 0x13, 0xFE, 0xBF, 0x66, 0x3E, 0x73, 0x4E, 0x7A, 0x85, 0x68, 0x40,
	0x12, 0x16, 0x3F, 0x61, 0x5F, 0x5A, 0x66, 0x31, 0x58, 0x37, 0x59, 0x67, 0x00, 0x01, 0x00, 0x2D,
	0xFF, 0xF6, 0x02, 0x20, 0x01, 0xF4, 0x00, 0x28, 0x00, 0x00, 0x16, 0x26, 0x26, 0x35, 0x34, 0x36,
	0x36, 0x33, 0x32, 0x16, 0x17, 0x16, 0x15, 0x14, 0x07, 0x06, 0x23, 0x22, 0x27, 0x26, 0x23, 0x22,
	0x06, 0x15, 0x14, 0x16, 0x33, 0x32, 0x36, 0x37, 0x36, 0x33, 0x32, 0x17, 0x16, 0x15, 0x14, 0x07,
	0x06, 0x06, 0x23, 0xE9, 0x7A, 0x42, 0x42, 0x7A, 0x50, 0x4B, 0x6E, 0x20, 0x08, 0x0F, 0x07, 0x0B,
	0x11, 0x0F, 0x35, 0x6B, 0x5D, 0x65, 0x66, 0x5C, 0x33, 0x56, 0x1C, 0x11, 0x0F, 0x09, 0x0B, 0x0E,
	0x0B, 0x31, 0x6A, 0x41, 0x0A, 0x3F, 0x74, 0x4D, 0x4C, 0x73, 0x3F, 0x2A, 0x29, 0x0B, 0x0A, 0x0F,
	0x0C, 0x06, 0x0F, 0x3B, 0x63, 0x5C, 0x5B, 0x66, 0x1F, 0x1D, 0x11, 0x08, 0x0C, 0x0E, 0x0D, 0x09,
	0x2C, 0x28, 0x00, 0x01, 0x00, 0x2D, 0xFF, 0x2D, 0x02, 0x20, 0x01, 0xF4, 0x00, 0x4A, 0x00, 0x00,
	0x24, 0x15, 0x14, 0x07, 0x06, 0x06, 0x0F, 0x02, 0x36, 0x16, 0x15, 0x14, 0x06, 0x23, 0x22, 0x26,
	0x27, 0x26, 0x35, 0x34, 0x37, 0x36, 0x33, 0x32, 0x17, 0x16, 0x16, 0x33, 0x32, 0x36, 0x35, 0x34,
	0x23, 0x22, 0x07, 0x06, 0x26, 0x35, 0x34, 0x37, 0x37, 0x26, 0x26, 0x35, 0x34, 0x36, 0x36, 0x33,
	0x32, 0x16, 0x17, 0x16, 0x15, 0x14, 0x07, 0x06, 0x23, 0x22, 0x27, 0x26, 0x23, 0x22, 0x06, 0x15,
	0x14, 0x16, 0x33, 0x32, 0x36, 0x37, 0x36, 0x33, 0x32, 0x17, 0x02, 0x20, 0x0B, 0x2C, 0x5F, 0x39,
	0x01, 0x17, 0x29, 0x2A, 0x34, 0x2E, 0x23, 0x36, 0x0F, 0x07, 0x0C, 0x08, 0x07, 0x0A, 0x09, 0x0A,
	0x20, 0x14, 0x15, 0x17, 0x24, 0x09, 0x05, 0x0E, 0x15, 0x03, 0x15, 0x6B, 0x7E, 0x42, 0x7A, 0x50,
	0x4B, 0x6E, 0x20, 0x08, 0x0F, 0x07, 0x0B, 0x11, 0x0F, 0x35, 0x6B, 0x5D, 0x65, 0x66, 0x5C, 0x33,
	0x56, 0x1C, 0x11, 0x0F, 0x09, 0x0B, 0x6E, 0x0E, 0x0D, 0x09, 0x28, 0x28, 0x03, 0x03, 0x2D, 0x01,
	0x28, 0x1F, 0x25, 0x2F, 0x1D, 0x15, 0x0A, 0x06, 0x08, 0x0B, 0x06, 0x0C, 0x0E, 0x10, 0x14, 0x11,
	0x24, 0x01, 0x02, 0x0F, 0x0D, 0x06, 0x06, 0x2C, 0x0A, 0x89, 0x6B, 0x4C, 0x73, 0x3F, 0x2A, 0x29,
	0x0B, 0x0A, 0x0F, 0x0C, 0x06, 0x0F, 0x3B, 0x63, 0x5C, 0x5B, 0x66, 0x1F, 0x1D, 0x11, 0x08, 0x00,
	0x00, 0x02, 0x00, 0x2B, 0xFF, 0xF6, 0x02, 0x56, 0x02, 0xF7, 0x00, 0x1B, 0x00, 0x28, 0x00, 0x00,
	0x16, 0x26, 0x35, 0x34, 0x36, 0x36, 0x33, 0x32, 0x16, 0x17, 0x13, 0x34, 0x36, 0x33, 0x32, 0x16,
	0x15, 0x11, 0x14, 0x06, 0x23, 0x22, 0x26, 0x35, 0x35, 0x06, 0x06, 0x23, 0x36, 0x36, 0x35, 0x34,
	0x26, 0x26, 0x23, 0x22, 0x06, 0x15, 0x14, 0x16, 0x33, 0xBA, 0x8F, 0x3F, 0x79, 0x55, 0x48, 0x65,
	0x27, 0x01, 0x13, 0x12, 0x11, 0x13, 0x13, 0x11, 0x11, 0x14, 0x23, 0x6D, 0x47, 0x67, 0x70, 0x39,
	0x5F, 0x38, 0x5E, 0x6A, 0x68, 0x5F, 0x0A, 0x87, 0x75, 0x4A, 0x75, 0x43, 0x36, 0x30, 0x01, 0x41,
	0x13, 0x15, 0x15, 0x13, 0xFD, 0x4F, 0x13, 0x15, 0x15, 0x13, 0x40, 0x33, 0x35, 0x3F, 0x67, 0x59,
	0x3B, 0x57, 0x2E, 0x6B, 0x58, 0x5E, 0x5F, 0x00, 0x00, 0x02, 0x00, 0x31, 0xFF, 0xF6, 0x02, 0x56,
	0x02, 0xD8, 0x00, 0x33, 0x00, 0x41, 0x00, 0x00, 0x00, 0x15, 0x14, 0x06, 0x23, 0x22, 0x26, 0x26,
	0x35, 0x34, 0x36, 0x36, 0x33, 0x32, 0x16, 0x17, 0x37, 0x26, 0x26, 0x27, 0x07, 0x06, 0x23, 0x22,
	0x27, 0x26, 0x35, 0x34, 0x37, 0x37, 0x26, 0x27, 0x26, 0x35, 0x34, 0x37, 0x36, 0x33, 0x32, 0x17,
	0x16, 0x17, 0x37, 0x36, 0x33, 0x32, 0x17, 0x16, 0x15, 0x14, 0x07, 0x07, 0x02, 0x36, 0x36, 0x35,
	0x34, 0x26, 0x26, 0x23, 0x22, 0x06, 0x15, 0x14, 0x16, 0x33, 0x02, 0x56, 0x99, 0x8B, 0x4F, 0x74,
	0x3E, 0x3C, 0x73, 0x50, 0x4E, 0x74, 0x22, 0x02, 0x03, 0x29, 0x2C, 0x30, 0x0C, 0x0D, 0x09, 0x0A,
	0x09, 0x0B, 0x2B, 0x2B, 0x43, 0x13, 0x05, 0x07, 0x13, 0x0C, 0x0F, 0x45, 0x2F, 0x40, 0x0A, 0x0E,
	0x0A, 0x0A, 0x09, 0x0A, 0x3D, 0x81, 0x5A, 0x34, 0x34, 0x5A, 0x37, 0x55, 0x61, 0x61, 0x55, 0x02,
	0x03, 0xAC, 0xA6, 0xBB, 0x3E, 0x6E, 0x47, 0x44, 0x6B, 0x3E, 0x48, 0x3B, 0x01, 0x4F, 0x6E, 0x29,
	0x31, 0x0C, 0x08, 0x09, 0x0A, 0x0D, 0x0B, 0x2D, 0x1B, 0x17, 0x07, 0x12, 0x09, 0x0A, 0x10, 0x06,
	0x19, 0x21, 0x42, 0x0B, 0x08, 0x09, 0x0B, 0x0C, 0x0A, 0x3E, 0xFD, 0xCE, 0x2C, 0x50, 0x33, 0x33,
	0x50, 0x2D, 0x5E, 0x51, 0x51, 0x5F, 0x00, 0x02, 0x00, 0x2B, 0xFF, 0xF6, 0x02, 0x40, 0x01, 0xF4,
	0x00, 0x1E, 0x00, 0x29, 0x00, 0x00, 0x16, 0x26, 0x35, 0x34, 0x36, 0x33, 0x32, 0x16, 0x16, 0x15,
	0x14, 0x06, 0x23, 0x21, 0x14, 0x16, 0x33, 0x32, 0x36, 0x37, 0x36, 0x33, 0x32, 0x17, 0x16, 0x15,
	0x14, 0x07, 0x06, 0x06, 0x23, 0x13, 0x32, 0x36, 0x35, 0x34, 0x26, 0x26, 0x23, 0x22, 0x06, 0x15,
	0xB9, 0x8E, 0x90, 0x7D, 0x4D, 0x78, 0x43, 0x2F, 0x29, 0xFE, 0x8E, 0x68, 0x5D, 0x39, 0x52, 0x24,
	0x13, 0x0C, 0x09, 0x08, 0x0E, 0x0C, 0x29, 0x6E, 0x4A, 0x97, 0x12, 0x12, 0x30, 0x57, 0x37, 0x59,
	0x67, 0x0A, 0x86, 0x7B, 0x76, 0x87, 0x31, 0x59, 0x39, 0x2A, 0x2E, 0x4D, 0x57, 0x19, 0x1C, 0x10,
	0x08, 0x0C, 0x0D, 0x0A, 0x0C, 0x27, 0x26, 0x01, 0x1E, 0x0F, 0x14, 0x24, 0x3A, 0x20, 0x57, 0x4A,
	0xFF, 0xFF, 0x00, 0x2B, 0xFF, 0xF6, 0x02, 0x40, 0x02, 0xFA, 0x00, 0x22, 0x00, 0x48, 0x00, 0x00,
	0x00, 0x03, 0x00, 0xF9, 0x00, 0xF9, 0x00, 0x00, 0xFF, 0xFF, 0x00, 0x2B, 0xFF, 0xF6, 0x02, 0x40,
	0x02, 0xF0, 0x00, 0x22, 0x00, 0x48, 0x00, 0x00, 0x00, 0x02, 0x00, 0xFB, 0x7D, 0x00, 0xFF, 0xFF,
	0x00, 0x2B, 0xFF, 0xF6, 0x02, 0x40, 0x02, 0xA2, 0x00, 0x22, 0x00, 0x48, 0x00, 0x00, 0x00, 0x02,
	0x00, 0xFC, 0x74, 0x00, 0xFF, 0xFF, 0x00, 0x2B, 0xFF, 0xF6, 0x02, 0x40, 0x02, 0xFA, 0x00, 0x22,
	0x00, 0x48, 0x00, 0x00, 0x00, 0x03, 0x00, 0xFD, 0x00, 0xA8, 0x00, 0x00, 0x00, 0x01, 0x00, 0x23,
	0xFF, 0xF6, 0x01, 0x9C, 0x02, 0xE2, 0x00, 0x29, 0x00, 0x00, 0x00, 0x15, 0x14, 0x07, 0x06, 0x23,
	0x22, 0x27, 0x26, 0x23, 0x22, 0x15, 0x15, 0x33, 0x32, 0x15, 0x14, 0x06, 0x23, 0x23, 0x11, 0x14,
	0x06, 0x23, 0x22, 0x26, 0x35, 0x11, 0x23, 0x22, 0x26, 0x35, 0x34, 0x33, 0x33, 0x35, 0x34, 0x36,
	0x33, 0x32, 0x16, 0x17, 0x01, 0x9C, 0x0B, 0x0A, 0x09, 0x0D, 0x16, 0x24, 0x29, 0x4A, 0x8E, 0x27,
	0x14, 0x13, 0x8E, 0x13, 0x11, 0x11, 0x14, 0x30, 0x13, 0x15, 0x28, 0x30, 0x4F, 0x41, 0x29, 0x46,
	0x18, 0x02, 0xAD, 0x0D, 0x0D, 0x0B, 0x08, 0x0D, 0x15, 0x50, 0x68, 0x1F, 0x0E, 0x10, 0xFE, 0x71,
	0x13, 0x15, 0x15, 0x13, 0x01, 0x8F, 0x10, 0x0E, 0x1F, 0x64, 0x43, 0x51, 0x17, 0x15, 0x00, 0x02,
	0x00, 0x2A, 0xFF, 0x05, 0x02, 0x55, 0x01, 0xF4, 0x00, 0x2A, 0x00, 0x38, 0x00, 0x00, 0x04, 0x26,
	0x27, 0x26, 0x35, 0x34, 0x37, 0x36, 0x33, 0x32, 0x17, 0x16, 0x16, 0x33, 0x32, 0x36, 0x35, 0x35,
	0x06, 0x06, 0x23, 0x22, 0x26, 0x35, 0x34, 0x36, 0x36, 0x33, 0x32, 0x16, 0x17, 0x35, 0x34, 0x36,
	0x33, 0x32, 0x16, 0x15, 0x11, 0x14, 0x06, 0x06, 0x23, 0x12, 0x36, 0x36, 0x35, 0x34, 0x26, 0x26,
	0x23, 0x22, 0x06, 0x15, 0x14, 0x16, 0x33, 0x01, 0x01, 0x74, 0x24, 0x08, 0x10, 0x0A, 0x09, 0x0F,
	0x0F, 0x18, 0x50, 0x38, 0x62, 0x68, 0x22, 0x6E, 0x49, 0x7F, 0x8A, 0x3D, 0x7A, 0x59, 0x42, 0x6A,
	0x26, 0x15, 0x10, 0x10, 0x14, 0x43, 0x7A, 0x4F, 0x27, 0x5F, 0x3C, 0x30, 0x5C, 0x40, 0x61, 0x6A,
	0x65, 0x61, 0xFB, 0x2A, 0x28, 0x08, 0x0C, 0x0F, 0x0B, 0x07, 0x10, 0x1A, 0x20, 0x5E, 0x59, 0x5E,
	0x2D, 0x39, 0x88, 0x72, 0x4D, 0x77, 0x45, 0x36, 0x32, 0x42, 0x10, 0x16, 0x15, 0x11, 0xFE, 0x2B,
	0x4B, 0x6E, 0x3B, 0x01, 0x2D, 0x2A, 0x57, 0x3F, 0x38, 0x58, 0x33, 0x69, 0x61, 0x56, 0x63, 0x00,
	0x00, 0x01, 0x00, 0x47, 0xFF, 0xF6, 0x02, 0x22, 0x02, 0xF7, 0x00, 0x21, 0x00, 0x00, 0x16, 0x26,
	0x35, 0x11, 0x34, 0x36, 0x33, 0x32, 0x16, 0x15, 0x11, 0x36, 0x36, 0x33, 0x32, 0x16, 0x15, 0x11,
	0x14, 0x06, 0x23, 0x22, 0x26, 0x35, 0x11, 0x34, 0x23, 0x22, 0x06, 0x15, 0x15, 0x14, 0x06, 0x23,
	0x5A, 0x13, 0x13, 0x11, 0x11, 0x14, 0x25, 0x69, 0x3E, 0x5F, 0x67, 0x14, 0x11, 0x12, 0x12, 0x86,
	0x58, 0x6B, 0x13, 0x12, 0x0A, 0x15, 0x13, 0x02, 0xB1, 0x13, 0x15, 0x15, 0x13, 0xFE, 0xC2, 0x31,
	0x32, 0x6A, 0x63, 0xFE, 0xF7, 0x13, 0x15, 0x15, 0x13, 0x01, 0x09, 0x8E, 0x68, 0x56, 0xD9, 0x12,
	0x16, 0x00, 0x00, 0x02, 0x00, 0x47, 0xFF, 0xF6, 0x00, 0xB3, 0x02, 0xC3, 0x00, 0x0B, 0x00, 0x19,
	0x00, 0x00, 0x12, 0x26, 0x35, 0x34, 0x36, 0x33, 0x32, 0x16, 0x15, 0x14, 0x06, 0x23, 0x02, 0x26,
	0x35, 0x11, 0x34, 0x36, 0x33, 0x32, 0x16, 0x15, 0x11, 0x14, 0x06, 0x23, 0x66, 0x1F, 0x1F, 0x16,
	0x16, 0x21, 0x21, 0x16, 0x11, 0x13, 0x13, 0x11, 0x12, 0x13, 0x13, 0x12, 0x02, 0x5E, 0x1D, 0x15,
	0x15, 0x1E, 0x1F, 0x14, 0x14, 0x1E, 0xFD, 0x98, 0x15, 0x13, 0x01, 0xAE, 0x13, 0x15, 0x15, 0x13,
	0xFE, 0x52, 0x13, 0x15, 0x00, 0x01, 0x00, 0x59, 0xFF, 0xF6, 0x00, 0xA2, 0x01, 0xF4, 0x00, 0x0D,
	0x00, 0x00, 0x16, 0x26, 0x35, 0x11, 0x34, 0x36, 0x33, 0x32, 0x16, 0x15, 0x11, 0x14, 0x06, 0x23,
	0x6C, 0x13, 0x13, 0x11, 0x12, 0x13, 0x13, 0x12, 0x0A, 0x15, 0x13, 0x01, 0xAE, 0x13, 0x15, 0x16,
	0x12, 0xFE, 0x52, 0x12, 0x16, 0x00, 0xFF, 0xFF, 0x00, 0x59, 0xFF, 0xF6, 0x00, 0xEE, 0x02, 0xFA,
	0x00, 0x22, 0x00, 0x51, 0x00, 0x00, 0x00, 0x03, 0x00, 0xF5, 0x01, 0x1A, 0x00, 0x00, 0xFF, 0xFF,
	0xFF, 0xEA, 0xFF, 0xF6, 0x01, 0x12, 0x02, 0xF0, 0x00, 0x22, 0x00, 0x51, 0x00, 0x00, 0x00, 0x02,
	0x00, 0xF6, 0x7E, 0x00, 0xFF, 0xFF, 0xFF, 0xE5, 0xFF, 0xF6, 0x01, 0x19, 0x02, 0xA2, 0x00, 0x22,
	0x00, 0x51, 0x00, 0x00, 0x00, 0x02, 0x00, 0xF3, 0x7F, 0x00, 0xFF, 0xFF, 0x00, 0x10, 0xFF, 0xF6,
	0x00, 0xA2, 0x02, 0xFA, 0x00, 0x22, 0x00, 0x51, 0x00, 0x00, 0x00, 0x03, 0x00, 0xF4, 0x00, 0xC5,
	0x00, 0x00, 0x00, 0x02, 0x00, 0x21, 0xFE, 0xDC, 0x01, 0x05, 0x02, 0xC6, 0x00, 0x0B, 0x00, 0x20,
	0x00, 0x00, 0x12, 0x26, 0x35, 0x34, 0x36, 0x33, 0x32, 0x16, 0x15, 0x14, 0x06, 0x23, 0x02, 0x26,
	0x35, 0x34, 0x36, 0x33, 0x32, 0x36, 0x36, 0x35, 0x13, 0x34, 0x36, 0x33, 0x32, 0x16, 0x15, 0x03,
	0x14, 0x06, 0x23, 0xB8, 0x20, 0x20, 0x16, 0x16, 0x21, 0x21, 0x16, 0x99, 0x14, 0x14, 0x10, 0x29,
	0x2A, 0x11, 0x01, 0x12, 0x12, 0x12, 0x13, 0x01, 0x4E, 0x5F, 0x02, 0x61, 0x1E, 0x14, 0x15, 0x1E,
	0x1E, 0x15, 0x14, 0x1E, 0xFC, 0x7B, 0x12, 0x0F, 0x0E, 0x11, 0x13, 0x2F, 0x2E, 0x02, 0x40, 0x13,
	0x15, 0x15, 0x13, 0xFD, 0xC0, 0x57, 0x59, 0x00, 0x00, 0x01, 0x00, 0x26, 0xFE, 0xDC, 0x00, 0xF8,
	0x01, 0xF4, 0x00, 0x14, 0x00, 0x00, 0x12, 0x26, 0x35, 0x34, 0x36, 0x33, 0x32, 0x36, 0x36, 0x35,
	0x13, 0x34, 0x36, 0x33, 0x32, 0x16, 0x15, 0x03, 0x14, 0x06, 0x23, 0x3A, 0x14, 0x14, 0x10, 0x29,
	0x2A, 0x11, 0x01, 0x12, 0x12, 0x12, 0x13, 0x01, 0x4E, 0x5F, 0xFE, 0xDC, 0x12, 0x0F, 0x0E, 0x11,
	0x13, 0x2F, 0x2E, 0x02, 0x40, 0x13, 0x15, 0x15, 0x13, 0xFD, 0xC0, 0x57, 0x59, 0x00, 0x00, 0x01,
	0x00, 0x49, 0xFF, 0xF6, 0x02, 0x1A, 0x02, 0xF7, 0x00, 0x24, 0x00, 0x00, 0x16, 0x26, 0x35, 0x11,
	0x34, 0x36, 0x33, 0x32, 0x16, 0x15, 0x11, 0x25, 0x36, 0x33, 0x32, 0x17, 0x16, 0x15, 0x14, 0x07,
	0x07, 0x16, 0x16, 0x17, 0x16, 0x06, 0x23, 0x22, 0x27, 0x26, 0x26, 0x27, 0x07, 0x15, 0x14, 0x06,
	0x23, 0x5C, 0x13, 0x13, 0x11, 0x11, 0x14, 0x01, 0x4C, 0x0A, 0x0B, 0x11, 0x08, 0x05, 0x10, 0xB3,
	0x57, 0x60, 0x12, 0x03, 0x12, 0x11, 0x21, 0x06, 0x15, 0x51, 0x57, 0x81, 0x13, 0x12, 0x0A, 0x15,
	0x13, 0x02, 0xB1, 0x13, 0x15, 0x15, 0x13, 0xFE, 0x40, 0xE0, 0x07, 0x0E, 0x07, 0x0C, 0x12, 0x0A,
	0x77, 0x3B, 0x8D, 0x5D, 0x10, 0x17, 0x1C, 0x60, 0x71, 0x38, 0x57, 0xA6, 0x12, 0x16, 0x00, 0x01,
	0x00, 0x5B, 0xFF, 0xF6, 0x00, 0xA4, 0x02, 0xF7, 0x00, 0x0D, 0x00, 0x00, 0x16, 0x26, 0x35, 0x11,
	0x34, 0x36, 0x33, 0x32, 0x16, 0x15, 0x11, 0x14, 0x06, 0x23, 0x6E, 0x13, 0x13, 0x11, 0x11, 0x14,
	0x13, 0x12, 0x0A, 0x15, 0x13, 0x02, 0xB1, 0x13, 0x15, 0x15, 0x13, 0xFD, 0x4F, 0x12, 0x16, 0x00,
	0xFF, 0xFF, 0x00, 0x5B, 0xFF, 0xF6, 0x01, 0x5A, 0x02, 0xF7, 0x00, 0x22, 0x00, 0x59, 0x00, 0x00,
	0x00, 0x03, 0x00, 0xAE, 0x00, 0xB5, 0x00, 0x00, 0x00, 0x01, 0x00, 0x45, 0xFF, 0xF6, 0x02, 0xFA,
	0x01, 0xF4, 0x00, 0x36, 0x00, 0x00, 0x16, 0x26, 0x35, 0x11, 0x34, 0x36, 0x33, 0x32, 0x16, 0x15,
	0x15, 0x36, 0x36, 0x33, 0x32, 0x16, 0x17, 0x36, 0x36, 0x33, 0x32, 0x16, 0x15, 0x11, 0x14, 0x06,
	0x23, 0x22, 0x35, 0x11, 0x34, 0x26, 0x23, 0x22, 0x06, 0x07, 0x11, 0x14, 0x06, 0x23, 0x22, 0x26,
	0x35, 0x11, 0x34, 0x26, 0x23, 0x22, 0x06, 0x06, 0x15, 0x15, 0x14, 0x06, 0x23, 0x58, 0x13, 0x13,
	0x11, 0x12, 0x13, 0x1B, 0x55, 0x2F, 0x2F, 0x48, 0x11, 0x23, 0x55, 0x2E, 0x4F, 0x50, 0x14, 0x11,
	0x24, 0x2B, 0x34, 0x2C, 0x46, 0x15, 0x14, 0x11, 0x11, 0x13, 0x31, 0x2D, 0x2B, 0x44, 0x27, 0x13,
	0x12, 0x0A, 0x15, 0x13, 0x01, 0xAE, 0x13, 0x15, 0x16, 0x12, 0x39, 0x2D, 0x34, 0x33, 0x2E, 0x2F,
	0x32, 0x61, 0x5F, 0xFE, 0xEA, 0x13, 0x15, 0x28, 0x01, 0x18, 0x40, 0x3F, 0x35, 0x32, 0xFE, 0xD0,
	0x13, 0x15, 0x15, 0x13, 0x01, 0x09, 0x45, 0x49, 0x2F, 0x52, 0x34, 0xE2, 0x12, 0x16, 0x00, 0x01,
	0x00, 0x47, 0xFF, 0xF6, 0x02, 0x22, 0x01, 0xF4, 0x00, 0x21, 0x00, 0x00, 0x16, 0x26, 0x35, 0x11,
	0x34, 0x36, 0x33, 0x32, 0x16, 0x15, 0x15, 0x36, 0x36, 0x33, 0x32, 0x16, 0x15, 0x11, 0x14, 0x06,
	0x23, 0x22, 0x26, 0x35, 0x11, 0x34, 0x23, 0x22, 0x06, 0x15, 0x15, 0x14, 0x06, 0x23, 0x5A, 0x13,
	0x12, 0x12, 0x11, 0x13, 0x25, 0x69, 0x3F, 0x5F, 0x67, 0x14, 0x11, 0x12, 0x12, 0x86, 0x58, 0x6B,
	0x13, 0x12, 0x0A, 0x15, 0x13, 0x01, 0xAE, 0x13, 0x15, 0x15, 0x13, 0x3B, 0x31, 0x32, 0x6A, 0x63,
	0xFE, 0xF7, 0x13, 0x15, 0x15, 0x13, 0x01, 0x09, 0x8E, 0x68, 0x56, 0xD9, 0x12, 0x16, 0xFF, 0xFF,
	0x00, 0x47, 0xFF, 0xF6, 0x02, 0x22, 0x02, 0xCD, 0x00, 0x22, 0x00, 0x5C, 0x00, 0x00, 0x00, 0x06,
	0x01, 0x00, 0x5E, 0x14, 0x00, 0x02, 0x00, 0x2D, 0xFF, 0xF6, 0x02, 0x50, 0x01, 0xF4, 0x00, 0x0F,
	0x00, 0x1B, 0x00, 0x00, 0x16, 0x26, 0x26, 0x35, 0x34, 0x36, 0x36, 0x33, 0x32, 0x16, 0x16, 0x15,
	0x14, 0x06, 0x06, 0x23, 0x36, 0x36, 0x35, 0x34, 0x26, 0x23, 0x22, 0x06, 0x15, 0x14, 0x16, 0x33,
	0xE8, 0x7C, 0x3F, 0x3F, 0x7C, 0x57, 0x57, 0x7B, 0x3F, 0x3F, 0x7B, 0x57, 0x5A, 0x6D, 0x6D, 0x5A,
	0x5B, 0x6D, 0x6D, 0x5B, 0x0A, 0x46, 0x75, 0x44, 0x44, 0x75, 0x46, 0x46, 0x75, 0x44, 0x44, 0x75,
	0x46, 0x3F, 0x66, 0x5A, 0x5A, 0x66, 0x66, 0x5A, 0x5A, 0x66, 0xFF, 0xFF, 0x00, 0x2D, 0xFF, 0xF6,
	0x02, 0x50, 0x03, 0x0E, 0x00, 0x22, 0x00, 0x5E, 0x00, 0x00, 0x00, 0x07, 0x00, 0xF9, 0x00, 0xFA,
	0x00, 0x14, 0xFF, 0xFF, 0x00, 0x2D, 0xFF, 0xF6, 0x02, 0x50, 0x03, 0x04, 0x00, 0x22, 0x00, 0x5E,
	0x00, 0x00, 0x00, 0x07, 0x00, 0xFB, 0x00, 0x80, 0x00, 0x14, 0xFF, 0xFF, 0x00, 0x2D, 0xFF, 0xF6,
	0x02, 0x50, 0x02, 0xB6, 0x00, 0x22, 0x00, 0x5E, 0x00, 0x00, 0x00, 0x06, 0x00, 0xFC, 0x77, 0x14,
	0xFF, 0xFF, 0x00, 0x2D, 0xFF, 0xF6, 0x02, 0x50, 0x03, 0x0E, 0x00, 0x22, 0x00, 0x5E, 0x00, 0x00,
	0x00, 0x07, 0x00, 0xFD, 0x00, 0xAA, 0x00, 0x14, 0x00, 0x03, 0x00, 0x31, 0xFF, 0xBA, 0x02, 0x54,
	0x02, 0x30, 0x00, 0x26, 0x00, 0x2F, 0x00, 0x38, 0x00, 0x00, 0x00, 0x16, 0x15, 0x14, 0x06, 0x06,
	0x23, 0x22, 0x27, 0x07, 0x06, 0x23, 0x22, 0x27, 0x26, 0x35, 0x34, 0x37, 0x37, 0x26, 0x26, 0x35,
	0x34, 0x36, 0x36, 0x33, 0x32, 0x17, 0x37, 0x36, 0x36, 0x33, 0x32, 0x17, 0x16, 0x15, 0x14, 0x07,
	0x07, 0x00, 0x16, 0x17, 0x13, 0x26, 0x23, 0x22, 0x06, 0x15, 0x04, 0x36, 0x35, 0x34, 0x26, 0x27,
	0x03, 0x16, 0x33, 0x02, 0x0C, 0x48, 0x3F, 0x7B, 0x57, 0x30, 0x24, 0x17, 0x0A, 0x14, 0x07, 0x07,
	0x14, 0x03, 0x17, 0x3F, 0x42, 0x3F, 0x7C, 0x57, 0x28, 0x1F, 0x16, 0x04, 0x10, 0x09, 0x07, 0x07,
	0x14, 0x03, 0x14, 0xFE, 0xB2, 0x2B, 0x28, 0xA2, 0x15, 0x17, 0x5B, 0x6E, 0x01, 0x24, 0x6D, 0x31,
	0x2D, 0xA3, 0x1B, 0x1E, 0x01, 0xB9, 0x7A, 0x4A, 0x44, 0x75, 0x46, 0x0A, 0x31, 0x15, 0x03, 0x09,
	0x12, 0x06, 0x08, 0x31, 0x21, 0x77, 0x46, 0x44, 0x75, 0x46, 0x07, 0x2F, 0x09, 0x0B, 0x03, 0x09,
	0x11, 0x07, 0x08, 0x2B, 0xFE, 0xE4, 0x53, 0x18, 0x01, 0x60, 0x03, 0x65, 0x5B, 0xC0, 0x65, 0x5B,
	0x3D, 0x56, 0x16, 0xFE, 0x9D, 0x06, 0xFF, 0xFF, 0x00, 0x2D, 0xFF, 0xF6, 0x02, 0x50, 0x02, 0xCD,
	0x00, 0x22, 0x00, 0x5E, 0x00, 0x00, 0x00, 0x06, 0x01, 0x00, 0x6A, 0x14, 0x00, 0x02, 0x00, 0x45,
	0xFE, 0xD5, 0x02, 0x70, 0x01, 0xF4, 0x00, 0x1A, 0x00, 0x27, 0x00, 0x00, 0x12, 0x26, 0x35, 0x11,
	0x34, 0x36, 0x33, 0x32, 0x16, 0x15, 0x15, 0x36, 0x33, 0x32, 0x16, 0x15, 0x14, 0x06, 0x06, 0x23,
	0x22, 0x26, 0x27, 0x11, 0x14, 0x06, 0x23, 0x00, 0x36, 0x35, 0x34, 0x26, 0x23, 0x22, 0x06, 0x15,
	0x14, 0x16, 0x16, 0x33, 0x58, 0x13, 0x13, 0x11, 0x12, 0x13, 0x4D, 0x91, 0x79, 0x8B, 0x40, 0x77,
	0x50, 0x45, 0x69, 0x2C, 0x14, 0x12, 0x01, 0x56, 0x67, 0x65, 0x5E, 0x63, 0x72, 0x35, 0x61, 0x40,
	0xFE, 0xD5, 0x15, 0x13, 0x02, 0xCF, 0x13, 0x15, 0x16, 0x12, 0x40, 0x68, 0x86, 0x75, 0x4F, 0x75,
	0x3F, 0x31, 0x35, 0xFE, 0xA1, 0x12, 0x16, 0x01, 0x60, 0x69, 0x5D, 0x5A, 0x60, 0x65, 0x57, 0x3A,
	0x59, 0x31, 0x00, 0x02, 0x00, 0x49, 0xFE, 0xD5, 0x02, 0x74, 0x03, 0x15, 0x00, 0x19, 0x00, 0x26,
	0x00, 0x00, 0x12, 0x26, 0x35, 0x11, 0x34, 0x36, 0x33, 0x32, 0x16, 0x15, 0x11, 0x36, 0x33, 0x32,
	0x16, 0x15, 0x14, 0x06, 0x06, 0x23, 0x22, 0x27, 0x11, 0x14, 0x06, 0x23, 0x00, 0x36, 0x35, 0x34,
	0x26, 0x23, 0x22, 0x06, 0x15, 0x14, 0x16, 0x16, 0x33, 0x5C, 0x13, 0x13, 0x11, 0x12, 0x14, 0x54,
	0x81, 0x7F, 0x8D, 0x41, 0x79, 0x52, 0x81, 0x54, 0x14, 0x12, 0x01, 0x53, 0x6A, 0x64, 0x62, 0x62,
	0x70, 0x36, 0x60, 0x3C, 0xFE, 0xD5, 0x15, 0x13, 0x03, 0xF0, 0x13, 0x15, 0x16, 0x12, 0xFE, 0xA1,
	0x66, 0x86, 0x79, 0x4E, 0x73, 0x3E, 0x66, 0xFE, 0xA1, 0x12, 0x16, 0x01, 0x60, 0x66, 0x5A, 0x5F,
	0x61, 0x67, 0x59, 0x37, 0x58, 0x31, 0x00, 0x02, 0x00, 0x2B, 0xFE, 0xD5, 0x02, 0x56, 0x01, 0xF4,
	0x00, 0x19, 0x00, 0x26, 0x00, 0x00, 0x00, 0x26, 0x35, 0x11, 0x06, 0x06, 0x23, 0x22, 0x26, 0x35,
	0x34, 0x36, 0x33, 0x32, 0x17, 0x35, 0x34, 0x36, 0x33, 0x32, 0x16, 0x15, 0x11, 0x14, 0x06, 0x23,
	0x02, 0x36, 0x36, 0x35, 0x34, 0x26, 0x23, 0x22, 0x06, 0x15, 0x14, 0x16, 0x33, 0x02, 0x21, 0x15,
	0x28, 0x6F, 0x44, 0x7A, 0x8C, 0x8C, 0x7F, 0x8E, 0x49, 0x14, 0x11, 0x11, 0x13, 0x13, 0x11, 0xBD,
	0x61, 0x37, 0x70, 0x61, 0x62, 0x65, 0x67, 0x5C, 0xFE, 0xD5, 0x15, 0x13, 0x01, 0x5F, 0x32, 0x34,
	0x86, 0x76, 0x7A, 0x88, 0x68, 0x40, 0x13, 0x15, 0x15, 0x13, 0xFD, 0x31, 0x13, 0x15, 0x01, 0x60,
	0x32, 0x57, 0x37, 0x59, 0x67, 0x63, 0x60, 0x59, 0x64, 0x00, 0x00, 0x01, 0x00, 0x47, 0xFF, 0xF6,
	0x01, 0x8D, 0x01, 0xF4, 0x00, 0x1B, 0x00, 0x00, 0x16, 0x26, 0x35, 0x11, 0x34, 0x36, 0x33, 0x32,
	0x16, 0x15, 0x15, 0x36, 0x33, 0x33, 0x32, 0x16, 0x15, 0x14, 0x06, 0x23, 0x23, 0x22, 0x06, 0x15,
	0x15, 0x14, 0x06, 0x23, 0x5A, 0x13, 0x12, 0x12, 0x11, 0x13, 0x44, 0x78, 0x19, 0x13, 0x16, 0x16,
	0x13, 0x1C, 0x55, 0x63, 0x13, 0x12, 0x0A, 0x15, 0x13, 0x01, 0xAE, 0x13, 0x15, 0x15, 0x13, 0x3C,
	0x5A, 0x11, 0x0F, 0x0F, 0x10, 0x61, 0x53, 0xD9, 0x12, 0x16, 0x00, 0x01, 0x00, 0x2E, 0xFF, 0xF6,
	0x01, 0xD8, 0x01, 0xF4, 0x00, 0x38, 0x00, 0x00, 0x16, 0x26, 0x27, 0x26, 0x35, 0x34, 0x36, 0x37,
	0x36, 0x33, 0x32, 0x16, 0x17, 0x16, 0x33, 0x32, 0x36, 0x35, 0x34, 0x26, 0x26, 0x27, 0x2E, 0x02,
	0x35, 0x34, 0x36, 0x33, 0x32, 0x16, 0x17, 0x16, 0x15, 0x14, 0x07, 0x06, 0x23, 0x22, 0x27, 0x26,
	0x26, 0x23, 0x22, 0x06, 0x15, 0x14, 0x16, 0x16, 0x17, 0x1E, 0x02, 0x15, 0x14, 0x06, 0x23, 0xD5,
	0x7C, 0x24, 0x07, 0x0B, 0x09, 0x08, 0x05, 0x09, 0x0D, 0x09, 0x41, 0x6C, 0x34, 0x40, 0x19, 0x3B,
	0x43, 0x41, 0x4A, 0x24, 0x65, 0x54, 0x3E, 0x6A, 0x1B, 0x08, 0x10, 0x0A, 0x0A, 0x11, 0x0F, 0x1A,
	0x3E, 0x30, 0x35, 0x38, 0x17, 0x33, 0x40, 0x48, 0x4F, 0x23, 0x69, 0x54, 0x0A, 0x35, 0x2F, 0x0A,
	0x0A, 0x0A, 0x0F, 0x04, 0x03, 0x09, 0x0A, 0x45, 0x24, 0x20, 0x17, 0x1D, 0x19, 0x17, 0x16, 0x28,
	0x33, 0x25, 0x3A, 0x46, 0x2B, 0x24, 0x0B, 0x0A, 0x0F, 0x09, 0x06, 0x0F, 0x1A, 0x19, 0x22, 0x1F,
	0x17, 0x1B, 0x15, 0x15, 0x18, 0x2B, 0x34, 0x26, 0x3C, 0x48, 0x00, 0x01, 0x00, 0x41, 0xFF, 0xF5,
	0x02, 0x50, 0x02, 0xE3, 0x00, 0x3B, 0x00, 0x00, 0x04, 0x26, 0x27, 0x26, 0x35, 0x34, 0x37, 0x36,
	0x33, 0x32, 0x17, 0x16, 0x33, 0x32, 0x36, 0x35, 0x34, 0x26, 0x23, 0x23, 0x22, 0x26, 0x35, 0x34,
	0x33, 0x33, 0x32, 0x35, 0x34, 0x26, 0x23, 0x22, 0x06, 0x15, 0x11, 0x14, 0x06, 0x23, 0x22, 0x26,
	0x35, 0x11, 0x34, 0x36, 0x36, 0x33, 0x32, 0x16, 0x16, 0x15, 0x14, 0x06, 0x07, 0x15, 0x16, 0x16,
	0x15, 0x14, 0x06, 0x23, 0x01, 0x42, 0x58, 0x16, 0x0A, 0x0E, 0x0B, 0x0D, 0x10, 0x12, 0x25, 0x3A,
	0x44, 0x47, 0x5B, 0x5C, 0x29, 0x15, 0x17, 0x2C, 0x36, 0x72, 0x53, 0x46, 0x47, 0x50, 0x19, 0x10,
	0x10, 0x1A, 0x3D, 0x6A, 0x43, 0x46, 0x6B, 0x3C, 0x2E, 0x32, 0x49, 0x4F, 0x76, 0x69, 0x0B, 0x22,
	0x1A, 0x0B, 0x0C, 0x0F, 0x0C, 0x09, 0x0F, 0x22, 0x51, 0x4C, 0x4B, 0x4A, 0x11, 0x10, 0x22, 0x7C,
	0x33, 0x3E, 0x4F, 0x46, 0xFE, 0x17, 0x0D, 0x13, 0x14, 0x0C, 0x01, 0xEE, 0x3D, 0x61, 0x38, 0x2E,
	0x53, 0x36, 0x3B, 0x49, 0x14, 0x02, 0x11, 0x60, 0x46, 0x6D, 0x79, 0x00, 0x00, 0x01, 0x00, 0x24,
	0xFF, 0xF6, 0x01, 0x9F, 0x02, 0xBD, 0x00, 0x2A, 0x00, 0x00, 0x24, 0x15, 0x14, 0x07, 0x06, 0x06,
	0x23, 0x22, 0x26, 0x35, 0x11, 0x23, 0x22, 0x35, 0x34, 0x36, 0x33, 0x33, 0x35, 0x34, 0x36, 0x33,
	0x32, 0x16, 0x15, 0x15, 0x33, 0x32, 0x16, 0x15, 0x14, 0x23, 0x23, 0x11, 0x14, 0x33, 0x32, 0x36,
	0x37, 0x36, 0x33, 0x32, 0x17, 0x01, 0x9F, 0x09, 0x15, 0x4A, 0x27, 0x42, 0x4C, 0x36, 0x28, 0x15,
	0x13, 0x36, 0x13, 0x12, 0x11, 0x13, 0x88, 0x12, 0x15, 0x27, 0x88, 0x48, 0x17, 0x26, 0x13, 0x0F,
	0x0E, 0x09, 0x0B, 0x5A, 0x0C, 0x0A, 0x0E, 0x1D, 0x23, 0x4E, 0x44, 0x01, 0x25, 0x1F, 0x0E, 0x10,
	0xAB, 0x13, 0x15, 0x15, 0x13, 0xAB, 0x0F, 0x0F, 0x1F, 0xFE, 0xD5, 0x4D, 0x12, 0x14, 0x10, 0x08,
	0x00, 0x01, 0x00, 0x42, 0xFF, 0xF6, 0x02, 0x1D, 0x01, 0xF4, 0x00, 0x23, 0x00, 0x00, 0x16, 0x26,
	0x35, 0x11, 0x34, 0x36, 0x33, 0x32, 0x16, 0x15, 0x11, 0x14, 0x16, 0x33, 0x32, 0x36, 0x36, 0x35,
	0x35, 0x34, 0x36, 0x33, 0x32, 0x16, 0x15, 0x11, 0x14, 0x06, 0x23, 0x22, 0x26, 0x35, 0x35, 0x06,
	0x06, 0x23, 0xB1, 0x6F, 0x14, 0x11, 0x11, 0x13, 0x4C, 0x44, 0x36, 0x54, 0x2F, 0x13, 0x12, 0x11,
	0x13, 0x13, 0x11, 0x12, 0x13, 0x25, 0x62, 0x3A, 0x0A, 0x70, 0x64, 0x01, 0x02, 0x13, 0x15, 0x15,
	0x13, 0xFE, 0xFE, 0x47, 0x4E, 0x30, 0x56, 0x38, 0xD9, 0x13, 0x15, 0x15, 0x13, 0xFE, 0x52, 0x13,
	0x15, 0x16, 0x12, 0x3B, 0x30, 0x33, 0xFF, 0xFF, 0x00, 0x42, 0xFF, 0xF6, 0x02, 0x1D, 0x03, 0x0E,
	0x00, 0x22, 0x00, 0x6C, 0x00, 0x00, 0x00, 0x07, 0x00, 0xF9, 0x00, 0xEB, 0x00, 0x14, 0xFF, 0xFF,
	0x00, 0x42, 0xFF, 0xF6, 0x02, 0x1D, 0x03, 0x04, 0x00, 0x22, 0x00, 0x6C, 0x00, 0x00, 0x00, 0x06,
	0x00, 0xFB, 0x71, 0x14, 0xFF, 0xFF, 0x00, 0x42, 0xFF, 0xF6, 0x02, 0x1D, 0x02, 0xB6, 0x00, 0x22,
	0x00, 0x6C, 0x00, 0x00, 0x00, 0x06, 0x00, 0xFC, 0x68, 0x14, 0xFF, 0xFF, 0x00, 0x42, 0xFF, 0xF6,
	0x02, 0x1D, 0x03, 0x0E, 0x00, 0x22, 0x00, 0x6C, 0x00, 0x00, 0x00, 0x07, 0x00, 0xFD, 0x00, 0x9B,
	0x00, 0x14, 0x00, 0x01, 0x00, 0x2C, 0xFF, 0xF6, 0x02, 0x3B, 0x01, 0xF3, 0x00, 0x20, 0x00, 0x00,
	0x04, 0x26, 0x27, 0x03, 0x26, 0x35, 0x34, 0x36, 0x37, 0x36, 0x33, 0x32, 0x16, 0x17, 0x13, 0x16,
	0x16, 0x33, 0x32, 0x36, 0x37, 0x13, 0x36, 0x33, 0x32, 0x16, 0x15, 0x14, 0x07, 0x03, 0x06, 0x06,
	0x23, 0x01, 0x03, 0x43, 0x16, 0x7C, 0x02, 0x0E, 0x0B, 0x05, 0x0A, 0x0C, 0x11, 0x04, 0x7E, 0x10,
	0x1C, 0x14, 0x14, 0x1D, 0x0F, 0x7E, 0x09, 0x18, 0x12, 0x17, 0x02, 0x7E, 0x16, 0x42, 0x30, 0x0A,
	0x3A, 0x3D, 0x01, 0x57, 0x08, 0x03, 0x0B, 0x13, 0x04, 0x02, 0x0C, 0x0B, 0xFE, 0xA5, 0x2B, 0x22,
	0x21, 0x2A, 0x01, 0x5D, 0x17, 0x15, 0x0F, 0x03, 0x08, 0xFE, 0xA7, 0x3D, 0x38, 0x00, 0x00, 0x01,
	0x00, 0x2D, 0xFF, 0xF6, 0x02, 0xE6, 0x01, 0xF4, 0x00, 0x31, 0x00, 0x00, 0x16, 0x26, 0x27, 0x03,
	0x26, 0x36, 0x33, 0x32, 0x16, 0x17, 0x13, 0x16, 0x33, 0x32, 0x36, 0x37, 0x13, 0x36, 0x36, 0x33,
	0x32, 0x16, 0x17, 0x13, 0x16, 0x16, 0x33, 0x32, 0x37, 0x13, 0x36, 0x36, 0x33, 0x32, 0x16, 0x07,
	0x03, 0x06, 0x06, 0x23, 0x22, 0x27, 0x03, 0x26, 0x23, 0x22, 0x07, 0x03, 0x06, 0x23, 0xBC, 0x38,
	0x08, 0x4C, 0x03, 0x14, 0x11, 0x14, 0x13, 0x03, 0x48, 0x06, 0x18, 0x0E, 0x0E, 0x03, 0x36, 0x05,
	0x2E, 0x1F, 0x1F, 0x2F, 0x05, 0x35, 0x03, 0x0F, 0x0E, 0x18, 0x06, 0x47, 0x03, 0x13, 0x14, 0x13,
	0x13, 0x03, 0x4D, 0x09, 0x38, 0x24, 0x51, 0x0F, 0x35, 0x05, 0x0E, 0x0F, 0x04, 0x35, 0x0F, 0x50,
	0x0A, 0x31, 0x29, 0x01, 0x7F, 0x10, 0x15, 0x0D, 0x11, 0xFE, 0x82, 0x23, 0x10, 0x13, 0x01, 0x51,
	0x21, 0x2A, 0x2A, 0x21, 0xFE, 0xAF, 0x13, 0x10, 0x23, 0x01, 0x7E, 0x11, 0x0D, 0x16, 0x0F, 0xFE,
	0x81, 0x2A, 0x30, 0x5C, 0x01, 0x49, 0x1A, 0x1A, 0xFE, 0xB7, 0x5C, 0x00, 0x00, 0x01, 0x00, 0x2C,
	0xFF, 0xF6, 0x02, 0x02, 0x01, 0xF3, 0x00, 0x27, 0x00, 0x00, 0x24, 0x15, 0x14, 0x07, 0x06, 0x23,
	0x22, 0x27, 0x27, 0x07, 0x06, 0x23, 0x22, 0x27, 0x26, 0x35, 0x34, 0x37, 0x37, 0x27, 0x26, 0x35,
	0x34, 0x37, 0x36, 0x33, 0x32, 0x17, 0x17, 0x37, 0x36, 0x33, 0x32, 0x17, 0x16, 0x15, 0x14, 0x07,
	0x07, 0x17, 0x02, 0x02, 0x0F, 0x09, 0x08, 0x0F, 0x0F, 0xAD, 0xAD, 0x0E, 0x10, 0x09, 0x0A, 0x0D,
	0x0B, 0xB2, 0xA8, 0x0B, 0x0D, 0x08, 0x0C, 0x12, 0x0C, 0xA2, 0xA2, 0x0E, 0x0F, 0x0C, 0x08, 0x0D,
	0x0B, 0xA8, 0xB3, 0x25, 0x0C, 0x0E, 0x0E, 0x07, 0x10, 0xC2, 0xC2, 0x10, 0x08, 0x0B, 0x0F, 0x0D,
	0x0D, 0xC9, 0xBC, 0x0D, 0x0E, 0x10, 0x0A, 0x07, 0x0F, 0xB6, 0xB6, 0x0F, 0x07, 0x09, 0x10, 0x0F,
	0x0D, 0xBC, 0xC9, 0x00, 0x00, 0x01, 0x00, 0x2A, 0xFF, 0x06, 0x02, 0x30, 0x01, 0xF4, 0x00, 0x31,
	0x00, 0x00, 0x16, 0x26, 0x27, 0x26, 0x35, 0x34, 0x37, 0x36, 0x33, 0x32, 0x17, 0x16, 0x16, 0x33,
	0x32, 0x36, 0x35, 0x35, 0x06, 0x06, 0x23, 0x22, 0x26, 0x35, 0x35, 0x34, 0x36, 0x33, 0x32, 0x16,
	0x15, 0x15, 0x14, 0x16, 0x33, 0x32, 0x36, 0x35, 0x35, 0x34, 0x36, 0x33, 0x32, 0x16, 0x15, 0x11,
	0x14, 0x06, 0x06, 0x23, 0xDC, 0x74, 0x1B, 0x07, 0x10, 0x06, 0x0C, 0x11, 0x0F, 0x16, 0x55, 0x30,
	0x5A, 0x69, 0x1F, 0x60, 0x3A, 0x7A, 0x89, 0x16, 0x10, 0x10, 0x15, 0x61, 0x57, 0x56, 0x5E, 0x15,
	0x13, 0x12, 0x15, 0x43, 0x78, 0x4F, 0xFA, 0x2C, 0x26, 0x0A, 0x0A, 0x10, 0x0C, 0x05, 0x10, 0x1A,
	0x1F, 0x6C, 0x5C, 0x44, 0x29, 0x2B, 0x8B, 0x7C, 0xCC, 0x0F, 0x15, 0x15, 0x0F, 0xCC, 0x60, 0x6B,
	0x66, 0x5E, 0xC9, 0x16, 0x19, 0x19, 0x16, 0xFE, 0x4C, 0x4F, 0x79, 0x43, 0xFF, 0xFF, 0x00, 0x2A,
	0xFF, 0x06, 0x02, 0x30, 0x03, 0x0E, 0x00, 0x22, 0x00, 0x74, 0x00, 0x00, 0x00, 0x07, 0x00, 0xF9,
	0x00, 0xE0, 0x00, 0x14, 0xFF, 0xFF, 0x00, 0x2A, 0xFF, 0x06, 0x02, 0x30, 0x02, 0xB6, 0x00, 0x22,
	0x00, 0x74, 0x00, 0x00, 0x00, 0x06, 0x00, 0xFC, 0x5D, 0x14, 0x00, 0x01, 0x00, 0x2D, 0x00, 0x00,
	0x01, 0xF7, 0x01, 0xEA, 0x00, 0x25, 0x00, 0x00, 0x32, 0x26, 0x35, 0x34, 0x36, 0x37, 0x25, 0x36,
	0x36, 0x35, 0x34, 0x26, 0x23, 0x21, 0x22, 0x35, 0x34, 0x33, 0x21, 0x32, 0x16, 0x15, 0x14, 0x06,
	0x07, 0x05, 0x06, 0x06, 0x15, 0x14, 0x16, 0x33, 0x21, 0x32, 0x15, 0x14, 0x23, 0x21, 0x6B, 0x3E,
	0x21, 0x20, 0x01, 0x15, 0x16, 0x10, 0x1A, 0x18, 0xFE, 0xEA, 0x30, 0x30, 0x01, 0x12, 0x3B, 0x42,
	0x21, 0x1F, 0xFE, 0xEA, 0x13, 0x15, 0x19, 0x16, 0x01, 0x26, 0x30, 0x30, 0xFE, 0xDF, 0x31, 0x2F,
	0x21, 0x2D, 0x12, 0x97, 0x0C, 0x15, 0x0F, 0x11, 0x12, 0x20, 0x20, 0x33, 0x2E, 0x24, 0x2F, 0x10,
	0x94, 0x0A, 0x1A, 0x0D, 0x10, 0x11, 0x1F, 0x21, 0x00, 0x01, 0x00, 0x23, 0xFF, 0xF6, 0x02, 0x2F,
	0x02, 0xE3, 0x00, 0x31, 0x00, 0x00, 0x00, 0x16, 0x15, 0x11, 0x14, 0x06, 0x23, 0x22, 0x26, 0x35,
	0x11, 0x21, 0x11, 0x14, 0x06, 0x23, 0x22, 0x26, 0x35, 0x11, 0x23, 0x22, 0x26, 0x35, 0x34, 0x33,
	0x33, 0x35, 0x34, 0x36, 0x33, 0x32, 0x16, 0x17, 0x16, 0x15, 0x14, 0x07, 0x06, 0x23, 0x22, 0x27,
	0x26, 0x26, 0x23, 0x22, 0x06, 0x15, 0x15, 0x21, 0x02, 0x1B, 0x14, 0x13, 0x12, 0x11, 0x13, 0xFE,
	0xDE, 0x13, 0x11, 0x11, 0x14, 0x2F, 0x14, 0x15, 0x29, 0x2F, 0x6E, 0x61, 0x3E, 0x6A, 0x1D, 0x09,
	0x0D, 0x0A, 0x09, 0x0E, 0x10, 0x1A, 0x4F, 0x27, 0x40, 0x46, 0x01, 0x46, 0x01, 0xF1, 0x14, 0x13,
	0xFE, 0x54, 0x12, 0x16, 0x15, 0x13, 0x01, 0x97, 0xFE, 0x69, 0x13, 0x15, 0x15, 0x13, 0x01, 0x97,
	0x10, 0x0E, 0x1E, 0x34, 0x59, 0x65, 0x2B, 0x22, 0x0A, 0x0C, 0x0D, 0x0C, 0x08, 0x10, 0x18, 0x1D,
	0x40, 0x3B, 0x38, 0x00, 0x00, 0x02, 0x00, 0x23, 0xFF, 0xF6, 0x02, 0x2F, 0x02, 0xE3, 0x00, 0x20,
	0x00, 0x28, 0x00, 0x00, 0x16, 0x26, 0x35, 0x11, 0x23, 0x22, 0x26, 0x35, 0x34, 0x33, 0x33, 0x35,
	0x34, 0x36, 0x33, 0x32, 0x17, 0x16, 0x16, 0x15, 0x11, 0x14, 0x06, 0x23, 0x22, 0x26, 0x35, 0x11,
	0x21, 0x11, 0x14, 0x06, 0x23, 0x01, 0x35, 0x26, 0x23, 0x22, 0x06, 0x15, 0x15, 0x8F, 0x14, 0x2F,
	0x13, 0x16, 0x29, 0x2F, 0x6E, 0x61, 0x79, 0x4C, 0x10, 0x10, 0x13, 0x12, 0x11, 0x13, 0xFE, 0xDE,
	0x12, 0x12, 0x01, 0x46, 0x38, 0x64, 0x40, 0x46, 0x0A, 0x15, 0x13, 0x01, 0x97, 0x0F, 0x0F, 0x1E,
	0x34, 0x59, 0x65, 0x3D, 0x0D, 0x1C, 0x12, 0xFD, 0xB3, 0x12, 0x16, 0x15, 0x13, 0x01, 0x97, 0xFE,
	0x69, 0x12, 0x16, 0x01, 0xFB, 0x81, 0x32, 0x40, 0x3B, 0x38, 0x00, 0x02, 0x00, 0x2E, 0x01, 0x80,
	0x01, 0x5F, 0x02, 0xC6, 0x00, 0x26, 0x00, 0x32, 0x00, 0x00, 0x12, 0x26, 0x35, 0x34, 0x36, 0x33,
	0x32, 0x16, 0x17, 0x35, 0x34, 0x26, 0x23, 0x22, 0x07, 0x06, 0x23, 0x22, 0x27, 0x26, 0x35, 0x34,
	0x37, 0x36, 0x36, 0x33, 0x32, 0x16, 0x15, 0x15, 0x14, 0x06, 0x23, 0x22, 0x26, 0x35, 0x35, 0x06,
	0x23, 0x36, 0x36, 0x35, 0x34, 0x26, 0x23, 0x22, 0x06, 0x15, 0x14, 0x16, 0x33, 0x73, 0x45, 0x4C,
	0x40, 0x24, 0x3A, 0x12, 0x30, 0x2F, 0x3B, 0x2B, 0x09, 0x09, 0x08, 0x08, 0x07, 0x0A, 0x17, 0x49,
	0x24, 0x46, 0x4F, 0x0F, 0x0B, 0x0B, 0x0F, 0x28, 0x50, 0x39, 0x3E, 0x3D, 0x31, 0x2A, 0x2C, 0x2D,
	0x27, 0x01, 0x80, 0x3F, 0x2F, 0x31, 0x3D, 0x15, 0x11, 0x1A, 0x20, 0x25, 0x1B, 0x06, 0x08, 0x07,
	0x09, 0x0A, 0x08, 0x12, 0x16, 0x3E, 0x36, 0xBA, 0x0B, 0x0D, 0x0D, 0x0B, 0x17, 0x2F, 0x2F, 0x21,
	0x20, 0x1C, 0x22, 0x22, 0x1D, 0x1E, 0x22, 0x00, 0x00, 0x02, 0x00, 0x2F, 0x01, 0x80, 0x01, 0x8B,
	0x02, 0xC6, 0x00, 0x0B, 0x00, 0x17, 0x00, 0x00, 0x12, 0x26, 0x35, 0x34, 0x36, 0x33, 0x32, 0x16,
	0x15, 0x14, 0x06, 0x23, 0x36, 0x36, 0x35, 0x34, 0x26, 0x23, 0x22, 0x06, 0x15, 0x14, 0x16, 0x33,
	0x8F, 0x60, 0x60, 0x4E, 0x4E, 0x60, 0x60, 0x4E, 0x35, 0x40, 0x3F, 0x36, 0x36, 0x3E, 0x3F, 0x35,
	0x01, 0x80, 0x5A, 0x49, 0x49, 0x5A, 0x5A, 0x49, 0x49, 0x5A, 0x32, 0x3D, 0x34, 0x34, 0x3D, 0x3C,
	0x35, 0x34, 0x3D, 0x00, 0x00, 0x01, 0x00, 0x4B, 0xFF, 0x06, 0x02, 0x26, 0x01, 0xF4, 0x00, 0x29,
	0x00, 0x00, 0x16, 0x26, 0x35, 0x11, 0x34, 0x36, 0x33, 0x32, 0x16, 0x15, 0x11, 0x14, 0x16, 0x33,
	0x32, 0x36, 0x36, 0x35, 0x35, 0x34, 0x36, 0x33, 0x32, 0x16, 0x15, 0x11, 0x14, 0x06, 0x23, 0x22,
	0x26, 0x35, 0x35, 0x06, 0x06, 0x23, 0x22, 0x27, 0x11, 0x14, 0x06, 0x23, 0x5F, 0x14, 0x14, 0x11,
	0x12, 0x12, 0x4B, 0x45, 0x33, 0x55, 0x31, 0x13, 0x12, 0x11, 0x13, 0x12, 0x12, 0x12, 0x13, 0x22,
	0x61, 0x3B, 0x58, 0x33, 0x12, 0x12, 0xFA, 0x15, 0x13, 0x02, 0x9E, 0x13, 0x15, 0x15, 0x13, 0xFE,
	0xFE, 0x47, 0x4E, 0x2D, 0x56, 0x3B, 0xD9, 0x13, 0x15, 0x15, 0x13, 0xFE, 0x52, 0x13, 0x15, 0x16,
	0x12, 0x3B, 0x2D, 0x36, 0x3B, 0xFE, 0xFD, 0x13, 0x15, 0x00, 0x00, 0x02, 0x00, 0x33, 0xFF, 0xF6,
	0x02, 0x73, 0x02, 0xC6, 0x00, 0x0F, 0x00, 0x1B, 0x00, 0x00, 0x16, 0x26, 0x26, 0x35, 0x34, 0x36,
	0x36, 0x33, 0x32, 0x16, 0x16, 0x15, 0x14, 0x06, 0x06, 0x23, 0x36, 0x36, 0x35, 0x34, 0x26, 0x23,
	0x22, 0x06, 0x15, 0x14, 0x16, 0x33, 0xFA, 0x82, 0x45, 0x45, 0x82, 0x59, 0x59, 0x82, 0x45, 0x45,
	0x82, 0x59, 0x66, 0x6F, 0x6F, 0x66, 0x66, 0x6F, 0x6F, 0x66, 0x0A, 0x56, 0xA2, 0x70, 0x70, 0xA2,
	0x56, 0x56, 0xA2, 0x70, 0x70, 0xA2, 0x56, 0x40, 0x9B, 0x8D, 0x8E, 0x9A, 0x9A, 0x8E, 0x8D, 0x9B,
	0x00, 0x01, 0x00, 0x27, 0xFF, 0xF6, 0x01, 0x28, 0x02, 0xC6, 0x00, 0x16, 0x00, 0x00, 0x16, 0x26,
	0x35, 0x11, 0x07, 0x06, 0x23, 0x22, 0x27, 0x26, 0x35, 0x34, 0x37, 0x37, 0x36, 0x33, 0x32, 0x16,
	0x15, 0x11, 0x14, 0x06, 0x23, 0xF0, 0x14, 0x7D, 0x09, 0x0B, 0x18, 0x09, 0x03, 0x1A, 0xB3, 0x09,
	0x08, 0x0F, 0x14, 0x15, 0x12, 0x0A, 0x15, 0x13, 0x02, 0x52, 0x30, 0x04, 0x14, 0x08, 0x07, 0x18,
	0x09, 0x43, 0x03, 0x16, 0x11, 0xFD, 0x7F, 0x13, 0x15, 0x00, 0x00, 0x01, 0x00, 0x32, 0x00, 0x00,
	0x02, 0x44, 0x02, 0xC6, 0x00, 0x27, 0x00, 0x00, 0x32, 0x26, 0x35, 0x34, 0x37, 0x01, 0x36, 0x36,
	0x35, 0x34, 0x26, 0x23, 0x22, 0x06, 0x07, 0x06, 0x23, 0x22, 0x27, 0x26, 0x35, 0x34, 0x37, 0x36,
	0x36, 0x33, 0x32, 0x16, 0x16, 0x15, 0x14, 0x06, 0x07, 0x01, 0x21, 0x32, 0x15, 0x14, 0x23, 0x21,
	0x47, 0x15, 0x11, 0x01, 0x6B, 0x25, 0x20, 0x58, 0x4F, 0x41, 0x6C, 0x22, 0x0D, 0x11, 0x0B, 0x0B,
	0x0D, 0x0A, 0x2C, 0x8A, 0x50, 0x49, 0x6E, 0x3C, 0x33, 0x3B, 0xFE, 0xD3, 0x01, 0x7B, 0x25, 0x25,
	0xFE, 0x3A, 0x14, 0x0E, 0x13, 0x0E, 0x01, 0x34, 0x1F, 0x3B, 0x2F, 0x3F, 0x47, 0x30, 0x2C, 0x10,
	0x08, 0x09, 0x10, 0x0F, 0x0B, 0x36, 0x3B, 0x31, 0x59, 0x3C, 0x37, 0x59, 0x32, 0xFF, 0x00, 0x1F,
	0x1F, 0x00, 0x00, 0x01, 0x00, 0x31, 0xFF, 0xF6, 0x02, 0x53, 0x02, 0xC6, 0x00, 0x3B, 0x00, 0x00,
	0x16, 0x26, 0x27, 0x26, 0x35, 0x34, 0x37, 0x36, 0x33, 0x32, 0x17, 0x16, 0x16, 0x33, 0x32, 0x36,
	0x35, 0x34, 0x26, 0x23, 0x23, 0x22, 0x35, 0x34, 0x33, 0x33, 0x32, 0x36, 0x35, 0x34, 0x26, 0x23,
	0x22, 0x06, 0x07, 0x06, 0x23, 0x22, 0x27, 0x26, 0x35, 0x34, 0x37, 0x36, 0x36, 0x33, 0x32, 0x16,
	0x15, 0x14, 0x06, 0x07, 0x15, 0x16, 0x16, 0x15, 0x14, 0x06, 0x06, 0x23, 0xF3, 0x8A, 0x2E, 0x0A,
	0x0F, 0x0A, 0x0B, 0x12, 0x0C, 0x21, 0x6F, 0x40, 0x5C, 0x69, 0x49, 0x47, 0x70, 0x28, 0x28, 0x70,
	0x38, 0x47, 0x5B, 0x55, 0x3B, 0x63, 0x23, 0x0D, 0x10, 0x0A, 0x0D, 0x0E, 0x0B, 0x2F, 0x7F, 0x4A,
	0x76, 0x85, 0x35, 0x32, 0x3D, 0x3B, 0x44, 0x7B, 0x51, 0x0A, 0x3C, 0x38, 0x0D, 0x0C, 0x10, 0x0A,
	0x07, 0x11, 0x2C, 0x31, 0x49, 0x41, 0x46, 0x49, 0x1F, 0x20, 0x41, 0x34, 0x3F, 0x44, 0x2A, 0x28,
	0x0F, 0x08, 0x09, 0x10, 0x0E, 0x0B, 0x32, 0x35, 0x6A, 0x59, 0x2D, 0x4B, 0x19, 0x02, 0x18, 0x57,
	0x41, 0x3D, 0x5C, 0x31, 0x00, 0x02, 0x00, 0x27, 0xFF, 0xF6, 0x02, 0x5B, 0x02, 0xC6, 0x00, 0x1B,
	0x00, 0x1E, 0x00, 0x00, 0x04, 0x26, 0x35, 0x35, 0x21, 0x22, 0x26, 0x35, 0x34, 0x37, 0x01, 0x36,
	0x33, 0x32, 0x16, 0x15, 0x11, 0x33, 0x32, 0x15, 0x14, 0x06, 0x23, 0x23, 0x15, 0x14, 0x06, 0x23,
	0x27, 0x11, 0x01, 0x01, 0xB4, 0x13, 0xFE, 0xAA, 0x11, 0x13, 0x09, 0x01, 0x7A, 0x0C, 0x14, 0x0E,
	0x14, 0x48, 0x27, 0x15, 0x12, 0x48, 0x15, 0x11, 0x23, 0xFE, 0xE9, 0x0A, 0x16, 0x13, 0x83, 0x11,
	0x0C, 0x0C, 0x0C, 0x01, 0xE0, 0x0F, 0x12, 0x0E, 0xFE, 0x3B, 0x20, 0x0F, 0x10, 0x83, 0x13, 0x16,
	0xEB, 0x01, 0x64, 0xFE, 0x9C, 0x00, 0x00, 0x01, 0x00, 0x32, 0xFF, 0xF6, 0x02, 0x55, 0x02, 0xBC,
	0x00, 0x35, 0x00, 0x00, 0x16, 0x26, 0x27, 0x26, 0x35, 0x34, 0x37, 0x36, 0x33, 0x32, 0x17, 0x16,
	0x16, 0x33, 0x32, 0x36, 0x35, 0x34, 0x26, 0x23, 0x22, 0x06, 0x07, 0x06, 0x23, 0x22, 0x26, 0x37,
	0x13, 0x36, 0x36, 0x33, 0x21, 0x32, 0x15, 0x14, 0x06, 0x23, 0x21, 0x22, 0x06, 0x07, 0x07, 0x36,
	0x36, 0x33, 0x32, 0x16, 0x16, 0x15, 0x14, 0x06, 0x06, 0x23, 0xF0, 0x86, 0x2E, 0x0A, 0x0F, 0x09,
	0x0C, 0x14, 0x0A, 0x22, 0x6B, 0x3E, 0x60, 0x6B, 0x68, 0x56, 0x32, 0x57, 0x1B, 0x19, 0x16, 0x14,
	0x18, 0x03, 0x27, 0x05, 0x2B, 0x24, 0x01, 0x43, 0x27, 0x15, 0x12, 0xFE, 0xD0, 0x12, 0x10, 0x03,
	0x1A, 0x26, 0x5F, 0x33, 0x49, 0x74, 0x41, 0x42, 0x7D, 0x56, 0x0A, 0x3C, 0x38, 0x0D, 0x0C, 0x10,
	0x0A, 0x06, 0x0F, 0x2F, 0x2F, 0x66, 0x5E, 0x55, 0x5D, 0x24, 0x1F, 0x1C, 0x17, 0x12, 0x01, 0x05,
	0x1E, 0x23, 0x20, 0x0F, 0x0F, 0x10, 0x12, 0xAF, 0x1F, 0x21, 0x3A, 0x6D, 0x4B, 0x4E, 0x76, 0x41,
	0x00, 0x02, 0x00, 0x31, 0xFF, 0xF6, 0x02, 0x59, 0x02, 0xC6, 0x00, 0x22, 0x00, 0x30, 0x00, 0x00,
	0x16, 0x26, 0x35, 0x34, 0x36, 0x36, 0x33, 0x32, 0x17, 0x16, 0x15, 0x14, 0x07, 0x06, 0x23, 0x22,
	0x27, 0x26, 0x26, 0x23, 0x22, 0x06, 0x15, 0x17, 0x36, 0x36, 0x33, 0x32, 0x16, 0x16, 0x15, 0x14,
	0x06, 0x06, 0x23, 0x36, 0x36, 0x35, 0x34, 0x26, 0x23, 0x22, 0x06, 0x06, 0x15, 0x14, 0x16, 0x16,
	0x33, 0xC9, 0x98, 0x46, 0x85, 0x5B, 0x88, 0x5D, 0x0C, 0x0E, 0x08, 0x0C, 0x0F, 0x10, 0x2B, 0x4F,
	0x36, 0x6B, 0x71, 0x02, 0x21, 0x6F, 0x4C, 0x51, 0x73, 0x3C, 0x3F, 0x76, 0x50, 0x55, 0x65, 0x65,
	0x55, 0x35, 0x5A, 0x35, 0x34, 0x5A, 0x36, 0x0A, 0xBE, 0xAB, 0x6F, 0xA2, 0x56, 0x4F, 0x0A, 0x0F,
	0x10, 0x0B, 0x08, 0x0D, 0x21, 0x1D, 0x9E, 0x8B, 0x01, 0x3A, 0x45, 0x3E, 0x6D, 0x45, 0x47, 0x70,
	0x3E, 0x40, 0x61, 0x51, 0x52, 0x60, 0x30, 0x54, 0x32, 0x33, 0x4F, 0x2C, 0x00, 0x01, 0x00, 0x28,
	0xFF, 0xF6, 0x02, 0x21, 0x02, 0xBC, 0x00, 0x15, 0x00, 0x00, 0x36, 0x35, 0x34, 0x37, 0x01, 0x21,
	0x22, 0x26, 0x35, 0x34, 0x33, 0x21, 0x32, 0x16, 0x15, 0x14, 0x07, 0x01, 0x06, 0x23, 0x22, 0x27,
	0x89, 0x08, 0x01, 0x40, 0xFE, 0x7E, 0x12, 0x15, 0x27, 0x01, 0xAA, 0x13, 0x15, 0x0B, 0xFE, 0xB8,
	0x0B, 0x15, 0x0C, 0x08, 0x05, 0x11, 0x0C, 0x0E, 0x02, 0x4E, 0x0F, 0x0F, 0x20, 0x14, 0x11, 0x14,
	0x14, 0xFD, 0x9B, 0x14, 0x05, 0x00, 0x00, 0x03, 0x00, 0x32, 0xFF, 0xF6, 0x02, 0x5E, 0x02, 0xC6,
	0x00, 0x1B, 0x00, 0x27, 0x00, 0x33, 0x00, 0x00, 0x16, 0x26, 0x26, 0x35, 0x34, 0x36, 0x37, 0x35,
	0x26, 0x26, 0x35, 0x34, 0x36, 0x33, 0x32, 0x16, 0x15, 0x14, 0x06, 0x07, 0x15, 0x16, 0x16, 0x15,
	0x14, 0x06, 0x06, 0x23, 0x12, 0x36, 0x35, 0x34, 0x26, 0x23, 0x22, 0x06, 0x15, 0x14, 0x16, 0x33,
	0x12, 0x36, 0x35, 0x34, 0x26, 0x23, 0x22, 0x06, 0x15, 0x14, 0x16, 0x33, 0xF7, 0x7E, 0x47, 0x4F,
	0x44, 0x3A, 0x3F, 0x82, 0x7A, 0x7A, 0x82, 0x3F, 0x3A, 0x44, 0x4F, 0x47, 0x7E, 0x51, 0x51, 0x60,
	0x5C, 0x55, 0x54, 0x5D, 0x60, 0x51, 0x5E, 0x6D, 0x6D, 0x5E, 0x5D, 0x6E, 0x6D, 0x5E, 0x0A, 0x31,
	0x5B, 0x3F, 0x3D, 0x5A, 0x17, 0x02, 0x15, 0x4F, 0x34, 0x54, 0x69, 0x68, 0x55, 0x33, 0x50, 0x15,
	0x02, 0x17, 0x5A, 0x3D, 0x3F, 0x5B, 0x31, 0x01, 0x97, 0x44, 0x38, 0x3A, 0x43, 0x42, 0x3B, 0x38,
	0x44, 0xFE, 0xA9, 0x49, 0x42, 0x44, 0x4B, 0x4C, 0x43, 0x42, 0x49, 0x00, 0x00, 0x02, 0x00, 0x31,
	0xFF, 0xF6, 0x02, 0x59, 0x02, 0xC6, 0x00, 0x21, 0x00, 0x2D, 0x00, 0x00, 0x16, 0x27, 0x26, 0x35,
	0x34, 0x37, 0x36, 0x33, 0x32, 0x17, 0x16, 0x16, 0x33, 0x32, 0x36, 0x35, 0x27, 0x06, 0x06, 0x23,
	0x22, 0x26, 0x26, 0x35, 0x34, 0x36, 0x36, 0x33, 0x32, 0x16, 0x15, 0x14, 0x06, 0x23, 0x12, 0x36,
	0x35, 0x34, 0x26, 0x23, 0x22, 0x06, 0x15, 0x14, 0x16, 0x33, 0xBD, 0x5E, 0x0D, 0x0D, 0x0B, 0x09,
	0x0C, 0x13, 0x2B, 0x51, 0x34, 0x68, 0x67, 0x02, 0x1F, 0x6D, 0x4C, 0x50, 0x77, 0x3F, 0x40, 0x79,
	0x53, 0x8F, 0x8D, 0x92, 0x85, 0x4F, 0x69, 0x67, 0x56, 0x58, 0x69, 0x69, 0x57, 0x0A, 0x51, 0x0C,
	0x0E, 0x0D, 0x0C, 0x09, 0x0E, 0x20, 0x1F, 0x96, 0x92, 0x01, 0x3D, 0x43, 0x3F, 0x6E, 0x44, 0x49,
	0x6F, 0x3E, 0xB9, 0xB0, 0xAD, 0xBA, 0x01, 0x29, 0x66, 0x52, 0x52, 0x5D, 0x61, 0x52, 0x52, 0x62,
	0x00, 0x02, 0x00, 0x33, 0xFF, 0x32, 0x01, 0xBC, 0x00, 0xF7, 0x00, 0x0B, 0x00, 0x17, 0x00, 0x00,
	0x16, 0x26, 0x35, 0x34, 0x36, 0x33, 0x32, 0x16, 0x15, 0x14, 0x06, 0x23, 0x36, 0x36, 0x35, 0x34,
	0x26, 0x23, 0x22, 0x06, 0x15, 0x14, 0x16, 0x33, 0x9A, 0x67, 0x67, 0x5D, 0x5E, 0x67, 0x67, 0x5E,
	0x3B, 0x42, 0x42, 0x3B, 0x3B, 0x41, 0x41, 0x3B, 0xCE, 0x79, 0x6A, 0x6A, 0x78, 0x78, 0x6A, 0x6B,
	0x78, 0x38, 0x5A, 0x51, 0x50, 0x5A, 0x5A, 0x50, 0x51, 0x5A, 0x00, 0x01, 0x00, 0x27, 0xFF, 0x32,
	0x00, 0xDE, 0x00, 0xF7, 0x00, 0x15, 0x00, 0x00, 0x16, 0x26, 0x35, 0x11, 0x07, 0x06, 0x23, 0x22,
	0x27, 0x26, 0x35, 0x34, 0x37, 0x37, 0x36, 0x33, 0x32, 0x16, 0x15, 0x11, 0x14, 0x23, 0xAA, 0x14,
	0x3D, 0x0E, 0x06, 0x12, 0x08, 0x04, 0x15, 0x75, 0x04, 0x09, 0x0D, 0x13, 0x25, 0xCE, 0x13, 0x0F,
	0x01, 0x57, 0x17, 0x04, 0x0F, 0x08, 0x09, 0x12, 0x08, 0x2B, 0x02, 0x11, 0x11, 0xFE, 0x7F, 0x22,
	0x00, 0x01, 0x00, 0x32, 0xFF, 0x38, 0x01, 0x93, 0x00, 0xF7, 0x00, 0x26, 0x00, 0x00, 0x16, 0x26,
	0x35, 0x34, 0x37, 0x37, 0x36, 0x36, 0x35, 0x34, 0x26, 0x23, 0x22, 0x07, 0x06, 0x06, 0x23, 0x22,
	0x27, 0x26, 0x35, 0x34, 0x37, 0x36, 0x36, 0x33, 0x32, 0x16, 0x15, 0x14, 0x06, 0x07, 0x07, 0x33,
	0x32, 0x15, 0x14, 0x23, 0x21, 0x43, 0x11, 0x0F, 0xD6, 0x1B, 0x15, 0x2F, 0x2D, 0x4C, 0x2C, 0x05,
	0x11, 0x08, 0x08, 0x08, 0x0D, 0x08, 0x1C, 0x58, 0x37, 0x4D, 0x57, 0x29, 0x2A, 0xA2, 0xD6, 0x23,
	0x23, 0xFE, 0xE2, 0xC8, 0x12, 0x0D, 0x12, 0x0C, 0xAD, 0x16, 0x22, 0x1C, 0x21, 0x28, 0x37, 0x06,
	0x08, 0x05, 0x09, 0x10, 0x0C, 0x0B, 0x24, 0x24, 0x46, 0x3B, 0x24, 0x3E, 0x22, 0x84, 0x19, 0x1D,
	0x00, 0x01, 0x00, 0x31, 0xFF, 0x32, 0x01, 0x9D, 0x00, 0xF7, 0x00, 0x39, 0x00, 0x00, 0x16, 0x26,
	0x27, 0x26, 0x35, 0x34, 0x37, 0x36, 0x33, 0x32, 0x17, 0x16, 0x16, 0x33, 0x32, 0x36, 0x35, 0x34,
	0x23, 0x23, 0x22, 0x26, 0x35, 0x34, 0x33, 0x33, 0x32, 0x36, 0x35, 0x34, 0x26, 0x23, 0x22, 0x06,
	0x07, 0x06, 0x23, 0x22, 0x27, 0x26, 0x35, 0x34, 0x37, 0x36, 0x36, 0x33, 0x32, 0x16, 0x15, 0x14,
	0x06, 0x07, 0x15, 0x16, 0x15, 0x14, 0x06, 0x23, 0xB2, 0x5E, 0x1A, 0x09, 0x0E, 0x08, 0x0A, 0x10,
	0x0D, 0x15, 0x3F, 0x26, 0x34, 0x38, 0x4D, 0x42, 0x0E, 0x11, 0x1F, 0x42, 0x1E, 0x25, 0x31, 0x31,
	0x1E, 0x38, 0x17, 0x0E, 0x10, 0x09, 0x08, 0x0C, 0x09, 0x1D, 0x54, 0x31, 0x50, 0x57, 0x21, 0x20,
	0x4C, 0x63, 0x52, 0xCE, 0x27, 0x24, 0x0A, 0x0E, 0x10, 0x07, 0x05, 0x10, 0x1A, 0x1D, 0x28, 0x24,
	0x4B, 0x10, 0x0C, 0x1E, 0x22, 0x1D, 0x21, 0x24, 0x18, 0x17, 0x0E, 0x06, 0x09, 0x0F, 0x0D, 0x09,
	0x1E, 0x23, 0x45, 0x36, 0x1D, 0x2F, 0x0F, 0x02, 0x1D, 0x50, 0x3B, 0x45, 0x00, 0x02, 0x00, 0x26,
	0xFF, 0x32, 0x01, 0xA1, 0x00, 0xF7, 0x00, 0x1C, 0x00, 0x1F, 0x00, 0x00, 0x04, 0x26, 0x35, 0x35,
	0x23, 0x22, 0x26, 0x35, 0x34, 0x37, 0x13, 0x36, 0x33, 0x32, 0x16, 0x15, 0x11, 0x33, 0x32, 0x16,
	0x15, 0x14, 0x06, 0x23, 0x23, 0x15, 0x14, 0x06, 0x23, 0x27, 0x35, 0x07, 0x01, 0x28, 0x10, 0xD1,
	0x0F, 0x12, 0x08, 0xF1, 0x08, 0x13, 0x10, 0x12, 0x23, 0x11, 0x11, 0x12, 0x10, 0x23, 0x14, 0x11,
	0x1D, 0x9C, 0xCE, 0x12, 0x11, 0x3F, 0x10, 0x0C, 0x0A, 0x0A, 0x01, 0x28, 0x0B, 0x0F, 0x0F, 0xFE,
	0xF6, 0x10, 0x0E, 0x0D, 0x10, 0x3F, 0x11, 0x12, 0x9D, 0xC0, 0xC0, 0x00, 0x00, 0x01, 0x00, 0x32,
	0xFF, 0x32, 0x01, 0xA5, 0x00, 0xF1, 0x00, 0x31, 0x00, 0x00, 0x16, 0x26, 0x27, 0x26, 0x35, 0x34,
	0x37, 0x36, 0x33, 0x32, 0x17, 0x16, 0x16, 0x33, 0x32, 0x36, 0x35, 0x34, 0x26, 0x23, 0x22, 0x06,
	0x07, 0x06, 0x23, 0x22, 0x26, 0x37, 0x37, 0x36, 0x36, 0x33, 0x33, 0x32, 0x15, 0x14, 0x23, 0x23,
	0x22, 0x07, 0x07, 0x36, 0x36, 0x33, 0x32, 0x16, 0x15, 0x14, 0x06, 0x23, 0xB1, 0x59, 0x1C, 0x0A,
	0x0F, 0x08, 0x09, 0x0F, 0x0D, 0x16, 0x40, 0x26, 0x38, 0x3E, 0x3B, 0x35, 0x1F, 0x37, 0x10, 0x11,
	0x14, 0x0F, 0x11, 0x02, 0x18, 0x03, 0x22, 0x1C, 0xD0, 0x1F, 0x1F, 0xBE, 0x14, 0x03, 0x0C, 0x16,
	0x3B, 0x1E, 0x4D, 0x5A, 0x64, 0x57, 0xCE, 0x23, 0x22, 0x0C, 0x0B, 0x0E, 0x0B, 0x06, 0x0F, 0x19,
	0x1B, 0x38, 0x33, 0x2F, 0x34, 0x15, 0x0F, 0x11, 0x12, 0x0D, 0x9E, 0x16, 0x1B, 0x1E, 0x19, 0x16,
	0x56, 0x10, 0x12, 0x52, 0x48, 0x4A, 0x5A, 0x00, 0x00, 0x02, 0x00, 0x31, 0xFF, 0x32, 0x01, 0xA3,
	0x00, 0xF7, 0x00, 0x1F, 0x00, 0x2B, 0x00, 0x00, 0x16, 0x26, 0x35, 0x34, 0x36, 0x33, 0x32, 0x17,
	0x16, 0x15, 0x14, 0x07, 0x06, 0x23, 0x22, 0x27, 0x26, 0x26, 0x23, 0x22, 0x06, 0x15, 0x33, 0x36,
	0x36, 0x33, 0x32, 0x16, 0x15, 0x14, 0x06, 0x23, 0x36, 0x36, 0x35, 0x34, 0x26, 0x23, 0x22, 0x06,
	0x15, 0x14, 0x16, 0x33, 0x95, 0x64, 0x68, 0x5C, 0x5D, 0x3C, 0x0C, 0x0D, 0x0B, 0x07, 0x0D, 0x10,
	0x18, 0x30, 0x21, 0x3F, 0x44, 0x01, 0x16, 0x47, 0x2C, 0x4D, 0x5A, 0x60, 0x51, 0x2F, 0x39, 0x38,
	0x30, 0x2F, 0x3E, 0x3E, 0x2F, 0xCE, 0x77, 0x6C, 0x6A, 0x78, 0x3B, 0x0C, 0x0B, 0x0C, 0x09, 0x07,
	0x0E, 0x15, 0x13, 0x54, 0x49, 0x20, 0x26, 0x54, 0x46, 0x45, 0x57, 0x38, 0x37, 0x2C, 0x2D, 0x36,
	0x3A, 0x2C, 0x29, 0x37, 0x00, 0x01, 0x00, 0x28, 0xFF, 0x31, 0x01, 0x7F, 0x00, 0xF1, 0x00, 0x15,
	0x00, 0x00, 0x16, 0x35, 0x34, 0x37, 0x13, 0x23, 0x22, 0x35, 0x34, 0x36, 0x33, 0x21, 0x32, 0x16,
	0x15, 0x14, 0x07, 0x03, 0x06, 0x23, 0x22, 0x27, 0x68, 0x06, 0xC3, 0xE7, 0x22, 0x12, 0x10, 0x01,
	0x12, 0x10, 0x13, 0x08, 0xCF, 0x0B, 0x13, 0x0A, 0x09, 0xC0, 0x10, 0x09, 0x0C, 0x01, 0x55, 0x19,
	0x11, 0x0D, 0x11, 0x10, 0x0E, 0x0E, 0xFE, 0x8F, 0x12, 0x06, 0x00, 0x03, 0x00, 0x32, 0xFF, 0x32,
	0x01, 0xA9, 0x00, 0xF7, 0x00, 0x19, 0x00, 0x25, 0x00, 0x31, 0x00, 0x00, 0x16, 0x26, 0x35, 0x34,
	0x36, 0x37, 0x35, 0x26, 0x26, 0x35, 0x34, 0x36, 0x33, 0x32, 0x16, 0x15, 0x14, 0x06, 0x07, 0x15,
	0x16, 0x16, 0x15, 0x14, 0x06, 0x23, 0x12, 0x36, 0x35, 0x34, 0x26, 0x23, 0x22, 0x06, 0x15, 0x14,
	0x16, 0x33, 0x16, 0x36, 0x35, 0x34, 0x26, 0x23, 0x22, 0x06, 0x15, 0x14, 0x16, 0x33, 0x97, 0x65,
	0x30, 0x2A, 0x24, 0x26, 0x5D, 0x4F, 0x4E, 0x5D, 0x25, 0x24, 0x2A, 0x2F, 0x64, 0x57, 0x2E, 0x35,
	0x35, 0x2E, 0x30, 0x34, 0x34, 0x30, 0x35, 0x3E, 0x3D, 0x36, 0x37, 0x3D, 0x3E, 0x36, 0xCE, 0x44,
	0x3C, 0x25, 0x38, 0x0E, 0x02, 0x0E, 0x31, 0x20, 0x36, 0x43, 0x43, 0x36, 0x20, 0x31, 0x0E, 0x02,
	0x0E, 0x38, 0x25, 0x3C, 0x44, 0x01, 0x09, 0x24, 0x1F, 0x1E, 0x23, 0x23, 0x1E, 0x20, 0x23, 0xD1,
	0x28, 0x23, 0x26, 0x28, 0x28, 0x26, 0x23, 0x28, 0x00, 0x02, 0x00, 0x31, 0xFF, 0x32, 0x01, 0xA3,
	0x00, 0xF7, 0x00, 0x1E, 0x00, 0x2A, 0x00, 0x00, 0x16, 0x27, 0x26, 0x35, 0x34, 0x37, 0x36, 0x33,
	0x32, 0x17, 0x16, 0x16, 0x33, 0x32, 0x36, 0x35, 0x06, 0x06, 0x23, 0x22, 0x26, 0x35, 0x34, 0x36,
	0x33, 0x32, 0x16, 0x15, 0x14, 0x06, 0x23, 0x36, 0x36, 0x35, 0x34, 0x26, 0x23, 0x22, 0x06, 0x15,
	0x14, 0x16, 0x33, 0x7F, 0x31, 0x0A, 0x0B, 0x07, 0x0B, 0x0D, 0x0F, 0x19, 0x31, 0x1F, 0x3D, 0x3D,
	0x15, 0x46, 0x2C, 0x4E, 0x5A, 0x60, 0x54, 0x5D, 0x61, 0x64, 0x59, 0x2E, 0x3A, 0x3A, 0x2F, 0x32,
	0x3A, 0x39, 0x32, 0xCE, 0x38, 0x0C, 0x0B, 0x0B, 0x0A, 0x06, 0x0C, 0x14, 0x12, 0x51, 0x4D, 0x22,
	0x26, 0x55, 0x46, 0x46, 0x56, 0x76, 0x6D, 0x6C, 0x76, 0xC7, 0x37, 0x2F, 0x2B, 0x35, 0x37, 0x2C,
	0x2E, 0x35, 0x00, 0x02, 0x00, 0x33, 0x01, 0x8A, 0x01, 0xBC, 0x03, 0x4F, 0x00, 0x0B, 0x00, 0x17,
	0x00, 0x00, 0x12, 0x26, 0x35, 0x34, 0x36, 0x33, 0x32, 0x16, 0x15, 0x14, 0x06, 0x23, 0x36, 0x36,
	0x35, 0x34, 0x26, 0x23, 0x22, 0x06, 0x15, 0x14, 0x16, 0x33, 0x9A, 0x67, 0x67, 0x5D, 0x5E, 0x67,
	0x67, 0x5E, 0x3B, 0x42, 0x42, 0x3B, 0x3B, 0x41, 0x41, 0x3B, 0x01, 0x8A, 0x79, 0x6A, 0x6A, 0x78,
	0x78, 0x6A, 0x6A, 0x79, 0x38, 0x5A, 0x51, 0x50, 0x5A, 0x5A, 0x50, 0x51, 0x5A, 0x00, 0x00, 0x01,
	0x00, 0x27, 0x01, 0x8A, 0x00, 0xDE, 0x03, 0x4F, 0x00, 0x15, 0x00, 0x00, 0x12, 0x26, 0x35, 0x11,
	0x07, 0x06, 0x23, 0x22, 0x27, 0x26, 0x35, 0x34, 0x37, 0x37, 0x36, 0x33, 0x32, 0x16, 0x15, 0x11,
	0x14, 0x23, 0xAA, 0x14, 0x3D, 0x0E, 0x06, 0x12, 0x08, 0x04, 0x15, 0x75, 0x04, 0x09, 0x0D, 0x13,
	0x25, 0x01, 0x8A, 0x13, 0x0F, 0x01, 0x57, 0x17, 0x04, 0x0F, 0x08, 0x09, 0x13, 0x07, 0x2B, 0x02,
	0x11, 0x11, 0xFE, 0x7F, 0x22, 0x00, 0x00, 0x01, 0x00, 0x32, 0x01, 0x90, 0x01, 0x93, 0x03, 0x4F,
	0x00, 0x26, 0x00, 0x00, 0x12, 0x26, 0x35, 0x34, 0x37, 0x37, 0x36, 0x36, 0x35, 0x34, 0x26, 0x23,
	0x22, 0x07, 0x06, 0x06, 0x23, 0x22, 0x27, 0x26, 0x35, 0x34, 0x37, 0x36, 0x36, 0x33, 0x32, 0x16,
	0x15, 0x14, 0x06, 0x07, 0x07, 0x33, 0x32, 0x15, 0x14, 0x23, 0x21, 0x43, 0x11, 0x0F, 0xD6, 0x1A,
	0x16, 0x2F, 0x2D, 0x4C, 0x2C, 0x05, 0x11, 0x08, 0x08, 0x08, 0x0D, 0x08, 0x1C, 0x58, 0x37, 0x4D,
	0x57, 0x29, 0x2A, 0xA2, 0xD6, 0x23, 0x23, 0xFE, 0xE2, 0x01, 0x90, 0x12, 0x0D, 0x12, 0x0C, 0xAD,
	0x15, 0x22, 0x1D, 0x21, 0x28, 0x37, 0x06, 0x08, 0x05, 0x09, 0x10, 0x0C, 0x0B, 0x24, 0x24, 0x46,
	0x3B, 0x24, 0x3E, 0x22, 0x84, 0x19, 0x1D, 0x00, 0x00, 0x01, 0x00, 0x31, 0x01, 0x8A, 0x01, 0x9D,
	0x03, 0x4F, 0x00, 0x39, 0x00, 0x00, 0x12, 0x26, 0x27, 0x26, 0x35, 0x34, 0x37, 0x36, 0x33, 0x32,
	0x17, 0x16, 0x16, 0x33, 0x32, 0x36, 0x35, 0x34, 0x23, 0x23, 0x22, 0x26, 0x35, 0x34, 0x33, 0x33,
	0x32, 0x36, 0x35, 0x34, 0x26, 0x23, 0x22, 0x06, 0x07, 0x06, 0x23, 0x22, 0x27, 0x26, 0x35, 0x34,
	0x37, 0x36, 0x36, 0x33, 0x32, 0x16, 0x15, 0x14, 0x06, 0x07, 0x15, 0x16, 0x15, 0x14, 0x06, 0x23,
	0xB2, 0x5E, 0x1A, 0x09, 0x0E, 0x08, 0x0A, 0x10, 0x0D, 0x15, 0x3F, 0x26, 0x34, 0x38, 0x4D, 0x42,
	0x0E, 0x11, 0x1F, 0x42, 0x1E, 0x25, 0x31, 0x31, 0x1E, 0x38, 0x17, 0x0E, 0x10, 0x0A, 0x07, 0x0C,
	0x09, 0x1D, 0x54, 0x31, 0x50, 0x57, 0x21, 0x20, 0x4C, 0x63, 0x52, 0x01, 0x8A, 0x27, 0x24, 0x0A,
	0x0E, 0x10, 0x07, 0x05, 0x10, 0x1A, 0x1D, 0x28, 0x24, 0x4B, 0x10, 0x0C, 0x1E, 0x22, 0x1D, 0x21,
	0x24, 0x18, 0x17, 0x0E, 0x06, 0x09, 0x0F, 0x0D, 0x09, 0x1E, 0x23, 0x45, 0x36, 0x1D, 0x2F, 0x0F,
	0x02, 0x1D, 0x50, 0x3B, 0x45, 0x00, 0x00, 0x02, 0x00, 0x26, 0x01, 0x8A, 0x01, 0xA1, 0x03, 0x4F,
	0x00, 0x1C, 0x00, 0x1F, 0x00, 0x00, 0x00, 0x26, 0x35, 0x35, 0x23, 0x22, 0x26, 0x35, 0x34, 0x37,
	0x13, 0x36, 0x33, 0x32, 0x16, 0x15, 0x11, 0x33, 0x32, 0x16, 0x15, 0x14, 0x06, 0x23, 0x23, 0x15,
	0x14, 0x06, 0x23, 0x27, 0x35, 0x07, 0x01, 0x28, 0x10, 0xD1, 0x0F, 0x12, 0x08, 0xF1, 0x08, 0x13,
	0x10, 0x12, 0x23, 0x11, 0x11, 0x12, 0x10, 0x23, 0x14, 0x11, 0x1D, 0x9C, 0x01, 0x8A, 0x12, 0x11,
	0x3F, 0x10, 0x0C, 0x0A, 0x0A, 0x01, 0x28, 0x0B, 0x0F, 0x0F, 0xFE, 0xF6, 0x10, 0x0E, 0x0D, 0x10,
	0x3F, 0x11, 0x12, 0x9D, 0xC0, 0xC0, 0x00, 0x01, 0x00, 0x32, 0x01, 0x8A, 0x01, 0xA5, 0x03, 0x49,
	0x00, 0x31, 0x00, 0x00, 0x12, 0x26, 0x27, 0x26, 0x35, 0x34, 0x37, 0x36, 0x33, 0x32, 0x17, 0x16,
	0x16, 0x33, 0x32, 0x36, 0x35, 0x34, 0x26, 0x23, 0x22, 0x06, 0x07, 0x06, 0x23, 0x22, 0x26, 0x37,
	0x37, 0x36, 0x36, 0x33, 0x33, 0x32, 0x15, 0x14, 0x23, 0x23, 0x22, 0x07, 0x07, 0x36, 0x36, 0x33,
	0x32, 0x16, 0x15, 0x14, 0x06, 0x23, 0xB1, 0x59, 0x1C, 0x0A, 0x0F, 0x08, 0x09, 0x0F, 0x0D, 0x16,
	0x40, 0x26, 0x38, 0x3E, 0x3B, 0x35, 0x1F, 0x37, 0x10, 0x11, 0x14, 0x0F, 0x11, 0x02, 0x18, 0x03,
	0x22, 0x1C, 0xD0, 0x1F, 0x1F, 0xBE, 0x14, 0x03, 0x0C, 0x16, 0x3B, 0x1E, 0x4D, 0x5A, 0x64, 0x57,
	0x01, 0x8A, 0x23, 0x22, 0x0C, 0x0B, 0x0E, 0x0B, 0x06, 0x0F, 0x19, 0x1B, 0x38, 0x33, 0x2F, 0x34,
	0x15, 0x0F, 0x11, 0x12, 0x0D, 0x9E, 0x16, 0x1B, 0x1E, 0x19, 0x16, 0x56, 0x10, 0x12, 0x52, 0x48,
	0x4A, 0x5A, 0x00, 0x02, 0x00, 0x31, 0x01, 0x8A, 0x01, 0xA3, 0x03, 0x4F, 0x00, 0x1F, 0x00, 0x2B,
	0x00, 0x00, 0x12, 0x26, 0x35, 0x34, 0x36, 0x33, 0x32, 0x17, 0x16, 0x15, 0x14, 0x07, 0x06, 0x23,
	0x22, 0x27, 0x26, 0x26, 0x23, 0x22, 0x06, 0x15, 0x33, 0x36, 0x36, 0x33, 0x32, 0x16, 0x15, 0x14,
	0x06, 0x23, 0x36, 0x36, 0x35, 0x34, 0x26, 0x23, 0x22, 0x06, 0x15, 0x14, 0x16, 0x33, 0x95, 0x64,
	0x68, 0x5C, 0x5D, 0x3C, 0x0C, 0x0D, 0x0B, 0x07, 0x0D, 0x10, 0x18, 0x30, 0x21, 0x3F, 0x44, 0x01,
	0x16, 0x47, 0x2C, 0x4D, 0x5A, 0x60, 0x51, 0x2F, 0x39, 0x38, 0x30, 0x2F, 0x3E, 0x3E, 0x2F, 0x01,
	0x8A, 0x77, 0x6C, 0x6A, 0x78, 0x3B, 0x0C, 0x0B, 0x0C, 0x09, 0x07, 0x0E, 0x15, 0x13, 0x54, 0x49,
	0x20, 0x26, 0x54, 0x46, 0x45, 0x57, 0x38, 0x37, 0x2C, 0x2D, 0x36, 0x3A, 0x2C, 0x29, 0x37, 0x00,
	0x00, 0x01, 0x00, 0x28, 0x01, 0x89, 0x01, 0x7F, 0x03, 0x49, 0x00, 0x15, 0x00, 0x00, 0x12, 0x35,
	0x34, 0x37, 0x13, 0x23, 0x22, 0x35, 0x34, 0x36, 0x33, 0x21, 0x32, 0x16, 0x15, 0x14, 0x07, 0x03,
	0x06, 0x23, 0x22, 0x27, 0x68, 0x06, 0xC3, 0xE7, 0x22, 0x12, 0x10, 0x01, 0x12, 0x10, 0x13, 0x08,
	0xCF, 0x0B, 0x13, 0x0A, 0x09, 0x01, 0x98, 0x10, 0x09, 0x0C, 0x01, 0x55, 0x19, 0x11, 0x0D, 0x11,
	0x10, 0x0E, 0x0E, 0xFE, 0x8F, 0x12, 0x06, 0x00, 0x00, 0x03, 0x00, 0x32, 0x01, 0x8A, 0x01, 0xA9,
	0x03, 0x4F, 0x00, 0x18, 0x00, 0x24, 0x00, 0x30, 0x00, 0x00, 0x12, 0x26, 0x35, 0x34, 0x36, 0x37,
	0x35, 0x26, 0x35, 0x34, 0x36, 0x33, 0x32, 0x16, 0x15, 0x14, 0x06, 0x07, 0x15, 0x16, 0x16, 0x15,
	0x14, 0x06, 0x23, 0x12, 0x36, 0x35, 0x34, 0x26, 0x23, 0x22, 0x06, 0x15, 0x14, 0x16, 0x33, 0x16,
	0x36, 0x35, 0x34, 0x26, 0x23, 0x22, 0x06, 0x15, 0x14, 0x16, 0x33, 0x97, 0x65, 0x30, 0x2A, 0x4A,
	0x5D, 0x4F, 0x4E, 0x5D, 0x25, 0x24, 0x2A, 0x2F, 0x64, 0x57, 0x2E, 0x35, 0x35, 0x2E, 0x30, 0x34,
	0x34, 0x30, 0x35, 0x3E, 0x3D, 0x36, 0x37, 0x3D, 0x3E, 0x36, 0x01, 0x8A, 0x44, 0x3C, 0x25, 0x38,
	0x0E, 0x02, 0x1D, 0x42, 0x36, 0x43, 0x43, 0x36, 0x20, 0x31, 0x0E, 0x02, 0x0E, 0x38, 0x25, 0x3C,
	0x44, 0x01, 0x09, 0x24, 0x1F, 0x1E, 0x23, 0x23, 0x1E, 0x20, 0x23, 0xD1, 0x28, 0x23, 0x26, 0x28,
	0x28, 0x26, 0x23, 0x28, 0x00, 0x02, 0x00, 0x31, 0x01, 0x8A, 0x01, 0xA3, 0x03, 0x4F, 0x00, 0x1E,
	0x00, 0x2A, 0x00, 0x00, 0x12, 0x27, 0x26, 0x35, 0x34, 0x37, 0x36, 0x33, 0x32, 0x17, 0x16, 0x16,
	0x33, 0x32, 0x36, 0x35, 0x06, 0x06, 0x23, 0x22, 0x26, 0x35, 0x34, 0x36, 0x33, 0x32, 0x16, 0x15,
	0x14, 0x06, 0x23, 0x36, 0x36, 0x35, 0x34, 0x26, 0x23, 0x22, 0x06, 0x15, 0x14, 0x16, 0x33, 0x7F,
	0x31, 0x0A, 0x0B, 0x07, 0x0B, 0x0D, 0x0F, 0x19, 0x31, 0x1F, 0x3D, 0x3D, 0x15, 0x46, 0x2C, 0x4E,
	0x5A, 0x60, 0x54, 0x5D, 0x61, 0x64, 0x59, 0x2E, 0x3A, 0x3A, 0x2F, 0x32, 0x3A, 0x39, 0x32, 0x01,
	0x8A, 0x38, 0x0C, 0x0B, 0x0B, 0x0A, 0x06, 0x0C, 0x14, 0x12, 0x51, 0x4D, 0x22, 0x26, 0x55, 0x46,
	0x46, 0x56, 0x76, 0x6D, 0x6C, 0x76, 0xC7, 0x37, 0x2F, 0x2B, 0x35, 0x37, 0x2C, 0x2E, 0x35, 0x00,
	0x00, 0x01, 0x00, 0x30, 0xFF, 0x58, 0x02, 0x1E, 0x03, 0x45, 0x00, 0x13, 0x00, 0x00, 0x16, 0x35,
	0x34, 0x37, 0x01, 0x36, 0x36, 0x33, 0x32, 0x17, 0x16, 0x15, 0x14, 0x07, 0x01, 0x06, 0x06, 0x23,
	0x22, 0x27, 0x30, 0x04, 0x01, 0xA5, 0x05, 0x11, 0x0B, 0x07, 0x09, 0x14, 0x04, 0xFE, 0x5A, 0x05,
	0x12, 0x0A, 0x08, 0x07, 0x9C, 0x15, 0x0A, 0x08, 0x03, 0xA4, 0x0A, 0x0C, 0x03, 0x07, 0x16, 0x0B,
	0x08, 0xFC, 0x5C, 0x0A, 0x0C, 0x03, 0x00, 0x03, 0x00, 0x38, 0xFF, 0xF4, 0x03, 0x42, 0x02, 0xC8,
	0x00, 0x11, 0x00, 0x27, 0x00, 0x4F, 0x00, 0x00, 0x36, 0x35, 0x34, 0x37, 0x01, 0x36, 0x33, 0x32,
	0x17, 0x16, 0x15, 0x14, 0x07, 0x01, 0x06, 0x23, 0x22, 0x27, 0x12, 0x26, 0x35, 0x11, 0x07, 0x06,
	0x23, 0x22, 0x27, 0x26, 0x35, 0x34, 0x37, 0x37, 0x36, 0x33, 0x32, 0x16, 0x15, 0x11, 0x14, 0x23,
	0x00, 0x26, 0x35, 0x34, 0x37, 0x37, 0x36, 0x36, 0x35, 0x34, 0x26, 0x23, 0x22, 0x06, 0x07, 0x06,
	0x23, 0x22, 0x27, 0x26, 0x35, 0x34, 0x37, 0x36, 0x36, 0x33, 0x32, 0x16, 0x15, 0x14, 0x06, 0x07,
	0x07, 0x33, 0x32, 0x15, 0x14, 0x06, 0x23, 0x21, 0x81, 0x07, 0x01, 0xC1, 0x0B, 0x12, 0x0B, 0x0A,
	0x10, 0x07, 0xFE, 0x3E, 0x0B, 0x12, 0x0C, 0x0A, 0x2C, 0x14, 0x3D, 0x0E, 0x06, 0x12, 0x08, 0x04,
	0x15, 0x75, 0x04, 0x09, 0x0D, 0x13, 0x25, 0x01, 0x29, 0x11, 0x0F, 0xD6, 0x1A, 0x15, 0x2F, 0x2D,
	0x25, 0x3E, 0x14, 0x0B, 0x12, 0x09, 0x08, 0x0E, 0x09, 0x1B, 0x5B, 0x34, 0x4E, 0x57, 0x2A, 0x28,
	0xA3, 0xD7, 0x21, 0x10, 0x11, 0xFE, 0xE0, 0x04, 0x11, 0x0C, 0x0A, 0x02, 0x8D, 0x10, 0x06, 0x09,
	0x10, 0x0C, 0x0A, 0xFD, 0x71, 0x10, 0x07, 0x01, 0x05, 0x13, 0x0F, 0x01, 0x57, 0x17, 0x04, 0x0F,
	0x08, 0x09, 0x13, 0x07, 0x2B, 0x02, 0x11, 0x11, 0xFE, 0x7F, 0x22, 0xFF, 0x00, 0x11, 0x0D, 0x13,
	0x0C, 0xAD, 0x15, 0x22, 0x1D, 0x21, 0x28, 0x1C, 0x1A, 0x0F, 0x05, 0x08, 0x11, 0x0B, 0x0D, 0x22,
	0x25, 0x46, 0x3B, 0x25, 0x3F, 0x20, 0x84, 0x19, 0x0F, 0x0E, 0x00, 0x03, 0x00, 0x38, 0xFF, 0xF4,
	0x03, 0x4A, 0x02, 0xC8, 0x00, 0x11, 0x00, 0x27, 0x00, 0x5F, 0x00, 0x00, 0x36, 0x35, 0x34, 0x37,
	0x01, 0x36, 0x33, 0x32, 0x17, 0x16, 0x15, 0x14, 0x07, 0x01, 0x06, 0x23, 0x22, 0x27, 0x12, 0x26,
	0x35, 0x11, 0x07, 0x06, 0x23, 0x22, 0x27, 0x26, 0x35, 0x34, 0x37, 0x37, 0x36, 0x33, 0x32, 0x16,
	0x15, 0x11, 0x14, 0x23, 0x00, 0x26, 0x27, 0x26, 0x35, 0x34, 0x37, 0x36, 0x33, 0x32, 0x17, 0x16,
	0x33, 0x32, 0x36, 0x35, 0x34, 0x26, 0x23, 0x23, 0x22, 0x26, 0x35, 0x34, 0x33, 0x33, 0x32, 0x36,
	0x35, 0x34, 0x26, 0x23, 0x22, 0x07, 0x06, 0x23, 0x22, 0x27, 0x26, 0x35, 0x34, 0x37, 0x36, 0x36,
	0x33, 0x32, 0x16, 0x15, 0x14, 0x07, 0x15, 0x16, 0x15, 0x14, 0x06, 0x23, 0x81, 0x07, 0x01, 0xC1,
	0x0B, 0x12, 0x0B, 0x0A, 0x10, 0x07, 0xFE, 0x3E, 0x0B, 0x12, 0x0C, 0x0A, 0x2C, 0x14, 0x3D, 0x0E,
	0x06, 0x12, 0x08, 0x04, 0x15, 0x75, 0x04, 0x09, 0x0D, 0x13, 0x25, 0x01, 0x94, 0x5B, 0x1B, 0x09,
	0x0E, 0x0A, 0x08, 0x11, 0x0B, 0x2D, 0x4E, 0x34, 0x38, 0x29, 0x25, 0x41, 0x0E, 0x12, 0x20, 0x41,
	0x1F, 0x25, 0x31, 0x31, 0x3E, 0x2F, 0x0D, 0x11, 0x0B, 0x06, 0x0C, 0x09, 0x1E, 0x53, 0x31, 0x4F,
	0x57, 0x41, 0x4C, 0x62, 0x52, 0x04, 0x11, 0x0C, 0x0A, 0x02, 0x8D, 0x10, 0x06, 0x09, 0x10, 0x0C,
	0x0A, 0xFD, 0x71, 0x10, 0x07, 0x01, 0x05, 0x13, 0x0F, 0x01, 0x57, 0x17, 0x04, 0x0F, 0x08, 0x09,
	0x13, 0x07, 0x2B, 0x02, 0x11, 0x11, 0xFE, 0x7F, 0x22, 0xFE, 0xFA, 0x27, 0x24, 0x0D, 0x0C, 0x0E,
	0x08, 0x05, 0x0E, 0x39, 0x28, 0x24, 0x28, 0x23, 0x10, 0x0C, 0x1E, 0x22, 0x1D, 0x21, 0x24, 0x2F,
	0x0D, 0x05, 0x09, 0x0F, 0x0D, 0x09, 0x1E, 0x23, 0x45, 0x36, 0x3D, 0x1E, 0x02, 0x1C, 0x51, 0x3B,
	0x45, 0x00, 0x00, 0x03, 0x00, 0x37, 0xFF, 0xF4, 0x03, 0xE5, 0x02, 0xC8, 0x00, 0x11, 0x00, 0x38,
	0x00, 0x74, 0x00, 0x00, 0x24, 0x35, 0x34, 0x37, 0x01, 0x36, 0x33, 0x32, 0x17, 0x16, 0x15, 0x14,
	0x07, 0x01, 0x06, 0x23, 0x22, 0x27, 0x02, 0x26, 0x35, 0x34, 0x37, 0x37, 0x36, 0x36, 0x35, 0x34,
	0x26, 0x23, 0x22, 0x07, 0x06, 0x06, 0x23, 0x22, 0x27, 0x26, 0x35, 0x34, 0x37, 0x36, 0x36, 0x33,
	0x32, 0x16, 0x15, 0x14, 0x06, 0x07, 0x07, 0x33, 0x32, 0x15, 0x14, 0x23, 0x21, 0x00, 0x26, 0x27,
	0x26, 0x35, 0x34, 0x37, 0x36, 0x33, 0x32, 0x17, 0x16, 0x16, 0x33, 0x32, 0x36, 0x35, 0x34, 0x26,
	0x23, 0x23, 0x22, 0x26, 0x35, 0x34, 0x36, 0x33, 0x33, 0x32, 0x36, 0x35, 0x34, 0x26, 0x23, 0x22,
	0x06, 0x07, 0x06, 0x23, 0x22, 0x27, 0x26, 0x35, 0x34, 0x37, 0x36, 0x36, 0x33, 0x32, 0x16, 0x15,
	0x14, 0x06, 0x07, 0x15, 0x16, 0x15, 0x14, 0x06, 0x23, 0x01, 0x1C, 0x07, 0x01, 0xC1, 0x0B, 0x11,
	0x0B, 0x0A, 0x11, 0x07, 0xFE, 0x3E, 0x0B, 0x13, 0x0B, 0x0B, 0xE1, 0x11, 0x0F, 0xD6, 0x1A, 0x16,
	0x2F, 0x2D, 0x4C, 0x2C, 0x05, 0x11, 0x08, 0x08, 0x08, 0x0D, 0x08, 0x1C, 0x58, 0x37, 0x4D, 0x57,
	0x29, 0x2A, 0xA2, 0xD6, 0x23, 0x23, 0xFE, 0xE2, 0x02, 0xA3, 0x5D, 0x1A, 0x0A, 0x0F, 0x0A, 0x08,
	0x10, 0x0B, 0x15, 0x40, 0x26, 0x34, 0x38, 0x28, 0x26, 0x41, 0x0E, 0x11, 0x10, 0x0F, 0x41, 0x1F,
	0x25, 0x31, 0x30, 0x1E, 0x3A, 0x16, 0x0E, 0x10, 0x09, 0x08, 0x0B, 0x08, 0x20, 0x53, 0x2F, 0x50,
	0x57, 0x20, 0x21, 0x4C, 0x63, 0x52, 0x04, 0x11, 0x0C, 0x0A, 0x02, 0x8D, 0x10, 0x06, 0x09, 0x11,
	0x0B, 0x0A, 0xFD, 0x71, 0x10, 0x07, 0x01, 0x0C, 0x12, 0x0D, 0x12, 0x0C, 0xAD, 0x15, 0x22, 0x1D,
	0x21, 0x28, 0x37, 0x06, 0x08, 0x05, 0x09, 0x10, 0x0C, 0x0B, 0x24, 0x24, 0x46, 0x3B, 0x24, 0x3E,
	0x22, 0x84, 0x19, 0x1D, 0xFE, 0xF3, 0x27, 0x23, 0x0D, 0x0C, 0x0F, 0x08, 0x05, 0x0E, 0x1B, 0x1E,
	0x28, 0x24, 0x28, 0x23, 0x10, 0x0C, 0x0F, 0x0F, 0x21, 0x1E, 0x21, 0x24, 0x19, 0x16, 0x0E, 0x06,
	0x08, 0x10, 0x0C, 0x0A, 0x20, 0x21, 0x45, 0x36, 0x1C, 0x30, 0x0F, 0x02, 0x1D, 0x50, 0x3B, 0x45,
	0x00, 0x04, 0x00, 0x39, 0xFF, 0xF4, 0x02, 0xD9, 0x02, 0xC8, 0x00, 0x11, 0x00, 0x27, 0x00, 0x44,
	0x00, 0x47, 0x00, 0x00, 0x36, 0x35, 0x34, 0x37, 0x01, 0x36, 0x33, 0x32, 0x17, 0x16, 0x15, 0x14,
	0x07, 0x01, 0x06, 0x23, 0x22, 0x27, 0x12, 0x26, 0x35, 0x11, 0x07, 0x06, 0x23, 0x22, 0x27, 0x26,
	0x35, 0x34, 0x37, 0x37, 0x36, 0x33, 0x32, 0x16, 0x15, 0x11, 0x14, 0x23, 0x00, 0x26, 0x35, 0x35,
	0x23, 0x22, 0x26, 0x35, 0x34, 0x37, 0x13, 0x36, 0x33, 0x32, 0x16, 0x15, 0x11, 0x33, 0x32, 0x16,
	0x15, 0x14, 0x06, 0x23, 0x23, 0x15, 0x14, 0x06, 0x23, 0x27, 0x35, 0x07, 0x82, 0x07, 0x01, 0xC1,
	0x0B, 0x12, 0x0A, 0x0B, 0x10, 0x07, 0xFE, 0x3E, 0x0B, 0x12, 0x0C, 0x0A, 0x2C, 0x14, 0x3D, 0x0E,
	0x06, 0x12, 0x08, 0x04, 0x15, 0x75, 0x04, 0x09, 0x0D, 0x13, 0x25, 0x01, 0x95, 0x10, 0xD1, 0x0F,
	0x12, 0x08, 0xF1, 0x09, 0x12, 0x10, 0x12, 0x23, 0x11, 0x11, 0x12, 0x10, 0x23, 0x14, 0x11, 0x1D,
	0x9C, 0x04, 0x11, 0x0C, 0x0A, 0x02, 0x8D, 0x10, 0x06, 0x09, 0x10, 0x0C, 0x0A, 0xFD, 0x71, 0x10,
	0x07, 0x01, 0x05, 0x13, 0x0F, 0x01, 0x57, 0x17, 0x04, 0x0F, 0x08, 0x09, 0x13, 0x07, 0x2B, 0x02,
	0x11, 0x11, 0xFE, 0x7F, 0x22, 0xFE, 0xF6, 0x12, 0x11, 0x3F, 0x10, 0x0C, 0x0A, 0x0A, 0x01, 0x28,
	0x0B, 0x0F, 0x0F, 0xFE, 0xF6, 0x10, 0x0E, 0x0D, 0x10, 0x3F, 0x11, 0x12, 0x9D, 0xC0, 0xC0, 0x00,
	0x00, 0x04, 0x00, 0x39, 0xFF, 0xF4, 0x03, 0x59, 0x02, 0xC8, 0x00, 0x11, 0x00, 0x4A, 0x00, 0x67,
	0x00, 0x6A, 0x00, 0x00, 0x24, 0x35, 0x34, 0x37, 0x01, 0x36, 0x33, 0x32, 0x17, 0x16, 0x15, 0x14,
	0x07, 0x01, 0x06, 0x23, 0x22, 0x27, 0x02, 0x26, 0x27, 0x26, 0x35, 0x34, 0x37, 0x36, 0x33, 0x32,
	0x17, 0x16, 0x16, 0x33, 0x32, 0x36, 0x35, 0x34, 0x23, 0x23, 0x22, 0x26, 0x35, 0x34, 0x33, 0x33,
	0x32, 0x36, 0x35, 0x34, 0x26, 0x23, 0x22, 0x07, 0x06, 0x23, 0x22, 0x27, 0x26, 0x35, 0x34, 0x37,
	0x36, 0x36, 0x33, 0x32, 0x16, 0x15, 0x14, 0x06, 0x07, 0x15, 0x16, 0x15, 0x14, 0x06, 0x23, 0x00,
	0x26, 0x35, 0x35, 0x23, 0x22, 0x26, 0x35, 0x34, 0x37, 0x13, 0x36, 0x33, 0x32, 0x16, 0x15, 0x11,
	0x33, 0x32, 0x16, 0x15, 0x14, 0x06, 0x23, 0x23, 0x15, 0x14, 0x06, 0x23, 0x27, 0x35, 0x07, 0x01,
	0x02, 0x07, 0x01, 0xC1, 0x0B, 0x11, 0x0B, 0x0A, 0x11, 0x07, 0xFE, 0x3E, 0x0B, 0x12, 0x0C, 0x0A,
	0x57, 0x5C, 0x1B, 0x09, 0x0E, 0x0A, 0x09, 0x11, 0x0A, 0x15, 0x3F, 0x27, 0x34, 0x38, 0x4D, 0x42,
	0x0D, 0x12, 0x1F, 0x42, 0x1E, 0x25, 0x31, 0x31, 0x3E, 0x2F, 0x0D, 0x11, 0x0B, 0x06, 0x0B, 0x08,
	0x1D, 0x54, 0x31, 0x50, 0x57, 0x21, 0x20, 0x4C, 0x63, 0x52, 0x01, 0xF0, 0x11, 0xD0, 0x0F, 0x12,
	0x07, 0xF2, 0x09, 0x12, 0x0F, 0x12, 0x25, 0x10, 0x11, 0x12, 0x0F, 0x25, 0x13, 0x11, 0x1D, 0x9C,
	0x04, 0x11, 0x0B, 0x0A, 0x02, 0x8E, 0x10, 0x06, 0x0A, 0x10, 0x0B, 0x0A, 0xFD, 0x71, 0x10, 0x07,
	0x01, 0x05, 0x27, 0x24, 0x0D, 0x0B, 0x0F, 0x08, 0x05, 0x0E, 0x1B, 0x1D, 0x27, 0x25, 0x4A, 0x10,
	0x0C, 0x1E, 0x22, 0x1D, 0x21, 0x24, 0x2F, 0x0D, 0x05, 0x08, 0x10, 0x0E, 0x08, 0x1E, 0x23, 0x44,
	0x37, 0x1C, 0x30, 0x0F, 0x01, 0x1E, 0x50, 0x3B, 0x45, 0xFE, 0xF6, 0x12, 0x11, 0x3F, 0x11, 0x0C,
	0x0B, 0x08, 0x01, 0x28, 0x0B, 0x0F, 0x0F, 0xFE, 0xF6, 0x10, 0x0E, 0x0C, 0x11, 0x3F, 0x11, 0x12,
	0x9D, 0xC0, 0xC0, 0x00, 0x00, 0x05, 0x00, 0x38, 0xFF, 0xF4, 0x03, 0x51, 0x02, 0xC8, 0x00, 0x11,
	0x00, 0x27, 0x00, 0x40, 0x00, 0x4C, 0x00, 0x58, 0x00, 0x00, 0x36, 0x35, 0x34, 0x37, 0x01, 0x36,
	0x33, 0x32, 0x17, 0x16, 0x15, 0x14, 0x07, 0x01, 0x06, 0x23, 0x22, 0x27, 0x12, 0x26, 0x35, 0x11,
	0x07, 0x06, 0x23, 0x22, 0x27, 0x26, 0x35, 0x34, 0x37, 0x37, 0x36, 0x33, 0x32, 0x16, 0x15, 0x11,
	0x14, 0x23, 0x00, 0x26, 0x35, 0x34, 0x36, 0x37, 0x35, 0x26, 0x35, 0x34, 0x36, 0x33, 0x32, 0x16,
	0x15, 0x14, 0x06, 0x07, 0x15, 0x16, 0x16, 0x15, 0x14, 0x06, 0x23, 0x12, 0x36, 0x35, 0x34, 0x26,
	0x23, 0x22, 0x06, 0x15, 0x14, 0x16, 0x33, 0x16, 0x36, 0x35, 0x34, 0x26, 0x23, 0x22, 0x06, 0x15,
	0x14, 0x16, 0x33, 0x81, 0x07, 0x01, 0xC1, 0x0B, 0x12, 0x0B, 0x0A, 0x10, 0x07, 0xFE, 0x3E, 0x0B,
	0x12, 0x0C, 0x0A, 0x2C, 0x14, 0x3D, 0x0E, 0x06, 0x12, 0x08, 0x04, 0x15, 0x75, 0x04, 0x09, 0x0D,
	0x13, 0x25, 0x01, 0x75, 0x65, 0x2F, 0x2A, 0x49, 0x5D, 0x4F, 0x4E, 0x5D, 0x26, 0x24, 0x2B, 0x2F,
	0x65, 0x56, 0x2E, 0x35, 0x35, 0x2E, 0x30, 0x34, 0x34, 0x30, 0x35, 0x3E, 0x3E, 0x35, 0x37, 0x3D,
	0x3D, 0x37, 0x04, 0x11, 0x0C, 0x0A, 0x02, 0x8D, 0x10, 0x06, 0x09, 0x10, 0x0C, 0x0A, 0xFD, 0x71,
	0x10, 0x07, 0x01, 0x05, 0x13, 0x0F, 0x01, 0x57, 0x17, 0x04, 0x0F, 0x08, 0x09, 0x13, 0x07, 0x2B,
	0x02, 0x11, 0x11, 0xFE, 0x7F, 0x22, 0xFE, 0xF7, 0x43, 0x3C, 0x26, 0x38, 0x0E, 0x01, 0x1E, 0x42,
	0x35, 0x44, 0x44, 0x35, 0x21, 0x31, 0x0E, 0x01, 0x0E, 0x38, 0x26, 0x3C, 0x43, 0x01, 0x09, 0x23,
	0x1F, 0x1E, 0x24, 0x24, 0x1E, 0x20, 0x22, 0xD1, 0x28, 0x23, 0x26, 0x28, 0x28, 0x26, 0x23, 0x28,
	0x00, 0x05, 0x00, 0x39, 0xFF, 0xF4, 0x03, 0xC9, 0x02, 0xC8, 0x00, 0x11, 0x00, 0x4A, 0x00, 0x64,
	0x00, 0x70, 0x00, 0x7C, 0x00, 0x00, 0x24, 0x35, 0x34, 0x37, 0x01, 0x36, 0x33, 0x32, 0x17, 0x16,
	0x15, 0x14, 0x07, 0x01, 0x06, 0x23, 0x22, 0x27, 0x02, 0x26, 0x27, 0x26, 0x35, 0x34, 0x37, 0x36,
	0x33, 0x32, 0x17, 0x16, 0x16, 0x33, 0x32, 0x36, 0x35, 0x34, 0x23, 0x23, 0x22, 0x26, 0x35, 0x34,
	0x33, 0x33, 0x32, 0x36, 0x35, 0x34, 0x26, 0x23, 0x22, 0x07, 0x06, 0x23, 0x22, 0x27, 0x26, 0x35,
	0x34, 0x37, 0x36, 0x36, 0x33, 0x32, 0x16, 0x15, 0x14, 0x06, 0x07, 0x15, 0x16, 0x15, 0x14, 0x06,
	0x23, 0x00, 0x26, 0x35, 0x34, 0x36, 0x37, 0x35, 0x26, 0x26, 0x35, 0x34, 0x36, 0x33, 0x32, 0x16,
	0x15, 0x14, 0x06, 0x07, 0x15, 0x16, 0x16, 0x15, 0x14, 0x06, 0x23, 0x12, 0x36, 0x35, 0x34, 0x26,
	0x23, 0x22, 0x06, 0x15, 0x14, 0x16, 0x33, 0x16, 0x36, 0x35, 0x34, 0x26, 0x23, 0x22, 0x06, 0x15,
	0x14, 0x16, 0x33, 0x00, 0xFF, 0x08, 0x01, 0xC1, 0x0B, 0x11, 0x0B, 0x0A, 0x11, 0x07, 0xFE, 0x3E,
	0x0B, 0x12, 0x0C, 0x0A, 0x55, 0x5C, 0x1B, 0x09, 0x0E, 0x0A, 0x09, 0x11, 0x0A, 0x15, 0x3F, 0x27,
	0x34, 0x38, 0x4D, 0x42, 0x0D, 0x12, 0x1F, 0x42, 0x1E, 0x25, 0x31, 0x31, 0x3E, 0x2F, 0x0D, 0x11,
	0x0B, 0x06, 0x0B, 0x08, 0x1D, 0x54, 0x31, 0x50, 0x57, 0x21, 0x20, 0x4C, 0x63, 0x52, 0x01, 0xC6,
	0x65, 0x2F, 0x2B, 0x24, 0x26, 0x5D, 0x4F, 0x4E, 0x5E, 0x27, 0x23, 0x2A, 0x30, 0x66, 0x56, 0x2E,
	0x35, 0x35, 0x2E, 0x30, 0x33, 0x34, 0x2F, 0x35, 0x3E, 0x3E, 0x35, 0x37, 0x3C, 0x3D, 0x36, 0x05,
	0x0F, 0x0A, 0x0D, 0x02, 0x8D, 0x10, 0x06, 0x09, 0x11, 0x0B, 0x0A, 0xFD, 0x71, 0x10, 0x07, 0x01,
	0x05, 0x27, 0x24, 0x0D, 0x0B, 0x0F, 0x08, 0x05, 0x0E, 0x1B, 0x1D, 0x27, 0x25, 0x4A, 0x10, 0x0C,
	0x1E, 0x22, 0x1D, 0x21, 0x24, 0x2F, 0x0D, 0x05, 0x08, 0x10, 0x0E, 0x08, 0x1E, 0x23, 0x44, 0x37,
	0x1C, 0x30, 0x0F, 0x01, 0x1E, 0x50, 0x3B, 0x45, 0xFE, 0xF7, 0x43, 0x3C, 0x26, 0x38, 0x0E, 0x01,
	0x0E, 0x31, 0x21, 0x35, 0x44, 0x44, 0x35, 0x21, 0x31, 0x0E, 0x01, 0x0F, 0x37, 0x26, 0x3B, 0x44,
	0x01, 0x09, 0x23, 0x1F, 0x1E, 0x24, 0x23, 0x1F, 0x1F, 0x23, 0xD1, 0x28, 0x23, 0x26, 0x28, 0x28,
	0x26, 0x23, 0x28, 0x00, 0x00, 0x05, 0x00, 0x39, 0xFF, 0xF4, 0x03, 0xC9, 0x02, 0xC8, 0x00, 0x11,
	0x00, 0x42, 0x00, 0x5B, 0x00, 0x67, 0x00, 0x73, 0x00, 0x00, 0x24, 0x35, 0x34, 0x37, 0x01, 0x36,
	0x33, 0x32, 0x17, 0x16, 0x15, 0x14, 0x07, 0x01, 0x06, 0x23, 0x22, 0x27, 0x02, 0x26, 0x27, 0x26,
	0x35, 0x34, 0x37, 0x36, 0x33, 0x32, 0x17, 0x16, 0x33, 0x32, 0x36, 0x35, 0x34, 0x26, 0x23, 0x22,
	0x06, 0x07, 0x06, 0x23, 0x22, 0x26, 0x37, 0x37, 0x36, 0x36, 0x33, 0x33, 0x32, 0x15, 0x14, 0x23,
	0x23, 0x22, 0x07, 0x07, 0x36, 0x36, 0x33, 0x32, 0x16, 0x15, 0x14, 0x06, 0x23, 0x00, 0x26, 0x35,
	0x34, 0x36, 0x37, 0x35, 0x26, 0x26, 0x35, 0x34, 0x36, 0x33, 0x32, 0x16, 0x15, 0x14, 0x07, 0x15,
	0x16, 0x16, 0x15, 0x14, 0x06, 0x23, 0x12, 0x36, 0x35, 0x34, 0x26, 0x23, 0x22, 0x06, 0x15, 0x14,
	0x16, 0x33, 0x16, 0x36, 0x35, 0x34, 0x26, 0x23, 0x22, 0x06, 0x15, 0x14, 0x16, 0x33, 0x01, 0x00,
	0x08, 0x01, 0xC1, 0x0B, 0x10, 0x0B, 0x0A, 0x12, 0x08, 0xFE, 0x3F, 0x0B, 0x13, 0x0A, 0x0D, 0x55,
	0x59, 0x1C, 0x0A, 0x0D, 0x0B, 0x09, 0x0F, 0x0C, 0x2D, 0x4F, 0x38, 0x3E, 0x3B, 0x35, 0x1F, 0x35,
	0x11, 0x11, 0x14, 0x10, 0x11, 0x02, 0x18, 0x03, 0x22, 0x1C, 0xD0, 0x1F, 0x1F, 0xBE, 0x14, 0x03,
	0x0C, 0x16, 0x3B, 0x1E, 0x4D, 0x5A, 0x64, 0x57, 0x01, 0xC6, 0x65, 0x2F, 0x2B, 0x24, 0x26, 0x5D,
	0x4F, 0x4E, 0x5D, 0x49, 0x2A, 0x2F, 0x65, 0x56, 0x2E, 0x35, 0x35, 0x2E, 0x30, 0x34, 0x34, 0x30,
	0x34, 0x3F, 0x3E, 0x35, 0x37, 0x3D, 0x3E, 0x36, 0x04, 0x10, 0x0A, 0x0D, 0x02, 0x8D, 0x10, 0x06,
	0x0A, 0x0F, 0x0B, 0x0B, 0xFD, 0x71, 0x10, 0x08, 0x01, 0x02, 0x23, 0x22, 0x0C, 0x0B, 0x0E, 0x09,
	0x07, 0x0E, 0x34, 0x38, 0x33, 0x2F, 0x34, 0x14, 0x10, 0x11, 0x11, 0x0E, 0x9D, 0x16, 0x1C, 0x1E,
	0x19, 0x16, 0x56, 0x10, 0x12, 0x52, 0x48, 0x4B, 0x59, 0xFE, 0xF9, 0x43, 0x3C, 0x26, 0x38, 0x0E,
	0x01, 0x0E, 0x31, 0x21, 0x35, 0x44, 0x44, 0x35, 0x42, 0x1E, 0x01, 0x0E, 0x38, 0x26, 0x3C, 0x43,
	0x01, 0x09, 0x23, 0x1F, 0x1E, 0x24, 0x23, 0x1F, 0x20, 0x22, 0xD1, 0x28, 0x23, 0x26, 0x28, 0x28,
	0x26, 0x23, 0x28, 0x00, 0x00, 0x05, 0x00, 0x36, 0xFF, 0xF4, 0x03, 0x5A, 0x02, 0xC8, 0x00, 0x11,
	0x00, 0x27, 0x00, 0x3F, 0x00, 0x4B, 0x00, 0x57, 0x00, 0x00, 0x36, 0x35, 0x34, 0x37, 0x01, 0x36,
	0x33, 0x32, 0x17, 0x16, 0x15, 0x14, 0x07, 0x01, 0x06, 0x23, 0x22, 0x27, 0x02, 0x35, 0x34, 0x37,
	0x13, 0x23, 0x22, 0x35, 0x34, 0x33, 0x21, 0x32, 0x16, 0x15, 0x14, 0x07, 0x03, 0x06, 0x06, 0x23,
	0x22, 0x27, 0x00, 0x26, 0x35, 0x34, 0x36, 0x37, 0x35, 0x26, 0x35, 0x34, 0x36, 0x33, 0x32, 0x16,
	0x15, 0x14, 0x07, 0x15, 0x16, 0x16, 0x15, 0x14, 0x06, 0x23, 0x12, 0x36, 0x35, 0x34, 0x26, 0x23,
	0x22, 0x06, 0x15, 0x14, 0x16, 0x33, 0x16, 0x36, 0x35, 0x34, 0x26, 0x23, 0x22, 0x06, 0x15, 0x14,
	0x16, 0x33, 0x92, 0x07, 0x01, 0xC1, 0x0B, 0x11, 0x0B, 0x0A, 0x11, 0x08, 0xFE, 0x3F, 0x0B, 0x12,
	0x0D, 0x0B, 0x28, 0x06, 0xC3, 0xE7, 0x22, 0x22, 0x01, 0x12, 0x10, 0x13, 0x08, 0xCE, 0x04, 0x12,
	0x09, 0x0C, 0x06, 0x01, 0xC2, 0x65, 0x2F, 0x2B, 0x4A, 0x5D, 0x4F, 0x4E, 0x5D, 0x49, 0x2A, 0x2F,
	0x65, 0x56, 0x2E, 0x35, 0x35, 0x2E, 0x30, 0x34, 0x34, 0x30, 0x34, 0x3F, 0x3E, 0x35, 0x37, 0x3D,
	0x3E, 0x36, 0x04, 0x10, 0x0D, 0x0A, 0x02, 0x8D, 0x10, 0x06, 0x0A, 0x0F, 0x09, 0x0D, 0xFD, 0x71,
	0x10, 0x08, 0x01, 0x10, 0x11, 0x0A, 0x0A, 0x01, 0x55, 0x19, 0x1E, 0x11, 0x10, 0x0F, 0x0E, 0xFE,
	0x8F, 0x08, 0x09, 0x05, 0xFE, 0xF5, 0x43, 0x3C, 0x26, 0x38, 0x0E, 0x01, 0x1D, 0x43, 0x35, 0x44,
	0x44, 0x35, 0x42, 0x1E, 0x01, 0x0E, 0x38, 0x26, 0x3C, 0x43, 0x01, 0x09, 0x23, 0x1F, 0x1E, 0x24,
	0x23, 0x1F, 0x20, 0x22, 0xD1, 0x28, 0x23, 0x26, 0x28, 0x28, 0x26, 0x23, 0x28, 0x00, 0x00, 0x01,
	0x00, 0x32, 0x00, 0x01, 0x00, 0xA5, 0x00, 0x71, 0x00, 0x0B, 0x00, 0x00, 0x36, 0x26, 0x35, 0x34,
	0x36, 0x33, 0x32, 0x16, 0x15, 0x14, 0x06, 0x23, 0x54, 0x22, 0x22, 0x18, 0x17, 0x22, 0x22, 0x17,
	0x01, 0x21, 0x16, 0x17, 0x22, 0x22, 0x17, 0x16, 0x21, 0x00, 0x00, 0x01, 0x00, 0x30, 0xFF, 0x7D,
	0x00, 0xBA, 0x00, 0x6E, 0x00, 0x17, 0x00, 0x00, 0x16, 0x35, 0x34, 0x37, 0x36, 0x37, 0x06, 0x23,
	0x22, 0x26, 0x35, 0x34, 0x36, 0x33, 0x32, 0x16, 0x15, 0x14, 0x06, 0x07, 0x06, 0x23, 0x22, 0x27,
	0x30, 0x0F, 0x3A, 0x03, 0x05, 0x0B, 0x16, 0x20, 0x22, 0x1F, 0x1F, 0x24, 0x2E, 0x29, 0x15, 0x0B,
	0x08, 0x06, 0x76, 0x07, 0x0B, 0x0C, 0x30, 0x26, 0x02, 0x1E, 0x16, 0x1D, 0x21, 0x2A, 0x25, 0x25,
	0x4D, 0x20, 0x10, 0x07, 0x00, 0x02, 0x00, 0x31, 0x00, 0x05, 0x00, 0xA9, 0x01, 0xD2, 0x00, 0x0B,
	0x00, 0x17, 0x00, 0x00, 0x12, 0x26, 0x35, 0x34, 0x36, 0x33, 0x32, 0x16, 0x15, 0x14, 0x06, 0x23,
	0x02, 0x26, 0x35, 0x34, 0x36, 0x33, 0x32, 0x16, 0x15, 0x14, 0x06, 0x23, 0x53, 0x21, 0x21, 0x19,
	0x1A, 0x23, 0x23, 0x1A, 0x19, 0x22, 0x22, 0x19, 0x1A, 0x23, 0x23, 0x1A, 0x01, 0x5F, 0x21, 0x18,
	0x19, 0x21, 0x21, 0x19, 0x18, 0x21, 0xFE, 0xA6, 0x21, 0x19, 0x18, 0x21, 0x21, 0x18, 0x19, 0x21,
	0x00, 0x02, 0x00, 0x30, 0xFF, 0x84, 0x00, 0xB3, 0x01, 0xD2, 0x00, 0x0B, 0x00, 0x24, 0x00, 0x00,
	0x12, 0x26, 0x35, 0x34, 0x36, 0x33, 0x32, 0x16, 0x15, 0x14, 0x06, 0x23, 0x02, 0x35, 0x34, 0x37,
	0x36, 0x36, 0x37, 0x06, 0x23, 0x22, 0x26, 0x35, 0x34, 0x36, 0x33, 0x32, 0x16, 0x15, 0x14, 0x06,
	0x07, 0x06, 0x23, 0x22, 0x27, 0x5D, 0x21, 0x21, 0x19, 0x19, 0x24, 0x24, 0x19, 0x46, 0x0F, 0x18,
	0x21, 0x01, 0x0A, 0x05, 0x15, 0x1F, 0x21, 0x1D, 0x1D, 0x21, 0x2B, 0x26, 0x15, 0x09, 0x06, 0x08,
	0x01, 0x5F, 0x21, 0x18, 0x19, 0x21, 0x22, 0x18, 0x18, 0x21, 0xFE, 0x35, 0x04, 0x09, 0x0C, 0x13,
	0x2C, 0x11, 0x02, 0x1C, 0x16, 0x1B, 0x1E, 0x27, 0x23, 0x22, 0x48, 0x1E, 0x10, 0x09, 0x00, 0x03,
	0x00, 0x31, 0x00, 0x01, 0x02, 0x3A, 0x00, 0x74, 0x00, 0x0B, 0x00, 0x17, 0x00, 0x23, 0x00, 0x00,
	0x36, 0x26, 0x35, 0x34, 0x36, 0x33, 0x32, 0x16, 0x15, 0x14, 0x06, 0x23, 0x32, 0x26, 0x35, 0x34,
	0x36, 0x33, 0x32, 0x16, 0x15, 0x14, 0x06, 0x23, 0x32, 0x26, 0x35, 0x34, 0x36, 0x33, 0x32, 0x16,
	0x15, 0x14, 0x06, 0x23, 0x54, 0x23, 0x23, 0x18, 0x18, 0x23, 0x23, 0x18, 0xB1, 0x23, 0x23, 0x19,
	0x17, 0x23, 0x23, 0x17, 0xB1, 0x23, 0x23, 0x18, 0x18, 0x23, 0x23, 0x18, 0x01, 0x22, 0x17, 0x17,
	0x23, 0x23, 0x17, 0x17, 0x22, 0x22, 0x17, 0x17, 0x23, 0x23, 0x17, 0x17, 0x22, 0x22, 0x17, 0x17,
	0x23, 0x23, 0x17, 0x17, 0x22, 0x00, 0x00, 0x02, 0x00, 0x4A, 0xFF, 0xF6, 0x00, 0xC4, 0x02, 0xC6,
	0x00, 0x0B, 0x00, 0x17, 0x00, 0x00, 0x36, 0x35, 0x03, 0x34, 0x36, 0x33, 0x32, 0x16, 0x15, 0x03,
	0x14, 0x23, 0x06, 0x26, 0x35, 0x34, 0x36, 0x33, 0x32, 0x16, 0x15, 0x14, 0x06, 0x23, 0x65, 0x06,
	0x16, 0x12, 0x12, 0x17, 0x07, 0x22, 0x1B, 0x22, 0x23, 0x1A, 0x1A, 0x23, 0x22, 0x1B, 0xA3, 0x26,
	0x01, 0xD5, 0x13, 0x15, 0x16, 0x12, 0xFE, 0x2B, 0x26, 0xAD, 0x1F, 0x18, 0x19, 0x21, 0x21, 0x19,
	0x18, 0x1F, 0x00, 0x02, 0x00, 0x4A, 0xFF, 0x24, 0x00, 0xC4, 0x01, 0xF4, 0x00, 0x0B, 0x00, 0x18,
	0x00, 0x00, 0x12, 0x26, 0x35, 0x34, 0x36, 0x33, 0x32, 0x16, 0x15, 0x14, 0x06, 0x23, 0x02, 0x26,
	0x35, 0x13, 0x34, 0x33, 0x32, 0x16, 0x15, 0x13, 0x14, 0x06, 0x23, 0x6D, 0x23, 0x22, 0x1B, 0x1B,
	0x22, 0x23, 0x1A, 0x13, 0x16, 0x06, 0x22, 0x11, 0x12, 0x06, 0x17, 0x12, 0x01, 0x83, 0x21, 0x19,
	0x18, 0x1F, 0x1F, 0x18, 0x19, 0x21, 0xFD, 0xA1, 0x15, 0x13, 0x01, 0xD5, 0x26, 0x14, 0x12, 0xFE,
	0x2B, 0x12, 0x16, 0x00, 0x00, 0x02, 0x00, 0x31, 0xFF, 0xF6, 0x02, 0x0A, 0x02, 0xC6, 0x00, 0x29,
	0x00, 0x35, 0x00, 0x00, 0x24, 0x26, 0x35, 0x35, 0x34, 0x36, 0x36, 0x37, 0x36, 0x36, 0x35, 0x34,
	0x26, 0x23, 0x22, 0x06, 0x07, 0x06, 0x23, 0x22, 0x27, 0x26, 0x35, 0x34, 0x37, 0x36, 0x36, 0x33,
	0x32, 0x16, 0x15, 0x14, 0x06, 0x07, 0x0E, 0x02, 0x15, 0x15, 0x14, 0x06, 0x23, 0x06, 0x26, 0x35,
	0x34, 0x36, 0x33, 0x32, 0x16, 0x15, 0x14, 0x06, 0x23, 0x01, 0x06, 0x14, 0x1F, 0x2C, 0x24, 0x2F,
	0x2D, 0x50, 0x49, 0x37, 0x5B, 0x1D, 0x0F, 0x12, 0x0A, 0x09, 0x10, 0x07, 0x26, 0x7C, 0x4A, 0x6C,
	0x7A, 0x38, 0x35, 0x21, 0x24, 0x1A, 0x15, 0x12, 0x18, 0x23, 0x23, 0x1A, 0x1A, 0x23, 0x22, 0x1B,
	0xA3, 0x15, 0x13, 0x12, 0x28, 0x3D, 0x2B, 0x1B, 0x24, 0x36, 0x28, 0x3A, 0x41, 0x28, 0x25, 0x12,
	0x06, 0x0B, 0x10, 0x0A, 0x0A, 0x32, 0x39, 0x65, 0x57, 0x37, 0x47, 0x27, 0x19, 0x22, 0x2F, 0x1E,
	0x12, 0x13, 0x15, 0xAD, 0x1F, 0x18, 0x19, 0x21, 0x21, 0x19, 0x18, 0x1F, 0x00, 0x02, 0x00, 0x30,
	0xFF, 0x24, 0x02, 0x08, 0x01, 0xF4, 0x00, 0x0B, 0x00, 0x35, 0x00, 0x00, 0x00, 0x26, 0x35, 0x34,
	0x36, 0x33, 0x32, 0x16, 0x15, 0x14, 0x06, 0x23, 0x02, 0x26, 0x35, 0x34, 0x36, 0x37, 0x3E, 0x02,
	0x35, 0x35, 0x34, 0x36, 0x33, 0x32, 0x16, 0x15, 0x15, 0x14, 0x06, 0x06, 0x07, 0x06, 0x06, 0x15,
	0x14, 0x16, 0x33, 0x32, 0x36, 0x37, 0x36, 0x33, 0x32, 0x17, 0x16, 0x15, 0x14, 0x07, 0x06, 0x06,
	0x23, 0x01, 0x06, 0x22, 0x22, 0x1A, 0x1B, 0x22, 0x23, 0x1A, 0x76, 0x7A, 0x38, 0x35, 0x21, 0x24,
	0x1A, 0x14, 0x12, 0x12, 0x13, 0x1F, 0x2C, 0x24, 0x2F, 0x2D, 0x50, 0x49, 0x36, 0x5A, 0x1F, 0x0F,
	0x13, 0x09, 0x09, 0x10, 0x07, 0x25, 0x7C, 0x4B, 0x01, 0x83, 0x21, 0x19, 0x19, 0x1E, 0x1F, 0x18,
	0x19, 0x21, 0xFD, 0xA1, 0x65, 0x57, 0x37, 0x47, 0x27, 0x19, 0x22, 0x2F, 0x1E, 0x12, 0x13, 0x15,
	0x15, 0x13, 0x12, 0x28, 0x3D, 0x2B, 0x1B, 0x24, 0x36, 0x28, 0x3A, 0x41, 0x28, 0x25, 0x12, 0x06,
	0x0B, 0x10, 0x0A, 0x0A, 0x33, 0x38, 0x00, 0x01, 0x00, 0x32, 0x01, 0x1D, 0x00, 0xA5, 0x01, 0x8D,
	0x00, 0x0B, 0x00, 0x00, 0x12, 0x26, 0x35, 0x34, 0x36, 0x33, 0x32, 0x16, 0x15, 0x14, 0x06, 0x23,
	0x54, 0x22, 0x22, 0x18, 0x17, 0x22, 0x22, 0x17, 0x01, 0x1D, 0x21, 0x16, 0x17, 0x22, 0x22, 0x17,
	0x16, 0x21, 0x00, 0x01, 0x00, 0x31, 0x00, 0xB7, 0x01, 0x01, 0x01, 0x82, 0x00, 0x0B, 0x00, 0x00,
	0x36, 0x26, 0x35, 0x34, 0x36, 0x33, 0x32, 0x16, 0x15, 0x14, 0x06, 0x23, 0x6D, 0x3C, 0x3C, 0x2D,
	0x2C, 0x3B, 0x3B, 0x2C, 0xB7, 0x3A, 0x2D, 0x2B, 0x39, 0x39, 0x2B, 0x2C, 0x3B, 0x00, 0x00, 0x01,
	0x00, 0x30, 0x01, 0x46, 0x01, 0x93, 0x02, 0xC3, 0x00, 0x37, 0x00, 0x00, 0x12, 0x26, 0x35, 0x35,
	0x07, 0x06, 0x23, 0x22, 0x27, 0x26, 0x35, 0x34, 0x37, 0x37, 0x27, 0x26, 0x35, 0x34, 0x37, 0x36,
	0x33, 0x32, 0x17, 0x17, 0x35, 0x34, 0x36, 0x33, 0x32, 0x16, 0x15, 0x15, 0x37, 0x36, 0x33, 0x32,
	0x17, 0x16, 0x15, 0x14, 0x07, 0x07, 0x17, 0x16, 0x15, 0x14, 0x07, 0x06, 0x23, 0x22, 0x27, 0x27,
	0x15, 0x14, 0x06, 0x23, 0xD4, 0x11, 0x60, 0x0A, 0x0A, 0x0F, 0x09, 0x07, 0x0C, 0x74, 0x73, 0x0D,
	0x06, 0x0B, 0x0F, 0x09, 0x0A, 0x60, 0x11, 0x0E, 0x0D, 0x12, 0x5F, 0x08, 0x0B, 0x0F, 0x0B, 0x06,
	0x0D, 0x73, 0x74, 0x0C, 0x07, 0x09, 0x0F, 0x0A, 0x09, 0x60, 0x12, 0x0D, 0x01, 0x46, 0x11, 0x0D,
	0x69, 0x47, 0x07, 0x0C, 0x0B, 0x09, 0x0D, 0x09, 0x50, 0x4E, 0x09, 0x10, 0x0B, 0x07, 0x0E, 0x07,
	0x48, 0x6A, 0x0D, 0x0F, 0x0F, 0x0D, 0x6A, 0x48, 0x07, 0x0E, 0x07, 0x0B, 0x10, 0x09, 0x4E, 0x50,
	0x09, 0x0D, 0x0C, 0x08, 0x0B, 0x06, 0x47, 0x69, 0x0D, 0x11, 0x00, 0x02, 0x00, 0x32, 0xFF, 0xF4,
	0x02, 0xEF, 0x02, 0xC6, 0x00, 0x43, 0x00, 0x47, 0x00, 0x00, 0x00, 0x15, 0x14, 0x06, 0x23, 0x23,
	0x07, 0x33, 0x32, 0x15, 0x14, 0x06, 0x23, 0x23, 0x07, 0x06, 0x23, 0x22, 0x26, 0x35, 0x34, 0x37,
	0x37, 0x23, 0x07, 0x06, 0x23, 0x22, 0x26, 0x35, 0x34, 0x37, 0x37, 0x23, 0x22, 0x26, 0x35, 0x34,
	0x33, 0x33, 0x37, 0x23, 0x22, 0x26, 0x35, 0x34, 0x33, 0x33, 0x37, 0x36, 0x33, 0x32, 0x16, 0x15,
	0x14, 0x07, 0x07, 0x33, 0x37, 0x36, 0x33, 0x32, 0x16, 0x15, 0x14, 0x07, 0x07, 0x33, 0x07, 0x23,
	0x07, 0x33, 0x02, 0xEF, 0x14, 0x13, 0x64, 0x36, 0x61, 0x27, 0x14, 0x13, 0x74, 0x39, 0x08, 0x1A,
	0x11, 0x11, 0x02, 0x35, 0xE8, 0x39, 0x08, 0x1A, 0x10, 0x11, 0x02, 0x35, 0x4E, 0x13, 0x15, 0x28,
	0x61, 0x36, 0x5E, 0x13, 0x15, 0x28, 0x71, 0x36, 0x07, 0x1C, 0x11, 0x10, 0x02, 0x32, 0xE7, 0x36,
	0x07, 0x1C, 0x11, 0x10, 0x02, 0x32, 0x51, 0xAA, 0xE7, 0x37, 0xE8, 0x01, 0xFB, 0x20, 0x0F, 0x10,
	0xB3, 0x20, 0x0F, 0x10, 0xBB, 0x1B, 0x10, 0x0D, 0x04, 0x08, 0xAD, 0xBB, 0x1B, 0x10, 0x0C, 0x05,
	0x08, 0xAD, 0x11, 0x0E, 0x20, 0xB3, 0x11, 0x0E, 0x20, 0xB1, 0x1A, 0x0E, 0x0C, 0x04, 0x0A, 0xA3,
	0xB1, 0x1A, 0x0E, 0x0C, 0x04, 0x0A, 0xA3, 0x3F, 0xB3, 0x00, 0x00, 0x01, 0x00, 0x30, 0xFF, 0x95,
	0x01, 0xF2, 0x03, 0x1E, 0x00, 0x11, 0x00, 0x00, 0x16, 0x35, 0x34, 0x37, 0x01, 0x36, 0x33, 0x32,
	0x16, 0x15, 0x14, 0x07, 0x01, 0x06, 0x06, 0x23, 0x22, 0x27, 0x30, 0x04, 0x01, 0x79, 0x0A, 0x15,
	0x13, 0x13, 0x04, 0xFE, 0x86, 0x05, 0x12, 0x0A, 0x08, 0x06, 0x5F, 0x16, 0x09, 0x08, 0x03, 0x40,
	0x16, 0x12, 0x0E, 0x06, 0x0A, 0xFC, 0xBE, 0x0A, 0x0D, 0x03, 0x00, 0x01, 0x00, 0x2F, 0xFF, 0x95,
	0x01, 0xF1, 0x03, 0x1E, 0x00, 0x13, 0x00, 0x00, 0x04, 0x23, 0x22, 0x26, 0x27, 0x01, 0x26, 0x35,
	0x34, 0x37, 0x36, 0x33, 0x32, 0x17, 0x01, 0x16, 0x15, 0x14, 0x06, 0x07, 0x01, 0xD6, 0x08, 0x0A,
	0x12, 0x05, 0xFE, 0x86, 0x04, 0x15, 0x09, 0x08, 0x15, 0x0A, 0x01, 0x79, 0x04, 0x0B, 0x0A, 0x6B,
	0x0D, 0x0A, 0x03, 0x42, 0x0A, 0x06, 0x16, 0x07, 0x03, 0x16, 0xFC, 0xBF, 0x07, 0x0A, 0x09, 0x11,
	0x04, 0x00, 0x00, 0x01, 0x00, 0x28, 0xFE, 0xE5, 0x00, 0xC1, 0x01, 0x4A, 0x00, 0x1A, 0x00, 0x00,
	0x12, 0x23, 0x22, 0x27, 0x26, 0x35, 0x34, 0x36, 0x37, 0x36, 0x33, 0x32, 0x17, 0x16, 0x15, 0x14,
	0x07, 0x06, 0x06, 0x15, 0x14, 0x16, 0x17, 0x16, 0x15, 0x14, 0x07, 0xA7, 0x09, 0x15, 0x0B, 0x56,
	0x2C, 0x2A, 0x0D, 0x14, 0x08, 0x08, 0x12, 0x07, 0x24, 0x27, 0x28, 0x23, 0x07, 0x12, 0xFE, 0xE5,
	0x12, 0x80, 0xA1, 0x53, 0x94, 0x39, 0x12, 0x04, 0x0A, 0x0E, 0x07, 0x0B, 0x31, 0x87, 0x4C, 0x4F,
	0x87, 0x2F, 0x0B, 0x07, 0x0E, 0x0A, 0x00, 0x01, 0x00, 0x28, 0xFE, 0xE5, 0x00, 0xC1, 0x01, 0x4A,
	0x00, 0x1A, 0x00, 0x00, 0x12, 0x35, 0x34, 0x37, 0x36, 0x36, 0x35, 0x34, 0x26, 0x27, 0x26, 0x35,
	0x34, 0x37, 0x36, 0x33, 0x32, 0x17, 0x16, 0x16, 0x15, 0x14, 0x07, 0x06, 0x23, 0x22, 0x27, 0x28,
	0x07, 0x23, 0x28, 0x27, 0x24, 0x07, 0x12, 0x07, 0x09, 0x14, 0x0D, 0x2A, 0x2C, 0x56, 0x0D, 0x13,
	0x09, 0x08, 0xFE, 0xF2, 0x0F, 0x0A, 0x08, 0x2F, 0x86, 0x50, 0x4B, 0x87, 0x32, 0x0B, 0x07, 0x0E,
	0x0A, 0x04, 0x12, 0x38, 0x94, 0x54, 0xA5, 0x7C, 0x12, 0x04, 0x00, 0x01, 0x00, 0x32, 0xFF, 0x7B,
	0x00, 0xF4, 0x02, 0xE7, 0x00, 0x1B, 0x00, 0x00, 0x16, 0x23, 0x22, 0x27, 0x26, 0x26, 0x35, 0x34,
	0x36, 0x37, 0x36, 0x33, 0x32, 0x17, 0x16, 0x15, 0x14, 0x07, 0x06, 0x06, 0x15, 0x14, 0x16, 0x17,
	0x16, 0x15, 0x14, 0x07, 0xD7, 0x08, 0x15, 0x0F, 0x3A, 0x3F, 0x3F, 0x3A, 0x0F, 0x15, 0x08, 0x0A,
	0x13, 0x07, 0x34, 0x3B, 0x3B, 0x33, 0x08, 0x13, 0x85, 0x16, 0x53, 0xD8, 0x75, 0x75, 0xD8, 0x53,
	0x16, 0x05, 0x0A, 0x10, 0x08, 0x0B, 0x49, 0xCB, 0x70, 0x71, 0xCD, 0x45, 0x0B, 0x09, 0x10, 0x0A,
	0x00, 0x01, 0x00, 0x32, 0xFF, 0x7B, 0x00, 0xF3, 0x02, 0xE7, 0x00, 0x1B, 0x00, 0x00, 0x16, 0x35,
	0x34, 0x37, 0x36, 0x36, 0x35, 0x34, 0x26, 0x27, 0x26, 0x35, 0x34, 0x37, 0x36, 0x33, 0x32, 0x17,
	0x16, 0x16, 0x15, 0x14, 0x06, 0x07, 0x06, 0x23, 0x22, 0x27, 0x32, 0x07, 0x34, 0x3A, 0x3A, 0x34,
	0x07, 0x12, 0x0A, 0x08, 0x13, 0x11, 0x3B, 0x3E, 0x3E, 0x3B, 0x11, 0x13, 0x08, 0x0A, 0x76, 0x11,
	0x0B, 0x08, 0x45, 0xCB, 0x73, 0x6F, 0xCB, 0x49, 0x0A, 0x0A, 0x10, 0x0A, 0x05, 0x16, 0x54, 0xD6,
	0x76, 0x76, 0xD6, 0x54, 0x16, 0x05, 0x00, 0x01, 0x00, 0x31, 0xFF, 0x3B, 0x01, 0x62, 0x03, 0x0E,
	0x00, 0x2F, 0x00, 0x00, 0x16, 0x26, 0x35, 0x35, 0x34, 0x26, 0x27, 0x26, 0x26, 0x35, 0x34, 0x36,
	0x37, 0x36, 0x36, 0x35, 0x35, 0x34, 0x36, 0x33, 0x33, 0x32, 0x16, 0x15, 0x14, 0x23, 0x23, 0x22,
	0x06, 0x15, 0x15, 0x14, 0x06, 0x07, 0x16, 0x16, 0x15, 0x15, 0x14, 0x16, 0x33, 0x33, 0x32, 0x15,
	0x14, 0x06, 0x23, 0x23, 0xCC, 0x3F, 0x1F, 0x1C, 0x11, 0x10, 0x0F, 0x10, 0x1C, 0x21, 0x3F, 0x3D,
	0x32, 0x13, 0x14, 0x27, 0x2F, 0x18, 0x1C, 0x29, 0x2C, 0x2D, 0x28, 0x1C, 0x18, 0x2F, 0x27, 0x14,
	0x13, 0x32, 0xC5, 0x41, 0x35, 0xC9, 0x31, 0x2E, 0x15, 0x0C, 0x12, 0x0F, 0x0D, 0x11, 0x0B, 0x14,
	0x31, 0x32, 0xDD, 0x34, 0x42, 0x10, 0x0F, 0x1F, 0x1D, 0x18, 0xE0, 0x39, 0x4C, 0x1B, 0x1D, 0x4B,
	0x39, 0xCC, 0x18, 0x1D, 0x1F, 0x0F, 0x10, 0x00, 0x00, 0x01, 0x00, 0x31, 0xFF, 0x3B, 0x01, 0x62,
	0x03, 0x0E, 0x00, 0x2F, 0x00, 0x00, 0x16, 0x26, 0x35, 0x34, 0x33, 0x33, 0x32, 0x36, 0x35, 0x35,
	0x34, 0x36, 0x37, 0x26, 0x26, 0x35, 0x35, 0x34, 0x26, 0x23, 0x23, 0x22, 0x35, 0x34, 0x36, 0x33,
	0x33, 0x32, 0x16, 0x15, 0x15, 0x14, 0x16, 0x17, 0x16, 0x16, 0x15, 0x14, 0x06, 0x07, 0x06, 0x06,
	0x15, 0x15, 0x14, 0x06, 0x23, 0x23, 0x45, 0x14, 0x26, 0x30, 0x18, 0x1B, 0x29, 0x2D, 0x2D, 0x29,
	0x1B, 0x18, 0x30, 0x26, 0x14, 0x12, 0x32, 0x3E, 0x3F, 0x21, 0x1C, 0x10, 0x0F, 0x10, 0x11, 0x1C,
	0x1F, 0x3F, 0x3E, 0x32, 0xC5, 0x10, 0x0F, 0x1F, 0x1D, 0x18, 0xCC, 0x38, 0x4C, 0x1D, 0x1B, 0x4C,
	0x39, 0xE0, 0x18, 0x1D, 0x1F, 0x0F, 0x10, 0x42, 0x34, 0xDD, 0x32, 0x31, 0x14, 0x0B, 0x11, 0x0D,
	0x0F, 0x12, 0x0C, 0x15, 0x2E, 0x31, 0xC9, 0x36, 0x40, 0x00, 0x00, 0x01, 0x00, 0x4D, 0xFF, 0x3B,
	0x01, 0x1C, 0x03, 0x0E, 0x00, 0x13, 0x00, 0x00, 0x16, 0x35, 0x11, 0x34, 0x33, 0x33, 0x32, 0x15,
	0x14, 0x06, 0x23, 0x23, 0x11, 0x33, 0x32, 0x16, 0x15, 0x14, 0x23, 0x23, 0x4D, 0x48, 0x5F, 0x28,
	0x15, 0x13, 0x5C, 0x5C, 0x13, 0x15, 0x28, 0x5F, 0xC5, 0x41, 0x03, 0x51, 0x41, 0x20, 0x0E, 0x10,
	0xFC, 0xA9, 0x10, 0x0E, 0x20, 0x00, 0x00, 0x01, 0x00, 0x2F, 0xFF, 0x3B, 0x00, 0xFE, 0x03, 0x0E,
	0x00, 0x13, 0x00, 0x00, 0x16, 0x35, 0x34, 0x36, 0x33, 0x33, 0x11, 0x23, 0x22, 0x26, 0x35, 0x34,
	0x33, 0x33, 0x32, 0x15, 0x11, 0x14, 0x23, 0x23, 0x2F, 0x15, 0x13, 0x5C, 0x5C, 0x13, 0x15, 0x28,
	0x5F, 0x48, 0x48, 0x5F, 0xC5, 0x20, 0x0E, 0x10, 0x03, 0x57, 0x10, 0x0E, 0x20, 0x41, 0xFC, 0xAF,
	0x41, 0x00, 0x00, 0x01, 0x00, 0x28, 0x01, 0x2B, 0x00, 0xC1, 0x03, 0x90, 0x00, 0x1A, 0x00, 0x00,
	0x12, 0x23, 0x22, 0x27, 0x26, 0x35, 0x34, 0x36, 0x37, 0x36, 0x33, 0x32, 0x17, 0x16, 0x15, 0x14,
	0x07, 0x06, 0x06, 0x15, 0x14, 0x16, 0x17, 0x16, 0x15, 0x14, 0x07, 0xA7, 0x09, 0x15, 0x0B, 0x56,
	0x2C, 0x2A, 0x0D, 0x14, 0x08, 0x08, 0x12, 0x07, 0x24, 0x27, 0x28, 0x23, 0x07, 0x12, 0x01, 0x2B,
	0x12, 0x80, 0xA1, 0x53, 0x94, 0x39, 0x12, 0x04, 0x0A, 0x0E, 0x07, 0x0B, 0x31, 0x87, 0x4C, 0x4F,
	0x87, 0x2F, 0x0A, 0x08, 0x0E, 0x0A, 0x00, 0x01, 0x00, 0x32, 0x01, 0x2B, 0x00, 0xCB, 0x03, 0x90,
	0x00, 0x1A, 0x00, 0x00, 0x12, 0x35, 0x34, 0x37, 0x36, 0x36, 0x35, 0x34, 0x26, 0x27, 0x26, 0x35,
	0x34, 0x37, 0x36, 0x33, 0x32, 0x17, 0x16, 0x16, 0x15, 0x14, 0x07, 0x06, 0x23, 0x22, 0x27, 0x32,
	0x07, 0x23, 0x28, 0x27, 0x24, 0x07, 0x12, 0x07, 0x09, 0x14, 0x0D, 0x2A, 0x2C, 0x56, 0x0D, 0x13,
	0x09, 0x08, 0x01, 0x38, 0x0F, 0x0A, 0x08, 0x2F, 0x86, 0x50, 0x4B, 0x87, 0x32, 0x0B, 0x07, 0x0E,
	0x0A, 0x04, 0x12, 0x38, 0x94, 0x54, 0xA5, 0x7C, 0x12, 0x04, 0x00, 0x01, 0x00, 0x31, 0x00, 0xD4,
	0x01, 0xA9, 0x01, 0x13, 0x00, 0x0B, 0x00, 0x00, 0x36, 0x26, 0x35, 0x34, 0x33, 0x21, 0x32, 0x15,
	0x14, 0x06, 0x23, 0x21, 0x46, 0x15, 0x28, 0x01, 0x28, 0x28, 0x15, 0x13, 0xFE, 0xD8, 0xD4, 0x11,
	0x0E, 0x20, 0x20, 0x0E, 0x11, 0x00, 0x00, 0x01, 0x00, 0x31, 0x00, 0xD4, 0x01, 0xA9, 0x01, 0x13,
	0x00, 0x0B, 0x00, 0x00, 0x36, 0x26, 0x35, 0x34, 0x33, 0x21, 0x32, 0x15, 0x14, 0x06, 0x23, 0x21,
	0x46, 0x15, 0x28, 0x01, 0x28, 0x28, 0x15, 0x13, 0xFE, 0xD8, 0xD4, 0x11, 0x0E, 0x20, 0x20, 0x0E,
	0x11, 0x00, 0x00, 0x01, 0x00, 0x31, 0x00, 0xD4, 0x02, 0x70, 0x01, 0x13, 0x00, 0x0B, 0x00, 0x00,
	0x36, 0x26, 0x35, 0x34, 0x33, 0x21, 0x32, 0x15, 0x14, 0x06, 0x23, 0x21, 0x46, 0x15, 0x28, 0x01,
	0xEF, 0x28, 0x15, 0x13, 0xFE, 0x11, 0xD4, 0x11, 0x0E, 0x20, 0x20, 0x0E, 0x11, 0x00, 0x00, 0x01,
	0x00, 0x31, 0x00, 0xD4, 0x03, 0x6F, 0x01, 0x13, 0x00, 0x0B, 0x00, 0x00, 0x36, 0x26, 0x35, 0x34,
	0x33, 0x21, 0x32, 0x15, 0x14, 0x06, 0x23, 0x21, 0x46, 0x15, 0x28, 0x02, 0xEF, 0x27, 0x14, 0x13,
	0xFD, 0x11, 0xD4, 0x11, 0x0E, 0x20, 0x20, 0x0E, 0x11, 0x00, 0x00, 0x01, 0x00, 0x2D, 0x00, 0xD4,
	0x02, 0x51, 0x01, 0x13, 0x00, 0x0B, 0x00, 0x00, 0x36, 0x26, 0x35, 0x34, 0x33, 0x21, 0x32, 0x15,
	0x14, 0x06, 0x23, 0x21, 0x42, 0x15, 0x28, 0x01, 0xD4, 0x28, 0x15, 0x13, 0xFE, 0x2C, 0xD4, 0x11,
	0x0E, 0x20, 0x20, 0x0E, 0x11, 0x00, 0x00, 0x01, 0x00, 0x2D, 0x00, 0xD4, 0x03, 0x76, 0x01, 0x13,
	0x00, 0x0B, 0x00, 0x00, 0x36, 0x26, 0x35, 0x34, 0x33, 0x21, 0x32, 0x15, 0x14, 0x06, 0x23, 0x21,
	0x42, 0x15, 0x28, 0x02, 0xF9, 0x28, 0x15, 0x13, 0xFD, 0x07, 0xD4, 0x11, 0x0E, 0x20, 0x20, 0x0E,
	0x11, 0x00, 0x00, 0x01, 0x00, 0x31, 0x00, 0xD4, 0x01, 0xA9, 0x01, 0x13, 0x00, 0x0B, 0x00, 0x00,
	0x36, 0x26, 0x35, 0x34, 0x33, 0x21, 0x32, 0x15, 0x14, 0x06, 0x23, 0x21, 0x46, 0x15, 0x28, 0x01,
	0x28, 0x28, 0x15, 0x13, 0xFE, 0xD8, 0xD4, 0x11, 0x0E, 0x20, 0x20, 0x0E, 0x11, 0x00, 0x00, 0x01,
	0x00, 0x32, 0xFF, 0x81, 0x02, 0x11, 0xFF, 0xC0, 0x00, 0x0B, 0x00, 0x00, 0x16, 0x26, 0x35, 0x34,
	0x33, 0x21, 0x32, 0x15, 0x14, 0x06, 0x23, 0x21, 0x48, 0x16, 0x29, 0x01, 0x8D, 0x29, 0x16, 0x13,
	0xFE, 0x73, 0x7F, 0x11, 0x0E, 0x20, 0x20, 0x0E, 0x11, 0x00, 0x00, 0x01, 0x00, 0x31, 0xFF, 0x70,
	0x00, 0xBE, 0x00, 0x72, 0x00, 0x18, 0x00, 0x00, 0x16, 0x35, 0x34, 0x37, 0x36, 0x36, 0x37, 0x06,
	0x23, 0x22, 0x26, 0x35, 0x34, 0x36, 0x33, 0x32, 0x16, 0x15, 0x14, 0x06, 0x07, 0x06, 0x23, 0x22,
	0x27, 0x31, 0x0E, 0x17, 0x22, 0x02, 0x08, 0x05, 0x16, 0x23, 0x25, 0x20, 0x1F, 0x26, 0x30, 0x27,
	0x14, 0x0C, 0x09, 0x06, 0x80, 0x08, 0x0B, 0x0B, 0x12, 0x34, 0x13, 0x02, 0x24, 0x19, 0x1D, 0x23,
	0x2B, 0x26, 0x27, 0x58, 0x21, 0x11, 0x08, 0x00, 0x00, 0x02, 0x00, 0x34, 0xFF, 0x70, 0x01, 0x78,
	0x00, 0x72, 0x00, 0x18, 0x00, 0x31, 0x00, 0x00, 0x16, 0x35, 0x34, 0x37, 0x36, 0x36, 0x37, 0x06,
	0x23, 0x22, 0x26, 0x35, 0x34, 0x36, 0x33, 0x32, 0x16, 0x15, 0x14, 0x06, 0x07, 0x06, 0x23, 0x22,
	0x27, 0x36, 0x35, 0x34, 0x37, 0x36, 0x36, 0x37, 0x06, 0x23, 0x22, 0x26, 0x35, 0x34, 0x36, 0x33,
	0x32, 0x16, 0x15, 0x14, 0x06, 0x07, 0x06, 0x23, 0x22, 0x27, 0x34, 0x0E, 0x17, 0x22, 0x02, 0x08,
	0x05, 0x16, 0x23, 0x25, 0x20, 0x1F, 0x26, 0x30, 0x27, 0x14, 0x0C, 0x09, 0x06, 0xAF, 0x0F, 0x14,
	0x25, 0x02, 0x08, 0x05, 0x18, 0x22, 0x26, 0x1F, 0x20, 0x26, 0x30, 0x28, 0x14, 0x0B, 0x0A, 0x07,
	0x80, 0x08, 0x0B, 0x0B, 0x12, 0x34, 0x13, 0x02, 0x24, 0x19, 0x1D, 0x23, 0x2B, 0x26, 0x27, 0x58,
	0x21, 0x11, 0x08, 0x09, 0x07, 0x0C, 0x0A, 0x10, 0x35, 0x14, 0x02, 0x23, 0x1A, 0x1D, 0x23, 0x2B,
	0x26, 0x28, 0x56, 0x22, 0x11, 0x0A, 0x00, 0x02, 0x00, 0x34, 0x01, 0xCD, 0x01, 0x78, 0x02, 0xCF,
	0x00, 0x18, 0x00, 0x31, 0x00, 0x00, 0x12, 0x26, 0x35, 0x34, 0x36, 0x37, 0x36, 0x33, 0x32, 0x17,
	0x16, 0x15, 0x14, 0x07, 0x06, 0x06, 0x07, 0x36, 0x33, 0x32, 0x16, 0x15, 0x14, 0x06, 0x23, 0x32,
	0x26, 0x35, 0x34, 0x36, 0x37, 0x36, 0x33, 0x32, 0x17, 0x16, 0x15, 0x14, 0x07, 0x06, 0x06, 0x07,
	0x36, 0x33, 0x32, 0x16, 0x15, 0x14, 0x06, 0x23, 0x59, 0x25, 0x30, 0x28, 0x14, 0x0B, 0x09, 0x07,
	0x06, 0x0E, 0x17, 0x22, 0x02, 0x08, 0x05, 0x16, 0x23, 0x25, 0x20, 0x98, 0x27, 0x31, 0x27, 0x14,
	0x0B, 0x08, 0x09, 0x06, 0x0E, 0x17, 0x22, 0x03, 0x08, 0x05, 0x17, 0x23, 0x26, 0x1F, 0x01, 0xCD,
	0x2C, 0x25, 0x29, 0x55, 0x22, 0x11, 0x09, 0x07, 0x08, 0x0B, 0x0B, 0x12, 0x33, 0x14, 0x02, 0x24,
	0x19, 0x1D, 0x23, 0x2B, 0x26, 0x29, 0x56, 0x21, 0x11, 0x0A, 0x07, 0x07, 0x0B, 0x0B, 0x13, 0x32,
	0x14, 0x02, 0x24, 0x19, 0x1D, 0x23, 0x00, 0x02, 0x00, 0x34, 0x01, 0xCE, 0x01, 0x78, 0x02, 0xCF,
	0x00, 0x18, 0x00, 0x31, 0x00, 0x00, 0x12, 0x35, 0x34, 0x37, 0x36, 0x36, 0x37, 0x06, 0x23, 0x22,
	0x26, 0x35, 0x34, 0x36, 0x33, 0x32, 0x16, 0x15, 0x14, 0x06, 0x07, 0x06, 0x23, 0x22, 0x27, 0x36,
	0x35, 0x34, 0x37, 0x36, 0x36, 0x37, 0x06, 0x23, 0x22, 0x26, 0x35, 0x34, 0x36, 0x33, 0x32, 0x16,
	0x15, 0x14, 0x06, 0x07, 0x06, 0x23, 0x22, 0x27, 0x34, 0x0E, 0x19, 0x1F, 0x03, 0x08, 0x05, 0x17,
	0x22, 0x25, 0x20, 0x1F, 0x26, 0x30, 0x27, 0x15, 0x0A, 0x09, 0x09, 0xB1, 0x0E, 0x17, 0x23, 0x02,
	0x08, 0x05, 0x17, 0x23, 0x25, 0x20, 0x20, 0x26, 0x30, 0x28, 0x11, 0x0E, 0x09, 0x07, 0x01, 0xDF,
	0x06, 0x0C, 0x0B, 0x15, 0x2F, 0x15, 0x02, 0x23, 0x19, 0x1D, 0x23, 0x2B, 0x26, 0x27, 0x58, 0x21,
	0x10, 0x0A, 0x05, 0x08, 0x0B, 0x0B, 0x12, 0x34, 0x14, 0x02, 0x22, 0x1A, 0x1D, 0x23, 0x2B, 0x26,
	0x27, 0x57, 0x22, 0x10, 0x08, 0x00, 0x00, 0x01, 0x00, 0x31, 0x01, 0xCD, 0x00, 0xBE, 0x02, 0xCF,
	0x00, 0x18, 0x00, 0x00, 0x12, 0x26, 0x35, 0x34, 0x36, 0x37, 0x36, 0x33, 0x32, 0x17, 0x16, 0x15,
	0x14, 0x07, 0x06, 0x06, 0x07, 0x36, 0x33, 0x32, 0x16, 0x15, 0x14, 0x06, 0x23, 0x56, 0x25, 0x30,
	0x28, 0x14, 0x0B, 0x08, 0x08, 0x06, 0x0E, 0x17, 0x22, 0x02, 0x08, 0x05, 0x16, 0x23, 0x25, 0x20,
	0x01, 0xCD, 0x2C, 0x25, 0x29, 0x55, 0x22, 0x11, 0x09, 0x07, 0x08, 0x0B, 0x0B, 0x13, 0x33, 0x13,
	0x02, 0x24, 0x19, 0x1D, 0x23, 0x00, 0x00, 0x01, 0x00, 0x31, 0x01, 0xCE, 0x00, 0xBE, 0x02, 0xCF,
	0x00, 0x18, 0x00, 0x00, 0x12, 0x35, 0x34, 0x37, 0x36, 0x36, 0x37, 0x06, 0x23, 0x22, 0x26, 0x35,
	0x34, 0x36, 0x33, 0x32, 0x16, 0x15, 0x14, 0x06, 0x07, 0x06, 0x23, 0x22, 0x27, 0x31, 0x0E, 0x19,
	0x1F, 0x03, 0x08, 0x05, 0x17, 0x22, 0x25, 0x20, 0x1F, 0x26, 0x30, 0x27, 0x15, 0x0A, 0x09, 0x09,
	0x01, 0xDF, 0x06, 0x0C, 0x0B, 0x15, 0x2F, 0x15, 0x02, 0x23, 0x19, 0x1D, 0x23, 0x2B, 0x26, 0x27,
	0x58, 0x21, 0x10, 0x0A, 0x00, 0x02, 0x00, 0x34, 0x00, 0x2D, 0x01, 0xAB, 0x01, 0xEA, 0x00, 0x17,
	0x00, 0x30, 0x00, 0x00, 0x36, 0x23, 0x22, 0x27, 0x27, 0x26, 0x35, 0x34, 0x37, 0x37, 0x36, 0x33,
	0x32, 0x17, 0x16, 0x15, 0x14, 0x07, 0x07, 0x17, 0x16, 0x15, 0x14, 0x07, 0x16, 0x23, 0x22, 0x27,
	0x27, 0x26, 0x26, 0x35, 0x34, 0x37, 0x37, 0x36, 0x33, 0x32, 0x17, 0x16, 0x15, 0x14, 0x07, 0x07,
	0x17, 0x16, 0x15, 0x14, 0x07, 0xF9, 0x09, 0x10, 0x0B, 0x98, 0x09, 0x09, 0x98, 0x0D, 0x0F, 0x08,
	0x09, 0x0F, 0x08, 0x8D, 0x8D, 0x08, 0x0F, 0x91, 0x09, 0x10, 0x0B, 0x98, 0x04, 0x05, 0x09, 0x98,
	0x0D, 0x0F, 0x08, 0x09, 0x0F, 0x08, 0x8D, 0x8D, 0x08, 0x0F, 0x2D, 0x0E, 0xBB, 0x0B, 0x09, 0x0B,
	0x0B, 0xBB, 0x0F, 0x06, 0x0A, 0x11, 0x0B, 0x0A, 0xA9, 0xA9, 0x0A, 0x0B, 0x11, 0x09, 0x06, 0x0E,
	0xBB, 0x05, 0x0A, 0x05, 0x0B, 0x0B, 0xBB, 0x0F, 0x06, 0x0A, 0x11, 0x0B, 0x0A, 0xA9, 0xA9, 0x0A,
	0x0A, 0x0F, 0x0C, 0x00, 0x00, 0x02, 0x00, 0x34, 0x00, 0x2D, 0x01, 0xAB, 0x01, 0xEA, 0x00, 0x18,
	0x00, 0x31, 0x00, 0x00, 0x36, 0x35, 0x34, 0x37, 0x37, 0x27, 0x26, 0x35, 0x34, 0x37, 0x36, 0x33,
	0x32, 0x17, 0x17, 0x16, 0x15, 0x14, 0x06, 0x07, 0x07, 0x06, 0x23, 0x22, 0x27, 0x36, 0x35, 0x34,
	0x37, 0x37, 0x27, 0x26, 0x35, 0x34, 0x37, 0x36, 0x33, 0x32, 0x17, 0x17, 0x16, 0x15, 0x14, 0x06,
	0x07, 0x07, 0x06, 0x23, 0x22, 0x27, 0x34, 0x08, 0x8D, 0x8D, 0x08, 0x0F, 0x09, 0x09, 0x0E, 0x0D,
	0x98, 0x09, 0x05, 0x04, 0x98, 0x0D, 0x0F, 0x08, 0x09, 0x8B, 0x08, 0x8D, 0x8D, 0x08, 0x0F, 0x09,
	0x09, 0x0E, 0x0D, 0x98, 0x09, 0x05, 0x04, 0x98, 0x0C, 0x0F, 0x09, 0x09, 0x3E, 0x0F, 0x0B, 0x0A,
	0xA9, 0xA9, 0x0A, 0x0B, 0x11, 0x0A, 0x06, 0x0F, 0xBB, 0x0B, 0x0B, 0x05, 0x0A, 0x05, 0xBA, 0x0F,
	0x06, 0x0B, 0x0F, 0x0B, 0x0A, 0xA9, 0xA9, 0x0A, 0x0B, 0x11, 0x0A, 0x06, 0x0F, 0xBB, 0x0B, 0x0B,
	0x05, 0x0A, 0x05, 0xBA, 0x0F, 0x06, 0x00, 0x01, 0x00, 0x31, 0x00, 0x2D, 0x01, 0x10, 0x01, 0xEA,
	0x00, 0x18, 0x00, 0x00, 0x36, 0x23, 0x22, 0x27, 0x27, 0x26, 0x26, 0x35, 0x34, 0x37, 0x37, 0x36,
	0x33, 0x32, 0x17, 0x16, 0x15, 0x14, 0x07, 0x07, 0x17, 0x16, 0x15, 0x14, 0x07, 0xF7, 0x09, 0x0F,
	0x0D, 0x98, 0x04, 0x05, 0x09, 0x98, 0x0D, 0x0F, 0x09, 0x09, 0x10, 0x07, 0x8D, 0x8D, 0x07, 0x10,
	0x2D, 0x0F, 0xBA, 0x05, 0x0A, 0x05, 0x0B, 0x0B, 0xBB, 0x0F, 0x06, 0x0A, 0x13, 0x0B, 0x08, 0xA9,
	0xA9, 0x08, 0x0C, 0x11, 0x0A, 0x00, 0x00, 0x01, 0x00, 0x32, 0x00, 0x2D, 0x01, 0x11, 0x01, 0xEA,
	0x00, 0x17, 0x00, 0x00, 0x36, 0x35, 0x34, 0x37, 0x37, 0x27, 0x26, 0x35, 0x34, 0x37, 0x36, 0x33,
	0x32, 0x17, 0x17, 0x16, 0x15, 0x14, 0x07, 0x07, 0x06, 0x23, 0x22, 0x27, 0x32, 0x07, 0x8D, 0x8D,
	0x07, 0x10, 0x09, 0x09, 0x0F, 0x0D, 0x98, 0x09, 0x09, 0x98, 0x0D, 0x0F, 0x09, 0x09, 0x3D, 0x11,
	0x0C, 0x08, 0xA9, 0xA9, 0x08, 0x0C, 0x12, 0x0A, 0x06, 0x0F, 0xBB, 0x0B, 0x0B, 0x09, 0x0B, 0xBA,
	0x0F, 0x06, 0x00, 0x02, 0x00, 0x34, 0x01, 0xE8, 0x01, 0x22, 0x02, 0xCD, 0x00, 0x10, 0x00, 0x22,
	0x00, 0x00, 0x12, 0x26, 0x35, 0x34, 0x37, 0x37, 0x36, 0x33, 0x17, 0x16, 0x15, 0x14, 0x07, 0x07,
	0x06, 0x06, 0x23, 0x22, 0x26, 0x35, 0x34, 0x37, 0x37, 0x36, 0x33, 0x32, 0x17, 0x16, 0x15, 0x14,
	0x07, 0x07, 0x06, 0x06, 0x23, 0xBF, 0x0E, 0x02, 0x27, 0x08, 0x1A, 0x0C, 0x1A, 0x03, 0x36, 0x04,
	0x0F, 0x0A, 0x8B, 0x0D, 0x02, 0x27, 0x08, 0x1A, 0x04, 0x08, 0x1A, 0x03, 0x36, 0x04, 0x0F, 0x0A,
	0x01, 0xE8, 0x0F, 0x0B, 0x05, 0x08, 0x9B, 0x23, 0x02, 0x08, 0x15, 0x08, 0x09, 0x9D, 0x0B, 0x0D,
	0x0F, 0x0B, 0x05, 0x08, 0x9B, 0x23, 0x02, 0x07, 0x16, 0x08, 0x09, 0x9D, 0x0B, 0x0D, 0x00, 0x01,
	0x00, 0x31, 0x01, 0xE8, 0x00, 0xA3, 0x02, 0xCD, 0x00, 0x12, 0x00, 0x00, 0x12, 0x26, 0x35, 0x34,
	0x37, 0x37, 0x36, 0x36, 0x33, 0x32, 0x17, 0x16, 0x15, 0x14, 0x07, 0x07, 0x06, 0x06, 0x23, 0x40,
	0x0F, 0x02, 0x27, 0x04, 0x12, 0x0C, 0x04, 0x08, 0x1B, 0x03, 0x36, 0x04, 0x0F, 0x0A, 0x01, 0xE8,
	0x0F, 0x0C, 0x04, 0x08, 0x9B, 0x10, 0x13, 0x02, 0x08, 0x15, 0x08, 0x09, 0x9D, 0x0B, 0x0D, 0x00,
	0x00, 0x02, 0x00, 0x2D, 0xFF, 0x92, 0x02, 0x24, 0x02, 0x57, 0x00, 0x2D, 0x00, 0x34, 0x00, 0x00,
	0x24, 0x15, 0x14, 0x07, 0x06, 0x06, 0x07, 0x15, 0x14, 0x23, 0x22, 0x35, 0x35, 0x26, 0x26, 0x35,
	0x34, 0x36, 0x36, 0x37, 0x35, 0x34, 0x33, 0x32, 0x15, 0x15, 0x16, 0x16, 0x17, 0x16, 0x15, 0x14,
	0x07, 0x06, 0x23, 0x22, 0x27, 0x26, 0x27, 0x11, 0x36, 0x37, 0x36, 0x33, 0x32, 0x17, 0x24, 0x16,
	0x17, 0x11, 0x06, 0x06, 0x15, 0x02, 0x24, 0x0B, 0x29, 0x61, 0x3E, 0x1E, 0x1D, 0x6C, 0x7D, 0x33,
	0x69, 0x4D, 0x1D, 0x1E, 0x42, 0x65, 0x1E, 0x08, 0x0E, 0x07, 0x0C, 0x12, 0x0D, 0x31, 0x5C, 0x5F,
	0x32, 0x11, 0x10, 0x09, 0x0A, 0xFE, 0x61, 0x51, 0x4E, 0x4E, 0x51, 0x6E, 0x0E, 0x0B, 0x0B, 0x27,
	0x29, 0x03, 0x44, 0x21, 0x21, 0x45, 0x0A, 0x8A, 0x6A, 0x3F, 0x6D, 0x49, 0x07, 0x44, 0x21, 0x21,
	0x42, 0x03, 0x29, 0x26, 0x09, 0x0D, 0x11, 0x0A, 0x06, 0x0F, 0x36, 0x04, 0xFE, 0x82, 0x06, 0x35,
	0x11, 0x08, 0x2E, 0x67, 0x0A, 0x01, 0x7C, 0x0A, 0x63, 0x50, 0x00, 0x02, 0x00, 0x32, 0x00, 0x3C,
	0x02, 0x30, 0x02, 0x4C, 0x00, 0x39, 0x00, 0x45, 0x00, 0x00, 0x36, 0x35, 0x34, 0x37, 0x37, 0x26,
	0x35, 0x34, 0x37, 0x27, 0x26, 0x35, 0x34, 0x37, 0x36, 0x33, 0x32, 0x17, 0x17, 0x36, 0x36, 0x33,
	0x32, 0x17, 0x37, 0x36, 0x33, 0x32, 0x17, 0x16, 0x15, 0x14, 0x07, 0x07, 0x16, 0x15, 0x14, 0x07,
	0x17, 0x16, 0x15, 0x14, 0x07, 0x06, 0x23, 0x22, 0x27, 0x27, 0x06, 0x23, 0x22, 0x26, 0x27, 0x07,
	0x06, 0x23, 0x22, 0x27, 0x24, 0x36, 0x35, 0x34, 0x26, 0x23, 0x22, 0x06, 0x15, 0x14, 0x16, 0x33,
	0x32, 0x10, 0x26, 0x35, 0x35, 0x26, 0x0F, 0x0D, 0x0C, 0x10, 0x14, 0x10, 0x24, 0x1F, 0x49, 0x25,
	0x4B, 0x41, 0x26, 0x11, 0x11, 0x10, 0x0D, 0x0E, 0x10, 0x26, 0x34, 0x34, 0x26, 0x0F, 0x0D, 0x0D,
	0x0F, 0x11, 0x12, 0x26, 0x41, 0x4B, 0x25, 0x49, 0x1F, 0x25, 0x11, 0x12, 0x0F, 0x0C, 0x01, 0x43,
	0x61, 0x61, 0x53, 0x54, 0x61, 0x61, 0x54, 0x56, 0x0F, 0x10, 0x10, 0x27, 0x42, 0x56, 0x56, 0x43,
	0x27, 0x0F, 0x10, 0x0D, 0x0F, 0x0D, 0x12, 0x27, 0x15, 0x16, 0x2B, 0x27, 0x11, 0x0C, 0x0C, 0x0F,
	0x0E, 0x12, 0x27, 0x42, 0x57, 0x57, 0x41, 0x28, 0x0F, 0x10, 0x0F, 0x0D, 0x0D, 0x12, 0x27, 0x2B,
	0x16, 0x15, 0x27, 0x11, 0x0B, 0x42, 0x63, 0x57, 0x57, 0x63, 0x63, 0x57, 0x57, 0x63, 0x00, 0x03,
	0x00, 0x37, 0xFF, 0x92, 0x02, 0x72, 0x03, 0x3D, 0x00, 0x35, 0x00, 0x3C, 0x00, 0x42, 0x00, 0x00,
	0x24, 0x06, 0x07, 0x15, 0x14, 0x23, 0x22, 0x35, 0x35, 0x26, 0x26, 0x27, 0x26, 0x35, 0x34, 0x37,
	0x36, 0x33, 0x32, 0x17, 0x16, 0x17, 0x11, 0x26, 0x26, 0x35, 0x34, 0x36, 0x37, 0x35, 0x34, 0x33,
	0x32, 0x15, 0x15, 0x16, 0x16, 0x17, 0x16, 0x15, 0x14, 0x07, 0x06, 0x23, 0x22, 0x26, 0x27, 0x26,
	0x26, 0x27, 0x15, 0x16, 0x16, 0x15, 0x00, 0x16, 0x17, 0x35, 0x06, 0x06, 0x15, 0x00, 0x35, 0x34,
	0x26, 0x27, 0x15, 0x02, 0x72, 0x89, 0x72, 0x1E, 0x1C, 0x50, 0x86, 0x28, 0x08, 0x0F, 0x07, 0x0A,
	0x0F, 0x11, 0x47, 0x7F, 0x79, 0x7B, 0x7E, 0x76, 0x1C, 0x1E, 0x50, 0x79, 0x1B, 0x06, 0x11, 0x07,
	0x09, 0x09, 0x13, 0x06, 0x17, 0x55, 0x3B, 0x76, 0x85, 0xFE, 0x23, 0x54, 0x54, 0x54, 0x54, 0x01,
	0x90, 0x57, 0x57, 0x5E, 0x5C, 0x02, 0x4D, 0x21, 0x21, 0x4F, 0x08, 0x3E, 0x32, 0x0B, 0x09, 0x0F,
	0x0D, 0x06, 0x11, 0x4E, 0x0D, 0x01, 0x03, 0x1D, 0x56, 0x53, 0x4D, 0x5E, 0x04, 0x60, 0x21, 0x21,
	0x62, 0x07, 0x3D, 0x30, 0x0A, 0x0A, 0x0F, 0x0C, 0x04, 0x09, 0x08, 0x23, 0x2C, 0x06, 0xF6, 0x1C,
	0x5D, 0x55, 0x01, 0x23, 0x35, 0x13, 0xEB, 0x02, 0x35, 0x37, 0xFE, 0x37, 0x71, 0x36, 0x3A, 0x15,
	0xF9, 0x00, 0x00, 0x01, 0x00, 0x32, 0xFF, 0xF6, 0x02, 0x38, 0x02, 0xC6, 0x00, 0x59, 0x00, 0x00,
	0x04, 0x26, 0x27, 0x26, 0x26, 0x23, 0x22, 0x06, 0x07, 0x06, 0x23, 0x22, 0x27, 0x26, 0x35, 0x34,
	0x37, 0x36, 0x36, 0x35, 0x34, 0x26, 0x27, 0x23, 0x22, 0x35, 0x34, 0x33, 0x33, 0x26, 0x26, 0x35,
	0x34, 0x36, 0x33, 0x32, 0x16, 0x17, 0x16, 0x15, 0x14, 0x07, 0x06, 0x23, 0x22, 0x27, 0x26, 0x26,
	0x23, 0x22, 0x06, 0x15, 0x14, 0x16, 0x17, 0x33, 0x32, 0x15, 0x14, 0x06, 0x23, 0x23, 0x16, 0x15,
	0x14, 0x06, 0x07, 0x17, 0x36, 0x33, 0x32, 0x16, 0x17, 0x16, 0x16, 0x33, 0x32, 0x36, 0x37, 0x36,
	0x33, 0x32, 0x17, 0x16, 0x15, 0x14, 0x07, 0x06, 0x06, 0x23, 0x01, 0x91, 0x2F, 0x1D, 0x1B, 0x27,
	0x16, 0x21, 0x2E, 0x18, 0x0B, 0x0E, 0x17, 0x0F, 0x09, 0x13, 0x3A, 0x36, 0x0B, 0x08, 0x57, 0x25,
	0x25, 0x35, 0x17, 0x18, 0x74, 0x67, 0x4B, 0x77, 0x1F, 0x05, 0x12, 0x0A, 0x0A, 0x14, 0x0D, 0x1D,
	0x4B, 0x37, 0x44, 0x4D, 0x1D, 0x1A, 0xAD, 0x23, 0x12, 0x11, 0x90, 0x10, 0x34, 0x2E, 0x01, 0x2B,
	0x24, 0x18, 0x27, 0x1A, 0x1C, 0x29, 0x1A, 0x16, 0x24, 0x15, 0x0D, 0x0C, 0x0A, 0x0A, 0x0B, 0x0A,
	0x19, 0x44, 0x25, 0x0A, 0x0C, 0x0C, 0x0A, 0x0B, 0x11, 0x11, 0x08, 0x14, 0x0C, 0x0E, 0x13, 0x10,
	0x30, 0x4A, 0x2F, 0x15, 0x28, 0x0D, 0x1F, 0x20, 0x1D, 0x46, 0x24, 0x5C, 0x67, 0x43, 0x39, 0x0A,
	0x07, 0x11, 0x0A, 0x05, 0x13, 0x2C, 0x2D, 0x46, 0x3D, 0x1F, 0x46, 0x21, 0x20, 0x0F, 0x10, 0x22,
	0x28, 0x31, 0x4E, 0x27, 0x02, 0x17, 0x0B, 0x0A, 0x0B, 0x0B, 0x0F, 0x14, 0x0B, 0x07, 0x08, 0x0F,
	0x0F, 0x0B, 0x1C, 0x1B, 0x00, 0x01, 0x00, 0x32, 0xFF, 0xF6, 0x02, 0x7A, 0x02, 0xC6, 0x00, 0x47,
	0x00, 0x00, 0x00, 0x16, 0x15, 0x15, 0x14, 0x06, 0x06, 0x07, 0x15, 0x33, 0x32, 0x16, 0x15, 0x14,
	0x23, 0x23, 0x15, 0x33, 0x32, 0x16, 0x15, 0x14, 0x23, 0x23, 0x15, 0x14, 0x06, 0x23, 0x22, 0x26,
	0x35, 0x35, 0x23, 0x22, 0x26, 0x35, 0x34, 0x36, 0x33, 0x33, 0x35, 0x23, 0x22, 0x26, 0x35, 0x34,
	0x36, 0x33, 0x33, 0x35, 0x2E, 0x02, 0x35, 0x35, 0x34, 0x36, 0x33, 0x32, 0x16, 0x15, 0x15, 0x14,
	0x16, 0x33, 0x32, 0x36, 0x35, 0x35, 0x34, 0x36, 0x33, 0x02, 0x66, 0x14, 0x3F, 0x74, 0x4B, 0x6B,
	0x10, 0x13, 0x23, 0x6B, 0x6B, 0x11, 0x12, 0x23, 0x6B, 0x14, 0x12, 0x11, 0x14, 0x64, 0x12, 0x12,
	0x12, 0x12, 0x64, 0x64, 0x12, 0x12, 0x13, 0x11, 0x64, 0x4E, 0x73, 0x3E, 0x14, 0x11, 0x12, 0x14,
	0x73, 0x66, 0x65, 0x74, 0x15, 0x11, 0x02, 0xC6, 0x15, 0x13, 0x7D, 0x55, 0x89, 0x54, 0x09, 0x08,
	0x0A, 0x10, 0x1A, 0x2A, 0x0B, 0x0F, 0x1A, 0x2E, 0x13, 0x15, 0x15, 0x13, 0x2E, 0x0C, 0x0E, 0x0F,
	0x0B, 0x2A, 0x0C, 0x0E, 0x10, 0x0A, 0x08, 0x08, 0x52, 0x88, 0x59, 0x7D, 0x13, 0x15, 0x15, 0x13,
	0x80, 0x76, 0x84, 0x85, 0x75, 0x80, 0x13, 0x15, 0x00, 0x01, 0x00, 0x14, 0x00, 0x28, 0x01, 0xE8,
	0x01, 0xD1, 0x00, 0x1D, 0x00, 0x00, 0x00, 0x15, 0x14, 0x06, 0x23, 0x23, 0x15, 0x14, 0x06, 0x23,
	0x22, 0x26, 0x35, 0x35, 0x23, 0x22, 0x26, 0x35, 0x34, 0x33, 0x33, 0x35, 0x34, 0x36, 0x33, 0x32,
	0x16, 0x15, 0x15, 0x33, 0x01, 0xE8, 0x14, 0x13, 0xA0, 0x12, 0x11, 0x10, 0x11, 0xA1, 0x13, 0x15,
	0x28, 0xA1, 0x11, 0x10, 0x11, 0x12, 0xA0, 0x01, 0x1A, 0x20, 0x0E, 0x11, 0x8D, 0x12, 0x14, 0x14,
	0x12, 0x8D, 0x11, 0x0E, 0x20, 0x91, 0x12, 0x14, 0x14, 0x12, 0x91, 0x00, 0x00, 0x01, 0x00, 0x36,
	0x00, 0x28, 0x01, 0xC7, 0x01, 0xB8, 0x00, 0x27, 0x00, 0x00, 0x25, 0x16, 0x15, 0x14, 0x07, 0x06,
	0x23, 0x22, 0x27, 0x27, 0x07, 0x06, 0x23, 0x22, 0x27, 0x26, 0x35, 0x34, 0x37, 0x37, 0x27, 0x26,
	0x35, 0x34, 0x37, 0x36, 0x33, 0x32, 0x17, 0x17, 0x37, 0x36, 0x33, 0x32, 0x17, 0x16, 0x15, 0x14,
	0x07, 0x07, 0x01, 0xB9, 0x0E, 0x0B, 0x09, 0x0D, 0x10, 0x0E, 0x89, 0x8A, 0x0F, 0x0E, 0x0A, 0x0D,
	0x0B, 0x0E, 0x8C, 0x89, 0x0E, 0x0B, 0x0B, 0x0C, 0x0E, 0x0F, 0x87, 0x89, 0x0E, 0x10, 0x0D, 0x09,
	0x0B, 0x0E, 0x8B, 0x64, 0x0E, 0x0D, 0x0C, 0x0B, 0x09, 0x0E, 0x8B, 0x8B, 0x0F, 0x0B, 0x0B, 0x0B,
	0x0D, 0x0E, 0x8D, 0x8B, 0x0E, 0x0D, 0x0B, 0x0B, 0x0B, 0x0F, 0x89, 0x8A, 0x0E, 0x09, 0x0B, 0x0C,
	0x0D, 0x0E, 0x8C, 0x00, 0x00, 0x03, 0x00, 0x3C, 0x00, 0x2F, 0x01, 0xC0, 0x01, 0xB8, 0x00, 0x0B,
	0x00, 0x17, 0x00, 0x23, 0x00, 0x00, 0x12, 0x26, 0x35, 0x34, 0x36, 0x33, 0x32, 0x16, 0x15, 0x14,
	0x06, 0x23, 0x06, 0x26, 0x35, 0x34, 0x33, 0x21, 0x32, 0x15, 0x14, 0x06, 0x23, 0x21, 0x16, 0x26,
	0x35, 0x34, 0x36, 0x33, 0x32, 0x16, 0x15, 0x14, 0x06, 0x23, 0xE8, 0x1C, 0x1C, 0x14, 0x15, 0x1D,
	0x1D, 0x15, 0xAB, 0x15, 0x28, 0x01, 0x35, 0x27, 0x14, 0x13, 0xFE, 0xCB, 0x84, 0x1C, 0x1C, 0x14,
	0x15, 0x1D, 0x1E, 0x14, 0x01, 0x57, 0x1D, 0x13, 0x14, 0x1D, 0x1D, 0x14, 0x13, 0x1D, 0x83, 0x11,
	0x0E, 0x20, 0x20, 0x0E, 0x11, 0xA5, 0x1D, 0x13, 0x14, 0x1D, 0x1D, 0x14, 0x13, 0x1D, 0x00, 0x02,
	0x00, 0x31, 0x00, 0x8B, 0x01, 0xD8, 0x01, 0x60, 0x00, 0x0B, 0x00, 0x17, 0x00, 0x00, 0x12, 0x26,
	0x35, 0x34, 0x33, 0x21, 0x32, 0x15, 0x14, 0x06, 0x23, 0x21, 0x06, 0x26, 0x35, 0x34, 0x33, 0x21,
	0x32, 0x15, 0x14, 0x06, 0x23, 0x21, 0x46, 0x15, 0x28, 0x01, 0x57, 0x28, 0x15, 0x13, 0xFE, 0xA9,
	0x13, 0x15, 0x28, 0x01, 0x57, 0x28, 0x15, 0x13, 0xFE, 0xA9, 0x01, 0x21, 0x11, 0x0E, 0x20, 0x20,
	0x0E, 0x11, 0x96, 0x11, 0x0E, 0x20, 0x20, 0x0E, 0x11, 0x00, 0x00, 0x01, 0x00, 0x31, 0xFF, 0xE6,
	0x02, 0x29, 0x02, 0x12, 0x00, 0x18, 0x00, 0x00, 0x16, 0x23, 0x22, 0x27, 0x26, 0x35, 0x34, 0x37,
	0x25, 0x25, 0x26, 0x35, 0x34, 0x37, 0x36, 0x33, 0x32, 0x17, 0x05, 0x16, 0x16, 0x15, 0x14, 0x07,
	0x05, 0x61, 0x0B, 0x15, 0x0A, 0x06, 0x16, 0x01, 0x85, 0xFE, 0x7B, 0x16, 0x06, 0x0A, 0x15, 0x0B,
	0x0C, 0x01, 0xA5, 0x0B, 0x0C, 0x17, 0xFE, 0x5B, 0x1A, 0x11, 0x09, 0x0A, 0x12, 0x0D, 0xD3, 0xD3,
	0x0B, 0x15, 0x09, 0x09, 0x11, 0x06, 0xEB, 0x06, 0x14, 0x0B, 0x19, 0x0C, 0xEB, 0x00, 0x00, 0x01,
	0x00, 0x32, 0xFF, 0xE5, 0x02, 0x2A, 0x02, 0x13, 0x00, 0x17, 0x00, 0x00, 0x37, 0x26, 0x35, 0x34,
	0x37, 0x25, 0x36, 0x33, 0x32, 0x17, 0x16, 0x15, 0x14, 0x07, 0x05, 0x05, 0x16, 0x15, 0x14, 0x07,
	0x06, 0x23, 0x22, 0x27, 0x4A, 0x18, 0x18, 0x01, 0xA4, 0x0B, 0x0D, 0x14, 0x0A, 0x06, 0x15, 0xFE,
	0x7A, 0x01, 0x86, 0x15, 0x06, 0x0A, 0x15, 0x0C, 0x0B, 0xD7, 0x0E, 0x17, 0x18, 0x0D, 0xEB, 0x07,
	0x12, 0x0A, 0x0A, 0x13, 0x0B, 0xD3, 0xD3, 0x0A, 0x14, 0x09, 0x0B, 0x12, 0x07, 0x00, 0x00, 0x02,
	0x00, 0x14, 0x00, 0x00, 0x01, 0xE8, 0x01, 0xD1, 0x00, 0x1D, 0x00, 0x29, 0x00, 0x00, 0x36, 0x26,
	0x35, 0x34, 0x33, 0x33, 0x35, 0x34, 0x36, 0x33, 0x32, 0x16, 0x15, 0x15, 0x33, 0x32, 0x15, 0x14,
	0x06, 0x23, 0x23, 0x15, 0x14, 0x06, 0x23, 0x22, 0x26, 0x35, 0x35, 0x23, 0x04, 0x15, 0x14, 0x06,
	0x23, 0x21, 0x22, 0x26, 0x35, 0x34, 0x33, 0x21, 0x29, 0x15, 0x28, 0xA1, 0x11, 0x10, 0x11, 0x12,
	0xA0, 0x27, 0x14, 0x13, 0xA0, 0x12, 0x11, 0x10, 0x11, 0xA1, 0x01, 0xAC, 0x14, 0x13, 0xFE, 0x7B,
	0x13, 0x15, 0x28, 0x01, 0x85, 0xF9, 0x11, 0x0E, 0x20, 0x73, 0x12, 0x14, 0x14, 0x12, 0x73, 0x20,
	0x0E, 0x11, 0x6F, 0x12, 0x14, 0x14, 0x12, 0x6F, 0xBA, 0x20, 0x0E, 0x11, 0x11, 0x0E, 0x20, 0x00,
	0x00, 0x01, 0x00, 0x32, 0x00, 0xF5, 0x02, 0x08, 0x01, 0x84, 0x00, 0x24, 0x00, 0x00, 0x12, 0x35,
	0x34, 0x37, 0x36, 0x33, 0x32, 0x16, 0x17, 0x16, 0x16, 0x33, 0x32, 0x36, 0x37, 0x36, 0x33, 0x32,
	0x16, 0x15, 0x14, 0x07, 0x06, 0x23, 0x22, 0x26, 0x27, 0x26, 0x26, 0x23, 0x22, 0x06, 0x07, 0x06,
	0x23, 0x22, 0x27, 0x32, 0x04, 0x28, 0x55, 0x1D, 0x32, 0x27, 0x1D, 0x27, 0x13, 0x1C, 0x23, 0x09,
	0x0B, 0x14, 0x0F, 0x12, 0x04, 0x25, 0x57, 0x1D, 0x32, 0x26, 0x20, 0x27, 0x15, 0x1B, 0x20, 0x0A,
	0x0E, 0x11, 0x08, 0x08, 0x01, 0x03, 0x10, 0x0A, 0x08, 0x54, 0x10, 0x10, 0x0D, 0x0D, 0x15, 0x15,
	0x1B, 0x11, 0x0D, 0x0A, 0x08, 0x54, 0x0F, 0x10, 0x0D, 0x0D, 0x15, 0x15, 0x1A, 0x04, 0x00, 0x01,
	0x00, 0x31, 0x00, 0x69, 0x01, 0xC8, 0x01, 0x31, 0x00, 0x0F, 0x00, 0x00, 0x24, 0x26, 0x35, 0x35,
	0x21, 0x22, 0x26, 0x35, 0x34, 0x33, 0x21, 0x32, 0x15, 0x15, 0x14, 0x23, 0x01, 0x96, 0x12, 0xFE,
	0xD5, 0x13, 0x15, 0x28, 0x01, 0x46, 0x29, 0x22, 0x69, 0x14, 0x12, 0x63, 0x11, 0x0E, 0x20, 0x20,
	0x82, 0x26, 0x00, 0x01, 0x00, 0x32, 0x01, 0x53, 0x02, 0x21, 0x02, 0xC6, 0x00, 0x18, 0x00, 0x00,
	0x12, 0x35, 0x34, 0x37, 0x13, 0x36, 0x33, 0x32, 0x17, 0x13, 0x16, 0x15, 0x14, 0x07, 0x06, 0x23,
	0x22, 0x27, 0x03, 0x03, 0x06, 0x06, 0x23, 0x22, 0x27, 0x32, 0x05, 0xD4, 0x0C, 0x12, 0x13, 0x0C,
	0xD4, 0x05, 0x10, 0x0B, 0x0C, 0x13, 0x0B, 0xB3, 0xB3, 0x05, 0x0F, 0x09, 0x0C, 0x0B, 0x01, 0x68,
	0x10, 0x08, 0x08, 0x01, 0x2C, 0x12, 0x12, 0xFE, 0xD4, 0x07, 0x09, 0x12, 0x0B, 0x08, 0x10, 0x01,
	0x08, 0xFE, 0xF8, 0x07, 0x09, 0x08, 0xFF, 0xFF, 0x00, 0x4B, 0xFF, 0x06, 0x02, 0x26, 0x01, 0xF4,
	0x00, 0x02, 0x00, 0x7C, 0x00, 0x00, 0x00, 0x05, 0x00, 0x30, 0xFF, 0xF4, 0x02, 0xB3, 0x02, 0xC8,
	0x00, 0x12, 0x00, 0x22, 0x00, 0x2E, 0x00, 0x3E, 0x00, 0x4A, 0x00, 0x00, 0x16, 0x26, 0x35, 0x34,
	0x37, 0x01, 0x36, 0x33, 0x32, 0x17, 0x16, 0x15, 0x14, 0x07, 0x01, 0x06, 0x23, 0x22, 0x27, 0x12,
	0x26, 0x26, 0x35, 0x34, 0x36, 0x36, 0x33, 0x32, 0x16, 0x16, 0x15, 0x14, 0x06, 0x06, 0x23, 0x36,
	0x36, 0x35, 0x34, 0x26, 0x23, 0x22, 0x06, 0x15, 0x14, 0x16, 0x33, 0x00, 0x26, 0x26, 0x35, 0x34,
	0x36, 0x36, 0x33, 0x32, 0x16, 0x16, 0x15, 0x14, 0x06, 0x06, 0x23, 0x36, 0x36, 0x35, 0x34, 0x26,
	0x23, 0x22, 0x06, 0x15, 0x14, 0x16, 0x33, 0x70, 0x08, 0x08, 0x01, 0xC1, 0x0B, 0x11, 0x0A, 0x0B,
	0x11, 0x07, 0xFE, 0x3E, 0x0B, 0x13, 0x0C, 0x0A, 0x2B, 0x47, 0x2A, 0x2A, 0x47, 0x2A, 0x2B, 0x47,
	0x29, 0x29, 0x47, 0x2B, 0x25, 0x32, 0x32, 0x25, 0x26, 0x32, 0x32, 0x26, 0x01, 0x24, 0x47, 0x2A,
	0x2A, 0x47, 0x2A, 0x2A, 0x47, 0x29, 0x29, 0x47, 0x2A, 0x24, 0x33, 0x32, 0x25, 0x26, 0x33, 0x33,
	0x26, 0x01, 0x0E, 0x08, 0x09, 0x0D, 0x02, 0x8D, 0x10, 0x06, 0x0A, 0x10, 0x0B, 0x0A, 0xFD, 0x71,
	0x10, 0x07, 0x01, 0x9E, 0x29, 0x46, 0x29, 0x29, 0x46, 0x28, 0x28, 0x46, 0x29, 0x29, 0x46, 0x29,
	0x3F, 0x33, 0x26, 0x26, 0x34, 0x34, 0x26, 0x26, 0x33, 0xFE, 0x1E, 0x29, 0x46, 0x29, 0x29, 0x46,
	0x28, 0x28, 0x46, 0x29, 0x29, 0x46, 0x29, 0x3F, 0x33, 0x26, 0x26, 0x34, 0x34, 0x26, 0x26, 0x33,
	0x00, 0x07, 0x00, 0x31, 0xFF, 0xF4, 0x04, 0x15, 0x02, 0xC8, 0x00, 0x12, 0x00, 0x22, 0x00, 0x2E,
	0x00, 0x3E, 0x00, 0x4E, 0x00, 0x5A, 0x00, 0x66, 0x00, 0x00, 0x16, 0x26, 0x35, 0x34, 0x37, 0x01,
	0x36, 0x33, 0x32, 0x17, 0x16, 0x15, 0x14, 0x07, 0x01, 0x06, 0x23, 0x22, 0x27, 0x12, 0x26, 0x26,
	0x35, 0x34, 0x36, 0x36, 0x33, 0x32, 0x16, 0x16, 0x15, 0x14, 0x06, 0x06, 0x23, 0x36, 0x36, 0x35,
	0x34, 0x26, 0x23, 0x22, 0x06, 0x15, 0x14, 0x16, 0x33, 0x00, 0x26, 0x26, 0x35, 0x34, 0x36, 0x36,
	0x33, 0x32, 0x16, 0x16, 0x15, 0x14, 0x06, 0x06, 0x23, 0x20, 0x26, 0x26, 0x35, 0x34, 0x36, 0x36,
	0x33, 0x32, 0x16, 0x16, 0x15, 0x14, 0x06, 0x06, 0x23, 0x24, 0x36, 0x35, 0x34, 0x26, 0x23, 0x22,
	0x06, 0x15, 0x14, 0x16, 0x33, 0x20, 0x36, 0x35, 0x34, 0x26, 0x23, 0x22, 0x06, 0x15, 0x14, 0x16,
	0x33, 0x71, 0x08, 0x08, 0x01, 0xC1, 0x0B, 0x11, 0x0B, 0x0A, 0x11, 0x07, 0xFE, 0x3E, 0x0B, 0x13,
	0x0C, 0x0A, 0x2B, 0x47, 0x2A, 0x2A, 0x47, 0x2A, 0x2B, 0x47, 0x29, 0x29, 0x47, 0x2B, 0x25, 0x32,
	0x32, 0x25, 0x26, 0x32, 0x32, 0x26, 0x01, 0x24, 0x47, 0x2A, 0x2A, 0x47, 0x2A, 0x2A, 0x47, 0x29,
	0x29, 0x47, 0x2A, 0x01, 0x36, 0x47, 0x2A, 0x2A, 0x47, 0x2A, 0x2A, 0x48, 0x29, 0x2A, 0x47, 0x2A,
	0xFE, 0xC4, 0x33, 0x32, 0x25, 0x26, 0x33, 0x33, 0x26, 0x01, 0x85, 0x32, 0x32, 0x25, 0x26, 0x33,
	0x33, 0x26, 0x01, 0x0E, 0x08, 0x09, 0x0D, 0x02, 0x8D, 0x10, 0x06, 0x0A, 0x10, 0x0B, 0x0A, 0xFD,
	0x71, 0x10, 0x07, 0x01, 0x9E, 0x29, 0x46, 0x29, 0x29, 0x46, 0x28, 0x28, 0x46, 0x29, 0x29, 0x46,
	0x29, 0x3F, 0x33, 0x26, 0x26, 0x34, 0x34, 0x26, 0x26, 0x33, 0xFE, 0x1E, 0x29, 0x46, 0x29, 0x29,
	0x46, 0x28, 0x28, 0x46, 0x29, 0x29, 0x46, 0x29, 0x29, 0x46, 0x29, 0x29, 0x46, 0x28, 0x28, 0x45,
	0x2A, 0x29, 0x46, 0x29, 0x3F, 0x33, 0x26, 0x26, 0x34, 0x34, 0x26, 0x26, 0x33, 0x33, 0x26, 0x26,
	0x34, 0x34, 0x26, 0x26, 0x33, 0x00, 0x00, 0x02, 0x00, 0x30, 0xFF, 0xBB, 0x03, 0x6C, 0x02, 0xC7,
	0x00, 0x50, 0x00, 0x5C, 0x00, 0x00, 0x04, 0x26, 0x26, 0x35, 0x34, 0x36, 0x36, 0x33, 0x32, 0x16,
	0x16, 0x15, 0x14, 0x06, 0x06, 0x23, 0x22, 0x27, 0x06, 0x06, 0x23, 0x22, 0x26, 0x35, 0x34, 0x36,
	0x33, 0x32, 0x16, 0x17, 0x35, 0x34, 0x26, 0x23, 0x22, 0x06, 0x07, 0x06, 0x23, 0x22, 0x27, 0x26,
	0x35, 0x34, 0x37, 0x36, 0x36, 0x33, 0x32, 0x16, 0x15, 0x15, 0x14, 0x16, 0x33, 0x32, 0x36, 0x35,
	0x34, 0x26, 0x26, 0x23, 0x22, 0x06, 0x15, 0x14, 0x16, 0x16, 0x33, 0x32, 0x37, 0x36, 0x33, 0x32,
	0x17, 0x16, 0x15, 0x14, 0x07, 0x06, 0x23, 0x36, 0x36, 0x35, 0x34, 0x26, 0x23, 0x22, 0x06, 0x15,
	0x14, 0x16, 0x33, 0x01, 0x41, 0xB1, 0x60, 0x66, 0xC0, 0x86, 0x76, 0xB5, 0x65, 0x2C, 0x4F, 0x33,
	0x49, 0x13, 0x1E, 0x5B, 0x39, 0x60, 0x61, 0x66, 0x5C, 0x36, 0x51, 0x19, 0x37, 0x4C, 0x2B, 0x46,
	0x22, 0x0E, 0x0B, 0x09, 0x09, 0x09, 0x0A, 0x1E, 0x64, 0x39, 0x66, 0x61, 0x17, 0x14, 0x2D, 0x38,
	0x52, 0x94, 0x60, 0xA9, 0xBB, 0x4F, 0x92, 0x62, 0x56, 0x30, 0x10, 0x0D, 0x0D, 0x07, 0x07, 0x11,
	0x3A, 0x76, 0x40, 0x59, 0x50, 0x4E, 0x40, 0x42, 0x42, 0x3E, 0x45, 0x5B, 0xAA, 0x73, 0x7F, 0xB5,
	0x60, 0x55, 0x9D, 0x6A, 0x54, 0x78, 0x3F, 0x42, 0x23, 0x25, 0x56, 0x45, 0x46, 0x55, 0x1E, 0x19,
	0x2E, 0x30, 0x3D, 0x15, 0x15, 0x08, 0x06, 0x08, 0x0C, 0x0F, 0x08, 0x19, 0x21, 0x5A, 0x4E, 0xC2,
	0x16, 0x16, 0x6C, 0x69, 0x57, 0x80, 0x45, 0xB5, 0xA4, 0x5F, 0x8B, 0x4B, 0x12, 0x07, 0x0A, 0x0A,
	0x0B, 0x11, 0x09, 0x1F, 0xD7, 0x37, 0x32, 0x2A, 0x33, 0x37, 0x2C, 0x30, 0x33, 0x00, 0x00, 0x03,
	0x00, 0x31, 0xFF, 0xF6, 0x02, 0xCA, 0x02, 0xC6, 0x00, 0x2A, 0x00, 0x35, 0x00, 0x40, 0x00, 0x00,
	0x16, 0x26, 0x26, 0x35, 0x34, 0x37, 0x26, 0x26, 0x35, 0x34, 0x36, 0x33, 0x32, 0x16, 0x15, 0x14,
	0x06, 0x07, 0x17, 0x36, 0x36, 0x37, 0x36, 0x36, 0x33, 0x32, 0x16, 0x07, 0x06, 0x07, 0x17, 0x16,
	0x15, 0x14, 0x07, 0x06, 0x23, 0x22, 0x27, 0x27, 0x06, 0x06, 0x23, 0x12, 0x35, 0x34, 0x26, 0x23,
	0x22, 0x06, 0x15, 0x14, 0x16, 0x17, 0x12, 0x36, 0x37, 0x27, 0x06, 0x06, 0x15, 0x14, 0x16, 0x16,
	0x33, 0xE9, 0x77, 0x41, 0xB4, 0x2A, 0x2F, 0x59, 0x50, 0x4C, 0x59, 0x41, 0x3E, 0xC8, 0x1A, 0x15,
	0x06, 0x02, 0x13, 0x0F, 0x12, 0x15, 0x02, 0x12, 0x36, 0x65, 0x0C, 0x0C, 0x0A, 0x0E, 0x0A, 0x0A,
	0x64, 0x25, 0x73, 0x5D, 0x58, 0x33, 0x2B, 0x2C, 0x31, 0x27, 0x2D, 0x4C, 0x67, 0x20, 0xE1, 0x51,
	0x50, 0x2F, 0x56, 0x38, 0x0A, 0x33, 0x5D, 0x3D, 0x90, 0x47, 0x20, 0x47, 0x2C, 0x47, 0x52, 0x52,
	0x48, 0x33, 0x53, 0x1F, 0xC2, 0x29, 0x49, 0x35, 0x0F, 0x11, 0x18, 0x10, 0x83, 0x4F, 0x61, 0x0C,
	0x0C, 0x0C, 0x0C, 0x0A, 0x08, 0x61, 0x25, 0x45, 0x01, 0xED, 0x4A, 0x2A, 0x2F, 0x30, 0x28, 0x23,
	0x32, 0x23, 0xFE, 0x80, 0x2E, 0x2C, 0xDA, 0x1A, 0x4F, 0x3E, 0x29, 0x40, 0x24, 0x00, 0x00, 0x01,
	0x00, 0x32, 0xFE, 0xF4, 0x02, 0x5E, 0x02, 0xC4, 0x00, 0x1C, 0x00, 0x00, 0x00, 0x26, 0x35, 0x11,
	0x22, 0x26, 0x35, 0x34, 0x36, 0x33, 0x21, 0x32, 0x15, 0x14, 0x23, 0x23, 0x11, 0x14, 0x06, 0x23,
	0x22, 0x26, 0x35, 0x11, 0x23, 0x11, 0x14, 0x06, 0x23, 0x01, 0x0B, 0x13, 0x5E, 0x68, 0x6C, 0x65,
	0x01, 0x35, 0x26, 0x26, 0x1E, 0x14, 0x12, 0x12, 0x13, 0x8C, 0x14, 0x12, 0xFE, 0xF4, 0x16, 0x13,
	0x02, 0x3E, 0x62, 0x52, 0x58, 0x5D, 0x20, 0x1F, 0xFC, 0x98, 0x13, 0x16, 0x16, 0x13, 0x03, 0x68,
	0xFC, 0x98, 0x13, 0x16, 0x00, 0x02, 0x00, 0x31, 0xFF, 0xB5, 0x01, 0xF7, 0x02, 0xDC, 0x00, 0x39,
	0x00, 0x46, 0x00, 0x00, 0x16, 0x26, 0x26, 0x35, 0x34, 0x33, 0x32, 0x16, 0x15, 0x14, 0x16, 0x33,
	0x32, 0x36, 0x35, 0x34, 0x27, 0x27, 0x26, 0x35, 0x34, 0x36, 0x37, 0x26, 0x26, 0x35, 0x34, 0x36,
	0x33, 0x32, 0x16, 0x15, 0x14, 0x06, 0x23, 0x22, 0x26, 0x35, 0x34, 0x23, 0x22, 0x06, 0x15, 0x14,
	0x16, 0x17, 0x17, 0x16, 0x16, 0x15, 0x14, 0x06, 0x07, 0x16, 0x15, 0x14, 0x06, 0x23, 0x12, 0x36,
	0x35, 0x34, 0x26, 0x27, 0x27, 0x06, 0x15, 0x14, 0x16, 0x17, 0x17, 0xD7, 0x56, 0x2F, 0x29, 0x0F,
	0x14, 0x3C, 0x36, 0x31, 0x38, 0x30, 0xCD, 0x4B, 0x2F, 0x2B, 0x13, 0x12, 0x60, 0x4F, 0x53, 0x60,
	0x13, 0x0F, 0x10, 0x14, 0x6F, 0x2F, 0x36, 0x13, 0x10, 0xEC, 0x1D, 0x1D, 0x35, 0x2B, 0x2B, 0x62,
	0x50, 0x77, 0x2B, 0x15, 0x19, 0xC5, 0x49, 0x1A, 0x19, 0xBB, 0x4B, 0x2D, 0x50, 0x33, 0x24, 0x14,
	0x11, 0x35, 0x3B, 0x2A, 0x24, 0x30, 0x1C, 0x76, 0x2C, 0x52, 0x27, 0x41, 0x14, 0x12, 0x29, 0x1A,
	0x40, 0x49, 0x53, 0x49, 0x0F, 0x14, 0x14, 0x0F, 0x5D, 0x28, 0x22, 0x14, 0x20, 0x09, 0x8A, 0x11,
	0x39, 0x23, 0x26, 0x47, 0x13, 0x28, 0x33, 0x40, 0x4F, 0x01, 0x1E, 0x30, 0x1C, 0x1B, 0x22, 0x0E,
	0x6F, 0x1B, 0x3C, 0x1D, 0x26, 0x0E, 0x6A, 0x00, 0x00, 0x03, 0x00, 0x32, 0xFF, 0xEE, 0x03, 0x25,
	0x02, 0xCE, 0x00, 0x0F, 0x00, 0x1F, 0x00, 0x47, 0x00, 0x00, 0x04, 0x26, 0x26, 0x35, 0x34, 0x36,
	0x36, 0x33, 0x32, 0x16, 0x16, 0x15, 0x14, 0x06, 0x06, 0x23, 0x3E, 0x02, 0x35, 0x34, 0x26, 0x26,
	0x23, 0x22, 0x06, 0x06, 0x15, 0x14, 0x16, 0x16, 0x33, 0x26, 0x26, 0x35, 0x34, 0x36, 0x36, 0x33,
	0x32, 0x16, 0x17, 0x16, 0x15, 0x14, 0x07, 0x06, 0x23, 0x22, 0x27, 0x26, 0x23, 0x22, 0x06, 0x15,
	0x14, 0x16, 0x33, 0x32, 0x36, 0x37, 0x36, 0x33, 0x32, 0x17, 0x16, 0x15, 0x14, 0x07, 0x06, 0x06,
	0x23, 0x01, 0x44, 0xAD, 0x65, 0x65, 0xAD, 0x68, 0x68, 0xAD, 0x64, 0x64, 0xAD, 0x68, 0x57, 0x8D,
	0x51, 0x51, 0x8D, 0x57, 0x58, 0x8D, 0x51, 0x51, 0x8D, 0x58, 0x68, 0x86, 0x3D, 0x6F, 0x4B, 0x3D,
	0x69, 0x24, 0x08, 0x0C, 0x07, 0x0C, 0x10, 0x0D, 0x3E, 0x58, 0x52, 0x60, 0x60, 0x52, 0x2B, 0x4D,
	0x1D, 0x0C, 0x0F, 0x0A, 0x0B, 0x0B, 0x09, 0x2D, 0x68, 0x32, 0x12, 0x61, 0xA8, 0x67, 0x66, 0xA9,
	0x61, 0x61, 0xA9, 0x66, 0x67, 0xA8, 0x61, 0x41, 0x4E, 0x8A, 0x57, 0x57, 0x8B, 0x4F, 0x4F, 0x8B,
	0x57, 0x56, 0x8B, 0x4E, 0x3D, 0x7F, 0x6D, 0x48, 0x6A, 0x39, 0x2F, 0x2C, 0x0B, 0x09, 0x0C, 0x0C,
	0x07, 0x0D, 0x43, 0x59, 0x54, 0x54, 0x5B, 0x21, 0x21, 0x0E, 0x08, 0x09, 0x0E, 0x0C, 0x09, 0x2C,
	0x2D, 0x00, 0x00, 0x04, 0x00, 0x2D, 0xFF, 0xEB, 0x03, 0x2A, 0x02, 0xD1, 0x00, 0x0F, 0x00, 0x1F,
	0x00, 0x3C, 0x00, 0x48, 0x00, 0x00, 0x04, 0x26, 0x26, 0x35, 0x34, 0x36, 0x36, 0x33, 0x32, 0x16,
	0x16, 0x15, 0x14, 0x06, 0x06, 0x23, 0x3E, 0x02, 0x35, 0x34, 0x26, 0x26, 0x23, 0x22, 0x06, 0x06,
	0x15, 0x14, 0x16, 0x16, 0x33, 0x03, 0x34, 0x36, 0x33, 0x33, 0x32, 0x16, 0x15, 0x14, 0x06, 0x23,
	0x17, 0x16, 0x15, 0x14, 0x07, 0x06, 0x23, 0x22, 0x27, 0x27, 0x23, 0x15, 0x14, 0x06, 0x23, 0x22,
	0x26, 0x35, 0x37, 0x16, 0x36, 0x35, 0x34, 0x26, 0x23, 0x23, 0x22, 0x06, 0x15, 0x15, 0x01, 0x41,
	0xAF, 0x65, 0x65, 0xB0, 0x6A, 0x6A, 0xAF, 0x65, 0x65, 0xAF, 0x6A, 0x58, 0x8B, 0x4E, 0x4E, 0x8B,
	0x58, 0x59, 0x8B, 0x4F, 0x4F, 0x8B, 0x59, 0xB2, 0x35, 0x31, 0x68, 0x57, 0x5F, 0x5C, 0x48, 0x71,
	0x09, 0x0C, 0x0A, 0x0B, 0x10, 0x0C, 0x8F, 0x4A, 0x12, 0x10, 0x10, 0x12, 0xDB, 0x2C, 0x38, 0x37,
	0x37, 0x6B, 0x0F, 0x13, 0x15, 0x61, 0xAA, 0x68, 0x68, 0xAA, 0x61, 0x61, 0xAA, 0x68, 0x68, 0xAA,
	0x61, 0x48, 0x4C, 0x88, 0x57, 0x57, 0x89, 0x4D, 0x4D, 0x89, 0x57, 0x57, 0x88, 0x4C, 0x01, 0xAA,
	0x2A, 0x34, 0x46, 0x47, 0x3F, 0x49, 0x77, 0x0A, 0x0B, 0x0C, 0x0B, 0x08, 0x0D, 0x9C, 0x86, 0x0F,
	0x13, 0x13, 0x0F, 0xC2, 0x01, 0x26, 0x29, 0x2E, 0x27, 0x13, 0x10, 0x7E, 0x00, 0x02, 0x00, 0x31,
	0x02, 0x4A, 0x01, 0x30, 0x03, 0x38, 0x00, 0x0B, 0x00, 0x17, 0x00, 0x00, 0x12, 0x26, 0x35, 0x34,
	0x36, 0x33, 0x32, 0x16, 0x15, 0x14, 0x06, 0x23, 0x36, 0x36, 0x35, 0x34, 0x26, 0x23, 0x22, 0x06,
	0x15, 0x14, 0x16, 0x33, 0x7B, 0x4A, 0x4A, 0x36, 0x36, 0x49, 0x49, 0x36, 0x1D, 0x24, 0x24, 0x1D,
	0x1E, 0x24, 0x24, 0x1E, 0x02, 0x4A, 0x42, 0x35, 0x35, 0x42, 0x42, 0x35, 0x35, 0x42, 0x35, 0x25,
	0x1D, 0x1D, 0x25, 0x25, 0x1D, 0x1D, 0x25, 0x00, 0x00, 0x01, 0x00, 0x31, 0x02, 0x23, 0x00, 0x9F,
	0x02, 0xFF, 0x00, 0x11, 0x00, 0x00, 0x12, 0x35, 0x34, 0x37, 0x37, 0x36, 0x33, 0x32, 0x17, 0x16,
	0x15, 0x14, 0x07, 0x07, 0x06, 0x23, 0x22, 0x27, 0x31, 0x02, 0x25, 0x08, 0x19, 0x04, 0x08, 0x1A,
	0x03, 0x36, 0x08, 0x13, 0x02, 0x08, 0x02, 0x2A, 0x10, 0x06, 0x0A, 0x94, 0x21, 0x02, 0x08, 0x15,
	0x08, 0x09, 0x95, 0x17, 0x02, 0x00, 0x00, 0x02, 0x00, 0x33, 0x02, 0x23, 0x01, 0x2A, 0x02, 0xFF,
	0x00, 0x11, 0x00, 0x22, 0x00, 0x00, 0x12, 0x35, 0x34, 0x37, 0x37, 0x36, 0x33, 0x32, 0x17, 0x16,
	0x15, 0x14, 0x07, 0x07, 0x06, 0x23, 0x22, 0x27, 0x16, 0x26, 0x35, 0x34, 0x37, 0x37, 0x36, 0x33,
	0x32, 0x17, 0x16, 0x15, 0x14, 0x07, 0x07, 0x06, 0x23, 0x33, 0x02, 0x22, 0x08, 0x18, 0x03, 0x0A,
	0x1A, 0x03, 0x33, 0x08, 0x12, 0x03, 0x08, 0x82, 0x0D, 0x02, 0x28, 0x0A, 0x17, 0x04, 0x08, 0x1B,
	0x04, 0x39, 0x08, 0x12, 0x02, 0x2A, 0x12, 0x03, 0x0A, 0x95, 0x21, 0x02, 0x08, 0x15, 0x08, 0x09,
	0x95, 0x17, 0x02, 0x02, 0x0E, 0x0B, 0x03, 0x0A, 0x95, 0x21, 0x02, 0x07, 0x16, 0x05, 0x0C, 0x95,
	0x17, 0x00, 0x00, 0x01, 0x00, 0x4B, 0xFF, 0x3B, 0x00, 0x96, 0x03, 0x0E, 0x00, 0x0D, 0x00, 0x00,
	0x16, 0x26, 0x35, 0x11, 0x34, 0x36, 0x33, 0x32, 0x16, 0x15, 0x11, 0x14, 0x06, 0x23, 0x5E, 0x13,
	0x13, 0x12, 0x12, 0x14, 0x14, 0x12, 0xC5, 0x16, 0x12, 0x03, 0x83, 0x12, 0x16, 0x16, 0x12, 0xFC,
	0x7D, 0x12, 0x16, 0x00, 0x00, 0x02, 0x00, 0x4B, 0xFF, 0x3B, 0x00, 0x96, 0x03, 0x0E, 0x00, 0x0D,
	0x00, 0x1B, 0x00, 0x00, 0x12, 0x26, 0x35, 0x11, 0x34, 0x36, 0x33, 0x32, 0x16, 0x15, 0x11, 0x14,
	0x06, 0x23, 0x02, 0x26, 0x35, 0x11, 0x34, 0x36, 0x33, 0x32, 0x16, 0x15, 0x11, 0x14, 0x06, 0x23,
	0x5E, 0x13, 0x13, 0x12, 0x12, 0x14, 0x14, 0x12, 0x12, 0x13, 0x13, 0x12, 0x12, 0x14, 0x14, 0x12,
	0x01, 0x70, 0x16, 0x12, 0x01, 0x4E, 0x12, 0x16, 0x16, 0x12, 0xFE, 0xB2, 0x12, 0x16, 0xFD, 0xCB,
	0x16, 0x12, 0x01, 0x4E, 0x12, 0x16, 0x16, 0x12, 0xFE, 0xB2, 0x12, 0x16, 0x00, 0x01, 0x00, 0x28,
	0xFF, 0x06, 0x02, 0x31, 0x02, 0xC6, 0x00, 0x1D, 0x00, 0x00, 0x04, 0x26, 0x35, 0x11, 0x23, 0x22,
	0x26, 0x35, 0x34, 0x33, 0x33, 0x35, 0x34, 0x36, 0x33, 0x32, 0x16, 0x15, 0x15, 0x33, 0x32, 0x15,
	0x14, 0x06, 0x23, 0x23, 0x11, 0x14, 0x06, 0x23, 0x01, 0x1A, 0x13, 0xB7, 0x13, 0x15, 0x28, 0xB7,
	0x13, 0x12, 0x12, 0x14, 0xB8, 0x27, 0x14, 0x13, 0xB8, 0x14, 0x12, 0xFA, 0x15, 0x13, 0x02, 0x60,
	0x10, 0x0E, 0x20, 0xD2, 0x13, 0x15, 0x15, 0x13, 0xD2, 0x20, 0x0E, 0x10, 0xFD, 0xA0, 0x13, 0x15,
	0x00, 0x01, 0x00, 0x28, 0xFF, 0x06, 0x02, 0x31, 0x02, 0xC6, 0x00, 0x2C, 0x00, 0x00, 0x04, 0x26,
	0x35, 0x35, 0x23, 0x22, 0x35, 0x34, 0x33, 0x33, 0x11, 0x23, 0x22, 0x26, 0x35, 0x34, 0x33, 0x33,
	0x35, 0x34, 0x36, 0x33, 0x32, 0x16, 0x15, 0x15, 0x33, 0x32, 0x15, 0x14, 0x06, 0x23, 0x23, 0x11,
	0x33, 0x32, 0x15, 0x14, 0x06, 0x23, 0x23, 0x15, 0x14, 0x06, 0x23, 0x01, 0x1A, 0x13, 0xB7, 0x28,
	0x28, 0xB7, 0xB7, 0x13, 0x15, 0x28, 0xB7, 0x13, 0x12, 0x13, 0x13, 0xB8, 0x27, 0x14, 0x13, 0xB8,
	0xB8, 0x27, 0x14, 0x13, 0xB8, 0x13, 0x13, 0xFA, 0x15, 0x13, 0xD1, 0x1F, 0x1F, 0x01, 0x51, 0x10,
	0x0E, 0x20, 0xD2, 0x13, 0x15, 0x15, 0x13, 0xD2, 0x20, 0x0E, 0x10, 0xFE, 0xAF, 0x1F, 0x0F, 0x10,
	0xD1, 0x13, 0x15, 0x00, 0x00, 0x02, 0xFF, 0x66, 0x02, 0x3F, 0x00, 0x9A, 0x02, 0xA2, 0x00, 0x0B,
	0x00, 0x17, 0x00, 0x00, 0x02, 0x26, 0x35, 0x34, 0x36, 0x33, 0x32, 0x16, 0x15, 0x14, 0x06, 0x23,
	0x32, 0x26, 0x35, 0x34, 0x36, 0x33, 0x32, 0x16, 0x15, 0x14, 0x06, 0x23, 0x7C, 0x1E, 0x1D, 0x16,
	0x14, 0x1D, 0x1D, 0x14, 0xBA, 0x1E, 0x1E, 0x15, 0x14, 0x1E, 0x1E, 0x14, 0x02, 0x3F, 0x1D, 0x14,
	0x15, 0x1D, 0x1E, 0x14, 0x14, 0x1D, 0x1D, 0x14, 0x14, 0x1E, 0x1E, 0x14, 0x14, 0x1D, 0x00, 0x01,
	0xFF, 0x4B, 0x02, 0x2B, 0xFF, 0xD4, 0x02, 0xFA, 0x00, 0x11, 0x00, 0x00, 0x02, 0x23, 0x22, 0x27,
	0x27, 0x26, 0x35, 0x34, 0x37, 0x36, 0x33, 0x32, 0x17, 0x17, 0x16, 0x15, 0x14, 0x07, 0x41, 0x06,
	0x11, 0x09, 0x4E, 0x06, 0x14, 0x09, 0x0A, 0x15, 0x0C, 0x3E, 0x03, 0x0F, 0x02, 0x2B, 0x11, 0x8A,
	0x0B, 0x09, 0x11, 0x0A, 0x05, 0x1C, 0x8D, 0x07, 0x07, 0x0E, 0x07, 0x00, 0x00, 0x01, 0xFF, 0x4B,
	0x02, 0x2B, 0xFF, 0xD4, 0x02, 0xFA, 0x00, 0x11, 0x00, 0x00, 0x02, 0x35, 0x34, 0x37, 0x37, 0x36,
	0x33, 0x32, 0x17, 0x16, 0x15, 0x14, 0x07, 0x07, 0x06, 0x23, 0x22, 0x27, 0xB5, 0x03, 0x3E, 0x0C,
	0x15, 0x0A, 0x09, 0x14, 0x06, 0x4E, 0x09, 0x11, 0x06, 0x06, 0x02, 0x35, 0x0F, 0x07, 0x06, 0x8D,
	0x1C, 0x05, 0x0A, 0x11, 0x09, 0x0B, 0x8A, 0x11, 0x03, 0x00, 0x00, 0x01, 0xFF, 0x6C, 0x02, 0x29,
	0x00, 0x94, 0x02, 0xF0, 0x00, 0x17, 0x00, 0x00, 0x02, 0x35, 0x34, 0x37, 0x37, 0x36, 0x33, 0x32,
	0x17, 0x17, 0x16, 0x15, 0x14, 0x07, 0x06, 0x23, 0x22, 0x27, 0x27, 0x07, 0x06, 0x23, 0x22, 0x27,
	0x94, 0x0A, 0x6A, 0x0E, 0x12, 0x12, 0x0E, 0x6A, 0x0A, 0x0E, 0x0A, 0x0A, 0x0F, 0x0F, 0x54, 0x54,
	0x0F, 0x10, 0x07, 0x0B, 0x02, 0x3C, 0x0E, 0x0A, 0x0D, 0x7E, 0x11, 0x11, 0x7E, 0x0C, 0x0B, 0x0E,
	0x0B, 0x07, 0x13, 0x70, 0x70, 0x14, 0x07, 0x00, 0x00, 0x02, 0xFF, 0x8E, 0x02, 0x0D, 0x00, 0x70,
	0x02, 0xDA, 0x00, 0x0B, 0x00, 0x17, 0x00, 0x00, 0x02, 0x26, 0x35, 0x34, 0x36, 0x33, 0x32, 0x16,
	0x15, 0x14, 0x06, 0x23, 0x36, 0x36, 0x35, 0x34, 0x26, 0x23, 0x22, 0x06, 0x15, 0x14, 0x16, 0x33,
	0x33, 0x3F, 0x3F, 0x33, 0x33, 0x3D, 0x3D, 0x33, 0x1C, 0x21, 0x21, 0x1C, 0x1C, 0x21, 0x21, 0x1C,
	0x02, 0x0D, 0x3B, 0x2C, 0x2C, 0x3A, 0x3A, 0x2C, 0x2C, 0x3B, 0x2E, 0x1F, 0x1A, 0x1A, 0x1F, 0x1F,
	0x1A, 0x1A, 0x1F, 0x00, 0x00, 0x01, 0xFE, 0x84, 0x02, 0x42, 0xFF, 0xD3, 0x02, 0xBC, 0x00, 0x21,
	0x00, 0x00, 0x00, 0x35, 0x34, 0x37, 0x36, 0x36, 0x33, 0x32, 0x16, 0x17, 0x16, 0x16, 0x33, 0x32,
	0x37, 0x36, 0x33, 0x32, 0x16, 0x15, 0x07, 0x06, 0x06, 0x23, 0x22, 0x26, 0x27, 0x26, 0x26, 0x23,
	0x22, 0x07, 0x06, 0x23, 0xFE, 0x84, 0x02, 0x09, 0x31, 0x24, 0x18, 0x25, 0x19, 0x11, 0x17, 0x0D,
	0x22, 0x0C, 0x07, 0x12, 0x0E, 0x0F, 0x02, 0x0A, 0x32, 0x23, 0x17, 0x21, 0x17, 0x13, 0x1A, 0x0F,
	0x20, 0x0D, 0x08, 0x11, 0x02, 0x42, 0x17, 0x09, 0x06, 0x22, 0x2C, 0x11, 0x10, 0x0C, 0x0C, 0x2A,
	0x15, 0x0D, 0x0C, 0x0C, 0x24, 0x2B, 0x10, 0x0F, 0x0D, 0x0D, 0x29, 0x16, 0x00, 0x01, 0x00, 0x2C,
	0x02, 0x2B, 0x00, 0xB5, 0x02, 0xFA, 0x00, 0x11, 0x00, 0x00, 0x12, 0x35, 0x34, 0x37, 0x37, 0x36,
	0x33, 0x32, 0x17, 0x16, 0x15, 0x14, 0x07, 0x07, 0x06, 0x23, 0x22, 0x27, 0x2C, 0x03, 0x3E, 0x0C,
	0x15, 0x0A, 0x09, 0x14, 0x06, 0x4E, 0x09, 0x11, 0x06, 0x06, 0x02, 0x35, 0x0F, 0x07, 0x06, 0x8D,
	0x1C, 0x05, 0x0A, 0x11, 0x09, 0x0B, 0x8A, 0x11, 0x03, 0x00, 0x00, 0x01, 0x00, 0x2B, 0xFF, 0x2D,
	0x00, 0xFC, 0x00, 0x16, 0x00, 0x2A, 0x00, 0x00, 0x16, 0x26, 0x27, 0x26, 0x35, 0x34, 0x37, 0x36,
	0x33, 0x32, 0x17, 0x16, 0x16, 0x33, 0x32, 0x36, 0x35, 0x34, 0x23, 0x22, 0x07, 0x06, 0x26, 0x35,
	0x34, 0x37, 0x37, 0x36, 0x36, 0x33, 0x32, 0x17, 0x16, 0x15, 0x14, 0x07, 0x07, 0x36, 0x16, 0x15,
	0x14, 0x06, 0x23, 0x77, 0x36, 0x0F, 0x07, 0x0C, 0x08, 0x07, 0x0A, 0x09, 0x0A, 0x20, 0x14, 0x15,
	0x17, 0x24, 0x09, 0x05, 0x0E, 0x15, 0x03, 0x18, 0x05, 0x0B, 0x0A, 0x03, 0x08, 0x15, 0x03, 0x17,
	0x29, 0x2A, 0x34, 0x2E, 0xD3, 0x1D, 0x15, 0x0A, 0x06, 0x08, 0x0B, 0x06, 0x0C, 0x0E, 0x10, 0x14,
	0x11, 0x24, 0x01, 0x02, 0x0F, 0x0D, 0x06, 0x06, 0x33, 0x0C, 0x0B, 0x02, 0x07, 0x0E, 0x05, 0x06,
	0x2D, 0x01, 0x28, 0x1F, 0x25, 0x2F, 0x00, 0x01, 0x00, 0x2B, 0x02, 0x29, 0x01, 0x53, 0x02, 0xF0,
	0x00, 0x17, 0x00, 0x00, 0x12, 0x35, 0x34, 0x37, 0x37, 0x36, 0x33, 0x32, 0x17, 0x17, 0x16, 0x15,
	0x14, 0x07, 0x06, 0x23, 0x22, 0x27, 0x27, 0x07, 0x06, 0x23, 0x22, 0x27, 0x2B, 0x0A, 0x6A, 0x0E,
	0x12, 0x13, 0x0E, 0x69, 0x0A, 0x0E, 0x0A, 0x0A, 0x0F, 0x0F, 0x54, 0x53, 0x0F, 0x11, 0x08, 0x0A,
	0x02, 0x3C, 0x0E, 0x0A, 0x0D, 0x7E, 0x11, 0x11, 0x7E, 0x0D, 0x0A, 0x0E, 0x0B, 0x07, 0x13, 0x70,
	0x70, 0x14, 0x07, 0x00, 0x00, 0x02, 0x00, 0x2E, 0x02, 0x3F, 0x01, 0x62, 0x02, 0xA2, 0x00, 0x0B,
	0x00, 0x17, 0x00, 0x00, 0x12, 0x26, 0x35, 0x34, 0x36, 0x33, 0x32, 0x16, 0x15, 0x14, 0x06, 0x23,
	0x32, 0x26, 0x35, 0x34, 0x36, 0x33, 0x32, 0x16, 0x15, 0x14, 0x06, 0x23, 0x4C, 0x1E, 0x1E, 0x15,
	0x14, 0x1D, 0x1D, 0x14, 0xBA, 0x1E, 0x1E, 0x15, 0x14, 0x1E, 0x1E, 0x14, 0x02, 0x3F, 0x1D, 0x14,
	0x15, 0x1D, 0x1E, 0x14, 0x14, 0x1D, 0x1D, 0x14, 0x14, 0x1E, 0x1E, 0x14, 0x14, 0x1D, 0x00, 0x01,
	0x00, 0x2C, 0x02, 0x2B, 0x00, 0xB5, 0x02, 0xFA, 0x00, 0x11, 0x00, 0x00, 0x12, 0x23, 0x22, 0x27,
	0x27, 0x26, 0x35, 0x34, 0x37, 0x36, 0x33, 0x32, 0x17, 0x17, 0x16, 0x15, 0x14, 0x07, 0xA0, 0x06,
	0x11, 0x09, 0x4E, 0x06, 0x14, 0x09, 0x0A, 0x15, 0x0C, 0x3E, 0x03, 0x0F, 0x02, 0x2B, 0x11, 0x8A,
	0x0B, 0x09, 0x11, 0x0A, 0x05, 0x1C, 0x8D, 0x07, 0x07, 0x0E, 0x07, 0x00, 0x00, 0x01, 0x00, 0x2C,
	0x02, 0x2E, 0x01, 0x69, 0x02, 0x63, 0x00, 0x0B, 0x00, 0x00, 0x12, 0x35, 0x34, 0x36, 0x33, 0x33,
	0x32, 0x16, 0x15, 0x14, 0x23, 0x23, 0x2C, 0x13, 0x11, 0xF5, 0x12, 0x12, 0x24, 0xF5, 0x02, 0x2E,
	0x1A, 0x10, 0x0B, 0x0C, 0x0F, 0x1A, 0x00, 0x02, 0x00, 0x2A, 0x02, 0x0D, 0x01, 0x0D, 0x02, 0xDA,
	0x00, 0x0B, 0x00, 0x17, 0x00, 0x00, 0x12, 0x26, 0x35, 0x34, 0x36, 0x33, 0x32, 0x16, 0x15, 0x14,
	0x06, 0x23, 0x36, 0x36, 0x35, 0x34, 0x26, 0x23, 0x22, 0x06, 0x15, 0x14, 0x16, 0x33, 0x69, 0x3F,
	0x3F, 0x33, 0x33, 0x3E, 0x3E, 0x33, 0x1C, 0x21, 0x21, 0x1C, 0x1C, 0x20, 0x20, 0x1C, 0x02, 0x0D,
	0x3B, 0x2C, 0x2C, 0x3A, 0x3A, 0x2C, 0x2C, 0x3B, 0x2E, 0x1F, 0x1A, 0x1A, 0x1F, 0x1F, 0x1A, 0x1A,
	0x1F, 0x00, 0x00, 0x01, 0x00, 0x2D, 0x02, 0x3F, 0x01, 0x7C, 0x02, 0xB9, 0x00, 0x21, 0x00, 0x00,
	0x12, 0x35, 0x34, 0x37, 0x36, 0x36, 0x33, 0x32, 0x16, 0x17, 0x16, 0x16, 0x33, 0x32, 0x37, 0x36,
	0x33, 0x32, 0x16, 0x15, 0x07, 0x06, 0x06, 0x23, 0x22, 0x26, 0x27, 0x26, 0x26, 0x23, 0x22, 0x07,
	0x06, 0x23, 0x2D, 0x02, 0x09, 0x31, 0x24, 0x18, 0x25, 0x19, 0x11, 0x17, 0x0D, 0x22, 0x0C, 0x07,
	0x12, 0x0E, 0x0F, 0x02, 0x0A, 0x32, 0x23, 0x17, 0x21, 0x17, 0x13, 0x1A, 0x0F, 0x20, 0x0D, 0x08,
	0x11, 0x02, 0x3F, 0x17, 0x09, 0x06, 0x22, 0x2C, 0x11, 0x10, 0x0C, 0x0C, 0x2A, 0x15, 0x0D, 0x0C,
	0x0C, 0x24, 0x2B, 0x10, 0x0F, 0x0D, 0x0D, 0x29, 0x16, 0x00, 0x00, 0x00, 0x00, 0x01, 0x00, 0x00,
	0x01, 0x01, 0x00, 0x97, 0x00, 0x07, 0x00, 0x71, 0x00, 0x05, 0x00, 0x01, 0x00, 0x00, 0x00, 0x00,
	0x00, 0x00, 0x00, 0x00, 0x00, 0x00, 0x00, 0x00, 0x00, 0x03, 0x00, 0x02, 0x00, 0x00, 0x00, 0x00,
	0x00, 0x00, 0x00, 0x30, 0x00, 0x3C, 0x00, 0x48, 0x00, 0x54, 0x00, 0x60, 0x00, 0x6C, 0x00, 0x78,
	0x00, 0xC5, 0x01, 0x07, 0x01, 0x47, 0x01, 0xB3, 0x01, 0xE2, 0x02, 0x1F, 0x02, 0x51, 0x02, 0x5D,
	0x02, 0x69, 0x02, 0x75, 0x02, 0x81, 0x02, 0xAC, 0x02, 0xF3, 0x03, 0x23, 0x03, 0x3C, 0x03, 0x48,
	0x03, 0x54, 0x03, 0x60, 0x03, 0x6C, 0x03, 0x97, 0x03, 0xD2, 0x03, 0xF3, 0x03, 0xFF, 0x04, 0x42,
	0x04, 0x6F, 0x04, 0x7B, 0x04, 0xAC, 0x04, 0xB8, 0x04, 0xC4, 0x04, 0xD0, 0x04, 0xDC, 0x05, 0x38,
	0x05, 0x44, 0x05, 0x71, 0x05, 0x9F, 0x05, 0xF7, 0x06, 0x31, 0x06, 0x7B, 0x06, 0x9C, 0x06, 0xC9,
	0x06, 0xD5, 0x06, 0xE1, 0x06, 0xED, 0x06, 0xF9, 0x07, 0x2A, 0x07, 0x81, 0x07, 0xBF, 0x07, 0xF4,
	0x08, 0x00, 0x08, 0x3A, 0x08, 0x7F, 0x08, 0x8B, 0x08, 0x96, 0x08, 0xA1, 0x08, 0xAD, 0x08, 0xB9,
	0x08, 0xC4, 0x09, 0x37, 0x09, 0x70, 0x09, 0xAB, 0x0A, 0x12, 0x0A, 0x4E, 0x0A, 0xAD, 0x0A, 0xEA,
	0x0A, 0xF6, 0x0B, 0x01, 0x0B, 0x0C, 0x0B, 0x18, 0x0B, 0x51, 0x0B, 0xA2, 0x0B, 0xD3, 0x0B, 0xFC,
	0x0C, 0x15, 0x0C, 0x21, 0x0C, 0x2C, 0x0C, 0x37, 0x0C, 0x43, 0x0C, 0x76, 0x0C, 0x99, 0x0C, 0xD1,
	0x0C, 0xEA, 0x0C, 0xF6, 0x0D, 0x41, 0x0D, 0x71, 0x0D, 0x7C, 0x0D, 0xA7, 0x0D, 0xB3, 0x0D, 0xBF,
	0x0D, 0xCA, 0x0D, 0xD6, 0x0E, 0x2D, 0x0E, 0x38, 0x0E, 0x73, 0x0E, 0xAD, 0x0E, 0xE7, 0x0F, 0x0F,
	0x0F, 0x5F, 0x0F, 0xB0, 0x0F, 0xEA, 0x10, 0x1D, 0x10, 0x29, 0x10, 0x34, 0x10, 0x3F, 0x10, 0x4B,
	0x10, 0x81, 0x10, 0xD0, 0x11, 0x0C, 0x11, 0x50, 0x11, 0x5C, 0x11, 0x67, 0x11, 0x9E, 0x11, 0xE4,
	0x12, 0x1F, 0x12, 0x66, 0x12, 0x8C, 0x12, 0xC7, 0x12, 0xF2, 0x13, 0x17, 0x13, 0x53, 0x13, 0xA4,
	0x13, 0xD5, 0x14, 0x22, 0x14, 0x68, 0x14, 0x8D, 0x14, 0xD8, 0x15, 0x1A, 0x15, 0x3F, 0x15, 0x62,
	0x15, 0x9A, 0x15, 0xE8, 0x16, 0x18, 0x16, 0x5E, 0x16, 0x9C, 0x16, 0xBF, 0x17, 0x06, 0x17, 0x43,
	0x17, 0x69, 0x17, 0x8D, 0x17, 0xC6, 0x18, 0x15, 0x18, 0x45, 0x18, 0x8B, 0x18, 0xCA, 0x18, 0xEE,
	0x19, 0x34, 0x19, 0x72, 0x19, 0x95, 0x1A, 0x07, 0x1A, 0x8B, 0x1B, 0x2A, 0x1B, 0x92, 0x1C, 0x24,
	0x1C, 0xA2, 0x1D, 0x4C, 0x1D, 0xEC, 0x1E, 0x69, 0x1E, 0x7F, 0x1E, 0xA4, 0x1E, 0xCA, 0x1F, 0x01,
	0x1F, 0x35, 0x1F, 0x5B, 0x1F, 0x84, 0x1F, 0xD0, 0x20, 0x1D, 0x20, 0x33, 0x20, 0x49, 0x20, 0x97,
	0x20, 0xF7, 0x21, 0x17, 0x21, 0x3B, 0x21, 0x65, 0x21, 0x8F, 0x21, 0xBA, 0x21, 0xE5, 0x22, 0x26,
	0x22, 0x67, 0x22, 0x85, 0x22, 0xA3, 0x22, 0xCD, 0x22, 0xF7, 0x23, 0x0D, 0x23, 0x23, 0x23, 0x39,
	0x23, 0x4F, 0x23, 0x65, 0x23, 0x7B, 0x23, 0x91, 0x23, 0xA7, 0x23, 0xCE, 0x24, 0x15, 0x24, 0x5D,
	0x24, 0xA5, 0x24, 0xCD, 0x24, 0xF4, 0x25, 0x3C, 0x25, 0x85, 0x25, 0xAD, 0x25, 0xD3, 0x26, 0x09,
	0x26, 0x2A, 0x26, 0x2A, 0x26, 0x2A, 0x26, 0x77, 0x26, 0xD9, 0x27, 0x3B, 0x27, 0xB4, 0x28, 0x0E,
	0x28, 0x38, 0x28, 0x74, 0x28, 0xA9, 0x28, 0xCF, 0x28, 0xF9, 0x29, 0x21, 0x29, 0x5A, 0x29, 0x91,
	0x29, 0xAB, 0x29, 0xD5, 0x29, 0xDD, 0x2A, 0x4A, 0x2A, 0xDD, 0x2B, 0x59, 0x2B, 0xB9, 0x2B, 0xE4,
	0x2C, 0x46, 0x2C, 0xAB, 0x2D, 0x10, 0x2D, 0x36, 0x2D, 0x55, 0x2D, 0x8B, 0x2D, 0xA4, 0x2D, 0xD0,
	0x2D, 0xFA, 0x2E, 0x34, 0x2E, 0x59, 0x2E, 0x78, 0x2E, 0x97, 0x2E, 0xBE, 0x2E, 0xE4, 0x2F, 0x18,
	0x2F, 0x37, 0x2F, 0x75, 0x2F, 0x9C, 0x2F, 0xC1, 0x2F, 0xE0, 0x2F, 0xF5, 0x30, 0x1B, 0x30, 0x4F,
	0x00, 0x01, 0x00, 0x00, 0x00, 0x01, 0x00, 0x00, 0xA4, 0x5E, 0x83, 0x10, 0x5F, 0x0F, 0x3C, 0xF5,
	0x00, 0x07, 0x03, 0xE8, 0x00, 0x00, 0x00, 0x00, 0xD7, 0x8B, 0x17, 0x01, 0x00, 0x00, 0x00, 0x00,
	0xD7, 0xB8, 0x34, 0x68, 0xFD, 0x50, 0xFE, 0x02, 0x04, 0xC3, 0x04, 0xA8, 0x00, 0x00, 0x00, 0x07,
	0x00, 0x02, 0x00, 0x00, 0x00, 0x00, 0x00, 0x00, 0x02, 0xD9, 0x00, 0x60, 0x01, 0x0C, 0x00, 0x00,
	0x02, 0xD8, 0x00, 0x4B, 0x02, 0xD8, 0x00, 0x4B, 0x02, 0xD8, 0x00, 0x4B, 0x02, 0xD8, 0x00, 0x4B,
	0x02, 0xD8, 0x00, 0x4B, 0x02, 0xD8, 0x00, 0x4B, 0x02, 0xD8, 0x00, 0x4B, 0x04, 0x61, 0x00, 0x4B,
	0x02, 0xD4, 0x00, 0x50, 0x02, 0xEB, 0x00, 0x37, 0x02, 0xEB, 0x00, 0x37, 0x02, 0xEA, 0x00, 0x50,
	0x03, 0x1F, 0x00, 0x27, 0x02, 0x79, 0x00, 0x50, 0x02, 0x79, 0x00, 0x50, 0x02, 0x79, 0x00, 0x50,
	0x02, 0x79, 0x00, 0x50, 0x02, 0x79, 0x00, 0x50, 0x02, 0x63, 0x00, 0x50, 0x02, 0xFC, 0x00, 0x36,
	0x02, 0xEB, 0x00, 0x4F, 0x01, 0x29, 0x00, 0x6F, 0x01, 0x29, 0x00, 0x6F, 0x01, 0x29, 0x00, 0x00,
	0x01, 0x29, 0xFF, 0xFA, 0x01, 0x29, 0x00, 0x2B, 0x02, 0x56, 0x00, 0x2C, 0x02, 0xAB, 0x00, 0x51,
	0x02, 0x73, 0x00, 0x52, 0x02, 0x73, 0x00, 0x52, 0x03, 0xD4, 0x00, 0x4B, 0x02, 0xDB, 0x00, 0x4A,
	0x02, 0xDB, 0x00, 0x4A, 0x03, 0x34, 0x00, 0x36, 0x03, 0x34, 0x00, 0x36, 0x03, 0x34, 0x00, 0x36,
	0x03, 0x34, 0x00, 0x36, 0x03, 0x34, 0x00, 0x36, 0x03, 0x28, 0x00, 0x2D, 0x03, 0x34, 0x00, 0x36,
	0x02, 0xCD, 0x00, 0x50, 0x02, 0x6D, 0x00, 0x46, 0x03, 0x34, 0x00, 0x36, 0x02, 0xCD, 0x00, 0x4C,
	0x02, 0xA9, 0x00, 0x37, 0x02, 0xBB, 0x00, 0x2C, 0x02, 0xE1, 0x00, 0x4A, 0x02, 0xE1, 0x00, 0x4A,
	0x02, 0xE1, 0x00, 0x4A, 0x02, 0xE1, 0x00, 0x4A, 0x02, 0xE1, 0x00, 0x4A, 0x02, 0xDD, 0x00, 0x38,
	0x03, 0xB3, 0x00, 0x36, 0x02, 0xC8, 0x00, 0x36, 0x02, 0xB8, 0x00, 0x38, 0x02, 0xB8, 0x00, 0x38,
	0x02, 0xBF, 0x00, 0x36, 0x02, 0x40, 0x00, 0x2C, 0x02, 0x4E, 0x00, 0x2C, 0x02, 0x4E, 0x00, 0x2C,
	0x02, 0x4E, 0x00, 0x2C, 0x02, 0x4E, 0x00, 0x2C, 0x02, 0x4E, 0x00, 0x2C, 0x02, 0x4E, 0x00, 0x2C,
	0x03, 0xEB, 0x00, 0x2C, 0x02, 0x9B, 0x00, 0x45, 0x02, 0x4C, 0x00, 0x2D, 0x02, 0x57, 0x00, 0x2D,
	0x02, 0x9B, 0x00, 0x2B, 0x02, 0x87, 0x00, 0x31, 0x02, 0x6B, 0x00, 0x2B, 0x02, 0x79, 0x00, 0x2B,
	0x02, 0x79, 0x00, 0x2B, 0x02, 0x79, 0x00, 0x2B, 0x02, 0x79, 0x00, 0x2B, 0x01, 0xC0, 0x00, 0x23,
	0x02, 0x96, 0x00, 0x2A, 0x02, 0x63, 0x00, 0x47, 0x00, 0xFA, 0x00, 0x47, 0x00, 0xFA, 0x00, 0x59,
	0x00, 0xFA, 0x00, 0x59, 0x00, 0xFA, 0xFF, 0xEA, 0x00, 0xFA, 0xFF, 0xE5, 0x00, 0xFA, 0x00, 0x10,
	0x01, 0x4E, 0x00, 0x21, 0x01, 0x45, 0x00, 0x26, 0x02, 0x46, 0x00, 0x49, 0x00, 0xFF, 0x00, 0x5B,
	0x01, 0xA0, 0x00, 0x5B, 0x03, 0x39, 0x00, 0x45, 0x02, 0x63, 0x00, 0x47, 0x02, 0x63, 0x00, 0x47,
	0x02, 0x7D, 0x00, 0x2D, 0x02, 0x7D, 0x00, 0x2D, 0x02, 0x7D, 0x00, 0x2D, 0x02, 0x7D, 0x00, 0x2D,
	0x02, 0x7D, 0x00, 0x2D, 0x02, 0x85, 0x00, 0x31, 0x02, 0x7D, 0x00, 0x2D, 0x02, 0x9B, 0x00, 0x45,
	0x02, 0xA3, 0x00, 0x49, 0x02, 0x9B, 0x00, 0x2B, 0x01, 0xB0, 0x00, 0x47, 0x02, 0x05, 0x00, 0x2E,
	0x02, 0x7D, 0x00, 0x41, 0x01, 0xC4, 0x00, 0x24, 0x02, 0x63, 0x00, 0x42, 0x02, 0x63, 0x00, 0x42,
	0x02, 0x63, 0x00, 0x42, 0x02, 0x63, 0x00, 0x42, 0x02, 0x63, 0x00, 0x42, 0x02, 0x66, 0x00, 0x2C,
	0x03, 0x13, 0x00, 0x2D, 0x02, 0x2E, 0x00, 0x2C, 0x02, 0x72, 0x00, 0x2A, 0x02, 0x72, 0x00, 0x2A,
	0x02, 0x72, 0x00, 0x2A, 0x02, 0x24, 0x00, 0x2D, 0x02, 0x7A, 0x00, 0x23, 0x02, 0x8A, 0x00, 0x23,
	0x01, 0xA3, 0x00, 0x2E, 0x01, 0xBA, 0x00, 0x2F, 0x02, 0x70, 0x00, 0x4B, 0x02, 0xA6, 0x00, 0x33,
	0x01, 0x73, 0x00, 0x27, 0x02, 0x75, 0x00, 0x32, 0x02, 0x84, 0x00, 0x31, 0x02, 0x84, 0x00, 0x27,
	0x02, 0x88, 0x00, 0x32, 0x02, 0x8B, 0x00, 0x31, 0x02, 0x49, 0x00, 0x28, 0x02, 0x90, 0x00, 0x32,
	0x02, 0x8B, 0x00, 0x31, 0x01, 0xEF, 0x00, 0x33, 0x01, 0x29, 0x00, 0x27, 0x01, 0xC4, 0x00, 0x32,
	0x01, 0xCE, 0x00, 0x31, 0x01, 0xCA, 0x00, 0x26, 0x01, 0xD7, 0x00, 0x32, 0x01, 0xD4, 0x00, 0x31,
	0x01, 0xA7, 0x00, 0x28, 0x01, 0xDB, 0x00, 0x32, 0x01, 0xD4, 0x00, 0x31, 0x01, 0xEF, 0x00, 0x33,
	0x01, 0x29, 0x00, 0x27, 0x01, 0xC4, 0x00, 0x32, 0x01, 0xCE, 0x00, 0x31, 0x01, 0xCA, 0x00, 0x26,
	0x01, 0xD7, 0x00, 0x32, 0x01, 0xD4, 0x00, 0x31, 0x01, 0xA7, 0x00, 0x28, 0x01, 0xDB, 0x00, 0x32,
	0x01, 0xD4, 0x00, 0x31, 0x02, 0x4F, 0x00, 0x30, 0x03, 0x7B, 0x00, 0x38, 0x03, 0x81, 0x00, 0x38,
	0x04, 0x1B, 0x00, 0x37, 0x03, 0x12, 0x00, 0x39, 0x03, 0x92, 0x00, 0x39, 0x03, 0x89, 0x00, 0x38,
	0x04, 0x01, 0x00, 0x39, 0x04, 0x03, 0x00, 0x39, 0x03, 0x90, 0x00, 0x36, 0x00, 0xD7, 0x00, 0x32,
	0x00, 0xE9, 0x00, 0x30, 0x00, 0xDA, 0x00, 0x31, 0x00, 0xE3, 0x00, 0x30, 0x02, 0x6B, 0x00, 0x31,
	0x01, 0x0E, 0x00, 0x4A, 0x01, 0x0E, 0x00, 0x4A, 0x02, 0x3A, 0x00, 0x31, 0x02, 0x39, 0x00, 0x30,
	0x00, 0xD7, 0x00, 0x32, 0x01, 0x32, 0x00, 0x31, 0x01, 0xC2, 0x00, 0x30, 0x03, 0x21, 0x00, 0x32,
	0x02, 0x21, 0x00, 0x30, 0x02, 0x21, 0x00, 0x2F, 0x00, 0xE9, 0x00, 0x28, 0x00, 0xE9, 0x00, 0x28,
	0x01, 0x25, 0x00, 0x32, 0x01, 0x25, 0x00, 0x32, 0x01, 0x92, 0x00, 0x31, 0x01, 0x92, 0x00, 0x31,
	0x01, 0x4B, 0x00, 0x4D, 0x01, 0x4B, 0x00, 0x2F, 0x00, 0xE9, 0x00, 0x28, 0x00, 0xFD, 0x00, 0x32,
	0x01, 0xDA, 0x00, 0x31, 0x01, 0xDA, 0x00, 0x31, 0x02, 0xA1, 0x00, 0x31, 0x03, 0xA0, 0x00, 0x31,
	0x02, 0x7E, 0x00, 0x2D, 0x03, 0xA3, 0x00, 0x2D, 0x01, 0xDA, 0x00, 0x31, 0x02, 0x43, 0x00, 0x32,
	0x00, 0xEF, 0x00, 0x31, 0x01, 0xAC, 0x00, 0x34, 0x01, 0xAC, 0x00, 0x34, 0x01, 0xAC, 0x00, 0x34,
	0x00, 0xEF, 0x00, 0x31, 0x00, 0xEF, 0x00, 0x31, 0x01, 0xDF, 0x00, 0x34, 0x01, 0xDF, 0x00, 0x34,
	0x01, 0x42, 0x00, 0x31, 0x01, 0x42, 0x00, 0x32, 0x01, 0x56, 0x00, 0x34, 0x00, 0xD4, 0x00, 0x31,
	0x02, 0xA6, 0x00, 0x00, 0x01, 0x0C, 0x00, 0x00, 0x02, 0x50, 0x00, 0x2D, 0x02, 0x62, 0x00, 0x32,
	0x02, 0xA9, 0x00, 0x37, 0x02, 0x6B, 0x00, 0x32, 0x02, 0xAC, 0x00, 0x32, 0x01, 0xFC, 0x00, 0x14,
	0x01, 0xFC, 0x00, 0x36, 0x01, 0xFC, 0x00, 0x3C, 0x02, 0x08, 0x00, 0x31, 0x02, 0x5B, 0x00, 0x31,
	0x02, 0x5B, 0x00, 0x32, 0x01, 0xFC, 0x00, 0x14, 0x02, 0x3B, 0x00, 0x32, 0x01, 0xFA, 0x00, 0x31,
	0x02, 0x52, 0x00, 0x32, 0x02, 0x70, 0x00, 0x4B, 0x02, 0xE4, 0x00, 0x30, 0x04, 0x47, 0x00, 0x31,
	0x03, 0x9D, 0x00, 0x30, 0x02, 0xFB, 0x00, 0x31, 0x02, 0x90, 0x00, 0x32, 0x02, 0x28, 0x00, 0x31,
	0x03, 0x57, 0x00, 0x32, 0x03, 0x57, 0x00, 0x2D, 0x01, 0x61, 0x00, 0x31, 0x00, 0xD1, 0x00, 0x31,
	0x01, 0x5D, 0x00, 0x33, 0x00, 0xE1, 0x00, 0x4B, 0x00, 0xE1, 0x00, 0x4B, 0x02, 0x59, 0x00, 0x28,
	0x02, 0x59, 0x00, 0x28, 0x00, 0x00, 0xFF, 0x66, 0x00, 0x00, 0xFF, 0x4B, 0x00, 0x00, 0xFF, 0x4B,
	0x00, 0x00, 0xFF, 0x6C, 0x00, 0x00, 0xFF, 0x8E, 0x00, 0x00, 0xFE, 0x84, 0x00, 0xE1, 0x00, 0x2C,
	0x01, 0x28, 0x00, 0x2B, 0x01, 0x7F, 0x00, 0x2B, 0x01, 0x8F, 0x00, 0x2E, 0x00, 0xE1, 0x00, 0x2C,
	0x01, 0x94, 0x00, 0x2C, 0x01, 0x37, 0x00, 0x2A, 0x01, 0xA9, 0x00, 0x2D, 0x00, 0x01, 0x00, 0x00,
	0x04, 0x00, 0xFE, 0xEC, 0x00, 0x00, 0x04, 0xF3, 0xFD, 0x50, 0xFF, 0x23, 0x04, 0xC3, 0x00, 0x01,
	0x00, 0x00, 0x00, 0x00, 0x00, 0x00, 0x00, 0x00, 0x00, 0x00, 0x00, 0x00, 0x00, 0x00, 0x01, 0x01,
	0x00, 0x04, 0x02, 0x61, 0x01, 0x90, 0x00, 0x05, 0x00, 0x00, 0x02, 0x8A, 0x02, 0x58, 0x00, 0x00,
	0x00, 0x4B, 0x02, 0x8A, 0x02, 0x58, 0x00, 0x00, 0x01, 0x5E, 0x00, 0x32, 0x01, 0x26, 0x00, 0x00,
	0x00, 0x00, 0x05, 0x00, 0x00, 0x00, 0x00, 0x00, 0x00, 0x00, 0x00, 0x00, 0x00, 0x03, 0x00, 0x00,
	0x00, 0x00, 0x00, 0x00, 0x00, 0x00, 0x00, 0x00, 0x00, 0x00, 0x43, 0x44, 0x4B, 0x20, 0x00, 0xC0,
	0x00, 0x20, 0x20, 0x44, 0x04, 0x00, 0xFE, 0xEC, 0x00, 0x00, 0x04, 0xE1, 0x02, 0x1B, 0x00, 0x00,
	0x00, 0x01, 0x00, 0x00, 0x00, 0x00, 0x01, 0xEA, 0x02, 0xBC, 0x00, 0x00, 0x00, 0x20, 0x00, 0x03,
	0x00, 0x00, 0x00, 0x02, 0x00, 0x00, 0x00, 0x03, 0x00, 0x00, 0x00, 0x14, 0x00, 0x03, 0x00, 0x01,
	0x00, 0x00, 0x00, 0x14, 0x00, 0x04, 0x02, 0x14, 0x00, 0x00, 0x00, 0x20, 0x00, 0x20, 0x00, 0x04,
	0x00, 0x00, 0x00, 0x2F, 0x00, 0x39, 0x00, 0x7E, 0x00, 0xFF, 0x20, 0x07, 0x20, 0x10, 0x20, 0x15,
	0x20, 0x1A, 0x20, 0x1E, 0x20, 0x22, 0x20, 0x26, 0x20, 0x30, 0x20, 0x33, 0x20, 0x3A, 0x20, 0x44,
	0xFF, 0xFF, 0x00, 0x00, 0x00, 0x20, 0x00, 0x30, 0x00, 0x3A, 0x00, 0xA0, 0x20, 0x07, 0x20, 0x10,
	0x20, 0x12, 0x20, 0x18, 0x20, 0x1C, 0x20, 0x20, 0x20, 0x26, 0x20, 0x30, 0x20, 0x32, 0x20, 0x39,
	0x20, 0x44, 0xFF, 0xFF, 0x00, 0x00, 0x00, 0x4D, 0x00, 0x00, 0x00, 0x00, 0xE0, 0xCB, 0xE0, 0xB4,
	0x00, 0x00, 0x00, 0x00, 0x00, 0x00, 0x00, 0x00, 0xE0, 0x83, 0xE0, 0xB5, 0xE0, 0xBB, 0xE0, 0x95,
	0xE0, 0x57, 0x00, 0x01, 0x00, 0x20, 0x00, 0x00, 0x00, 0x3C, 0x00, 0xC4, 0x00, 0x00, 0x00, 0x00,
	0x01, 0x7E, 0x01, 0x84, 0x01, 0x88, 0x01, 0x8C, 0x00, 0x00, 0x00, 0x00, 0x00, 0x00, 0x00, 0x00,
	0x00, 0x00, 0x00, 0x00, 0x00, 0x01, 0x00, 0xAA, 0x00, 0xD0, 0x00, 0xB1, 0x00, 0xD6, 0x00, 0xE4,
	0x00, 0xE7, 0x00, 0xD1, 0x00, 0xB6, 0x00, 0xB7, 0x00, 0xB0, 0x00, 0xD9, 0x00, 0xA6, 0x00, 0xBE,
	0x00, 0xA5, 0x00, 0xB2, 0x00, 0xA7, 0x00, 0xA8, 0x00, 0xDE, 0x00, 0xDC, 0x00, 0xDD, 0x00, 0xAC,
	0x00, 0xE6, 0x00, 0x02, 0x00, 0x0A, 0x00, 0x0B, 0x00, 0x0D, 0x00, 0x0F, 0x00, 0x14, 0x00, 0x15,
	0x00, 0x16, 0x00, 0x17, 0x00, 0x1C, 0x00, 0x1D, 0x00, 0x1E, 0x00, 0x20, 0x00, 0x21, 0x00, 0x23,
	0x00, 0x2A, 0x00, 0x2C, 0x00, 0x2D, 0x00, 0x2E, 0x00, 0x2F, 0x00, 0x30, 0x00, 0x35, 0x00, 0x36,
	0x00, 0x37, 0x00, 0x38, 0x00, 0x3A, 0x00, 0xBA, 0x00, 0xB3, 0x00, 0xBB, 0x00, 0xE2, 0x00, 0xC5,
	0x00, 0xFD, 0x00, 0x3B, 0x00, 0x43, 0x00, 0x44, 0x00, 0x46, 0x00, 0x48, 0x00, 0x4D, 0x00, 0x4E,
	0x00, 0x4F, 0x00, 0x50, 0x00, 0x56, 0x00, 0x58, 0x00, 0x59, 0x00, 0x5B, 0x00, 0x5C, 0x00, 0x5E,
	0x00, 0x65, 0x00, 0x67, 0x00, 0x68, 0x00, 0x69, 0x00, 0x6B, 0x00, 0x6C, 0x00, 0x71, 0x00, 0x72,
	0x00, 0x73, 0x00, 0x74, 0x00, 0x77, 0x00, 0xB8, 0x00, 0xEF, 0x00, 0xB9, 0x00, 0xE0, 0x00, 0xD3,
	0x00, 0xAB, 0x00, 0xD4, 0x00, 0xD7, 0x00, 0xD5, 0x00, 0xD8, 0x00, 0xF0, 0x00, 0xE9, 0x00, 0xFC,
	0x00, 0xEA, 0x00, 0x7A, 0x00, 0xCC, 0x00, 0xE1, 0x00, 0xBF, 0x00, 0xEB, 0x00, 0xFE, 0x00, 0xEC,
	0x00, 0xDF, 0x00, 0x93, 0x00, 0x94, 0x00, 0xF9, 0x00, 0xE3, 0x00, 0xE8, 0x00, 0xAE, 0x00, 0xFA,
	0x00, 0x92, 0x00, 0x7B, 0x00, 0xCD, 0x00, 0x9F, 0x00, 0x9C, 0x00, 0xA0, 0x00, 0xAD, 0x00, 0x06,
	0x00, 0x03, 0x00, 0x04, 0x00, 0x08, 0x00, 0x05, 0x00, 0x07, 0x00, 0x09, 0x00, 0x0C, 0x00, 0x13,
	0x00, 0x10, 0x00, 0x11, 0x00, 0x12, 0x00, 0x1B, 0x00, 0x18, 0x00, 0x19, 0x00, 0x1A, 0x00, 0x0E,
	0x00, 0x22, 0x00, 0x27, 0x00, 0x24, 0x00, 0x25, 0x00, 0x29, 0x00, 0x26, 0x00, 0xDA, 0x00, 0x28,
	0x00, 0x34, 0x00, 0x31, 0x00, 0x32, 0x00, 0x33, 0x00, 0x39, 0x00, 0x2B, 0x00, 0x6A, 0x00, 0x3F,
	0x00, 0x3C, 0x00, 0x3D, 0x00, 0x41, 0x00, 0x3E, 0x00, 0x40, 0x00, 0x42, 0x00, 0x45, 0x00, 0x4C,
	0x00, 0x49, 0x00, 0x4A, 0x00, 0x4B, 0x00, 0x55, 0x00, 0x52, 0x00, 0x53, 0x00, 0x54, 0x00, 0x47,
	0x00, 0x5D, 0x00, 0x62, 0x00, 0x5F, 0x00, 0x60, 0x00, 0x64, 0x00, 0x61, 0x00, 0xDB, 0x00, 0x63,
	0x00, 0x70, 0x00, 0x6D, 0x00, 0x6E, 0x00, 0x6F, 0x00, 0x75, 0x00, 0x66, 0x00, 0x76, 0x00, 0xC2,
	0x00, 0xC0, 0x00, 0xC1, 0x00, 0xC3, 0x00, 0xCA, 0x00, 0xCB, 0x00, 0xC6, 0x00, 0xC8, 0x00, 0xC9,
	0x00, 0xC7, 0x00, 0xF1, 0x00, 0xF2, 0x00, 0xAF, 0x00, 0x00, 0x00, 0x07, 0x00, 0x5A, 0x00, 0x03,
	0x00, 0x01, 0x04, 0x09, 0x00, 0x00, 0x00, 0xAE, 0x00, 0x00, 0x00, 0x03, 0x00, 0x01, 0x04, 0x09,
	0x00, 0x01, 0x00, 0x12, 0x00, 0xAE, 0x00, 0x03, 0x00, 0x01, 0x04, 0x09, 0x00, 0x02, 0x00, 0x0E,
	0x00, 0xC0, 0x00, 0x03, 0x00, 0x01, 0x04, 0x09, 0x00, 0x03, 0x00, 0x38, 0x00, 0xCE, 0x00, 0x03,
	0x00, 0x01, 0x04, 0x09, 0x00, 0x04, 0x00, 0x22, 0x01, 0x06, 0x00, 0x03, 0x00, 0x01, 0x04, 0x09,
	0x00, 0x05, 0x00, 0x42, 0x01, 0x28, 0x00, 0x03, 0x00, 0x01, 0x04, 0x09, 0x00, 0x06, 0x00, 0x22,
	0x01, 0x6A, 0x00, 0x43, 0x00, 0x6F, 0x00, 0x70, 0x00, 0x79, 0x00, 0x72, 0x00, 0x69, 0x00, 0x67,
	0x00, 0x68, 0x00, 0x74, 0x00, 0x20, 0x00, 0x32, 0x00, 0x30, 0x00, 0x31, 0x00, 0x38, 0x00, 0x20,
	0x00, 0x54, 0x00, 0x68, 0x00, 0x65, 0x00, 0x20, 0x00, 0x4B, 0x00, 0x6F, 0x00, 0x64, 0x00, 0x63,
	0x00, 0x68, 0x00, 0x61, 0x00, 0x73, 0x00, 0x61, 0x00, 0x6E, 0x00, 0x20, 0x00, 0x50, 0x00, 0x72,
	0x00, 0x6F, 0x00, 0x6A, 0x00, 0x65, 0x00, 0x63, 0x00, 0x74, 0x00, 0x20, 0x00, 0x41, 0x00, 0x75,
	0x00, 0x74, 0x00, 0x68, 0x00, 0x6F, 0x00, 0x72, 0x00, 0x73, 0x00, 0x20, 0x00, 0x28, 0x00, 0x68,
	0x00, 0x74, 0x00, 0x74, 0x00, 0x70, 0x00, 0x73, 0x00, 0x3A, 0x00, 0x2F, 0x00, 0x2F, 0x00, 0x67,
	0x00, 0x69, 0x00, 0x74, 0x00, 0x68, 0x00, 0x75, 0x00, 0x62, 0x00, 0x2E, 0x00, 0x63, 0x00, 0x6F,
	0x00, 0x6D, 0x00, 0x2F, 0x00, 0x63, 0x00, 0x61, 0x00, 0x64, 0x00, 0x73, 0x00, 0x6F, 0x00, 0x6E,
	0x00, 0x64, 0x00, 0x65, 0x00, 0x6D, 0x00, 0x61, 0x00, 0x6B, 0x00, 0x2F, 0x00, 0x4B, 0x00, 0x6F,
	0x00, 0x64, 0x00, 0x63, 0x00, 0x68, 0x00, 0x61, 0x00, 0x73, 0x00, 0x61, 0x00, 0x6E, 0x00, 0x29,
	0x00, 0x4B, 0x00, 0x6F, 0x00, 0x64, 0x00, 0x63, 0x00, 0x68, 0x00, 0x61, 0x00, 0x73, 0x00, 0x61,
	0x00, 0x6E, 0x00, 0x52, 0x00, 0x65, 0x00, 0x67, 0x00, 0x75, 0x00, 0x6C, 0x00, 0x61, 0x00, 0x72,
	0x00, 0x31, 0x00, 0x2E, 0x00, 0x30, 0x00, 0x30, 0x00, 0x30, 0x00, 0x3B, 0x00, 0x43, 0x00, 0x44,
	0x00, 0x4B, 0x00, 0x20, 0x00, 0x3B, 0x00, 0x4B, 0x00, 0x6F, 0x00, 0x64, 0x00, 0x63, 0x00, 0x68,
	0x00, 0x61, 0x00, 0x73, 0x00, 0x61, 0x00, 0x6E, 0x00, 0x2D, 0x00, 0x52, 0x00, 0x65, 0x00, 0x67,
	0x00, 0x75, 0x00, 0x6C, 0x00, 0x61, 0x00, 0x72, 0x00, 0x4B, 0x00, 0x6F, 0x00, 0x64, 0x00, 0x63,
	0x00, 0x68, 0x00, 0x61, 0x00, 0x73, 0x00, 0x61, 0x00, 0x6E, 0x00, 0x20, 0x00, 0x52, 0x00, 0x65,
	0x00, 0x67, 0x00, 0x75, 0x00, 0x6C, 0x00, 0x61, 0x00, 0x72, 0x00, 0x56, 0x00, 0x65, 0x00, 0x72,
	0x00, 0x73, 0x00, 0x69, 0x00, 0x6F, 0x00, 0x6E, 0x00, 0x20, 0x00, 0x31, 0x00, 0x2E, 0x00, 0x30,
	0x00, 0x30, 0x00, 0x30, 0x00, 0x3B, 0x00, 0x20, 0x00, 0x74, 0x00, 0x74, 0x00, 0x66, 0x00, 0x61,
	0x00, 0x75, 0x00, 0x74, 0x00, 0x6F, 0x00, 0x68, 0x00, 0x69, 0x00, 0x6E, 0x00, 0x74, 0x00, 0x20,
	0x00, 0x28, 0x00, 0x76, 0x00, 0x31, 0x00, 0x2E, 0x00, 0x36, 0x00, 0x29, 0x00, 0x4B, 0x00, 0x6F,
	0x00, 0x64, 0x00, 0x63, 0x00, 0x68, 0x00, 0x61, 0x00, 0x73, 0x00, 0x61, 0x00, 0x6E, 0x00, 0x2D,
	0x00, 0x52, 0x00, 0x65, 0x00, 0x67, 0x00, 0x75, 0x00, 0x6C, 0x00, 0x61, 0x00, 0x72, 0x00, 0x00,
	0x00, 0x03, 0x00, 0x00, 0x00, 0x00, 0x00, 0x00, 0xFF, 0xB5, 0x00, 0x32, 0x00, 0x00, 0x00, 0x00,
	0x00, 0x00, 0x00, 0x00, 0x00, 0x00, 0x00, 0x00, 0x00, 0x00, 0x00, 0x00, 0x00, 0x00, 0x00, 0x00,
	0x00, 0x01, 0x00, 0x01, 0xFF, 0xFF, 0x00, 0x0F, 0x00, 0x01, 0x00, 0x00, 0x00, 0x0C, 0x00, 0x00,
	0x00, 0x34, 0x00, 0x00, 0x00, 0x02, 0x00, 0x06, 0x00, 0x02, 0x00, 0x46, 0x00, 0x01, 0x00, 0x48,
	0x00, 0x55, 0x00, 0x01, 0x00, 0x57, 0x00, 0x65, 0x00, 0x01, 0x00, 0x67, 0x00, 0x77, 0x00, 0x01,
	0x00, 0x78, 0x00, 0x79, 0x00, 0x02, 0x00, 0xD8, 0x00, 0xD8, 0x00, 0x01, 0x00, 0x06, 0x00, 0x01,
	0x00, 0x0C, 0x00, 0x01, 0x00, 0x01, 0x00, 0x79, 0x00, 0x01, 0x00, 0x04, 0x00, 0x01, 0x00, 0xA2,
	0x00, 0x01, 0x00, 0x00, 0x00, 0x0A, 0x00, 0x2A, 0x00, 0x3A, 0x00, 0x03, 0x44, 0x46, 0x4C, 0x54,
	0x00, 0x14, 0x6C, 0x61, 0x74, 0x6E, 0x00, 0x14, 0x74, 0x68, 0x61, 0x69, 0x00, 0x14, 0x00, 0x04,
	0x00, 0x00, 0x00, 0x00, 0xFF, 0xFF, 0x00, 0x01, 0x00, 0x00, 0x00, 0x01, 0x6B, 0x65, 0x72, 0x6E,
	0x00, 0x08, 0x00, 0x00, 0x00, 0x02, 0x00, 0x00, 0x00, 0x01, 0x00, 0x02, 0x00, 0x06, 0x00, 0x50,
	0x00, 0x02, 0x00, 0x08, 0x00, 0x01, 0x00, 0x08, 0x00, 0x01, 0x00, 0x14, 0x00, 0x04, 0x00, 0x00,
	0x00, 0x05, 0x00, 0x22, 0x00, 0x2C, 0x00, 0x36, 0x00, 0x3C, 0x00, 0x3C, 0x00, 0x01, 0x00, 0x05,
	0x00, 0x84, 0x00, 0xA5, 0x00, 0xA6, 0x00, 0xC8, 0x00, 0xCB, 0x00, 0x02, 0x00, 0xA5, 0xFF, 0xBF,
	0x00, 0xA6, 0xFF, 0xBF, 0x00, 0x02, 0x00, 0x7E, 0xFF, 0xB5, 0x00, 0x81, 0xFF, 0xD3, 0x00, 0x01,
	0x00, 0x7E, 0xFF, 0xBF, 0x00, 0x01, 0x00, 0x81, 0xFF, 0xE7, 0x00, 0x02, 0x00, 0x08, 0x00, 0x04,
	0x00, 0x0E, 0x02, 0x22, 0x0B, 0x08, 0x11, 0x24, 0x00, 0x01, 0x00, 0x2C, 0x00, 0x04, 0x00, 0x00,
	0x00, 0x11, 0x00, 0x52, 0x00, 0x8C, 0x00, 0x92, 0x00, 0xC0, 0x00, 0xD6, 0x01, 0x0C, 0x01, 0x1E,
	0x01, 0x24, 0x01, 0x4A, 0x01, 0x64, 0x01, 0x6E, 0x01, 0x9C, 0x01, 0xC6, 0x01, 0xE0, 0x01, 0xEA,
	0x02, 0x04, 0x02, 0x0E, 0x00, 0x01, 0x00, 0x11, 0x00, 0x14, 0x00, 0x17, 0x00, 0x35, 0x00, 0x37,
	0x00, 0x4D, 0x00, 0x58, 0x00, 0x59, 0x00, 0x5E, 0x00, 0x6B, 0x00, 0x6C, 0x00, 0x71, 0x00, 0x72,
	0x00, 0x73, 0x00, 0x74, 0x00, 0x77, 0x00, 0xA5, 0x00, 0xA6, 0x00, 0x0E, 0x00, 0x35, 0xFF, 0xE7,
	0x00, 0x37, 0xFF, 0xE7, 0x00, 0x50, 0xFF, 0xD3, 0x00, 0x56, 0xFF, 0xA1, 0x00, 0x5E, 0xFF, 0xAD,
	0x00, 0x6B, 0xFF, 0xD3, 0x00, 0x6C, 0xFF, 0xBF, 0x00, 0x71, 0xFF, 0xBF, 0x00, 0x72, 0xFF, 0xBF,
	0x00, 0x73, 0xFF, 0xB1, 0x00, 0x74, 0xFF, 0xD3, 0x00, 0x77, 0xFF, 0xBF, 0x00, 0xA5, 0xFF, 0x83,
	0x00, 0xA6, 0xFF, 0xAB, 0x00, 0x01, 0x00, 0x56, 0xFF, 0xDE, 0x00, 0x0B, 0x00, 0x56, 0xFF, 0xAB,
	0x00, 0x5E, 0xFF, 0xC3, 0x00, 0x6B, 0xFF, 0xE6, 0x00, 0x6C, 0xFF, 0xD3, 0x00, 0x71, 0xFF, 0xD3,
	0x00, 0x72, 0xFF, 0xD3, 0x00, 0x73, 0xFF, 0xD3, 0x00, 0x74, 0xFF, 0xD3, 0x00, 0x77, 0xFF, 0xD3,
	0x00, 0xA5, 0xFF, 0xD3, 0x00, 0xA6, 0xFF, 0xC9, 0x00, 0x05, 0x00, 0x56, 0xFF, 0xD3, 0x00, 0x5E,
	0xFF, 0xD3, 0x00, 0x6B, 0xFF, 0xD3, 0x00, 0x71, 0xFF, 0xD3, 0x00, 0x72, 0xFF, 0xD3, 0x00, 0x0D,
	0x00, 0x4D, 0xFF, 0xD3, 0x00, 0x50, 0xFF, 0xD3, 0x00, 0x56, 0xFF, 0xB5, 0x00, 0x5E, 0xFF, 0xB3,
	0x00, 0x6B, 0xFF, 0xD3, 0x00, 0x6C, 0xFF, 0xCF, 0x00, 0x71, 0xFF, 0xBF, 0x00, 0x72, 0xFF, 0xD3,
	0x00, 0x73, 0xFF, 0xBF, 0x00, 0x74, 0xFF, 0xBF, 0x00, 0x77, 0xFF, 0xD3, 0x00, 0xA5, 0xFF, 0xD3,
	0x00, 0xA6, 0xFF, 0xB5, 0x00, 0x04, 0x00, 0x56, 0xFF, 0xBF, 0x00, 0x5E, 0xFF, 0xE7, 0x00, 0x71,
	0xFF, 0xE7, 0x00, 0x72, 0xFF, 0xFA, 0x00, 0x01, 0x00, 0x56, 0xFF, 0xBF, 0x00, 0x09, 0x00, 0x35,
	0xFF, 0xC3, 0x00, 0x37, 0xFF, 0xD3, 0x00, 0x56, 0xFF, 0xBF, 0x00, 0x5E, 0xFF, 0xE7, 0x00, 0x6B,
	0xFF, 0xE7, 0x00, 0x71, 0xFF, 0xDD, 0x00, 0x72, 0xFF, 0xE7, 0x00, 0x73, 0xFF, 0xDD, 0x00, 0x77,
	0xFF, 0xDD, 0x00, 0x06, 0x00, 0x35, 0xFF, 0xE6, 0x00, 0x56, 0xFF, 0xAB, 0x00, 0x5E, 0xFF, 0xE7,
	0x00, 0x6B, 0xFF, 0xE7, 0x00, 0x71, 0xFF, 0xE7, 0x00, 0x72, 0xFF, 0xF6, 0x00, 0x02, 0x00, 0x35,
	0xFF, 0xD3, 0x00, 0x56, 0xFF, 0xBF, 0x00, 0x0B, 0x00, 0x35, 0xFF, 0xD3, 0x00, 0x37, 0xFF, 0xD3,
	0x00, 0x56, 0xFF, 0xBF, 0x00, 0x5E, 0xFF, 0xDD, 0x00, 0x6B, 0xFF, 0xE7, 0x00, 0x71, 0xFF, 0xE7,
	0x00, 0x72, 0xFF, 0xF1, 0x00, 0x73, 0xFF, 0xE7, 0x00, 0x77, 0xFF, 0xDD, 0x00, 0xA5, 0xFF, 0xBF,
	0x00, 0xA6, 0xFF, 0xD3, 0x00, 0x0A, 0x00, 0x35, 0xFF, 0xD3, 0x00, 0x37, 0xFF, 0xD3, 0x00, 0x56,
	0xFF, 0xBF, 0x00, 0x5E, 0xFF, 0xE7, 0x00, 0x6B, 0xFF, 0xF6, 0x00, 0x71, 0xFF, 0xF1, 0x00, 0x72,
	0xFF, 0xFA, 0x00, 0x73, 0xFF, 0xF6, 0x00, 0x77, 0xFF, 0xF6, 0x00, 0xA6, 0xFF, 0xE7, 0x00, 0x06,
	0x00, 0x35, 0xFF, 0xD3, 0x00, 0x56, 0xFF, 0xBF, 0x00, 0x5E, 0xFF, 0xDD, 0x00, 0x71, 0xFF, 0xE7,
	0x00, 0x72, 0xFF, 0xF6, 0x00, 0x77, 0xFF, 0xE7, 0x00, 0x02, 0x00, 0x35, 0xFF, 0xD3, 0x00, 0x56,
	0xFF, 0xE7, 0x00, 0x06, 0x00, 0x35, 0xFF, 0xD3, 0x00, 0x56, 0xFF, 0xBF, 0x00, 0x5E, 0xFF, 0xDD,
	0x00, 0x71, 0xFF, 0xDD, 0x00, 0x72, 0xFF, 0xF6, 0x00, 0x73, 0xFF, 0xE7, 0x00, 0x02, 0x00, 0x35,
	0xFF, 0xD3, 0x00, 0x71, 0xFF, 0xBF, 0x00, 0x01, 0x00, 0x35, 0xFF, 0xC9, 0x00, 0x02, 0x07, 0x12,
	0x00, 0x04, 0x00, 0x00, 0x07, 0x28, 0x07, 0xC8, 0x00, 0x17, 0x00, 0x27, 0x00, 0x00, 0xFF, 0xEB,
	0xFF, 0xF1, 0xFF, 0xC9, 0xFF, 0xEB, 0xFF, 0xDB, 0xFF, 0xD3, 0xFF, 0xEB, 0xFF, 0xE7, 0xFF, 0xE7,
	0xFF, 0xF1, 0xFF, 0xE7, 0x00, 0x00, 0x00, 0x00, 0x00, 0x00, 0x00, 0x00, 0x00, 0x00, 0x00, 0x00,
	0x00, 0x00, 0x00, 0x00, 0x00, 0x00, 0x00, 0x00, 0x00, 0x00, 0x00, 0x00, 0x00, 0x00, 0x00, 0x00,
	0x00, 0x00, 0x00, 0x00, 0x00, 0x00, 0x00, 0x00, 0x00, 0x00, 0x00, 0x00, 0x00, 0x00, 0x00, 0x00,
	0x00, 0x00, 0x00, 0x00, 0x00, 0x00, 0x00, 0x00, 0x00, 0x00, 0x00, 0x00, 0xFF, 0xE7, 0xFF, 0xE7,
	0xFF, 0xD3, 0xFF, 0xF1, 0xFF, 0xE7, 0xFF, 0xDD, 0xFF, 0xE7, 0xFF, 0xB7, 0xFF, 0xE7, 0xFF, 0xF1,
	0xFF, 0xE7, 0x00, 0x00, 0x00, 0x00, 0x00, 0x00, 0x00, 0x00, 0x00, 0x00, 0x00, 0x00, 0x00, 0x00,
	0x00, 0x00, 0x00, 0x00, 0x00, 0x00, 0x00, 0x00, 0x00, 0x00, 0x00, 0x00, 0x00, 0x00, 0x00, 0x00,
	0x00, 0x00, 0x00, 0x00, 0x00, 0x00, 0x00, 0x00, 0x00, 0x00, 0x00, 0x00, 0x00, 0x00, 0x00, 0x00,
	0x00, 0x00, 0x00, 0x00, 0x00, 0x00, 0x00, 0x00, 0x00, 0x00, 0x00, 0x00, 0x00, 0x00, 0xFF, 0xD7,
	0xFF, 0xE7, 0xFF, 0xEB, 0xFF, 0xE7, 0xFF, 0xE7, 0xFF, 0xCB, 0xFF, 0xE7, 0x00, 0x00, 0xFF, 0xE7,
	0xFF, 0xE7, 0xFF, 0xEB, 0xFF, 0xEB, 0xFF, 0xEB, 0xFF, 0xF1, 0xFF, 0xE7, 0x00, 0x00, 0x00, 0x00,
	0x00, 0x00, 0x00, 0x00, 0x00, 0x00, 0x00, 0x00, 0x00, 0x00, 0x00, 0x00, 0x00, 0x00, 0x00, 0x00,
	0x00, 0x00, 0x00, 0x00, 0x00, 0x00, 0x00, 0x00, 0x00, 0x00, 0x00, 0x00, 0x00, 0x00, 0x00, 0x00,
	0x00, 0x00, 0x00, 0x00, 0x00, 0x00, 0x00, 0x00, 0xFF, 0xD7, 0x00, 0x00, 0xFF, 0xBF, 0xFF, 0xF1,
	0xFF, 0xDB, 0xFF, 0xDF, 0xFF, 0xE3, 0xFF, 0xCB, 0xFF, 0xE7, 0xFF, 0xE7, 0xFF, 0xE7, 0x00, 0x00,
	0x00, 0x00, 0x00, 0x00, 0x00, 0x00, 0xFF, 0xE7, 0x00, 0x00, 0xFF, 0xD3, 0x00, 0x00, 0x00, 0x00,
	0x00, 0x00, 0x00, 0x00, 0x00, 0x00, 0x00, 0x00, 0x00, 0x00, 0x00, 0x00, 0x00, 0x00, 0x00, 0x00,
	0x00, 0x00, 0x00, 0x00, 0x00, 0x00, 0x00, 0x00, 0x00, 0x00, 0x00, 0x00, 0x00, 0x00, 0x00, 0x00,
	0x00, 0x00, 0x00, 0x00, 0x00, 0x00, 0xFF, 0xF6, 0xFF, 0xD3, 0x00, 0x00, 0x00, 0x00, 0xFF, 0xF6,
	0xFF, 0xED, 0xFF, 0xF6, 0xFF, 0xBF, 0xFF, 0xD3, 0xFF, 0xD3, 0xFF, 0xD7, 0xFF, 0xD3, 0xFF, 0xD3,
	0xFF, 0xD3, 0xFF, 0xD3, 0xFF, 0xDD, 0xFF, 0xD3, 0x00, 0x00, 0xFF, 0xD3, 0xFF, 0xDD, 0x00, 0x00,
	0x00, 0x00, 0x00, 0x00, 0x00, 0x00, 0x00, 0x00, 0x00, 0x00, 0x00, 0x00, 0x00, 0x00, 0x00, 0x00,
	0x00, 0x00, 0x00, 0x00, 0x00, 0x00, 0x00, 0x00, 0x00, 0x00, 0x00, 0x00, 0x00, 0x00, 0x00, 0x00,
	0x00, 0x00, 0x00, 0x00, 0x00, 0x00, 0x00, 0x00, 0x00, 0x00, 0x00, 0x00, 0x00, 0x00, 0x00, 0x00,
	0x00, 0x00, 0xFF, 0xB5, 0x00, 0x00, 0x00, 0x00, 0x00, 0x00, 0x00, 0x00, 0x00, 0x00, 0x00, 0x00,
	0x00, 0x00, 0x00, 0x00, 0x00, 0x00, 0x00, 0x00, 0x00, 0x00, 0x00, 0x00, 0x00, 0x00, 0x00, 0x00,
	0x00, 0x00, 0x00, 0x00, 0x00, 0x00, 0x00, 0x00, 0x00, 0x00, 0x00, 0x00, 0x00, 0x00, 0x00, 0x00,
	0x00, 0x00, 0x00, 0x00, 0x00, 0x00, 0x00, 0x00, 0x00, 0x00, 0x00, 0x00, 0x00, 0x00, 0x00, 0x00,
	0x00, 0x00, 0x00, 0x00, 0x00, 0x00, 0x00, 0x00, 0x00, 0x00, 0x00, 0x00, 0x00, 0x00, 0x00, 0x00,
	0xFF, 0xD3, 0x00, 0x00, 0x00, 0x00, 0x00, 0x00, 0x00, 0x00, 0x00, 0x00, 0x00, 0x00, 0x00, 0x00,
	0x00, 0x00, 0x00, 0x00, 0x00, 0x00, 0x00, 0x00, 0x00, 0x00, 0x00, 0x00, 0x00, 0x00, 0x00, 0x00,
	0x00, 0x00, 0x00, 0x00, 0x00, 0x00, 0x00, 0x00, 0x00, 0x00, 0x00, 0x00, 0x00, 0x00, 0x00, 0x00,
	0x00, 0x00, 0x00, 0x00, 0x00, 0x00, 0x00, 0x00, 0x00, 0x00, 0x00, 0x00, 0x00, 0x00, 0x00, 0x00,
	0xFF, 0xD3, 0xFF, 0xD3, 0x00, 0x00, 0x00, 0x00, 0x00, 0x00, 0x00, 0x00, 0x00, 0x00, 0x00, 0x00,
	0xFF, 0xD1, 0xFF, 0xDD, 0xFF, 0xDD, 0xFF, 0xD3, 0xFF, 0xF6, 0xFF, 0xF6, 0xFF, 0xF6, 0xFF, 0xE1,
	0xFF, 0xE7, 0x00, 0x00, 0xFF, 0xEE, 0x00, 0x00, 0xFF, 0xE7, 0x00, 0x00, 0x00, 0x00, 0x00, 0x00,
	0x00, 0x00, 0x00, 0x00, 0x00, 0x00, 0x00, 0x00, 0x00, 0x00, 0x00, 0x00, 0x00, 0x00, 0x00, 0x00,
	0x00, 0x00, 0x00, 0x00, 0x00, 0x00, 0x00, 0x00, 0x00, 0x00, 0x00, 0x00, 0x00, 0x00, 0x00, 0x00,
	0xFF, 0xB5, 0xFF, 0x5B, 0xFF, 0xA1, 0xFF, 0x6B, 0xFF, 0x83, 0x00, 0x00, 0xFF, 0xBF, 0xFF, 0xBF,
	0xFF, 0xBF, 0x00, 0x00, 0xFF, 0xBF, 0xFF, 0xD3, 0xFF, 0xD3, 0xFF, 0xD3, 0x00, 0x00, 0xFF, 0xD3,
	0x00, 0x00, 0xFF, 0xBF, 0x00, 0x00, 0x00, 0x00, 0xFF, 0xD3, 0xFF, 0xBF, 0xFF, 0xBF, 0x00, 0x00,
	0x00, 0x00, 0x00, 0x00, 0x00, 0x00, 0x00, 0x00, 0x00, 0x00, 0x00, 0x00, 0x00, 0x00, 0x00, 0x00,
	0x00, 0x00, 0x00, 0x00, 0x00, 0x00, 0x00, 0x00, 0x00, 0x00, 0x00, 0x00, 0xFF, 0xE7, 0xFF, 0xE7,
	0xFF, 0xD3, 0x00, 0x00, 0x00, 0x00, 0xFF, 0xE7, 0x00, 0x00, 0xFF, 0xBF, 0x00, 0x00, 0x00, 0x00,
	0x00, 0x00, 0xFF, 0xED, 0x00, 0x00, 0x00, 0x00, 0x00, 0x00, 0x00, 0x00, 0x00, 0x00, 0x00, 0x00,
	0x00, 0x00, 0x00, 0x00, 0x00, 0x00, 0x00, 0x00, 0x00, 0x00, 0x00, 0x00, 0x00, 0x00, 0x00, 0x00,
	0x00, 0x00, 0x00, 0x00, 0x00, 0x00, 0x00, 0x00, 0x00, 0x00, 0x00, 0x00, 0x00, 0x00, 0x00, 0x00,
	0x00, 0x00, 0x00, 0x00, 0x00, 0x00, 0x00, 0x00, 0x00, 0x00, 0x00, 0x00, 0xFF, 0xE7, 0xFF, 0xD3,
	0x00, 0x00, 0x00, 0x00, 0x00, 0x00, 0x00, 0x00, 0xFF, 0xD3, 0x00, 0x00, 0x00, 0x00, 0x00, 0x00,
	0xFF, 0xED, 0x00, 0x00, 0x00, 0x00, 0x00, 0x00, 0x00, 0x00, 0x00, 0x00, 0x00, 0x00, 0x00, 0x00,
	0x00, 0x00, 0x00, 0x00, 0x00, 0x00, 0x00, 0x00, 0x00, 0x00, 0x00, 0x00, 0x00, 0x00, 0x00, 0x00,
	0x00, 0x00, 0x00, 0x00, 0x00, 0x00, 0x00, 0x00, 0x00, 0x00, 0x00, 0x00, 0x00, 0x00, 0x00, 0x00,
	0x00, 0x00, 0x00, 0x00, 0x00, 0x00, 0x00, 0x00, 0xFF, 0xDD, 0x00, 0x00, 0xFF, 0xBF, 0xFF, 0xE7,
	0xFF, 0xE7, 0xFF, 0xE7, 0xFF, 0xE7, 0xFF, 0xBF, 0xFF, 0xF6, 0xFF, 0xF6, 0xFF, 0xE7, 0x00, 0x00,
	0x00, 0x00, 0x00, 0x00, 0x00, 0x00, 0x00, 0x00, 0x00, 0x00, 0x00, 0x00, 0xFF, 0xF6, 0x00, 0x00,
	0x00, 0x00, 0x00, 0x00, 0x00, 0x00, 0x00, 0x00, 0xFF, 0xF1, 0xFF, 0xF1, 0xFF, 0xE7, 0xFF, 0xE7,
	0xFF, 0xE7, 0xFF, 0xF6, 0x00, 0x00, 0x00, 0x00, 0x00, 0x00, 0x00, 0x00, 0x00, 0x00, 0x00, 0x00,
	0x00, 0x00, 0x00, 0x00, 0x00, 0x00, 0xFF, 0x6F, 0xFF, 0xF1, 0xFF, 0xD3, 0x00, 0x00, 0x00, 0x00,
	0x00, 0x00, 0xFF, 0xD3, 0xFF, 0xA1, 0xFF, 0xE7, 0xFF, 0xE7, 0xFF, 0xD3, 0x00, 0x00, 0xFF, 0xD3,
	0xFF, 0xD3, 0xFF, 0xD3, 0xFF, 0xD3, 0xFF, 0xD3, 0xFF, 0xB5, 0x00, 0x00, 0x00, 0x00, 0xFF, 0xE7,
	0x00, 0x00, 0x00, 0x00, 0x00, 0x00, 0x00, 0x00, 0xFF, 0xE7, 0x00, 0x00, 0x00, 0x00, 0xFF, 0xD3,
	0x00, 0x00, 0xFF, 0x83, 0x00, 0x00, 0x00, 0x00, 0x00, 0x00, 0x00, 0x00, 0x00, 0x00, 0x00, 0x00,
	0x00, 0x00, 0x00, 0x00, 0xFF, 0xAD, 0xFF, 0xE7, 0xFF, 0xFA, 0x00, 0x00, 0x00, 0x00, 0x00, 0x00,
	0x00, 0x00, 0xFF, 0xBF, 0xFF, 0xE7, 0x00, 0x00, 0xFF, 0xE7, 0x00, 0x00, 0xFF, 0xF6, 0xFF, 0xE7,
	0xFF, 0xE7, 0xFF, 0xE7, 0xFF, 0xE7, 0x00, 0x00, 0x00, 0x00, 0x00, 0x00, 0x00, 0x00, 0x00, 0x00,
	0x00, 0x00, 0x00, 0x00, 0x00, 0x00, 0x00, 0x00, 0x00, 0x00, 0x00, 0x00, 0x00, 0x00, 0x00, 0x00,
	0x00, 0x00, 0x00, 0x00, 0x00, 0x00, 0x00, 0x00, 0x00, 0x00, 0x00, 0x00, 0x00, 0x00, 0x00, 0x00,
	0x00, 0x00, 0x00, 0x00, 0x00, 0x00, 0xFF, 0xE7, 0x00, 0x00, 0x00, 0x00, 0xFF, 0xF6, 0xFF, 0xE7,
	0xFF, 0xBF, 0xFF, 0xEE, 0xFF, 0xF2, 0xFF, 0xEE, 0x00, 0x00, 0x00, 0x00, 0x00, 0x00, 0x00, 0x00,
	0x00, 0x00, 0xFF, 0xF6, 0x00, 0x00, 0x00, 0x00, 0x00, 0x00, 0x00, 0x00, 0x00, 0x00, 0x00, 0x00,
	0x00, 0x00, 0x00, 0x00, 0x00, 0x00, 0x00, 0x00, 0x00, 0x00, 0x00, 0x00, 0x00, 0x00, 0x00, 0x00,
	0x00, 0x00, 0x00, 0x00, 0x00, 0x00, 0x00, 0x00, 0x00, 0x00, 0x00, 0x00, 0x00, 0x00, 0x00, 0x00,
	0xFF, 0x51, 0xFF, 0xBF, 0x00, 0x00, 0x00, 0x00, 0x00, 0x00, 0x00, 0x00, 0x00, 0x00, 0xFF, 0x96,
	0xFF, 0x74, 0xFF, 0x84, 0xFF, 0x74, 0xFF, 0xC7, 0xFF, 0x70, 0xFF, 0x70, 0xFF, 0x70, 0xFF, 0x74,
	0xFF, 0x70, 0xFF, 0xBF, 0xFF, 0xAB, 0xFF, 0x97, 0xFF, 0xE7, 0x00, 0x00, 0x00, 0x00, 0x00, 0x00,
	0xFF, 0xC9, 0xFF, 0xE7, 0xFF, 0xD3, 0xFF, 0xD3, 0x00, 0x00, 0xFF, 0x74, 0xFF, 0xAB, 0xFF, 0xC1,
	0xFF, 0xCA, 0xFF, 0x88, 0xFF, 0xE7, 0xFF, 0xB5, 0xFF, 0xC9, 0xFF, 0x88, 0x00, 0x00, 0xFF, 0xDB,
	0x00, 0x00, 0x00, 0x00, 0x00, 0x00, 0x00, 0x00, 0x00, 0x00, 0x00, 0x00, 0xFF, 0xAB, 0x00, 0x00,
	0x00, 0x00, 0x00, 0x00, 0x00, 0x00, 0x00, 0x00, 0x00, 0x00, 0x00, 0x00, 0x00, 0x00, 0x00, 0x00,
	0x00, 0x00, 0x00, 0x00, 0x00, 0x00, 0x00, 0x00, 0x00, 0x00, 0x00, 0x00, 0x00, 0x00, 0x00, 0x00,
	0x00, 0x00, 0x00, 0x00, 0x00, 0x00, 0x00, 0x00, 0x00, 0x00, 0x00, 0x00, 0x00, 0x00, 0x00, 0x00,
	0x00, 0x00, 0x00, 0x00, 0x00, 0x00, 0x00, 0x00, 0x00, 0x00, 0x00, 0x00, 0xFF, 0xBF, 0xFF, 0xE7,
	0x00, 0x00, 0x00, 0x00, 0x00, 0x00, 0x00, 0x00, 0x00, 0x00, 0xFF, 0xBF, 0xFF, 0xDD, 0xFF, 0xDD,
	0xFF, 0xD3, 0xFF, 0xE7, 0xFF, 0xD3, 0xFF, 0xD3, 0xFF, 0xD3, 0xFF, 0xD3, 0xFF, 0xD3, 0xFF, 0xD3,
	0x00, 0x00, 0xFF, 0xEE, 0x00, 0x00, 0x00, 0x00, 0x00, 0x00, 0x00, 0x00, 0xFF, 0xEB, 0xFF, 0xF1,
	0x00, 0x00, 0x00, 0x00, 0x00, 0x00, 0xFF, 0xDD, 0xFF, 0xD3, 0xFF, 0xDD, 0x00, 0x00, 0xFF, 0xF6,
	0x00, 0x00, 0xFF, 0xD3, 0x00, 0x00, 0x00, 0x00, 0x00, 0x00, 0xFF, 0xAD, 0xFF, 0xE7, 0x00, 0x00,
	0x00, 0x00, 0x00, 0x00, 0x00, 0x00, 0x00, 0x00, 0xFF, 0xCB, 0xFF, 0xE7, 0x00, 0x00, 0xFF, 0xE7,
	0xFF, 0xF1, 0xFF, 0xDF, 0xFF, 0xDF, 0xFF, 0xDF, 0xFF, 0xD3, 0xFF, 0xCB, 0xFF, 0xD3, 0x00, 0x00,
	0x00, 0x00, 0xFF, 0xF6, 0x00, 0x00, 0x00, 0x00, 0x00, 0x00, 0xFF, 0xDB, 0x00, 0x00, 0x00, 0x00,
	0x00, 0x00, 0x00, 0x00, 0x00, 0x00, 0xFF, 0xBF, 0x00, 0x00, 0x00, 0x00, 0x00, 0x00, 0x00, 0x00,
	0x00, 0x00, 0x00, 0x00, 0x00, 0x00, 0x00, 0x00, 0x00, 0x00, 0xFF, 0xE7, 0x00, 0x00, 0x00, 0x00,
	0x00, 0x00, 0x00, 0x00, 0x00, 0x00, 0xFF, 0xBF, 0xFF, 0xD3, 0xFF, 0xD3, 0xFF, 0xD3, 0xFF, 0xE7,
	0xFF, 0xDD, 0xFF, 0xD3, 0xFF, 0xD3, 0x00, 0x00, 0xFF, 0xD3, 0x00, 0x00, 0xFF, 0xEE, 0x00, 0x00,
	0x00, 0x00, 0x00, 0x00, 0x00, 0x00, 0x00, 0x00, 0x00, 0x00, 0x00, 0x00, 0x00, 0x00, 0x00, 0x00,
	0x00, 0x00, 0x00, 0x00, 0x00, 0x00, 0x00, 0x00, 0x00, 0x00, 0x00, 0x00, 0x00, 0x00, 0xFF, 0xEE,
	0x00, 0x00, 0x00, 0x00, 0x00, 0x00, 0xFF, 0x47, 0xFF, 0xBF, 0xFF, 0xEB, 0x00, 0x00, 0xFF, 0xF1,
	0x00, 0x00, 0x00, 0x00, 0x00, 0x00, 0x00, 0x00, 0x00, 0x00, 0x00, 0x00, 0xFF, 0xCF, 0xFF, 0xB1,
	0xFF, 0xAD, 0xFF, 0xAD, 0xFF, 0xB1, 0x00, 0x00, 0x00, 0x00, 0x00, 0x00, 0x00, 0x00, 0xFF, 0xD3,
	0x00, 0x00, 0x00, 0x00, 0x00, 0x00, 0xFF, 0xF2, 0x00, 0x00, 0x00, 0x00, 0x00, 0x00, 0xFF, 0xE7,
	0x00, 0x00, 0x00, 0x00, 0xFF, 0xD3, 0xFF, 0xD3, 0xFF, 0xD3, 0x00, 0x00, 0x00, 0x00, 0x00, 0x00,
	0x00, 0x00, 0x00, 0x00, 0xFF, 0xAB, 0xFF, 0xE7, 0x00, 0x00, 0x00, 0x00, 0x00, 0x00, 0x00, 0x00,
	0x00, 0x00, 0x00, 0x00, 0x00, 0x00, 0x00, 0x00, 0x00, 0x00, 0xFF, 0xE7, 0xFF, 0xC3, 0xFF, 0xC3,
	0xFF, 0xC3, 0xFF, 0xC3, 0x00, 0x00, 0x00, 0x00, 0x00, 0x00, 0x00, 0x00, 0xFF, 0xF6, 0x00, 0x00,
	0x00, 0x00, 0x00, 0x00, 0xFF, 0xD3, 0xFF, 0xE7, 0xFF, 0xE7, 0x00, 0x00, 0x00, 0x00, 0x00, 0x00,
	0x00, 0x00, 0x00, 0x00, 0x00, 0x00, 0x00, 0x00, 0x00, 0x00, 0x00, 0x00, 0x00, 0x00, 0x00, 0x00,
	0x00, 0x00, 0xFF, 0xDB, 0xFF, 0xE7, 0x00, 0x00, 0x00, 0x00, 0x00, 0x00, 0x00, 0x00, 0x00, 0x00,
	0x00, 0x00, 0x00, 0x00, 0x00, 0x00, 0x00, 0x00, 0xFF, 0xE7, 0xFF, 0xEE, 0xFF, 0xEE, 0xFF, 0xD3,
	0xFF, 0xD3, 0x00, 0x00, 0x00, 0x00, 0x00, 0x00, 0x00, 0x00, 0xFF, 0xF1, 0x00, 0x00, 0x00, 0x00,
	0x00, 0x00, 0xFF, 0xEB, 0xFF, 0xF1, 0x00, 0x00, 0x00, 0x00, 0x00, 0x00, 0x00, 0x00, 0x00, 0x00,
	0x00, 0x00, 0x00, 0x00, 0x00, 0x00, 0x00, 0x00, 0x00, 0x00, 0x00, 0x00, 0x00, 0x00, 0x00, 0x02,
	0x00, 0x03, 0x00, 0x02, 0x00, 0x16, 0x00, 0x00, 0x00, 0x1C, 0x00, 0x3A, 0x00, 0x15, 0x00, 0x6A,
	0x00, 0x6A, 0x00, 0x34, 0x00, 0x02, 0x00, 0x1A, 0x00, 0x09, 0x00, 0x09, 0x00, 0x04, 0x00, 0x0A,
	0x00, 0x0A, 0x00, 0x01, 0x00, 0x0B, 0x00, 0x0C, 0x00, 0x02, 0x00, 0x0D, 0x00, 0x0E, 0x00, 0x03,
	0x00, 0x0F, 0x00, 0x13, 0x00, 0x04, 0x00, 0x14, 0x00, 0x14, 0x00, 0x14, 0x00, 0x15, 0x00, 0x15,
	0x00, 0x02, 0x00, 0x16, 0x00, 0x16, 0x00, 0x05, 0x00, 0x1C, 0x00, 0x1C, 0x00, 0x06, 0x00, 0x1D,
	0x00, 0x1D, 0x00, 0x07, 0x00, 0x1E, 0x00, 0x1F, 0x00, 0x08, 0x00, 0x20, 0x00, 0x20, 0x00, 0x09,
	0x00, 0x21, 0x00, 0x22, 0x00, 0x0A, 0x00, 0x23, 0x00, 0x29, 0x00, 0x0B, 0x00, 0x2A, 0x00, 0x2B,
	0x00, 0x0C, 0x00, 0x2C, 0x00, 0x2C, 0x00, 0x0B, 0x00, 0x2D, 0x00, 0x2D, 0x00, 0x0D, 0x00, 0x2E,
	0x00, 0x2E, 0x00, 0x0E, 0x00, 0x2F, 0x00, 0x2F, 0x00, 0x0F, 0x00, 0x30, 0x00, 0x34, 0x00, 0x10,
	0x00, 0x35, 0x00, 0x35, 0x00, 0x15, 0x00, 0x36, 0x00, 0x36, 0x00, 0x11, 0x00, 0x37, 0x00, 0x37,
	0x00, 0x16, 0x00, 0x38, 0x00, 0x39, 0x00, 0x12, 0x00, 0x3A, 0x00, 0x3A, 0x00, 0x13, 0x00, 0x6A,
	0x00, 0x6A, 0x00, 0x01, 0x00, 0x02, 0x00, 0x2F, 0x00, 0x02, 0x00, 0x09, 0x00, 0x19, 0x00, 0x0A,
	0x00, 0x0A, 0x00, 0x1A, 0x00, 0x0B, 0x00, 0x0C, 0x00, 0x0C, 0x00, 0x0D, 0x00, 0x0D, 0x00, 0x23,
	0x00, 0x15, 0x00, 0x15, 0x00, 0x0C, 0x00, 0x1C, 0x00, 0x1C, 0x00, 0x01, 0x00, 0x20, 0x00, 0x20,
	0x00, 0x1B, 0x00, 0x21, 0x00, 0x22, 0x00, 0x1C, 0x00, 0x23, 0x00, 0x29, 0x00, 0x02, 0x00, 0x2C,
	0x00, 0x2C, 0x00, 0x02, 0x00, 0x2E, 0x00, 0x2E, 0x00, 0x15, 0x00, 0x2F, 0x00, 0x2F, 0x00, 0x03,
	0x00, 0x30, 0x00, 0x34, 0x00, 0x16, 0x00, 0x35, 0x00, 0x35, 0x00, 0x06, 0x00, 0x36, 0x00, 0x36,
	0x00, 0x04, 0x00, 0x37, 0x00, 0x37, 0x00, 0x07, 0x00, 0x38, 0x00, 0x39, 0x00, 0x05, 0x00, 0x3A,
	0x00, 0x3A, 0x00, 0x1D, 0x00, 0x3B, 0x00, 0x42, 0x00, 0x0D, 0x00, 0x43, 0x00, 0x43, 0x00, 0x20,
	0x00, 0x44, 0x00, 0x45, 0x00, 0x0E, 0x00, 0x46, 0x00, 0x46, 0x00, 0x0F, 0x00, 0x48, 0x00, 0x4C,
	0x00, 0x0E, 0x00, 0x4D, 0x00, 0x4D, 0x00, 0x24, 0x00, 0x4E, 0x00, 0x4E, 0x00, 0x0F, 0x00, 0x4F,
	0x00, 0x4F, 0x00, 0x21, 0x00, 0x50, 0x00, 0x50, 0x00, 0x25, 0x00, 0x56, 0x00, 0x56, 0x00, 0x08,
	0x00, 0x5B, 0x00, 0x5D, 0x00, 0x21, 0x00, 0x5E, 0x00, 0x5E, 0x00, 0x11, 0x00, 0x65, 0x00, 0x66,
	0x00, 0x20, 0x00, 0x67, 0x00, 0x67, 0x00, 0x0F, 0x00, 0x68, 0x00, 0x68, 0x00, 0x22, 0x00, 0x69,
	0x00, 0x69, 0x00, 0x10, 0x00, 0x6A, 0x00, 0x6A, 0x00, 0x1A, 0x00, 0x6B, 0x00, 0x6B, 0x00, 0x13,
	0x00, 0x6C, 0x00, 0x6C, 0x00, 0x26, 0x00, 0x71, 0x00, 0x71, 0x00, 0x09, 0x00, 0x72, 0x00, 0x72,
	0x00, 0x0A, 0x00, 0x73, 0x00, 0x73, 0x00, 0x0B, 0x00, 0x74, 0x00, 0x74, 0x00, 0x14, 0x00, 0x77,
	0x00, 0x77, 0x00, 0x1E, 0x00, 0x7A, 0x00, 0x7A, 0x00, 0x0D, 0x00, 0xA5, 0x00, 0xA5, 0x00, 0x1F,
	0x00, 0xA6, 0x00, 0xA6, 0x00, 0x12, 0x00, 0xC9, 0x00, 0xC9, 0x00, 0x17, 0x00, 0xCB, 0x00, 0xCB,
	0x00, 0x18, 0x00, 0x02, 0x04, 0x84, 0x00, 0x04, 0x00, 0x00, 0x04, 0xCA, 0x05, 0x3A, 0x00, 0x13,
	0x00, 0x1E, 0x00, 0x00, 0xFF, 0xB5, 0xFF, 0xDD, 0xFF, 0xB7, 0xFF, 0xF6, 0xFF, 0xE7, 0xFF, 0xE7,
	0xFF, 0xE7, 0x00, 0x00, 0x00, 0x00, 0x00, 0x00, 0x00, 0x00, 0x00, 0x00, 0x00, 0x00, 0x00, 0x00,
	0x00, 0x00, 0x00, 0x00, 0x00, 0x00, 0x00, 0x00, 0x00, 0x00, 0x00, 0x00, 0x00, 0x00, 0x00, 0x00,
	0x00, 0x00, 0x00, 0x00, 0x00, 0x00, 0x00, 0x00, 0x00, 0x00, 0x00, 0x00, 0x00, 0x00, 0x00, 0x00,
	0xFF, 0xAB, 0xFF, 0xD3, 0xFF, 0xB1, 0xFF, 0xE7, 0xFF, 0xD7, 0x00, 0x00, 0xFF, 0xDD, 0xFF, 0xD3,
	0xFF, 0xE7, 0xFF, 0xC3, 0xFF, 0xD3, 0xFF, 0xFA, 0xFF, 0xE7, 0x00, 0x00, 0x00, 0x00, 0x00, 0x00,
	0x00, 0x00, 0x00, 0x00, 0x00, 0x00, 0x00, 0x00, 0x00, 0x00, 0x00, 0x00, 0x00, 0x00, 0x00, 0x00,
	0x00, 0x00, 0x00, 0x00, 0x00, 0x00, 0x00, 0x00, 0x00, 0x00, 0x00, 0x00, 0xFF, 0xAB, 0xFF, 0xD3,
	0xFF, 0xBB, 0xFF, 0xE7, 0xFF, 0xE7, 0x00, 0x00, 0xFF, 0xE7, 0x00, 0x00, 0x00, 0x00, 0xFF, 0xD3,
	0xFF, 0xEE, 0x00, 0x00, 0x00, 0x00, 0xFF, 0xE7, 0xFF, 0xEE, 0x00, 0x00, 0x00, 0x00, 0x00, 0x00,
	0x00, 0x00, 0x00, 0x00, 0x00, 0x00, 0x00, 0x00, 0x00, 0x00, 0x00, 0x00, 0x00, 0x00, 0x00, 0x00,
	0x00, 0x00, 0x00, 0x00, 0x00, 0x00, 0x00, 0x00, 0xFF, 0xC9, 0x00, 0x00, 0xFF, 0xD3, 0x00, 0x00,
	0x00, 0x00, 0x00, 0x00, 0x00, 0x00, 0x00, 0x00, 0x00, 0x00, 0x00, 0x00, 0x00, 0x00, 0x00, 0x00,
	0x00, 0x00, 0x00, 0x00, 0x00, 0x00, 0x00, 0x00, 0x00, 0x00, 0x00, 0x00, 0x00, 0x00, 0x00, 0x00,
	0x00, 0x00, 0x00, 0x00, 0x00, 0x00, 0x00, 0x00, 0x00, 0x00, 0x00, 0x00, 0x00, 0x00, 0x00, 0x00,
	0x00, 0x00, 0x00, 0x00, 0xFF, 0xB5, 0xFF, 0xDD, 0xFF, 0xBF, 0x00, 0x00, 0xFF, 0xE7, 0xFF, 0xF1,
	0xFF, 0xE7, 0x00, 0x00, 0x00, 0x00, 0x00, 0x00, 0x00, 0x00, 0xFF, 0xF1, 0x00, 0x00, 0x00, 0x00,
	0x00, 0x00, 0x00, 0x00, 0x00, 0x00, 0x00, 0x00, 0x00, 0x00, 0x00, 0x00, 0x00, 0x00, 0x00, 0x00,
	0x00, 0x00, 0x00, 0x00, 0x00, 0x00, 0x00, 0x00, 0x00, 0x00, 0x00, 0x00, 0x00, 0x00, 0x00, 0x00,
	0xFF, 0xAB, 0x00, 0x00, 0xFF, 0xAB, 0xFF, 0xE7, 0xFF, 0xE7, 0xFF, 0xF1, 0xFF, 0xE7, 0x00, 0x00,
	0xFF, 0xE7, 0x00, 0x00, 0xFF, 0xBF, 0xFF, 0xD3, 0xFF, 0xE7, 0xFF, 0xD3, 0xFF, 0xCB, 0xFF, 0xAB,
	0xFF, 0xD3, 0xFF, 0xBF, 0xFF, 0xE7, 0xFF, 0xE7, 0xFF, 0xBF, 0xFF, 0xE7, 0x00, 0x00, 0x00, 0x00,
	0x00, 0x00, 0x00, 0x00, 0x00, 0x00, 0x00, 0x00, 0x00, 0x00, 0x00, 0x00, 0xFF, 0x74, 0xFF, 0xD3,
	0xFF, 0xBF, 0x00, 0x00, 0xFF, 0xE7, 0x00, 0x00, 0xFF, 0xE7, 0xFF, 0xD3, 0x00, 0x00, 0xFF, 0xD3,
	0xFF, 0xD3, 0x00, 0x00, 0x00, 0x00, 0x00, 0x00, 0x00, 0x00, 0x00, 0x00, 0x00, 0x00, 0x00, 0x00,
	0x00, 0x00, 0x00, 0x00, 0x00, 0x00, 0x00, 0x00, 0x00, 0x00, 0x00, 0x00, 0x00, 0x00, 0x00, 0x00,
	0x00, 0x00, 0x00, 0x00, 0x00, 0x00, 0x00, 0x00, 0x00, 0x00, 0x00, 0x00, 0x00, 0x00, 0x00, 0x00,
	0x00, 0x00, 0x00, 0x00, 0x00, 0x00, 0x00, 0x00, 0xFF, 0xB7, 0x00, 0x00, 0x00, 0x00, 0x00, 0x00,
	0x00, 0x00, 0xFF, 0xB3, 0xFF, 0xAD, 0xFF, 0xD0, 0xFF, 0xA1, 0x00, 0x00, 0x00, 0x00, 0x00, 0x00,
	0x00, 0x00, 0x00, 0x00, 0xFF, 0xD3, 0xFF, 0xCB, 0xFF, 0xD3, 0xFF, 0xD3, 0x00, 0x00, 0x00, 0x00,
	0x00, 0x00, 0x00, 0x00, 0xFF, 0xB5, 0x00, 0x00, 0x00, 0x00, 0x00, 0x00, 0x00, 0x00, 0x00, 0x00,
	0x00, 0x00, 0x00, 0x00, 0x00, 0x00, 0x00, 0x00, 0x00, 0x00, 0x00, 0x00, 0x00, 0x00, 0x00, 0x00,
	0x00, 0x00, 0x00, 0x00, 0x00, 0x00, 0x00, 0x00, 0x00, 0x00, 0x00, 0x00, 0x00, 0x00, 0x00, 0x00,
	0x00, 0x00, 0x00, 0x00, 0x00, 0x00, 0x00, 0x00, 0x00, 0x00, 0x00, 0x00, 0x00, 0x00, 0x00, 0x00,
	0xFF, 0xCD, 0x00, 0x00, 0x00, 0x00, 0x00, 0x00, 0x00, 0x00, 0x00, 0x00, 0x00, 0x00, 0x00, 0x00,
	0x00, 0x00, 0x00, 0x00, 0x00, 0x00, 0x00, 0x00, 0x00, 0x00, 0x00, 0x00, 0x00, 0x00, 0x00, 0x00,
	0x00, 0x00, 0x00, 0x00, 0x00, 0x00, 0x00, 0x00, 0x00, 0x00, 0x00, 0x00, 0x00, 0x00, 0x00, 0x00,
	0x00, 0x00, 0x00, 0x00, 0x00, 0x00, 0x00, 0x00, 0x00, 0x00, 0x00, 0x00, 0xFF, 0xB5, 0x00, 0x00,
	0x00, 0x00, 0x00, 0x00, 0x00, 0x00, 0x00, 0x00, 0x00, 0x00, 0x00, 0x00, 0xFF, 0xE7, 0x00, 0x00,
	0x00, 0x00, 0x00, 0x00, 0x00, 0x00, 0xFF, 0xE7, 0xFF, 0xE7, 0x00, 0x00, 0xFF, 0xE7, 0x00, 0x00,
	0x00, 0x00, 0x00, 0x00, 0x00, 0x00, 0x00, 0x00, 0x00, 0x00, 0x00, 0x00, 0x00, 0x00, 0x00, 0x00,
	0x00, 0x00, 0x00, 0x00, 0x00, 0x00, 0x00, 0x00, 0xFF, 0x70, 0xFF, 0xD3, 0x00, 0x00, 0x00, 0x00,
	0x00, 0x00, 0x00, 0x00, 0x00, 0x00, 0xFF, 0xCB, 0x00, 0x00, 0x00, 0x00, 0x00, 0x00, 0x00, 0x00,
	0x00, 0x00, 0x00, 0x00, 0x00, 0x00, 0x00, 0x00, 0x00, 0x00, 0x00, 0x00, 0x00, 0x00, 0x00, 0x00,
	0x00, 0x00, 0x00, 0x00, 0x00, 0x00, 0x00, 0x00, 0xFF, 0xF1, 0x00, 0x00, 0x00, 0x00, 0x00, 0x00,
	0x00, 0x00, 0x00, 0x00, 0xFF, 0xAB, 0xFF, 0xD3, 0x00, 0x00, 0x00, 0x00, 0x00, 0x00, 0x00, 0x00,
	0x00, 0x00, 0x00, 0x00, 0x00, 0x00, 0x00, 0x00, 0x00, 0x00, 0x00, 0x00, 0x00, 0x00, 0x00, 0x00,
	0xFF, 0xE7, 0x00, 0x00, 0x00, 0x00, 0x00, 0x00, 0x00, 0x00, 0x00, 0x00, 0x00, 0x00, 0x00, 0x00,
	0x00, 0x00, 0x00, 0x00, 0x00, 0x00, 0x00, 0x00, 0x00, 0x00, 0x00, 0x00, 0x00, 0x00, 0x00, 0x00,
	0xFF, 0xAB, 0x00, 0x00, 0x00, 0x00, 0x00, 0x00, 0x00, 0x00, 0x00, 0x00, 0x00, 0x00, 0x00, 0x00,
	0x00, 0x00, 0x00, 0x00, 0x00, 0x00, 0x00, 0x00, 0x00, 0x00, 0x00, 0x00, 0x00, 0x00, 0x00, 0x00,
	0x00, 0x00, 0x00, 0x00, 0x00, 0x00, 0x00, 0x00, 0x00, 0x00, 0x00, 0x00, 0x00, 0x00, 0x00, 0x00,
	0x00, 0x00, 0x00, 0x00, 0x00, 0x00, 0x00, 0x00, 0x00, 0x00, 0x00, 0x00, 0xFF, 0x74, 0xFF, 0xDD,
	0x00, 0x00, 0x00, 0x00, 0x00, 0x00, 0x00, 0x00, 0x00, 0x00, 0xFF, 0xE7, 0xFF, 0xD3, 0x00, 0x00,
	0x00, 0x00, 0x00, 0x00, 0x00, 0x00, 0xFF, 0xD9, 0xFF, 0xD3, 0x00, 0x00, 0xFF, 0xD3, 0x00, 0x00,
	0x00, 0x00, 0x00, 0x00, 0x00, 0x00, 0x00, 0x00, 0xFF, 0xF6, 0x00, 0x00, 0xFF, 0xE7, 0x00, 0x00,
	0xFF, 0xE7, 0xFF, 0xEE, 0x00, 0x00, 0x00, 0x00, 0xFF, 0x84, 0xFF, 0xDD, 0x00, 0x00, 0x00, 0x00,
	0x00, 0x00, 0x00, 0x00, 0x00, 0x00, 0x00, 0x00, 0xFF, 0xE7, 0x00, 0x00, 0x00, 0x00, 0x00, 0x00,
	0x00, 0x00, 0xFF, 0xDD, 0xFF, 0xE7, 0x00, 0x00, 0xFF, 0xDD, 0x00, 0x00, 0x00, 0x00, 0x00, 0x00,
	0x00, 0x00, 0x00, 0x00, 0xFF, 0xF6, 0x00, 0x00, 0xFF, 0xF1, 0x00, 0x00, 0xFF, 0xF1, 0xFF, 0xF2,
	0xFF, 0xF1, 0x00, 0x00, 0xFF, 0x74, 0xFF, 0xD3, 0x00, 0x00, 0x00, 0x00, 0x00, 0x00, 0x00, 0x00,
	0x00, 0x00, 0xFF, 0xE7, 0xFF, 0xD3, 0x00, 0x00, 0x00, 0x00, 0x00, 0x00, 0x00, 0x00, 0xFF, 0xDD,
	0xFF, 0xD3, 0x00, 0x00, 0xFF, 0xD3, 0x00, 0x00, 0x00, 0x00, 0x00, 0x00, 0x00, 0x00, 0x00, 0x00,
	0xFF, 0xE7, 0x00, 0x00, 0xFF, 0xE7, 0x00, 0x00, 0xFF, 0xE7, 0xFF, 0xEE, 0x00, 0x00, 0x00, 0x00,
	0xFF, 0x97, 0xFF, 0xEE, 0x00, 0x00, 0x00, 0x00, 0x00, 0x00, 0x00, 0x00, 0x00, 0x00, 0x00, 0x00,
	0x00, 0x00, 0x00, 0x00, 0x00, 0x00, 0x00, 0x00, 0x00, 0x00, 0x00, 0x00, 0x00, 0x00, 0x00, 0x00,
	0x00, 0x00, 0x00, 0x00, 0x00, 0x00, 0x00, 0x00, 0x00, 0x00, 0x00, 0x00, 0x00, 0x00, 0x00, 0x00,
	0x00, 0x00, 0x00, 0x00, 0x00, 0x00, 0x00, 0x00, 0x00, 0x00, 0x00, 0x00, 0xFF, 0xAB, 0xFF, 0xDD,
	0x00, 0x00, 0x00, 0x00, 0x00, 0x00, 0x00, 0x00, 0x00, 0x00, 0x00, 0x00, 0x00, 0x00, 0x00, 0x00,
	0x00, 0x00, 0x00, 0x00, 0x00, 0x00, 0x00, 0x00, 0x00, 0x00, 0x00, 0x00, 0x00, 0x00, 0x00, 0x00,
	0x00, 0x00, 0x00, 0x00, 0x00, 0x00, 0x00, 0x00, 0xFF, 0xF6, 0x00, 0x00, 0x00, 0x00, 0x00, 0x00,
	0x00, 0x00, 0xFF, 0xF2, 0x00, 0x00, 0x00, 0x02, 0x00, 0x0B, 0x00, 0x3B, 0x00, 0x41, 0x00, 0x00,
	0x00, 0x43, 0x00, 0x46, 0x00, 0x07, 0x00, 0x48, 0x00, 0x50, 0x00, 0x0B, 0x00, 0x56, 0x00, 0x56,
	0x00, 0x14, 0x00, 0x58, 0x00, 0x58, 0x00, 0x15, 0x00, 0x5B, 0x00, 0x5E, 0x00, 0x16, 0x00, 0x65,
	0x00, 0x69, 0x00, 0x1A, 0x00, 0x6B, 0x00, 0x6C, 0x00, 0x1F, 0x00, 0x71, 0x00, 0x74, 0x00, 0x21,
	0x00, 0x77, 0x00, 0x77, 0x00, 0x25, 0x00, 0x7A, 0x00, 0x7A, 0x00, 0x26, 0x00, 0x01, 0x00, 0x43,
	0x00, 0x35, 0x00, 0x01, 0x00, 0x02, 0x00, 0x02, 0x00, 0x03, 0x00, 0x00, 0x00, 0x02, 0x00, 0x02,
	0x00, 0x02, 0x00, 0x02, 0x00, 0x02, 0x00, 0x07, 0x00, 0x03, 0x00, 0x04, 0x00, 0x08, 0x00, 0x00,
	0x00, 0x00, 0x00, 0x00, 0x00, 0x00, 0x00, 0x00, 0x00, 0x09, 0x00, 0x00, 0x00, 0x0A, 0x00, 0x00,
	0x00, 0x00, 0x00, 0x04, 0x00, 0x04, 0x00, 0x04, 0x00, 0x0B, 0x00, 0x00, 0x00, 0x00, 0x00, 0x00,
	0x00, 0x00, 0x00, 0x00, 0x00, 0x00, 0x00, 0x01, 0x00, 0x01, 0x00, 0x03, 0x00, 0x05, 0x00, 0x06,
	0x00, 0x00, 0x00, 0x0C, 0x00, 0x0D, 0x00, 0x00, 0x00, 0x00, 0x00, 0x00, 0x00, 0x00, 0x00, 0x0E,
	0x00, 0x0F, 0x00, 0x10, 0x00, 0x11, 0x00, 0x00, 0x00, 0x00, 0x00, 0x12, 0x00, 0x02, 0x00, 0x25,
	0x00, 0x02, 0x00, 0x09, 0x00, 0x1B, 0x00, 0x0A, 0x00, 0x0A, 0x00, 0x1D, 0x00, 0x1C, 0x00, 0x1C,
	0x00, 0x10, 0x00, 0x23, 0x00, 0x29, 0x00, 0x17, 0x00, 0x2C, 0x00, 0x2C, 0x00, 0x17, 0x00, 0x2E,
	0x00, 0x2E, 0x00, 0x1C, 0x00, 0x2F, 0x00, 0x2F, 0x00, 0x01, 0x00, 0x35, 0x00, 0x35, 0x00, 0x0A,
	0x00, 0x36, 0x00, 0x36, 0x00, 0x02, 0x00, 0x37, 0x00, 0x37, 0x00, 0x0B, 0x00, 0x38, 0x00, 0x39,
	0x00, 0x08, 0x00, 0x3B, 0x00, 0x42, 0x00, 0x0E, 0x00, 0x43, 0x00, 0x43, 0x00, 0x18, 0x00, 0x44,
	0x00, 0x45, 0x00, 0x11, 0x00, 0x46, 0x00, 0x46, 0x00, 0x0F, 0x00, 0x48, 0x00, 0x4C, 0x00, 0x11,
	0x00, 0x4D, 0x00, 0x4D, 0x00, 0x13, 0x00, 0x4E, 0x00, 0x4E, 0x00, 0x0F, 0x00, 0x4F, 0x00, 0x4F,
	0x00, 0x19, 0x00, 0x50, 0x00, 0x50, 0x00, 0x14, 0x00, 0x56, 0x00, 0x56, 0x00, 0x03, 0x00, 0x5B,
	0x00, 0x5D, 0x00, 0x19, 0x00, 0x5E, 0x00, 0x5E, 0x00, 0x0C, 0x00, 0x65, 0x00, 0x66, 0x00, 0x18,
	0x00, 0x67, 0x00, 0x67, 0x00, 0x0F, 0x00, 0x68, 0x00, 0x68, 0x00, 0x1A, 0x00, 0x69, 0x00, 0x69,
	0x00, 0x09, 0x00, 0x6A, 0x00, 0x6A, 0x00, 0x1D, 0x00, 0x6B, 0x00, 0x6B, 0x00, 0x04, 0x00, 0x6C,
	0x00, 0x6C, 0x00, 0x16, 0x00, 0x71, 0x00, 0x71, 0x00, 0x05, 0x00, 0x72, 0x00, 0x72, 0x00, 0x06,
	0x00, 0x73, 0x00, 0x73, 0x00, 0x07, 0x00, 0x77, 0x00, 0x77, 0x00, 0x0D, 0x00, 0x7A, 0x00, 0x7A,
	0x00, 0x0E, 0x00, 0xA5, 0x00, 0xA5, 0x00, 0x15, 0x00, 0xA6, 0x00, 0xA6, 0x00, 0x12, 0x00, 0x02,
	0x00, 0x40, 0x00, 0x04, 0x00, 0x00, 0x00, 0x4C, 0x00, 0x62, 0x00, 0x04, 0x00, 0x06, 0x00, 0x00,
	0xFF, 0xBF, 0xFF, 0xD3, 0xFF, 0xD3, 0x00, 0x00, 0x00, 0x00, 0x00, 0x00, 0xFF, 0xAB, 0xFF, 0xD3,
	0xFF, 0xBF, 0x00, 0x00, 0x00, 0x00, 0x00, 0x00, 0x00, 0x00, 0x00, 0x00, 0x00, 0x00, 0xFF, 0xBF,
	0xFF, 0xF6, 0x00, 0x00, 0x00, 0x00, 0x00, 0x00, 0x00, 0x00, 0xFF, 0xBF, 0xFF, 0xF6, 0x00, 0x01,
	0x00, 0x04, 0x00, 0xA5, 0x00, 0xA6, 0x00, 0xC8, 0x00, 0xCA, 0x00, 0x02, 0x00, 0x03, 0x00, 0xA5,
	0x00, 0xA5, 0x00, 0x01, 0x00, 0xC8, 0x00, 0xC8, 0x00, 0x02, 0x00, 0xCA, 0x00, 0xCA, 0x00, 0x03,
	0x00, 0x02, 0x00, 0x07, 0x00, 0x1C, 0x00, 0x1C, 0x00, 0x04, 0x00, 0x2F, 0x00, 0x2F, 0x00, 0x01,
	0x00, 0x36, 0x00, 0x36, 0x00, 0x02, 0x00, 0x38, 0x00, 0x39, 0x00, 0x03, 0x00, 0x46, 0x00, 0x46,
	0x00, 0x05, 0x00, 0x4E, 0x00, 0x4E, 0x00, 0x05, 0x00, 0x67, 0x00, 0x67, 0x00, 0x05, 0x00, 0x00,
	0x00, 0x01, 0x00, 0x00, 0x00, 0x0A, 0x00, 0x52, 0x00, 0xAA, 0x00, 0x03, 0x44, 0x46, 0x4C, 0x54,
	0x00, 0x32, 0x6C, 0x61, 0x74, 0x6E, 0x00, 0x14, 0x74, 0x68, 0x61, 0x69, 0x00, 0x32, 0x00, 0x22,
	0x00, 0x01, 0x43, 0x41, 0x54, 0x20, 0x00, 0x0A, 0x00, 0x00, 0xFF, 0xFF, 0x00, 0x07, 0x00, 0x00,
	0x00, 0x01, 0x00, 0x02, 0x00, 0x03, 0x00, 0x04, 0x00, 0x05, 0x00, 0x06, 0x00, 0x04, 0x00, 0x00,
	0x00, 0x00, 0xFF, 0xFF, 0x00, 0x06, 0x00, 0x00, 0x00, 0x01, 0x00, 0x02, 0x00, 0x04, 0x00, 0x05,
	0x00, 0x06, 0x00, 0x07, 0x61, 0x61, 0x6C, 0x74, 0x00, 0x2C, 0x66, 0x72, 0x61, 0x63, 0x00, 0x34,
	0x6C, 0x69, 0x67, 0x61, 0x00, 0x3A, 0x6C, 0x6F, 0x63, 0x6C, 0x00, 0x40, 0x6F, 0x72, 0x64, 0x6E,
	0x00, 0x46, 0x73, 0x75, 0x62, 0x73, 0x00, 0x4C, 0x73, 0x75, 0x70, 0x73, 0x00, 0x52, 0x00, 0x00,
	0x00, 0x02, 0x00, 0x00, 0x00, 0x01, 0x00, 0x00, 0x00, 0x01, 0x00, 0x05, 0x00, 0x00, 0x00, 0x01,
	0x00, 0x07, 0x00, 0x00, 0x00, 0x01, 0x00, 0x02, 0x00, 0x00, 0x00, 0x01, 0x00, 0x06, 0x00, 0x00,
	0x00, 0x01, 0x00, 0x03, 0x00, 0x00, 0x00, 0x01, 0x00, 0x04, 0x00, 0x0A, 0x00, 0x16, 0x00, 0x40,
	0x00, 0xAE, 0x00, 0xF2, 0x01, 0x18, 0x01, 0x4E, 0x01, 0xD8, 0x02, 0x20, 0x02, 0x48, 0x02, 0x76,
	0x00, 0x01, 0x00, 0x00, 0x00, 0x01, 0x00, 0x08, 0x00, 0x02, 0x00, 0x12, 0x00, 0x06, 0x00, 0x7A,
	0x00, 0x7B, 0x00, 0x7A, 0x00, 0x51, 0x00, 0x57, 0x00, 0x7B, 0x00, 0x01, 0x00, 0x06, 0x00, 0x02,
	0x00, 0x23, 0x00, 0x3B, 0x00, 0x50, 0x00, 0x56, 0x00, 0x5E, 0x00, 0x03, 0x00, 0x00, 0x00, 0x01,
	0x00, 0x08, 0x00, 0x01, 0x00, 0xF6, 0x00, 0x0C, 0x00, 0x1E, 0x00, 0x24, 0x00, 0x2A, 0x00, 0x30,
	0x00, 0x36, 0x00, 0x3C, 0x00, 0x42, 0x00, 0x48, 0x00, 0x4E, 0x00, 0x54, 0x00, 0x5A, 0x00, 0x60,
	0x00, 0x02, 0x00, 0x87, 0x00, 0x91, 0x00, 0x02, 0x00, 0x88, 0x00, 0x92, 0x00, 0x02, 0x00, 0x89,
	0x00, 0x93, 0x00, 0x02, 0x00, 0x8A, 0x00, 0x94, 0x00, 0x02, 0x00, 0x8B, 0x00, 0x95, 0x00, 0x02,
	0x00, 0x8C, 0x00, 0x96, 0x00, 0x02, 0x00, 0x8D, 0x00, 0x97, 0x00, 0x02, 0x00, 0x8E, 0x00, 0x98,
	0x00, 0x02, 0x00, 0x8F, 0x00, 0x99, 0x00, 0x02, 0x00, 0x90, 0x00, 0x9A, 0x00, 0x02, 0x00, 0xB4,
	0x00, 0xBC, 0x00, 0x02, 0x00, 0xB5, 0x00, 0xBD, 0x00, 0x06, 0x00, 0x00, 0x00, 0x02, 0x00, 0x0A,
	0x00, 0x24, 0x00, 0x03, 0x00, 0x00, 0x00, 0x02, 0x00, 0x14, 0x00, 0x2E, 0x00, 0x01, 0x00, 0x14,
	0x00, 0x01, 0x00, 0x00, 0x00, 0x08, 0x00, 0x01, 0x00, 0x01, 0x00, 0x59, 0x00, 0x03, 0x00, 0x00,
	0x00, 0x02, 0x00, 0x1A, 0x00, 0x14, 0x00, 0x01, 0x00, 0x1A, 0x00, 0x01, 0x00, 0x00, 0x00, 0x08,
	0x00, 0x01, 0x00, 0x01, 0x00, 0xAE, 0x00, 0x01, 0x00, 0x01, 0x00, 0x1E, 0x00, 0x01, 0x00, 0x00,
	0x00, 0x01, 0x00, 0x08, 0x00, 0x02, 0x00, 0x44, 0x00, 0x0C, 0x00, 0x87, 0x00, 0x88, 0x00, 0x89,
	0x00, 0x8A, 0x00, 0x8B, 0x00, 0x8C, 0x00, 0x8D, 0x00, 0x8E, 0x00, 0x8F, 0x00, 0x90, 0x00, 0xB4,
	0x00, 0xB5, 0x00, 0x01, 0x00, 0x00, 0x00, 0x01, 0x00, 0x08, 0x00, 0x02, 0x00, 0x1E, 0x00, 0x0C,
	0x00, 0x91, 0x00, 0x92, 0x00, 0x93, 0x00, 0x94, 0x00, 0x95, 0x00, 0x96, 0x00, 0x97, 0x00, 0x98,
	0x00, 0x99, 0x00, 0x9A, 0x00, 0xBC, 0x00, 0xBD, 0x00, 0x02, 0x00, 0x02, 0x00, 0x7D, 0x00, 0x86,
	0x00, 0x00, 0x00, 0xB6, 0x00, 0xB7, 0x00, 0x0A, 0x00, 0x04, 0x00, 0x00, 0x00, 0x01, 0x00, 0x08,
	0x00, 0x01, 0x00, 0x74, 0x00, 0x05, 0x00, 0x10, 0x00, 0x3A, 0x00, 0x46, 0x00, 0x5C, 0x00, 0x68,
	0x00, 0x04, 0x00, 0x0A, 0x00, 0x12, 0x00, 0x1A, 0x00, 0x22, 0x00, 0x9C, 0x00, 0x03, 0x00, 0xB2,
	0x00, 0x7F, 0x00, 0x9D, 0x00, 0x03, 0x00, 0xB2, 0x00, 0x80, 0x00, 0x9F, 0x00, 0x03, 0x00, 0xB2,
	0x00, 0x81, 0x00, 0xA1, 0x00, 0x03, 0x00, 0xB2, 0x00, 0x85, 0x00, 0x01, 0x00, 0x04, 0x00, 0x9E,
	0x00, 0x03, 0x00, 0xB2, 0x00, 0x80, 0x00, 0x02, 0x00, 0x06, 0x00, 0x0E, 0x00, 0xA0, 0x00, 0x03,
	0x00, 0xB2, 0x00, 0x81, 0x00, 0xA2, 0x00, 0x03, 0x00, 0xB2, 0x00, 0x85, 0x00, 0x01, 0x00, 0x04,
	0x00, 0xA3, 0x00, 0x03, 0x00, 0xB2, 0x00, 0x85, 0x00, 0x01, 0x00, 0x04, 0x00, 0xA4, 0x00, 0x03,
	0x00, 0xB2, 0x00, 0x85, 0x00, 0x01, 0x00, 0x05, 0x00, 0x7E, 0x00, 0x7F, 0x00, 0x80, 0x00, 0x82,
	0x00, 0x84, 0x00, 0x06, 0x00, 0x00, 0x00, 0x02, 0x00, 0x0A, 0x00, 0x24, 0x00, 0x03, 0x00, 0x01,
	0x00, 0x2C, 0x00, 0x01, 0x00, 0x12, 0x00, 0x00, 0x00, 0x01, 0x00, 0x00, 0x00, 0x09, 0x00, 0x01,
	0x00, 0x02, 0x00, 0x02, 0x00, 0x3B, 0x00, 0x03, 0x00, 0x01, 0x00, 0x12, 0x00, 0x01, 0x00, 0x1C,
	0x00, 0x00, 0x00, 0x01, 0x00, 0x00, 0x00, 0x09, 0x00, 0x02, 0x00, 0x01, 0x00, 0x7D, 0x00, 0x86,
	0x00, 0x00, 0x00, 0x01, 0x00, 0x02, 0x00, 0x23, 0x00, 0x5E, 0x00, 0x04, 0x00, 0x00, 0x00, 0x01,
	0x00, 0x08, 0x00, 0x01, 0x00, 0x1A, 0x00, 0x01, 0x00, 0x08, 0x00, 0x02, 0x00, 0x06, 0x00, 0x0C,
	0x00, 0x78, 0x00, 0x02, 0x00, 0x50, 0x00, 0x79, 0x00, 0x02, 0x00, 0x59, 0x00, 0x01, 0x00, 0x01,
	0x00, 0x4D, 0x00, 0x04, 0x00, 0x00, 0x00, 0x01, 0x00, 0x08, 0x00, 0x01, 0x00, 0x1E, 0x00, 0x02,
	0x00, 0x0A, 0x00, 0x14, 0x00, 0x01, 0x00, 0x04, 0x00, 0x1F, 0x00, 0x02, 0x00, 0xAE, 0x00, 0x01,
	0x00, 0x04, 0x00, 0x5A, 0x00, 0x02, 0x00, 0xAE, 0x00, 0x01, 0x00, 0x02, 0x00, 0x1E, 0x00, 0x59,
	0x00, 0x01, 0x00, 0x00, 0x00, 0x01, 0x00, 0x08, 0x00, 0x02, 0x00, 0x0E, 0x00, 0x04, 0x00, 0x7A,
	0x00, 0x7B, 0x00, 0x7A, 0x00, 0x7B, 0x00, 0x01, 0x00, 0x04, 0x00, 0x02, 0x00, 0x23, 0x00, 0x3B,
	0x00, 0x5E, 0x00, 0x00,
};
